TMS320C2000 Assembler PC v22.6.2 Fri Mar 20 14:45:11 2026

Copyright (c) 1996-2018 Texas Instruments Incorporated
device.asm                                                           PAGE    1

       1              ;***************************************************************
       2              ;* TMS320C2000 G3 C/C++ Codegen                               PC v22.6.2.LTS *
       3              ;* Date/Time created: Fri Mar 20 14:45:10 2026                 *
       4              ;***************************************************************
       5                      .compiler_opts --abi=eabi --cla_support=cla1 --diag_wrap=off --float_support=fpu32 --hll_source=on --
       6                      .asg    XAR2, FP
       7              
       8              $C$DW$CU        .dwtag  DW_TAG_compile_unit
       9                      .dwattr $C$DW$CU, DW_AT_name("../src_device/device.c")
      10                      .dwattr $C$DW$CU, DW_AT_producer("TI TMS320C2000 G3 C/C++ Codegen PC v22.6.2.LTS Copyright (c) 1996-2
      11                      .dwattr $C$DW$CU, DW_AT_TI_version(0x01)
      12                      .dwattr $C$DW$CU, DW_AT_comp_dir("C:\Users\JUNLI\workspace_ccstheia\dual_axis_servo_drive_fcl_qep_f28
      13              
      14              $C$DW$1 .dwtag  DW_TAG_subprogram
      15                      .dwattr $C$DW$1, DW_AT_name("Flash_initModule")
      16                      .dwattr $C$DW$1, DW_AT_linkage_name("Flash_initModule")
      17                      .dwattr $C$DW$1, DW_AT_declaration
      18                      .dwattr $C$DW$1, DW_AT_external
      19                      .dwattr $C$DW$1, DW_AT_decl_file("C:/TI/C2000Ware_MotorControl_SDK_5_04_00_00/c2000ware/driverlib/f28
      20                      .dwattr $C$DW$1, DW_AT_decl_line(0x652)
      21                      .dwattr $C$DW$1, DW_AT_decl_column(0x01)
      22              $C$DW$2 .dwtag  DW_TAG_formal_parameter
      23                      .dwattr $C$DW$2, DW_AT_type(*$C$DW$T$47)
      24              
      25              $C$DW$3 .dwtag  DW_TAG_formal_parameter
      26                      .dwattr $C$DW$3, DW_AT_type(*$C$DW$T$47)
      27              
      28              $C$DW$4 .dwtag  DW_TAG_formal_parameter
      29                      .dwattr $C$DW$4, DW_AT_type(*$C$DW$T$44)
      30              
      31                      .dwendtag $C$DW$1
      32              
      33              
      34              $C$DW$5 .dwtag  DW_TAG_subprogram
      35                      .dwattr $C$DW$5, DW_AT_name("GPIO_setDirectionMode")
      36                      .dwattr $C$DW$5, DW_AT_linkage_name("GPIO_setDirectionMode")
      37                      .dwattr $C$DW$5, DW_AT_declaration
      38                      .dwattr $C$DW$5, DW_AT_external
      39                      .dwattr $C$DW$5, DW_AT_decl_file("C:/TI/C2000Ware_MotorControl_SDK_5_04_00_00/c2000ware/driverlib/f28
      40                      .dwattr $C$DW$5, DW_AT_decl_line(0x326)
      41                      .dwattr $C$DW$5, DW_AT_decl_column(0x01)
      42              $C$DW$6 .dwtag  DW_TAG_formal_parameter
      43                      .dwattr $C$DW$6, DW_AT_type(*$C$DW$T$47)
      44              
      45              $C$DW$7 .dwtag  DW_TAG_formal_parameter
      46                      .dwattr $C$DW$7, DW_AT_type(*$C$DW$T$32)
      47              
      48                      .dwendtag $C$DW$5
      49              
      50              
      51              $C$DW$8 .dwtag  DW_TAG_subprogram
      52                      .dwattr $C$DW$8, DW_AT_name("GPIO_setQualificationMode")
      53                      .dwattr $C$DW$8, DW_AT_linkage_name("GPIO_setQualificationMode")
      54                      .dwattr $C$DW$8, DW_AT_declaration
      55                      .dwattr $C$DW$8, DW_AT_external
TMS320C2000 Assembler PC v22.6.2 Fri Mar 20 14:45:11 2026

Copyright (c) 1996-2018 Texas Instruments Incorporated
device.asm                                                           PAGE    2

      56                      .dwattr $C$DW$8, DW_AT_decl_file("C:/TI/C2000Ware_MotorControl_SDK_5_04_00_00/c2000ware/driverlib/f28
      57                      .dwattr $C$DW$8, DW_AT_decl_line(0x396)
      58                      .dwattr $C$DW$8, DW_AT_decl_column(0x01)
      59              $C$DW$9 .dwtag  DW_TAG_formal_parameter
      60                      .dwattr $C$DW$9, DW_AT_type(*$C$DW$T$47)
      61              
      62              $C$DW$10        .dwtag  DW_TAG_formal_parameter
      63                      .dwattr $C$DW$10, DW_AT_type(*$C$DW$T$34)
      64              
      65                      .dwendtag $C$DW$8
      66              
      67              
      68              $C$DW$11        .dwtag  DW_TAG_subprogram
      69                      .dwattr $C$DW$11, DW_AT_name("GPIO_setPinConfig")
      70                      .dwattr $C$DW$11, DW_AT_linkage_name("GPIO_setPinConfig")
      71                      .dwattr $C$DW$11, DW_AT_declaration
      72                      .dwattr $C$DW$11, DW_AT_external
      73                      .dwattr $C$DW$11, DW_AT_decl_file("C:/TI/C2000Ware_MotorControl_SDK_5_04_00_00/c2000ware/driverlib/f2
      74                      .dwattr $C$DW$11, DW_AT_decl_line(0x405)
      75                      .dwattr $C$DW$11, DW_AT_decl_column(0x01)
      76              $C$DW$12        .dwtag  DW_TAG_formal_parameter
      77                      .dwattr $C$DW$12, DW_AT_type(*$C$DW$T$47)
      78              
      79                      .dwendtag $C$DW$11
      80              
      81              
      82              $C$DW$13        .dwtag  DW_TAG_subprogram
      83                      .dwattr $C$DW$13, DW_AT_name("GPIO_setControllerCore")
      84                      .dwattr $C$DW$13, DW_AT_linkage_name("GPIO_setControllerCore")
      85                      .dwattr $C$DW$13, DW_AT_declaration
      86                      .dwattr $C$DW$13, DW_AT_external
      87                      .dwattr $C$DW$13, DW_AT_decl_file("C:/TI/C2000Ware_MotorControl_SDK_5_04_00_00/c2000ware/driverlib/f2
      88                      .dwattr $C$DW$13, DW_AT_decl_line(0x3d2)
      89                      .dwattr $C$DW$13, DW_AT_decl_column(0x01)
      90              $C$DW$14        .dwtag  DW_TAG_formal_parameter
      91                      .dwattr $C$DW$14, DW_AT_type(*$C$DW$T$47)
      92              
      93              $C$DW$15        .dwtag  DW_TAG_formal_parameter
      94                      .dwattr $C$DW$15, DW_AT_type(*$C$DW$T$36)
      95              
      96                      .dwendtag $C$DW$13
      97              
      98              $C$DW$16        .dwtag  DW_TAG_variable
      99                      .dwattr $C$DW$16, DW_AT_name("RamfuncsLoadStart")
     100                      .dwattr $C$DW$16, DW_AT_linkage_name("RamfuncsLoadStart")
     101                      .dwattr $C$DW$16, DW_AT_type(*$C$DW$T$44)
     102                      .dwattr $C$DW$16, DW_AT_declaration
     103                      .dwattr $C$DW$16, DW_AT_external
     104                      .dwattr $C$DW$16, DW_AT_decl_file("C:/TI/C2000Ware_MotorControl_SDK_5_04_00_00/c2000ware/device_suppo
     105                      .dwattr $C$DW$16, DW_AT_decl_line(0xea)
     106                      .dwattr $C$DW$16, DW_AT_decl_column(0x11)
     107              
     108              $C$DW$17        .dwtag  DW_TAG_variable
     109                      .dwattr $C$DW$17, DW_AT_name("RamfuncsLoadSize")
     110                      .dwattr $C$DW$17, DW_AT_linkage_name("RamfuncsLoadSize")
TMS320C2000 Assembler PC v22.6.2 Fri Mar 20 14:45:11 2026

Copyright (c) 1996-2018 Texas Instruments Incorporated
device.asm                                                           PAGE    3

     111                      .dwattr $C$DW$17, DW_AT_type(*$C$DW$T$44)
     112                      .dwattr $C$DW$17, DW_AT_declaration
     113                      .dwattr $C$DW$17, DW_AT_external
     114                      .dwattr $C$DW$17, DW_AT_decl_file("C:/TI/C2000Ware_MotorControl_SDK_5_04_00_00/c2000ware/device_suppo
     115                      .dwattr $C$DW$17, DW_AT_decl_line(0xec)
     116                      .dwattr $C$DW$17, DW_AT_decl_column(0x11)
     117              
     118              $C$DW$18        .dwtag  DW_TAG_variable
     119                      .dwattr $C$DW$18, DW_AT_name("RamfuncsRunStart")
     120                      .dwattr $C$DW$18, DW_AT_linkage_name("RamfuncsRunStart")
     121                      .dwattr $C$DW$18, DW_AT_type(*$C$DW$T$44)
     122                      .dwattr $C$DW$18, DW_AT_declaration
     123                      .dwattr $C$DW$18, DW_AT_external
     124                      .dwattr $C$DW$18, DW_AT_decl_file("C:/TI/C2000Ware_MotorControl_SDK_5_04_00_00/c2000ware/device_suppo
     125                      .dwattr $C$DW$18, DW_AT_decl_line(0xed)
     126                      .dwattr $C$DW$18, DW_AT_decl_column(0x11)
     127              
     128              
     129              $C$DW$19        .dwtag  DW_TAG_subprogram
     130                      .dwattr $C$DW$19, DW_AT_name("SysCtl_getDeviceParametric")
     131                      .dwattr $C$DW$19, DW_AT_linkage_name("SysCtl_getDeviceParametric")
     132                      .dwattr $C$DW$19, DW_AT_type(*$C$DW$T$44)
     133                      .dwattr $C$DW$19, DW_AT_declaration
     134                      .dwattr $C$DW$19, DW_AT_external
     135                      .dwattr $C$DW$19, DW_AT_decl_file("C:\TI\C2000Ware_MotorControl_SDK_5_04_00_00\c2000ware\driverlib\f2
     136                      .dwattr $C$DW$19, DW_AT_decl_line(0xd8f)
     137                      .dwattr $C$DW$19, DW_AT_decl_column(0x01)
     138              $C$DW$20        .dwtag  DW_TAG_formal_parameter
     139                      .dwattr $C$DW$20, DW_AT_type(*$C$DW$T$28)
     140              
     141                      .dwendtag $C$DW$19
     142              
     143              
     144              $C$DW$21        .dwtag  DW_TAG_subprogram
     145                      .dwattr $C$DW$21, DW_AT_name("SysCtl_setClock")
     146                      .dwattr $C$DW$21, DW_AT_linkage_name("SysCtl_setClock")
     147                      .dwattr $C$DW$21, DW_AT_type(*$C$DW$T$78)
     148                      .dwattr $C$DW$21, DW_AT_declaration
     149                      .dwattr $C$DW$21, DW_AT_external
     150                      .dwattr $C$DW$21, DW_AT_decl_file("C:\TI\C2000Ware_MotorControl_SDK_5_04_00_00\c2000ware\driverlib\f2
     151                      .dwattr $C$DW$21, DW_AT_decl_line(0xd2d)
     152                      .dwattr $C$DW$21, DW_AT_decl_column(0x01)
     153              $C$DW$22        .dwtag  DW_TAG_formal_parameter
     154                      .dwattr $C$DW$22, DW_AT_type(*$C$DW$T$47)
     155              
     156                      .dwendtag $C$DW$21
     157              
     158                      .global ||Example_Result||
     159 00000000               .data
     160                      .align  2
     161                      .elfsym ||Example_Result||,SYM_SIZE(2),SYM_BLOCKED(1)
     162 00000000       ||Example_Result||:
     163 00000000 0001          .bits           0x1,32
         00000001 0000 
     164                                      ; Example_Result @ 0
TMS320C2000 Assembler PC v22.6.2 Fri Mar 20 14:45:11 2026

Copyright (c) 1996-2018 Texas Instruments Incorporated
device.asm                                                           PAGE    4

     165              
     166              $C$DW$23        .dwtag  DW_TAG_variable
     167                      .dwattr $C$DW$23, DW_AT_name("Example_Result")
     168                      .dwattr $C$DW$23, DW_AT_linkage_name("Example_Result")
     169                      .dwattr $C$DW$23, DW_AT_location[DW_OP_addr ||Example_Result||]
     170                      .dwattr $C$DW$23, DW_AT_type(*$C$DW$T$47)
     171                      .dwattr $C$DW$23, DW_AT_external
     172                      .dwattr $C$DW$23, DW_AT_decl_file("../src_device/device.c")
     173                      .dwattr $C$DW$23, DW_AT_decl_line(0x3d)
     174                      .dwattr $C$DW$23, DW_AT_decl_column(0x0a)
     175              
     176                      .global ||Example_PassCount||
     177 00000002               .data
     178                      .align  2
     179                      .elfsym ||Example_PassCount||,SYM_SIZE(2),SYM_BLOCKED(1)
     180 00000002       ||Example_PassCount||:
     181 00000002 0000          .bits           0,32
         00000003 0000 
     182                                      ; Example_PassCount @ 0
     183              
     184              $C$DW$24        .dwtag  DW_TAG_variable
     185                      .dwattr $C$DW$24, DW_AT_name("Example_PassCount")
     186                      .dwattr $C$DW$24, DW_AT_linkage_name("Example_PassCount")
     187                      .dwattr $C$DW$24, DW_AT_location[DW_OP_addr ||Example_PassCount||]
     188                      .dwattr $C$DW$24, DW_AT_type(*$C$DW$T$47)
     189                      .dwattr $C$DW$24, DW_AT_external
     190                      .dwattr $C$DW$24, DW_AT_decl_file("../src_device/device.c")
     191                      .dwattr $C$DW$24, DW_AT_decl_line(0x3e)
     192                      .dwattr $C$DW$24, DW_AT_decl_column(0x0a)
     193              
     194                      .global ||Example_Fail||
     195 00000004               .data
     196                      .align  2
     197                      .elfsym ||Example_Fail||,SYM_SIZE(2),SYM_BLOCKED(1)
     198 00000004       ||Example_Fail||:
     199 00000004 0000          .bits           0,32
         00000005 0000 
     200                                      ; Example_Fail @ 0
     201              
     202              $C$DW$25        .dwtag  DW_TAG_variable
     203                      .dwattr $C$DW$25, DW_AT_name("Example_Fail")
     204                      .dwattr $C$DW$25, DW_AT_linkage_name("Example_Fail")
     205                      .dwattr $C$DW$25, DW_AT_location[DW_OP_addr ||Example_Fail||]
     206                      .dwattr $C$DW$25, DW_AT_type(*$C$DW$T$47)
     207                      .dwattr $C$DW$25, DW_AT_external
     208                      .dwattr $C$DW$25, DW_AT_decl_file("../src_device/device.c")
     209                      .dwattr $C$DW$25, DW_AT_decl_line(0x3f)
     210                      .dwattr $C$DW$25, DW_AT_decl_column(0x0a)
     211              
     212              
     213              $C$DW$26        .dwtag  DW_TAG_subprogram
     214                      .dwattr $C$DW$26, DW_AT_name("__eallow")
     215                      .dwattr $C$DW$26, DW_AT_linkage_name("__eallow")
     216                      .dwattr $C$DW$26, DW_AT_declaration
     217                      .dwattr $C$DW$26, DW_AT_external
TMS320C2000 Assembler PC v22.6.2 Fri Mar 20 14:45:11 2026

Copyright (c) 1996-2018 Texas Instruments Incorporated
device.asm                                                           PAGE    5

     218                      .dwendtag $C$DW$26
     219              
     220              
     221              $C$DW$27        .dwtag  DW_TAG_subprogram
     222                      .dwattr $C$DW$27, DW_AT_name("__edis")
     223                      .dwattr $C$DW$27, DW_AT_linkage_name("__edis")
     224                      .dwattr $C$DW$27, DW_AT_declaration
     225                      .dwattr $C$DW$27, DW_AT_external
     226                      .dwendtag $C$DW$27
     227              
     228                      .sblock ".data"
     229              ;       D:\TI\ccs\ccs\tools\compiler\ti-cgt-c2000_22.6.2.LTS\bin\opt2000.exe C:\\Users\\JUNLI\\AppData\\Local
     230              ;       D:\TI\ccs\ccs\tools\compiler\ti-cgt-c2000_22.6.2.LTS\bin\acia2000.exe -@C:\\Users\\JUNLI\\AppData\\Lo
     231 00000000               .sect   ".text:__error__"
     232                      .clink
     233                      .global ||__error__||
     234              
     235              $C$DW$28        .dwtag  DW_TAG_subprogram
     236                      .dwattr $C$DW$28, DW_AT_name("__error__")
     237                      .dwattr $C$DW$28, DW_AT_low_pc(||__error__||)
     238                      .dwattr $C$DW$28, DW_AT_high_pc(0x00)
     239                      .dwattr $C$DW$28, DW_AT_linkage_name("__error__")
     240                      .dwattr $C$DW$28, DW_AT_external
     241                      .dwattr $C$DW$28, DW_AT_decl_file("../src_device/device.c")
     242                      .dwattr $C$DW$28, DW_AT_decl_line(0x2ac)
     243                      .dwattr $C$DW$28, DW_AT_decl_column(0x06)
     244                      .dwattr $C$DW$28, DW_AT_TI_max_frame_size(-2)
     245                      .dwpsn  file "../src_device/device.c",line 685,column 1,is_stmt,address ||__error__||,isa 0
     246              
     247                      .dwfde $C$DW$CIE, ||__error__||
     248              $C$DW$29        .dwtag  DW_TAG_formal_parameter
     249                      .dwattr $C$DW$29, DW_AT_name("filename")
     250                      .dwattr $C$DW$29, DW_AT_type(*$C$DW$T$61)
     251                      .dwattr $C$DW$29, DW_AT_location[DW_OP_reg12]
     252              
     253              $C$DW$30        .dwtag  DW_TAG_formal_parameter
     254                      .dwattr $C$DW$30, DW_AT_name("line")
     255                      .dwattr $C$DW$30, DW_AT_type(*$C$DW$T$47)
     256                      .dwattr $C$DW$30, DW_AT_location[DW_OP_reg0]
     257              
     258              
     259              ;***************************************************************
     260              ;* FNAME: __error__                     FR SIZE:   0           *
     261              ;*                                                             *
     262              ;* FUNCTION ENVIRONMENT                                        *
     263              ;*                                                             *
     264              ;* FUNCTION PROPERTIES                                         *
     265              ;*                            0 Parameter,  0 Auto,  0 SOE     *
     266              ;***************************************************************
     267              
     268 00000000       ||__error__||:
     269                      .dwcfi  cfa_offset, -2
     270                      .dwcfi  save_reg_to_mem, 26, 0
     271 00000000 7625   ESTOP0
     272 00000001 FF69          SPM       #0                    ; [CPU_ALU] 
TMS320C2000 Assembler PC v22.6.2 Fri Mar 20 14:45:11 2026

Copyright (c) 1996-2018 Texas Instruments Incorporated
device.asm                                                           PAGE    6

     273              $C$DW$31        .dwtag  DW_TAG_TI_branch
     274                      .dwattr $C$DW$31, DW_AT_low_pc(0x00)
     275                      .dwattr $C$DW$31, DW_AT_TI_return
     276              
     277 00000002 0006          LRETR     ; [CPU_ALU] 
     278                      ; return occurs ; [] 
     279                      .dwattr $C$DW$28, DW_AT_TI_end_file("../src_device/device.c")
     280                      .dwattr $C$DW$28, DW_AT_TI_end_line(0x2b3)
     281                      .dwattr $C$DW$28, DW_AT_TI_end_column(0x01)
     282                      .dwendentry
     283                      .dwendtag $C$DW$28
     284              
     285 00000000               .sect   ".text:Example_setResultPass"
     286                      .clink
     287                      .global ||Example_setResultPass||
     288              
     289              $C$DW$32        .dwtag  DW_TAG_subprogram
     290                      .dwattr $C$DW$32, DW_AT_name("Example_setResultPass")
     291                      .dwattr $C$DW$32, DW_AT_low_pc(||Example_setResultPass||)
     292                      .dwattr $C$DW$32, DW_AT_high_pc(0x00)
     293                      .dwattr $C$DW$32, DW_AT_linkage_name("Example_setResultPass")
     294                      .dwattr $C$DW$32, DW_AT_external
     295                      .dwattr $C$DW$32, DW_AT_decl_file("../src_device/device.c")
     296                      .dwattr $C$DW$32, DW_AT_decl_line(0x2b5)
     297                      .dwattr $C$DW$32, DW_AT_decl_column(0x06)
     298                      .dwattr $C$DW$32, DW_AT_TI_max_frame_size(-2)
     299                      .dwpsn  file "../src_device/device.c",line 694,column 1,is_stmt,address ||Example_setResultPass||,isa
     300              
     301                      .dwfde $C$DW$CIE, ||Example_setResultPass||
     302              
     303              ;***************************************************************
     304              ;* FNAME: Example_setResultPass         FR SIZE:   0           *
     305              ;*                                                             *
     306              ;* FUNCTION ENVIRONMENT                                        *
     307              ;*                                                             *
     308              ;* FUNCTION PROPERTIES                                         *
     309              ;*                            0 Parameter,  0 Auto,  0 SOE     *
     310              ;***************************************************************
     311              
     312 00000000       ||Example_setResultPass||:
     313                      .dwcfi  cfa_offset, -2
     314                      .dwcfi  save_reg_to_mem, 26, 0
     315                      .dwpsn  file "../src_device/device.c",line 695,column 5,is_stmt,isa 0
     316 00000000 0200          MOVB      ACC,#0                ; [CPU_ALU] |695| 
     317 00000001 761F!         MOVW      DP,#||Example_Result|| ; [CPU_ARAU] 
         00000002 0000 
     318 00000003 1E00!         MOVL      @||Example_Result||,ACC ; [CPU_ALU] |695| 
     319              $C$DW$33        .dwtag  DW_TAG_TI_branch
     320                      .dwattr $C$DW$33, DW_AT_low_pc(0x00)
     321                      .dwattr $C$DW$33, DW_AT_TI_return
     322              
     323 00000004 0006          LRETR     ; [CPU_ALU] 
     324                      ; return occurs ; [] 
     325                      .dwattr $C$DW$32, DW_AT_TI_end_file("../src_device/device.c")
     326                      .dwattr $C$DW$32, DW_AT_TI_end_line(0x2b8)
TMS320C2000 Assembler PC v22.6.2 Fri Mar 20 14:45:11 2026

Copyright (c) 1996-2018 Texas Instruments Incorporated
device.asm                                                           PAGE    7

     327                      .dwattr $C$DW$32, DW_AT_TI_end_column(0x01)
     328                      .dwendentry
     329                      .dwendtag $C$DW$32
     330              
     331 00000000               .sect   ".text:Example_setResultFail"
     332                      .clink
     333                      .global ||Example_setResultFail||
     334              
     335              $C$DW$34        .dwtag  DW_TAG_subprogram
     336                      .dwattr $C$DW$34, DW_AT_name("Example_setResultFail")
     337                      .dwattr $C$DW$34, DW_AT_low_pc(||Example_setResultFail||)
     338                      .dwattr $C$DW$34, DW_AT_high_pc(0x00)
     339                      .dwattr $C$DW$34, DW_AT_linkage_name("Example_setResultFail")
     340                      .dwattr $C$DW$34, DW_AT_external
     341                      .dwattr $C$DW$34, DW_AT_decl_file("../src_device/device.c")
     342                      .dwattr $C$DW$34, DW_AT_decl_line(0x2ba)
     343                      .dwattr $C$DW$34, DW_AT_decl_column(0x06)
     344                      .dwattr $C$DW$34, DW_AT_TI_max_frame_size(-2)
     345                      .dwpsn  file "../src_device/device.c",line 699,column 1,is_stmt,address ||Example_setResultFail||,isa
     346              
     347                      .dwfde $C$DW$CIE, ||Example_setResultFail||
     348              
     349              ;***************************************************************
     350              ;* FNAME: Example_setResultFail         FR SIZE:   0           *
     351              ;*                                                             *
     352              ;* FUNCTION ENVIRONMENT                                        *
     353              ;*                                                             *
     354              ;* FUNCTION PROPERTIES                                         *
     355              ;*                            0 Parameter,  0 Auto,  0 SOE     *
     356              ;***************************************************************
     357              
     358 00000000       ||Example_setResultFail||:
     359                      .dwcfi  cfa_offset, -2
     360                      .dwcfi  save_reg_to_mem, 26, 0
     361                      .dwpsn  file "../src_device/device.c",line 700,column 5,is_stmt,isa 0
     362 00000000 0201          MOVB      ACC,#1                ; [CPU_ALU] |700| 
     363 00000001 761F!         MOVW      DP,#||Example_Result|| ; [CPU_ARAU] 
         00000002 0000 
     364 00000003 1E00!         MOVL      @||Example_Result||,ACC ; [CPU_ALU] |700| 
     365              $C$DW$35        .dwtag  DW_TAG_TI_branch
     366                      .dwattr $C$DW$35, DW_AT_low_pc(0x00)
     367                      .dwattr $C$DW$35, DW_AT_TI_return
     368              
     369 00000004 0006          LRETR     ; [CPU_ALU] 
     370                      ; return occurs ; [] 
     371                      .dwattr $C$DW$34, DW_AT_TI_end_file("../src_device/device.c")
     372                      .dwattr $C$DW$34, DW_AT_TI_end_line(0x2bd)
     373                      .dwattr $C$DW$34, DW_AT_TI_end_column(0x01)
     374                      .dwendentry
     375                      .dwendtag $C$DW$34
     376              
     377 00000000               .sect   ".text:Example_done"
     378                      .clink
     379                      .global ||Example_done||
     380              
TMS320C2000 Assembler PC v22.6.2 Fri Mar 20 14:45:11 2026

Copyright (c) 1996-2018 Texas Instruments Incorporated
device.asm                                                           PAGE    8

     381              $C$DW$36        .dwtag  DW_TAG_subprogram
     382                      .dwattr $C$DW$36, DW_AT_name("Example_done")
     383                      .dwattr $C$DW$36, DW_AT_low_pc(||Example_done||)
     384                      .dwattr $C$DW$36, DW_AT_high_pc(0x00)
     385                      .dwattr $C$DW$36, DW_AT_linkage_name("Example_done")
     386                      .dwattr $C$DW$36, DW_AT_external
     387                      .dwattr $C$DW$36, DW_AT_decl_file("../src_device/device.c")
     388                      .dwattr $C$DW$36, DW_AT_decl_line(0x2bf)
     389                      .dwattr $C$DW$36, DW_AT_decl_column(0x06)
     390                      .dwattr $C$DW$36, DW_AT_TI_max_frame_size(-2)
     391                      .dwpsn  file "../src_device/device.c",line 704,column 1,is_stmt,address ||Example_done||,isa 0
     392              
     393                      .dwfde $C$DW$CIE, ||Example_done||
     394              
     395              ;***************************************************************
     396              ;* FNAME: Example_done                  FR SIZE:   0           *
     397              ;*                                                             *
     398              ;* FUNCTION ENVIRONMENT                                        *
     399              ;*                                                             *
     400              ;* FUNCTION PROPERTIES                                         *
     401              ;*                            0 Parameter,  0 Auto,  0 SOE     *
     402              ;***************************************************************
     403              
     404 00000000       ||Example_done||:
     405                      .dwcfi  cfa_offset, -2
     406                      .dwcfi  save_reg_to_mem, 26, 0
     407 00000000       ||$C$L1||:    
     408                      .dwpsn  file "../src_device/device.c",line 705,column 11,is_stmt,isa 0
     409 00000000 6F00          B         ||$C$L1||,UNC         ; [CPU_ALU] |705| 
     410                      ; branch occurs ; [] |705| 
     411                      .dwattr $C$DW$36, DW_AT_TI_end_file("../src_device/device.c")
     412                      .dwattr $C$DW$36, DW_AT_TI_end_line(0x2c2)
     413                      .dwattr $C$DW$36, DW_AT_TI_end_column(0x01)
     414                      .dwendentry
     415                      .dwendtag $C$DW$36
     416              
     417 00000000               .sect   ".text:Device_enableUnbondedGPIOPullupsFor176Pin"
     418                      .clink
     419                      .global ||Device_enableUnbondedGPIOPullupsFor176Pin||
     420              
     421              $C$DW$37        .dwtag  DW_TAG_subprogram
     422                      .dwattr $C$DW$37, DW_AT_name("Device_enableUnbondedGPIOPullupsFor176Pin")
     423                      .dwattr $C$DW$37, DW_AT_low_pc(||Device_enableUnbondedGPIOPullupsFor176Pin||)
     424                      .dwattr $C$DW$37, DW_AT_high_pc(0x00)
     425                      .dwattr $C$DW$37, DW_AT_linkage_name("Device_enableUnbondedGPIOPullupsFor176Pin")
     426                      .dwattr $C$DW$37, DW_AT_external
     427                      .dwattr $C$DW$37, DW_AT_decl_file("../src_device/device.c")
     428                      .dwattr $C$DW$37, DW_AT_decl_line(0x11e)
     429                      .dwattr $C$DW$37, DW_AT_decl_column(0x06)
     430                      .dwattr $C$DW$37, DW_AT_TI_max_frame_size(-2)
     431                      .dwpsn  file "../src_device/device.c",line 287,column 1,is_stmt,address ||Device_enableUnbondedGPIOPu
     432              
     433                      .dwfde $C$DW$CIE, ||Device_enableUnbondedGPIOPullupsFor176Pin||
     434              
     435              ;***************************************************************
TMS320C2000 Assembler PC v22.6.2 Fri Mar 20 14:45:11 2026

Copyright (c) 1996-2018 Texas Instruments Incorporated
device.asm                                                           PAGE    9

     436              ;* FNAME: Device_enableUnbondedGPIOPullupsFor176Pin FR SIZE:   0           *
     437              ;*                                                             *
     438              ;* FUNCTION ENVIRONMENT                                        *
     439              ;*                                                             *
     440              ;* FUNCTION PROPERTIES                                         *
     441              ;*                            0 Parameter,  0 Auto,  0 SOE     *
     442              ;***************************************************************
     443              
     444 00000000       ||Device_enableUnbondedGPIOPullupsFor176Pin||:
     445                      .dwcfi  cfa_offset, -2
     446                      .dwcfi  save_reg_to_mem, 26, 0
     447                      .dwpsn  file "../src_device/device.c",line 288,column 5,is_stmt,isa 0
     448 00000000 7622          EALLOW    ; [CPU_ALU] |288| 
     449                      .dwpsn  file "../src_device/device.c",line 289,column 5,is_stmt,isa 0
     450 00000001 28A9          MOV       AL,#65535             ; [CPU_ALU] |289| 
         00000002 FFFF 
     451 00000003 28A8          MOV       AH,#32767             ; [CPU_ALU] |289| 
         00000004 7FFF 
     452                      .dwpsn  file "../src_device/device.c",line 290,column 5,is_stmt,isa 0
     453 00000005 B608          MOVB      XAR7,#8               ; [CPU_ALU] |290| 
     454                      .dwpsn  file "../src_device/device.c",line 291,column 5,is_stmt,isa 0
     455 00000006 BE20          MOVB      XAR6,#32              ; [CPU_ALU] |291| 
     456                      .dwpsn  file "../src_device/device.c",line 292,column 5,is_stmt,isa 0
     457 00000007 8F00          MOVL      XAR4,#65024           ; [CPU_ARAU] |292| 
         00000008 FE00 
     458                      .dwpsn  file "../src_device/device.c",line 289,column 5,is_stmt,isa 0
     459 00000009 BDA9          MOV32     *(0:0x7c8c),ACC       ; [CPU_FPU] |289| 
         0000000a 7C8C 
     460                      .dwpsn  file "../src_device/device.c",line 290,column 5,is_stmt,isa 0
     461 0000000b BDA7          MOV32     *(0:0x7ccc),XAR7      ; [CPU_FPU] |290| 
         0000000c 7CCC 
     462                      .dwpsn  file "../src_device/device.c",line 291,column 5,is_stmt,isa 0
     463 0000000d BDA6          MOV32     *(0:0x7d0c),XAR6      ; [CPU_FPU] |291| 
         0000000e 7D0C 
     464                      .dwpsn  file "../src_device/device.c",line 292,column 5,is_stmt,isa 0
     465 0000000f BDA4          MOV32     *(0:0x7d4c),XAR4      ; [CPU_FPU] |292| 
         00000010 7D4C 
     466                      .dwpsn  file "../src_device/device.c",line 293,column 5,is_stmt,isa 0
     467 00000011 761A          EDIS      ; [CPU_ALU] |293| 
     468              $C$DW$38        .dwtag  DW_TAG_TI_branch
     469                      .dwattr $C$DW$38, DW_AT_low_pc(0x00)
     470                      .dwattr $C$DW$38, DW_AT_TI_return
     471              
     472 00000012 0006          LRETR     ; [CPU_ALU] 
     473                      ; return occurs ; [] 
     474                      .dwattr $C$DW$37, DW_AT_TI_end_file("../src_device/device.c")
     475                      .dwattr $C$DW$37, DW_AT_TI_end_line(0x126)
     476                      .dwattr $C$DW$37, DW_AT_TI_end_column(0x01)
     477                      .dwendentry
     478                      .dwendtag $C$DW$37
     479              
     480 00000000               .sect   ".text:Device_enableUnbondedGPIOPullupsFor100Pin"
     481                      .clink
     482                      .global ||Device_enableUnbondedGPIOPullupsFor100Pin||
     483              
TMS320C2000 Assembler PC v22.6.2 Fri Mar 20 14:45:11 2026

Copyright (c) 1996-2018 Texas Instruments Incorporated
device.asm                                                           PAGE   10

     484              $C$DW$39        .dwtag  DW_TAG_subprogram
     485                      .dwattr $C$DW$39, DW_AT_name("Device_enableUnbondedGPIOPullupsFor100Pin")
     486                      .dwattr $C$DW$39, DW_AT_low_pc(||Device_enableUnbondedGPIOPullupsFor100Pin||)
     487                      .dwattr $C$DW$39, DW_AT_high_pc(0x00)
     488                      .dwattr $C$DW$39, DW_AT_linkage_name("Device_enableUnbondedGPIOPullupsFor100Pin")
     489                      .dwattr $C$DW$39, DW_AT_external
     490                      .dwattr $C$DW$39, DW_AT_decl_file("../src_device/device.c")
     491                      .dwattr $C$DW$39, DW_AT_decl_line(0x13a)
     492                      .dwattr $C$DW$39, DW_AT_decl_column(0x06)
     493                      .dwattr $C$DW$39, DW_AT_TI_max_frame_size(-2)
     494                      .dwpsn  file "../src_device/device.c",line 315,column 1,is_stmt,address ||Device_enableUnbondedGPIOPu
     495              
     496                      .dwfde $C$DW$CIE, ||Device_enableUnbondedGPIOPullupsFor100Pin||
     497              
     498              ;***************************************************************
     499              ;* FNAME: Device_enableUnbondedGPIOPullupsFor100Pin FR SIZE:   0           *
     500              ;*                                                             *
     501              ;* FUNCTION ENVIRONMENT                                        *
     502              ;*                                                             *
     503              ;* FUNCTION PROPERTIES                                         *
     504              ;*                            0 Parameter,  0 Auto,  0 SOE     *
     505              ;***************************************************************
     506              
     507 00000000       ||Device_enableUnbondedGPIOPullupsFor100Pin||:
     508                      .dwcfi  cfa_offset, -2
     509                      .dwcfi  save_reg_to_mem, 26, 0
     510                      .dwpsn  file "../src_device/device.c",line 316,column 5,is_stmt,isa 0
     511 00000000 7622          EALLOW    ; [CPU_ALU] |316| 
     512                      .dwpsn  file "../src_device/device.c",line 317,column 5,is_stmt,isa 0
     513 00000001 8F3F          MOVL      XAR4,#4193308         ; [CPU_ARAU] |317| 
         00000002 FC1C 
     514                      .dwpsn  file "../src_device/device.c",line 318,column 5,is_stmt,isa 0
     515 00000003 28A9          MOV       AL,#3584              ; [CPU_ALU] |318| 
         00000004 0E00 
     516 00000005 28A8          MOV       AH,#64512             ; [CPU_ALU] |318| 
         00000006 FC00 
     517                      .dwpsn  file "../src_device/device.c",line 317,column 5,is_stmt,isa 0
     518 00000007 BDA4          MOV32     *(0:0x7c0c),XAR4      ; [CPU_FPU] |317| 
         00000008 7C0C 
     519                      .dwpsn  file "../src_device/device.c",line 320,column 5,is_stmt,isa 0
     520 00000009 BE08          MOVB      XAR6,#8               ; [CPU_ALU] |320| 
     521                      .dwpsn  file "../src_device/device.c",line 321,column 5,is_stmt,isa 0
     522 0000000a B600          MOVB      XAR7,#0               ; [CPU_ALU] |321| 
     523                      .dwpsn  file "../src_device/device.c",line 318,column 5,is_stmt,isa 0
     524 0000000b BDA9          MOV32     *(0:0x7c4c),ACC       ; [CPU_FPU] |318| 
         0000000c 7C4C 
     525                      .dwpsn  file "../src_device/device.c",line 319,column 5,is_stmt,isa 0
     526 0000000d 28A9          MOV       AL,#17383             ; [CPU_ALU] |319| 
         0000000e 43E7 
     527 0000000f 28A8          MOV       AH,#7920              ; [CPU_ALU] |319| 
         00000010 1EF0 
     528                      .dwpsn  file "../src_device/device.c",line 322,column 5,is_stmt,isa 0
     529 00000011 8F00          MOVL      XAR4,#65024           ; [CPU_ARAU] |322| 
         00000012 FE00 
     530                      .dwpsn  file "../src_device/device.c",line 319,column 5,is_stmt,isa 0
TMS320C2000 Assembler PC v22.6.2 Fri Mar 20 14:45:11 2026

Copyright (c) 1996-2018 Texas Instruments Incorporated
device.asm                                                           PAGE   11

     531 00000013 BDA9          MOV32     *(0:0x7c8c),ACC       ; [CPU_FPU] |319| 
         00000014 7C8C 
     532                      .dwpsn  file "../src_device/device.c",line 320,column 5,is_stmt,isa 0
     533 00000015 BDA6          MOV32     *(0:0x7ccc),XAR6      ; [CPU_FPU] |320| 
         00000016 7CCC 
     534                      .dwpsn  file "../src_device/device.c",line 321,column 5,is_stmt,isa 0
     535 00000017 BDA7          MOV32     *(0:0x7d0c),XAR7      ; [CPU_FPU] |321| 
         00000018 7D0C 
     536                      .dwpsn  file "../src_device/device.c",line 322,column 5,is_stmt,isa 0
     537 00000019 BDA4          MOV32     *(0:0x7d4c),XAR4      ; [CPU_FPU] |322| 
         0000001a 7D4C 
     538                      .dwpsn  file "../src_device/device.c",line 323,column 5,is_stmt,isa 0
     539 0000001b 761A          EDIS      ; [CPU_ALU] |323| 
     540              $C$DW$40        .dwtag  DW_TAG_TI_branch
     541                      .dwattr $C$DW$40, DW_AT_low_pc(0x00)
     542                      .dwattr $C$DW$40, DW_AT_TI_return
     543              
     544 0000001c 0006          LRETR     ; [CPU_ALU] 
     545                      ; return occurs ; [] 
     546                      .dwattr $C$DW$39, DW_AT_TI_end_file("../src_device/device.c")
     547                      .dwattr $C$DW$39, DW_AT_TI_end_line(0x144)
     548                      .dwattr $C$DW$39, DW_AT_TI_end_column(0x01)
     549                      .dwendentry
     550                      .dwendtag $C$DW$39
     551              
     552 00000000               .sect   ".text:Device_enableUnbondedGPIOPullups"
     553                      .clink
     554                      .global ||Device_enableUnbondedGPIOPullups||
     555              
     556              $C$DW$41        .dwtag  DW_TAG_subprogram
     557                      .dwattr $C$DW$41, DW_AT_name("Device_enableUnbondedGPIOPullups")
     558                      .dwattr $C$DW$41, DW_AT_low_pc(||Device_enableUnbondedGPIOPullups||)
     559                      .dwattr $C$DW$41, DW_AT_high_pc(0x00)
     560                      .dwattr $C$DW$41, DW_AT_linkage_name("Device_enableUnbondedGPIOPullups")
     561                      .dwattr $C$DW$41, DW_AT_external
     562                      .dwattr $C$DW$41, DW_AT_decl_file("../src_device/device.c")
     563                      .dwattr $C$DW$41, DW_AT_decl_line(0x14c)
     564                      .dwattr $C$DW$41, DW_AT_decl_column(0x06)
     565                      .dwattr $C$DW$41, DW_AT_TI_max_frame_size(-2)
     566                      .dwpsn  file "../src_device/device.c",line 333,column 1,is_stmt,address ||Device_enableUnbondedGPIOPu
     567              
     568                      .dwfde $C$DW$CIE, ||Device_enableUnbondedGPIOPullups||
     569              
     570              ;***************************************************************
     571              ;* FNAME: Device_enableUnbondedGPIOPullups FR SIZE:   0           *
     572              ;*                                                             *
     573              ;* FUNCTION ENVIRONMENT                                        *
     574              ;*                                                             *
     575              ;* FUNCTION PROPERTIES                                         *
     576              ;*                            0 Parameter,  0 Auto,  0 SOE     *
     577              ;***************************************************************
     578              
     579              ||Device_enableUnbondedGPIOPullups||:
     580              ;* AL    assigned to pinCount
     581              $C$DW$42        .dwtag  DW_TAG_variable
TMS320C2000 Assembler PC v22.6.2 Fri Mar 20 14:45:11 2026

Copyright (c) 1996-2018 Texas Instruments Incorporated
device.asm                                                           PAGE   12

     582                      .dwattr $C$DW$42, DW_AT_name("pinCount")
     583                      .dwattr $C$DW$42, DW_AT_type(*$C$DW$T$44)
     584                      .dwattr $C$DW$42, DW_AT_location[DW_OP_reg0]
     585              
     586                      .dwcfi  cfa_offset, -2
     587                      .dwcfi  save_reg_to_mem, 26, 0
     588                      .dwpsn  file "../src_device/device.c",line 337,column 23,is_stmt,isa 0
     589 00000000 8F05          MOVL      XAR4,#380936          ; [CPU_ARAU] |337| 
         00000001 D008 
     590 00000002 2901          CLRC      SXM                   ; [CPU_ALU] 
     591 00000003 06C4          MOVL      ACC,*+XAR4[0]         ; [CPU_ALU] |337| 
     592 00000004 FF47          SFR       ACC,8                 ; [CPU_ALU] |337| 
     593 00000005 9007          ANDB      AL,#0x07              ; [CPU_ALU] |337| 
     594 00000006 5205          CMPB      AL,#5                 ; [CPU_ALU] |337| 
     595 00000007 6116          B         ||$C$L2||,EQ          ; [CPU_ALU] |337| 
     596                      ; branchcc occurs ; [] |337| 
     597                      .dwpsn  file "../src_device/device.c",line 350,column 10,is_stmt,isa 0
     598 00000008 5206          CMPB      AL,#6                 ; [CPU_ALU] |350| 
     599 00000009 6016          B         ||$C$L3||,NEQ         ; [CPU_ALU] |350| 
     600                      ; branchcc occurs ; [] |350| 
     601                      .dwcfi  remember_state
     602                      .dwpsn  file "../src_device/device.c",line 288,column 5,is_stmt,isa 0
     603 0000000a 7622          EALLOW    ; [CPU_ALU] |288| 
     604                      .dwpsn  file "../src_device/device.c",line 289,column 5,is_stmt,isa 0
     605 0000000b 28A9          MOV       AL,#65535             ; [CPU_ALU] |289| 
         0000000c FFFF 
     606 0000000d 28A8          MOV       AH,#32767             ; [CPU_ALU] |289| 
         0000000e 7FFF 
     607                      .dwpsn  file "../src_device/device.c",line 290,column 5,is_stmt,isa 0
     608 0000000f B608          MOVB      XAR7,#8               ; [CPU_ALU] |290| 
     609                      .dwpsn  file "../src_device/device.c",line 291,column 5,is_stmt,isa 0
     610 00000010 BE20          MOVB      XAR6,#32              ; [CPU_ALU] |291| 
     611                      .dwpsn  file "../src_device/device.c",line 292,column 5,is_stmt,isa 0
     612 00000011 8F00          MOVL      XAR4,#65024           ; [CPU_ARAU] |292| 
         00000012 FE00 
     613                      .dwpsn  file "../src_device/device.c",line 289,column 5,is_stmt,isa 0
     614 00000013 BDA9          MOV32     *(0:0x7c8c),ACC       ; [CPU_FPU] |289| 
         00000014 7C8C 
     615                      .dwpsn  file "../src_device/device.c",line 290,column 5,is_stmt,isa 0
     616 00000015 BDA7          MOV32     *(0:0x7ccc),XAR7      ; [CPU_FPU] |290| 
         00000016 7CCC 
     617                      .dwpsn  file "../src_device/device.c",line 291,column 5,is_stmt,isa 0
     618 00000017 BDA6          MOV32     *(0:0x7d0c),XAR6      ; [CPU_FPU] |291| 
         00000018 7D0C 
     619                      .dwpsn  file "../src_device/device.c",line 292,column 5,is_stmt,isa 0
     620 00000019 BDA4          MOV32     *(0:0x7d4c),XAR4      ; [CPU_FPU] |292| 
         0000001a 7D4C 
     621                      .dwpsn  file "../src_device/device.c",line 293,column 5,is_stmt,isa 0
     622 0000001b 761A          EDIS      ; [CPU_ALU] |293| 
     623              $C$DW$43        .dwtag  DW_TAG_TI_branch
     624                      .dwattr $C$DW$43, DW_AT_low_pc(0x00)
     625                      .dwattr $C$DW$43, DW_AT_TI_return
     626              
     627 0000001c 0006          LRETR     ; [CPU_ALU] 
     628                      ; return occurs ; [] 
TMS320C2000 Assembler PC v22.6.2 Fri Mar 20 14:45:11 2026

Copyright (c) 1996-2018 Texas Instruments Incorporated
device.asm                                                           PAGE   13

     629                      .dwcfi  restore_state
     630 0000001d       ||$C$L2||:    
     631                      .dwpsn  file "../src_device/device.c",line 348,column 9,is_stmt,isa 0
     632              $C$DW$44        .dwtag  DW_TAG_TI_branch
     633                      .dwattr $C$DW$44, DW_AT_low_pc(0x00)
     634                      .dwattr $C$DW$44, DW_AT_name("Device_enableUnbondedGPIOPullupsFor100Pin")
     635                      .dwattr $C$DW$44, DW_AT_TI_call
     636              
     637 0000001d 7640!         LCR       #||Device_enableUnbondedGPIOPullupsFor100Pin|| ; [CPU_ALU] |348| 
         0000001e 0000 
     638                      ; call occurs [#||Device_enableUnbondedGPIOPullupsFor100Pin||] ; [] |348| 
     639              ||$C$L3||:    
     640              $C$DW$45        .dwtag  DW_TAG_TI_branch
     641                      .dwattr $C$DW$45, DW_AT_low_pc(0x00)
     642                      .dwattr $C$DW$45, DW_AT_TI_return
     643              
     644 0000001f 0006          LRETR     ; [CPU_ALU] 
     645                      ; return occurs ; [] 
     646                      .dwattr $C$DW$41, DW_AT_TI_end_file("../src_device/device.c")
     647                      .dwattr $C$DW$41, DW_AT_TI_end_line(0x168)
     648                      .dwattr $C$DW$41, DW_AT_TI_end_column(0x01)
     649                      .dwendentry
     650                      .dwendtag $C$DW$41
     651              
     652 00000000               .sect   ".text:Device_initGPIO"
     653                      .clink
     654                      .global ||Device_initGPIO||
     655              
     656              $C$DW$46        .dwtag  DW_TAG_subprogram
     657                      .dwattr $C$DW$46, DW_AT_name("Device_initGPIO")
     658                      .dwattr $C$DW$46, DW_AT_low_pc(||Device_initGPIO||)
     659                      .dwattr $C$DW$46, DW_AT_high_pc(0x00)
     660                      .dwattr $C$DW$46, DW_AT_linkage_name("Device_initGPIO")
     661                      .dwattr $C$DW$46, DW_AT_external
     662                      .dwattr $C$DW$46, DW_AT_decl_file("../src_device/device.c")
     663                      .dwattr $C$DW$46, DW_AT_decl_line(0x100)
     664                      .dwattr $C$DW$46, DW_AT_decl_column(0x06)
     665                      .dwattr $C$DW$46, DW_AT_TI_max_frame_size(-2)
     666                      .dwpsn  file "../src_device/device.c",line 257,column 1,is_stmt,address ||Device_initGPIO||,isa 0
     667              
     668                      .dwfde $C$DW$CIE, ||Device_initGPIO||
     669              
     670              ;***************************************************************
     671              ;* FNAME: Device_initGPIO               FR SIZE:   0           *
     672              ;*                                                             *
     673              ;* FUNCTION ENVIRONMENT                                        *
     674              ;*                                                             *
     675              ;* FUNCTION PROPERTIES                                         *
     676              ;*                            0 Parameter,  0 Auto,  0 SOE     *
     677              ;***************************************************************
     678              
     679 00000000       ||Device_initGPIO||:
     680                      .dwcfi  cfa_offset, -2
     681                      .dwcfi  save_reg_to_mem, 26, 0
     682                      .dwpsn  file "C:/TI/C2000Ware_MotorControl_SDK_5_04_00_00/c2000ware/driverlib/f2837xd/driverlib/gpio.
TMS320C2000 Assembler PC v22.6.2 Fri Mar 20 14:45:11 2026

Copyright (c) 1996-2018 Texas Instruments Incorporated
device.asm                                                           PAGE   14

     683 00000000 7622          EALLOW    ; [CPU_ALU] |736| 
     684                      .dwpsn  file "C:/TI/C2000Ware_MotorControl_SDK_5_04_00_00/c2000ware/driverlib/f2837xd/driverlib/gpio.
     685 00000001 BFA9          MOV32     ACC,*(0:0x7c3c)       ; [CPU_FPU] |737| 
         00000002 7C3C 
     686 00000003 0200          MOVB      ACC,#0                ; [CPU_ALU] |737| 
     687 00000004 BDA9          MOV32     *(0:0x7c3c),ACC       ; [CPU_FPU] |737| 
         00000005 7C3C 
     688 00000006 BFA6          MOV32     XAR6,*(0:0x7c7c)      ; [CPU_FPU] |737| 
         00000007 7C7C 
     689 00000008 BDA9          MOV32     *(0:0x7c7c),ACC       ; [CPU_FPU] |737| 
         00000009 7C7C 
     690 0000000a BFA6          MOV32     XAR6,*(0:0x7cbc)      ; [CPU_FPU] |737| 
         0000000b 7CBC 
     691 0000000c BDA9          MOV32     *(0:0x7cbc),ACC       ; [CPU_FPU] |737| 
         0000000d 7CBC 
     692 0000000e BFA6          MOV32     XAR6,*(0:0x7cfc)      ; [CPU_FPU] |737| 
         0000000f 7CFC 
     693 00000010 BDA9          MOV32     *(0:0x7cfc),ACC       ; [CPU_FPU] |737| 
         00000011 7CFC 
     694 00000012 BFA6          MOV32     XAR6,*(0:0x7d3c)      ; [CPU_FPU] |737| 
         00000013 7D3C 
     695 00000014 BDA9          MOV32     *(0:0x7d3c),ACC       ; [CPU_FPU] |737| 
         00000015 7D3C 
     696 00000016 BFA6          MOV32     XAR6,*(0:0x7d7c)      ; [CPU_FPU] |737| 
         00000017 7D7C 
     697 00000018 BDA9          MOV32     *(0:0x7d7c),ACC       ; [CPU_FPU] |737| 
         00000019 7D7C 
     698                      .dwpsn  file "C:/TI/C2000Ware_MotorControl_SDK_5_04_00_00/c2000ware/driverlib/f2837xd/driverlib/gpio.
     699 0000001a 761A          EDIS      ; [CPU_ALU] |738| 
     700                      .dwpsn  file "../src_device/device.c",line 271,column 5,is_stmt,isa 0
     701              $C$DW$47        .dwtag  DW_TAG_TI_branch
     702                      .dwattr $C$DW$47, DW_AT_low_pc(0x00)
     703                      .dwattr $C$DW$47, DW_AT_name("Device_enableUnbondedGPIOPullups")
     704                      .dwattr $C$DW$47, DW_AT_TI_call
     705              
     706 0000001b 7640!         LCR       #||Device_enableUnbondedGPIOPullups|| ; [CPU_ALU] |271| 
         0000001c 0000 
     707                      ; call occurs [#||Device_enableUnbondedGPIOPullups||] ; [] |271| 
     708              $C$DW$48        .dwtag  DW_TAG_TI_branch
     709                      .dwattr $C$DW$48, DW_AT_low_pc(0x00)
     710                      .dwattr $C$DW$48, DW_AT_TI_return
     711              
     712 0000001d 0006          LRETR     ; [CPU_ALU] 
     713                      ; return occurs ; [] 
     714                      .dwattr $C$DW$46, DW_AT_TI_end_file("../src_device/device.c")
     715                      .dwattr $C$DW$46, DW_AT_TI_end_line(0x110)
     716                      .dwattr $C$DW$46, DW_AT_TI_end_column(0x01)
     717                      .dwendentry
     718                      .dwendtag $C$DW$46
     719              
     720 00000000               .sect   ".text:Device_configureTMXAnalogTrim"
     721                      .clink
     722                      .global ||Device_configureTMXAnalogTrim||
     723              
     724              $C$DW$49        .dwtag  DW_TAG_subprogram
TMS320C2000 Assembler PC v22.6.2 Fri Mar 20 14:45:11 2026

Copyright (c) 1996-2018 Texas Instruments Incorporated
device.asm                                                           PAGE   15

     725                      .dwattr $C$DW$49, DW_AT_name("Device_configureTMXAnalogTrim")
     726                      .dwattr $C$DW$49, DW_AT_low_pc(||Device_configureTMXAnalogTrim||)
     727                      .dwattr $C$DW$49, DW_AT_high_pc(0x00)
     728                      .dwattr $C$DW$49, DW_AT_linkage_name("Device_configureTMXAnalogTrim")
     729                      .dwattr $C$DW$49, DW_AT_external
     730                      .dwattr $C$DW$49, DW_AT_decl_file("../src_device/device.c")
     731                      .dwattr $C$DW$49, DW_AT_decl_line(0x170)
     732                      .dwattr $C$DW$49, DW_AT_decl_column(0x06)
     733                      .dwattr $C$DW$49, DW_AT_TI_max_frame_size(-2)
     734                      .dwpsn  file "../src_device/device.c",line 369,column 1,is_stmt,address ||Device_configureTMXAnalogTr
     735              
     736                      .dwfde $C$DW$CIE, ||Device_configureTMXAnalogTrim||
     737              
     738              ;***************************************************************
     739              ;* FNAME: Device_configureTMXAnalogTrim FR SIZE:   0           *
     740              ;*                                                             *
     741              ;* FUNCTION ENVIRONMENT                                        *
     742              ;*                                                             *
     743              ;* FUNCTION PROPERTIES                                         *
     744              ;*                            0 Parameter,  0 Auto,  0 SOE     *
     745              ;***************************************************************
     746              
     747 00000000       ||Device_configureTMXAnalogTrim||:
     748                      .dwcfi  cfa_offset, -2
     749                      .dwcfi  save_reg_to_mem, 26, 0
     750                      .dwpsn  file "C:\TI\C2000Ware_MotorControl_SDK_5_04_00_00\c2000ware\driverlib\f2837xd\driverlib\sysct
     751 00000000 7622          EALLOW    ; [CPU_ALU] |990| 
     752                      .dwpsn  file "C:\TI\C2000Ware_MotorControl_SDK_5_04_00_00\c2000ware\driverlib\f2837xd\driverlib\sysct
     753 00000001 0201          MOVB      ACC,#1                ; [CPU_ALU] |995| 
     754 00000002 8F05          MOVL      XAR4,#381756          ; [CPU_ARAU] |995| 
         00000003 D33C 
     755 00000004 98C4          OR        *+XAR4[0],AL          ; [CPU_ALU] |995| 
     756                      .dwpsn  file "../src_device/device.c",line 382,column 5,is_stmt,isa 0
     757 00000005 76C5          MOVL      XAR7,#381366          ; [CPU_ARAU] |382| 
         00000006 D1B6 
     758                      .dwpsn  file "../src_device/device.c",line 383,column 5,is_stmt,isa 0
     759 00000007 7685          MOVL      XAR6,#381368          ; [CPU_ARAU] |383| 
         00000008 D1B8 
     760                      .dwpsn  file "../src_device/device.c",line 384,column 5,is_stmt,isa 0
     761 00000009 8F45          MOVL      XAR5,#381370          ; [CPU_ARAU] |384| 
         0000000a D1BA 
     762                      .dwpsn  file "C:\TI\C2000Ware_MotorControl_SDK_5_04_00_00\c2000ware\driverlib\f2837xd\driverlib\sysct
     763 0000000b 99CC          OR        *+XAR4[1],AH          ; [CPU_ALU] |995| 
     764 0000000c 0202          MOVB      ACC,#2                ; [CPU_ALU] |995| 
     765 0000000d 98C4          OR        *+XAR4[0],AL          ; [CPU_ALU] |995| 
     766 0000000e 99CC          OR        *+XAR4[1],AH          ; [CPU_ALU] |995| 
     767 0000000f 0204          MOVB      ACC,#4                ; [CPU_ALU] |995| 
     768 00000010 98C4          OR        *+XAR4[0],AL          ; [CPU_ALU] |995| 
     769 00000011 99CC          OR        *+XAR4[1],AH          ; [CPU_ALU] |995| 
     770 00000012 0208          MOVB      ACC,#8                ; [CPU_ALU] |995| 
     771 00000013 98C4          OR        *+XAR4[0],AL          ; [CPU_ALU] |995| 
     772 00000014 99CC          OR        *+XAR4[1],AH          ; [CPU_ALU] |995| 
     773                      .dwpsn  file "../src_device/device.c",line 382,column 5,is_stmt,isa 0
     774 00000015 28C7          MOV       *+XAR7[0],#31709      ; [CPU_ALU] |382| 
         00000016 7BDD 
TMS320C2000 Assembler PC v22.6.2 Fri Mar 20 14:45:11 2026

Copyright (c) 1996-2018 Texas Instruments Incorporated
device.asm                                                           PAGE   16

     775                      .dwpsn  file "../src_device/device.c",line 385,column 5,is_stmt,isa 0
     776 00000017 8F05          MOVL      XAR4,#381372          ; [CPU_ARAU] |385| 
         00000018 D1BC 
     777                      .dwpsn  file "../src_device/device.c",line 383,column 5,is_stmt,isa 0
     778 00000019 28C6          MOV       *+XAR6[0],#31709      ; [CPU_ALU] |383| 
         0000001a 7BDD 
     779                      .dwpsn  file "../src_device/device.c",line 384,column 5,is_stmt,isa 0
     780 0000001b 28C5          MOV       *+XAR5[0],#31709      ; [CPU_ALU] |384| 
         0000001c 7BDD 
     781                      .dwpsn  file "../src_device/device.c",line 385,column 5,is_stmt,isa 0
     782 0000001d 28C4          MOV       *+XAR4[0],#31709      ; [CPU_ALU] |385| 
         0000001e 7BDD 
     783                      .dwpsn  file "C:\TI\C2000Ware_MotorControl_SDK_5_04_00_00\c2000ware\driverlib\f2837xd\driverlib\sysct
     784 0000001f 8F05          MOVL      XAR4,#381756          ; [CPU_ARAU] |1030| 
         00000020 D33C 
     785 00000021 06C4          MOVL      ACC,*+XAR4[0]         ; [CPU_ALU] |1030| 
     786 00000022 18A9          AND       AL,#65534             ; [CPU_ALU] |1030| 
         00000023 FFFE 
     787 00000024 1EC4          MOVL      *+XAR4[0],ACC         ; [CPU_ALU] |1030| 
     788 00000025 06C4          MOVL      ACC,*+XAR4[0]         ; [CPU_ALU] |1030| 
     789 00000026 18A9          AND       AL,#65533             ; [CPU_ALU] |1030| 
         00000027 FFFD 
     790 00000028 1EC4          MOVL      *+XAR4[0],ACC         ; [CPU_ALU] |1030| 
     791 00000029 06C4          MOVL      ACC,*+XAR4[0]         ; [CPU_ALU] |1030| 
     792 0000002a 18A9          AND       AL,#65531             ; [CPU_ALU] |1030| 
         0000002b FFFB 
     793 0000002c 1EC4          MOVL      *+XAR4[0],ACC         ; [CPU_ALU] |1030| 
     794 0000002d 06C4          MOVL      ACC,*+XAR4[0]         ; [CPU_ALU] |1030| 
     795 0000002e 18A9          AND       AL,#65527             ; [CPU_ALU] |1030| 
         0000002f FFF7 
     796 00000030 1EC4          MOVL      *+XAR4[0],ACC         ; [CPU_ALU] |1030| 
     797                      .dwpsn  file "C:\TI\C2000Ware_MotorControl_SDK_5_04_00_00\c2000ware\driverlib\f2837xd\driverlib\sysct
     798 00000031 761A          EDIS      ; [CPU_ALU] |1031| 
     799              $C$DW$50        .dwtag  DW_TAG_TI_branch
     800                      .dwattr $C$DW$50, DW_AT_low_pc(0x00)
     801                      .dwattr $C$DW$50, DW_AT_TI_return
     802              
     803 00000032 0006          LRETR     ; [CPU_ALU] 
     804                      ; return occurs ; [] 
     805                      .dwattr $C$DW$49, DW_AT_TI_end_file("../src_device/device.c")
     806                      .dwattr $C$DW$49, DW_AT_TI_end_line(0x1a7)
     807                      .dwattr $C$DW$49, DW_AT_TI_end_column(0x01)
     808                      .dwendentry
     809                      .dwendtag $C$DW$49
     810              
     811 00000000               .sect   ".text:Device_enableAllPeripherals"
     812                      .clink
     813                      .global ||Device_enableAllPeripherals||
     814              
     815              $C$DW$51        .dwtag  DW_TAG_subprogram
     816                      .dwattr $C$DW$51, DW_AT_name("Device_enableAllPeripherals")
     817                      .dwattr $C$DW$51, DW_AT_low_pc(||Device_enableAllPeripherals||)
     818                      .dwattr $C$DW$51, DW_AT_high_pc(0x00)
     819                      .dwattr $C$DW$51, DW_AT_linkage_name("Device_enableAllPeripherals")
     820                      .dwattr $C$DW$51, DW_AT_external
TMS320C2000 Assembler PC v22.6.2 Fri Mar 20 14:45:11 2026

Copyright (c) 1996-2018 Texas Instruments Incorporated
device.asm                                                           PAGE   17

     821                      .dwattr $C$DW$51, DW_AT_decl_file("../src_device/device.c")
     822                      .dwattr $C$DW$51, DW_AT_decl_line(0xa4)
     823                      .dwattr $C$DW$51, DW_AT_decl_column(0x06)
     824                      .dwattr $C$DW$51, DW_AT_TI_max_frame_size(-2)
     825                      .dwpsn  file "../src_device/device.c",line 165,column 1,is_stmt,address ||Device_enableAllPeripherals
     826              
     827                      .dwfde $C$DW$CIE, ||Device_enableAllPeripherals||
     828              
     829              ;***************************************************************
     830              ;* FNAME: Device_enableAllPeripherals   FR SIZE:   0           *
     831              ;*                                                             *
     832              ;* FUNCTION ENVIRONMENT                                        *
     833              ;*                                                             *
     834              ;* FUNCTION PROPERTIES                                         *
     835              ;*                            0 Parameter,  0 Auto,  0 SOE     *
     836              ;***************************************************************
     837              
     838 00000000       ||Device_enableAllPeripherals||:
     839                      .dwcfi  cfa_offset, -2
     840                      .dwcfi  save_reg_to_mem, 26, 0
     841                      .dwpsn  file "C:\TI\C2000Ware_MotorControl_SDK_5_04_00_00\c2000ware\driverlib\f2837xd\driverlib\sysct
     842 00000000 7622          EALLOW    ; [CPU_ALU] |990| 
     843                      .dwpsn  file "C:\TI\C2000Ware_MotorControl_SDK_5_04_00_00\c2000ware\driverlib\f2837xd\driverlib\sysct
     844 00000001 0201          MOVB      ACC,#1                ; [CPU_ALU] |995| 
     845 00000002 8F05          MOVL      XAR4,#381730          ; [CPU_ARAU] |995| 
         00000003 D322 
     846 00000004 98C4          OR        *+XAR4[0],AL          ; [CPU_ALU] |995| 
     847 00000005 99CC          OR        *+XAR4[1],AH          ; [CPU_ALU] |995| 
     848 00000006 0204          MOVB      ACC,#4                ; [CPU_ALU] |995| 
     849 00000007 98C4          OR        *+XAR4[0],AL          ; [CPU_ALU] |995| 
     850 00000008 99CC          OR        *+XAR4[1],AH          ; [CPU_ALU] |995| 
     851 00000009 0208          MOVB      ACC,#8                ; [CPU_ALU] |995| 
     852 0000000a 98C4          OR        *+XAR4[0],AL          ; [CPU_ALU] |995| 
     853 0000000b 99CC          OR        *+XAR4[1],AH          ; [CPU_ALU] |995| 
     854 0000000c 0210          MOVB      ACC,#16               ; [CPU_ALU] |995| 
     855 0000000d 98C4          OR        *+XAR4[0],AL          ; [CPU_ALU] |995| 
     856 0000000e 99CC          OR        *+XAR4[1],AH          ; [CPU_ALU] |995| 
     857 0000000f 0220          MOVB      ACC,#32               ; [CPU_ALU] |995| 
     858 00000010 98C4          OR        *+XAR4[0],AL          ; [CPU_ALU] |995| 
     859 00000011 99CC          OR        *+XAR4[1],AH          ; [CPU_ALU] |995| 
     860 00000012 06C4          MOVL      ACC,*+XAR4[0]         ; [CPU_ALU] |995| 
     861 00000013 5101          OR        AH,#1                 ; [CPU_ALU] |995| 
     862 00000014 1EC4          MOVL      *+XAR4[0],ACC         ; [CPU_ALU] |995| 
     863 00000015 06C4          MOVL      ACC,*+XAR4[0]         ; [CPU_ALU] |995| 
     864 00000016 5104          OR        AH,#4                 ; [CPU_ALU] |995| 
     865 00000017 1EC4          MOVL      *+XAR4[0],ACC         ; [CPU_ALU] |995| 
     866 00000018 0201          MOVB      ACC,#1                ; [CPU_ALU] |995| 
     867 00000019 8F05          MOVL      XAR4,#381732          ; [CPU_ARAU] |995| 
         0000001a D324 
     868 0000001b 98C4          OR        *+XAR4[0],AL          ; [CPU_ALU] |995| 
     869 0000001c 99CC          OR        *+XAR4[1],AH          ; [CPU_ALU] |995| 
     870 0000001d 0202          MOVB      ACC,#2                ; [CPU_ALU] |995| 
     871 0000001e 98C4          OR        *+XAR4[0],AL          ; [CPU_ALU] |995| 
     872 0000001f 99CC          OR        *+XAR4[1],AH          ; [CPU_ALU] |995| 
     873 00000020 0201          MOVB      ACC,#1                ; [CPU_ALU] |995| 
TMS320C2000 Assembler PC v22.6.2 Fri Mar 20 14:45:11 2026

Copyright (c) 1996-2018 Texas Instruments Incorporated
device.asm                                                           PAGE   18

     874 00000021 8F05          MOVL      XAR4,#381734          ; [CPU_ARAU] |995| 
         00000022 D326 
     875 00000023 98C4          OR        *+XAR4[0],AL          ; [CPU_ALU] |995| 
     876 00000024 99CC          OR        *+XAR4[1],AH          ; [CPU_ALU] |995| 
     877 00000025 0202          MOVB      ACC,#2                ; [CPU_ALU] |995| 
     878 00000026 98C4          OR        *+XAR4[0],AL          ; [CPU_ALU] |995| 
     879 00000027 99CC          OR        *+XAR4[1],AH          ; [CPU_ALU] |995| 
     880 00000028 0204          MOVB      ACC,#4                ; [CPU_ALU] |995| 
     881 00000029 98C4          OR        *+XAR4[0],AL          ; [CPU_ALU] |995| 
     882 0000002a 99CC          OR        *+XAR4[1],AH          ; [CPU_ALU] |995| 
     883 0000002b 0208          MOVB      ACC,#8                ; [CPU_ALU] |995| 
     884 0000002c 98C4          OR        *+XAR4[0],AL          ; [CPU_ALU] |995| 
     885 0000002d 99CC          OR        *+XAR4[1],AH          ; [CPU_ALU] |995| 
     886 0000002e 0210          MOVB      ACC,#16               ; [CPU_ALU] |995| 
     887 0000002f 98C4          OR        *+XAR4[0],AL          ; [CPU_ALU] |995| 
     888 00000030 99CC          OR        *+XAR4[1],AH          ; [CPU_ALU] |995| 
     889 00000031 0220          MOVB      ACC,#32               ; [CPU_ALU] |995| 
     890 00000032 98C4          OR        *+XAR4[0],AL          ; [CPU_ALU] |995| 
     891 00000033 99CC          OR        *+XAR4[1],AH          ; [CPU_ALU] |995| 
     892 00000034 0240          MOVB      ACC,#64               ; [CPU_ALU] |995| 
     893 00000035 98C4          OR        *+XAR4[0],AL          ; [CPU_ALU] |995| 
     894 00000036 99CC          OR        *+XAR4[1],AH          ; [CPU_ALU] |995| 
     895 00000037 0280          MOVB      ACC,#128              ; [CPU_ALU] |995| 
     896 00000038 98C4          OR        *+XAR4[0],AL          ; [CPU_ALU] |995| 
     897 00000039 99CC          OR        *+XAR4[1],AH          ; [CPU_ALU] |995| 
     898 0000003a 06C4          MOVL      ACC,*+XAR4[0]         ; [CPU_ALU] |995| 
     899 0000003b 1AA9          OR        AL,#256               ; [CPU_ALU] |995| 
         0000003c 0100 
     900 0000003d 1EC4          MOVL      *+XAR4[0],ACC         ; [CPU_ALU] |995| 
     901 0000003e 06C4          MOVL      ACC,*+XAR4[0]         ; [CPU_ALU] |995| 
     902 0000003f 1AA9          OR        AL,#512               ; [CPU_ALU] |995| 
         00000040 0200 
     903 00000041 1EC4          MOVL      *+XAR4[0],ACC         ; [CPU_ALU] |995| 
     904 00000042 06C4          MOVL      ACC,*+XAR4[0]         ; [CPU_ALU] |995| 
     905 00000043 1AA9          OR        AL,#1024              ; [CPU_ALU] |995| 
         00000044 0400 
     906 00000045 1EC4          MOVL      *+XAR4[0],ACC         ; [CPU_ALU] |995| 
     907 00000046 06C4          MOVL      ACC,*+XAR4[0]         ; [CPU_ALU] |995| 
     908 00000047 1AA9          OR        AL,#2048              ; [CPU_ALU] |995| 
         00000048 0800 
     909 00000049 1EC4          MOVL      *+XAR4[0],ACC         ; [CPU_ALU] |995| 
     910 0000004a 0201          MOVB      ACC,#1                ; [CPU_ALU] |995| 
     911 0000004b 8F05          MOVL      XAR4,#381736          ; [CPU_ARAU] |995| 
         0000004c D328 
     912 0000004d 98C4          OR        *+XAR4[0],AL          ; [CPU_ALU] |995| 
     913 0000004e 99CC          OR        *+XAR4[1],AH          ; [CPU_ALU] |995| 
     914 0000004f 0202          MOVB      ACC,#2                ; [CPU_ALU] |995| 
     915 00000050 98C4          OR        *+XAR4[0],AL          ; [CPU_ALU] |995| 
     916 00000051 99CC          OR        *+XAR4[1],AH          ; [CPU_ALU] |995| 
     917 00000052 0204          MOVB      ACC,#4                ; [CPU_ALU] |995| 
     918 00000053 98C4          OR        *+XAR4[0],AL          ; [CPU_ALU] |995| 
     919 00000054 99CC          OR        *+XAR4[1],AH          ; [CPU_ALU] |995| 
     920 00000055 0208          MOVB      ACC,#8                ; [CPU_ALU] |995| 
     921 00000056 98C4          OR        *+XAR4[0],AL          ; [CPU_ALU] |995| 
     922 00000057 99CC          OR        *+XAR4[1],AH          ; [CPU_ALU] |995| 
TMS320C2000 Assembler PC v22.6.2 Fri Mar 20 14:45:11 2026

Copyright (c) 1996-2018 Texas Instruments Incorporated
device.asm                                                           PAGE   19

     923 00000058 0210          MOVB      ACC,#16               ; [CPU_ALU] |995| 
     924 00000059 98C4          OR        *+XAR4[0],AL          ; [CPU_ALU] |995| 
     925 0000005a 99CC          OR        *+XAR4[1],AH          ; [CPU_ALU] |995| 
     926 0000005b 0220          MOVB      ACC,#32               ; [CPU_ALU] |995| 
     927 0000005c 98C4          OR        *+XAR4[0],AL          ; [CPU_ALU] |995| 
     928 0000005d 99CC          OR        *+XAR4[1],AH          ; [CPU_ALU] |995| 
     929 0000005e 0201          MOVB      ACC,#1                ; [CPU_ALU] |995| 
     930 0000005f 8F05          MOVL      XAR4,#381738          ; [CPU_ARAU] |995| 
         00000060 D32A 
     931 00000061 98C4          OR        *+XAR4[0],AL          ; [CPU_ALU] |995| 
     932 00000062 99CC          OR        *+XAR4[1],AH          ; [CPU_ALU] |995| 
     933 00000063 0202          MOVB      ACC,#2                ; [CPU_ALU] |995| 
     934 00000064 98C4          OR        *+XAR4[0],AL          ; [CPU_ALU] |995| 
     935 00000065 99CC          OR        *+XAR4[1],AH          ; [CPU_ALU] |995| 
     936 00000066 0204          MOVB      ACC,#4                ; [CPU_ALU] |995| 
     937 00000067 98C4          OR        *+XAR4[0],AL          ; [CPU_ALU] |995| 
     938 00000068 99CC          OR        *+XAR4[1],AH          ; [CPU_ALU] |995| 
     939 00000069 0201          MOVB      ACC,#1                ; [CPU_ALU] |995| 
     940 0000006a 8F05          MOVL      XAR4,#381742          ; [CPU_ARAU] |995| 
         0000006b D32E 
     941 0000006c 98C4          OR        *+XAR4[0],AL          ; [CPU_ALU] |995| 
     942 0000006d 99CC          OR        *+XAR4[1],AH          ; [CPU_ALU] |995| 
     943 0000006e 0202          MOVB      ACC,#2                ; [CPU_ALU] |995| 
     944 0000006f 98C4          OR        *+XAR4[0],AL          ; [CPU_ALU] |995| 
     945 00000070 99CC          OR        *+XAR4[1],AH          ; [CPU_ALU] |995| 
     946 00000071 0201          MOVB      ACC,#1                ; [CPU_ALU] |995| 
     947 00000072 8F05          MOVL      XAR4,#381744          ; [CPU_ARAU] |995| 
         00000073 D330 
     948 00000074 98C4          OR        *+XAR4[0],AL          ; [CPU_ALU] |995| 
     949 00000075 99CC          OR        *+XAR4[1],AH          ; [CPU_ALU] |995| 
     950 00000076 0202          MOVB      ACC,#2                ; [CPU_ALU] |995| 
     951 00000077 98C4          OR        *+XAR4[0],AL          ; [CPU_ALU] |995| 
     952 00000078 99CC          OR        *+XAR4[1],AH          ; [CPU_ALU] |995| 
     953 00000079 0204          MOVB      ACC,#4                ; [CPU_ALU] |995| 
     954 0000007a 98C4          OR        *+XAR4[0],AL          ; [CPU_ALU] |995| 
     955 0000007b 99CC          OR        *+XAR4[1],AH          ; [CPU_ALU] |995| 
     956 0000007c 0208          MOVB      ACC,#8                ; [CPU_ALU] |995| 
     957 0000007d 98C4          OR        *+XAR4[0],AL          ; [CPU_ALU] |995| 
     958 0000007e 99CC          OR        *+XAR4[1],AH          ; [CPU_ALU] |995| 
     959 0000007f 0201          MOVB      ACC,#1                ; [CPU_ALU] |995| 
     960 00000080 8F05          MOVL      XAR4,#381746          ; [CPU_ARAU] |995| 
         00000081 D332 
     961 00000082 98C4          OR        *+XAR4[0],AL          ; [CPU_ALU] |995| 
     962 00000083 99CC          OR        *+XAR4[1],AH          ; [CPU_ALU] |995| 
     963 00000084 0202          MOVB      ACC,#2                ; [CPU_ALU] |995| 
     964 00000085 98C4          OR        *+XAR4[0],AL          ; [CPU_ALU] |995| 
     965 00000086 99CC          OR        *+XAR4[1],AH          ; [CPU_ALU] |995| 
     966 00000087 0204          MOVB      ACC,#4                ; [CPU_ALU] |995| 
     967 00000088 98C4          OR        *+XAR4[0],AL          ; [CPU_ALU] |995| 
     968 00000089 99CC          OR        *+XAR4[1],AH          ; [CPU_ALU] |995| 
     969 0000008a 0201          MOVB      ACC,#1                ; [CPU_ALU] |995| 
     970 0000008b 8F05          MOVL      XAR4,#381748          ; [CPU_ARAU] |995| 
         0000008c D334 
     971 0000008d 98C4          OR        *+XAR4[0],AL          ; [CPU_ALU] |995| 
     972 0000008e 99CC          OR        *+XAR4[1],AH          ; [CPU_ALU] |995| 
TMS320C2000 Assembler PC v22.6.2 Fri Mar 20 14:45:11 2026

Copyright (c) 1996-2018 Texas Instruments Incorporated
device.asm                                                           PAGE   20

     973 0000008f 0202          MOVB      ACC,#2                ; [CPU_ALU] |995| 
     974 00000090 98C4          OR        *+XAR4[0],AL          ; [CPU_ALU] |995| 
     975 00000091 99CC          OR        *+XAR4[1],AH          ; [CPU_ALU] |995| 
     976 00000092 0201          MOVB      ACC,#1                ; [CPU_ALU] |995| 
     977 00000093 8F05          MOVL      XAR4,#381750          ; [CPU_ARAU] |995| 
         00000094 D336 
     978 00000095 98C4          OR        *+XAR4[0],AL          ; [CPU_ALU] |995| 
     979 00000096 99CC          OR        *+XAR4[1],AH          ; [CPU_ALU] |995| 
     980 00000097 0202          MOVB      ACC,#2                ; [CPU_ALU] |995| 
     981 00000098 98C4          OR        *+XAR4[0],AL          ; [CPU_ALU] |995| 
     982 00000099 99CC          OR        *+XAR4[1],AH          ; [CPU_ALU] |995| 
     983 0000009a 0201          MOVB      ACC,#1                ; [CPU_ALU] |995| 
     984 0000009b 8F05          MOVL      XAR4,#381752          ; [CPU_ARAU] |995| 
         0000009c D338 
     985 0000009d 98C4          OR        *+XAR4[0],AL          ; [CPU_ALU] |995| 
     986 0000009e 99CC          OR        *+XAR4[1],AH          ; [CPU_ALU] |995| 
     987 0000009f 0202          MOVB      ACC,#2                ; [CPU_ALU] |995| 
     988 000000a0 98C4          OR        *+XAR4[0],AL          ; [CPU_ALU] |995| 
     989 000000a1 99CC          OR        *+XAR4[1],AH          ; [CPU_ALU] |995| 
     990 000000a2 06C4          MOVL      ACC,*+XAR4[0]         ; [CPU_ALU] |995| 
     991 000000a3 5101          OR        AH,#1                 ; [CPU_ALU] |995| 
     992 000000a4 1EC4          MOVL      *+XAR4[0],ACC         ; [CPU_ALU] |995| 
     993 000000a5 0201          MOVB      ACC,#1                ; [CPU_ALU] |995| 
     994 000000a6 8F05          MOVL      XAR4,#381754          ; [CPU_ARAU] |995| 
         000000a7 D33A 
     995 000000a8 98C4          OR        *+XAR4[0],AL          ; [CPU_ALU] |995| 
     996 000000a9 99CC          OR        *+XAR4[1],AH          ; [CPU_ALU] |995| 
     997 000000aa 8F05          MOVL      XAR4,#381756          ; [CPU_ARAU] |995| 
         000000ab D33C 
     998 000000ac 98C4          OR        *+XAR4[0],AL          ; [CPU_ALU] |995| 
     999 000000ad 99CC          OR        *+XAR4[1],AH          ; [CPU_ALU] |995| 
    1000 000000ae 0202          MOVB      ACC,#2                ; [CPU_ALU] |995| 
    1001 000000af 98C4          OR        *+XAR4[0],AL          ; [CPU_ALU] |995| 
    1002 000000b0 99CC          OR        *+XAR4[1],AH          ; [CPU_ALU] |995| 
    1003 000000b1 0204          MOVB      ACC,#4                ; [CPU_ALU] |995| 
    1004 000000b2 98C4          OR        *+XAR4[0],AL          ; [CPU_ALU] |995| 
    1005 000000b3 99CC          OR        *+XAR4[1],AH          ; [CPU_ALU] |995| 
    1006 000000b4 0208          MOVB      ACC,#8                ; [CPU_ALU] |995| 
    1007 000000b5 98C4          OR        *+XAR4[0],AL          ; [CPU_ALU] |995| 
    1008 000000b6 99CC          OR        *+XAR4[1],AH          ; [CPU_ALU] |995| 
    1009 000000b7 0201          MOVB      ACC,#1                ; [CPU_ALU] |995| 
    1010 000000b8 8F05          MOVL      XAR4,#381758          ; [CPU_ARAU] |995| 
         000000b9 D33E 
    1011 000000ba 98C4          OR        *+XAR4[0],AL          ; [CPU_ALU] |995| 
    1012 000000bb 99CC          OR        *+XAR4[1],AH          ; [CPU_ALU] |995| 
    1013 000000bc 0202          MOVB      ACC,#2                ; [CPU_ALU] |995| 
    1014 000000bd 98C4          OR        *+XAR4[0],AL          ; [CPU_ALU] |995| 
    1015 000000be 99CC          OR        *+XAR4[1],AH          ; [CPU_ALU] |995| 
    1016 000000bf 0204          MOVB      ACC,#4                ; [CPU_ALU] |995| 
    1017 000000c0 98C4          OR        *+XAR4[0],AL          ; [CPU_ALU] |995| 
    1018 000000c1 99CC          OR        *+XAR4[1],AH          ; [CPU_ALU] |995| 
    1019 000000c2 0208          MOVB      ACC,#8                ; [CPU_ALU] |995| 
    1020 000000c3 98C4          OR        *+XAR4[0],AL          ; [CPU_ALU] |995| 
    1021 000000c4 99CC          OR        *+XAR4[1],AH          ; [CPU_ALU] |995| 
    1022 000000c5 0210          MOVB      ACC,#16               ; [CPU_ALU] |995| 
TMS320C2000 Assembler PC v22.6.2 Fri Mar 20 14:45:11 2026

Copyright (c) 1996-2018 Texas Instruments Incorporated
device.asm                                                           PAGE   21

    1023 000000c6 98C4          OR        *+XAR4[0],AL          ; [CPU_ALU] |995| 
    1024 000000c7 99CC          OR        *+XAR4[1],AH          ; [CPU_ALU] |995| 
    1025 000000c8 0220          MOVB      ACC,#32               ; [CPU_ALU] |995| 
    1026 000000c9 98C4          OR        *+XAR4[0],AL          ; [CPU_ALU] |995| 
    1027 000000ca 99CC          OR        *+XAR4[1],AH          ; [CPU_ALU] |995| 
    1028 000000cb 0240          MOVB      ACC,#64               ; [CPU_ALU] |995| 
    1029 000000cc 98C4          OR        *+XAR4[0],AL          ; [CPU_ALU] |995| 
    1030 000000cd 99CC          OR        *+XAR4[1],AH          ; [CPU_ALU] |995| 
    1031 000000ce 0280          MOVB      ACC,#128              ; [CPU_ALU] |995| 
    1032 000000cf 98C4          OR        *+XAR4[0],AL          ; [CPU_ALU] |995| 
    1033 000000d0 99CC          OR        *+XAR4[1],AH          ; [CPU_ALU] |995| 
    1034 000000d1 8F05          MOVL      XAR4,#381762          ; [CPU_ARAU] |995| 
         000000d2 D342 
    1035 000000d3 06C4          MOVL      ACC,*+XAR4[0]         ; [CPU_ALU] |995| 
    1036 000000d4 5101          OR        AH,#1                 ; [CPU_ALU] |995| 
    1037 000000d5 1EC4          MOVL      *+XAR4[0],ACC         ; [CPU_ALU] |995| 
    1038 000000d6 06C4          MOVL      ACC,*+XAR4[0]         ; [CPU_ALU] |995| 
    1039 000000d7 5102          OR        AH,#2                 ; [CPU_ALU] |995| 
    1040 000000d8 1EC4          MOVL      *+XAR4[0],ACC         ; [CPU_ALU] |995| 
    1041 000000d9 06C4          MOVL      ACC,*+XAR4[0]         ; [CPU_ALU] |995| 
    1042 000000da 5104          OR        AH,#4                 ; [CPU_ALU] |995| 
    1043 000000db 1EC4          MOVL      *+XAR4[0],ACC         ; [CPU_ALU] |995| 
    1044                      .dwpsn  file "C:\TI\C2000Ware_MotorControl_SDK_5_04_00_00\c2000ware\driverlib\f2837xd\driverlib\sysct
    1045 000000dc 761A          EDIS      ; [CPU_ALU] |996| 
    1046              $C$DW$52        .dwtag  DW_TAG_TI_branch
    1047                      .dwattr $C$DW$52, DW_AT_low_pc(0x00)
    1048                      .dwattr $C$DW$52, DW_AT_TI_return
    1049              
    1050 000000dd 0006          LRETR     ; [CPU_ALU] 
    1051                      ; return occurs ; [] 
    1052                      .dwattr $C$DW$51, DW_AT_TI_end_file("../src_device/device.c")
    1053                      .dwattr $C$DW$51, DW_AT_TI_end_line(0xf9)
    1054                      .dwattr $C$DW$51, DW_AT_TI_end_column(0x01)
    1055                      .dwendentry
    1056                      .dwendtag $C$DW$51
    1057              
    1058 00000000               .sect   ".text:Device_init"
    1059                      .clink
    1060                      .global ||Device_init||
    1061              
    1062              $C$DW$53        .dwtag  DW_TAG_subprogram
    1063                      .dwattr $C$DW$53, DW_AT_name("Device_init")
    1064                      .dwattr $C$DW$53, DW_AT_low_pc(||Device_init||)
    1065                      .dwattr $C$DW$53, DW_AT_high_pc(0x00)
    1066                      .dwattr $C$DW$53, DW_AT_linkage_name("Device_init")
    1067                      .dwattr $C$DW$53, DW_AT_external
    1068                      .dwattr $C$DW$53, DW_AT_decl_file("../src_device/device.c")
    1069                      .dwattr $C$DW$53, DW_AT_decl_line(0x48)
    1070                      .dwattr $C$DW$53, DW_AT_decl_column(0x06)
    1071                      .dwattr $C$DW$53, DW_AT_TI_max_frame_size(-4)
    1072                      .dwpsn  file "../src_device/device.c",line 73,column 1,is_stmt,address ||Device_init||,isa 0
    1073              
    1074                      .dwfde $C$DW$CIE, ||Device_init||
    1075              
    1076              ;***************************************************************
TMS320C2000 Assembler PC v22.6.2 Fri Mar 20 14:45:11 2026

Copyright (c) 1996-2018 Texas Instruments Incorporated
device.asm                                                           PAGE   22

    1077              ;* FNAME: Device_init                   FR SIZE:   2           *
    1078              ;*                                                             *
    1079              ;* FUNCTION ENVIRONMENT                                        *
    1080              ;*                                                             *
    1081              ;* FUNCTION PROPERTIES                                         *
    1082              ;*                            2 Parameter,  0 Auto,  0 SOE     *
    1083              ;***************************************************************
    1084              
    1085 00000000       ||Device_init||:
    1086                      .dwcfi  cfa_offset, -2
    1087                      .dwcfi  save_reg_to_mem, 26, 0
    1088 00000000 FE02          ADDB      SP,#2                 ; [CPU_ARAU] 
    1089                      .dwcfi  cfa_offset, -4
    1090                      .dwpsn  file "C:\TI\C2000Ware_MotorControl_SDK_5_04_00_00\c2000ware\driverlib\f2837xd\driverlib\sysct
    1091 00000001 7622          EALLOW    ; [CPU_ALU] |1948| 
    1092                      .dwpsn  file "C:\TI\C2000Ware_MotorControl_SDK_5_04_00_00\c2000ware\driverlib\f2837xd\driverlib\sysct
    1093 00000002 F5A9          MOV       AL,*(0:0x7029)        ; [CPU_ALU] |1953| 
         00000003 7029 
    1094 00000004 5068          ORB       AL,#0x68              ; [CPU_ALU] |1953| 
    1095 00000005 F4A9          MOV       *(0:0x7029),AL        ; [CPU_ALU] |1953| 
         00000006 7029 
    1096 00000007 F645   RPT #69 || NOP
         00000008 7700 
    1097                      .dwpsn  file "C:\TI\C2000Ware_MotorControl_SDK_5_04_00_00\c2000ware\driverlib\f2837xd\driverlib\sysct
    1098 00000009 761A          EDIS      ; [CPU_ALU] |1956| 
    1099                      .dwpsn  file "../src_device/device.c",line 92,column 5,is_stmt,isa 0
    1100 0000000a 8F40!         MOVL      XAR5,#||RamfuncsLoadStart|| ; [CPU_ARAU] |92| 
         0000000b 0000 
    1101 0000000c 28A8!         MOV       AH,#$HI16(||RamfuncsLoadSize||) + 0 ; [CPU_ALU] |92| 
         0000000d 0000 
    1102 0000000e 8F00!         MOVL      XAR4,#||RamfuncsRunStart|| ; [CPU_ARAU] |92| 
         0000000f 0000 
    1103 00000010 FF69          SPM       #0                    ; [CPU_ALU] 
    1104 00000011 28A9!         MOV       AL,#$LO16(||RamfuncsLoadSize||) + 0 ; [CPU_ALU] |92| 
         00000012 0000 
    1105              $C$DW$54        .dwtag  DW_TAG_TI_branch
    1106                      .dwattr $C$DW$54, DW_AT_low_pc(0x00)
    1107                      .dwattr $C$DW$54, DW_AT_name("memcpy")
    1108                      .dwattr $C$DW$54, DW_AT_TI_call
    1109              
    1110 00000013 7640!         LCR       #||memcpy||           ; [CPU_ALU] |92| 
         00000014 0000 
    1111                      ; call occurs [#||memcpy||] ; [] |92| 
    1112                      .dwpsn  file "../src_device/device.c",line 99,column 5,is_stmt,isa 0
    1113 00000015 8F05          MOVL      XAR4,#391936          ; [CPU_ARAU] |99| 
         00000016 FB00 
    1114 00000017 8F45          MOVL      XAR5,#391168          ; [CPU_ARAU] |99| 
         00000018 F800 
    1115 00000019 A842          MOVL      *-SP[2],XAR4          ; [CPU_ALU] |99| 
    1116 0000001a A0A9          MOVL      ACC,XAR5              ; [CPU_ALU] |99| 
    1117 0000001b D403          MOVB      XAR4,#3               ; [CPU_ALU] |99| 
    1118              $C$DW$55        .dwtag  DW_TAG_TI_branch
    1119                      .dwattr $C$DW$55, DW_AT_low_pc(0x00)
    1120                      .dwattr $C$DW$55, DW_AT_name("Flash_initModule")
    1121                      .dwattr $C$DW$55, DW_AT_TI_call
TMS320C2000 Assembler PC v22.6.2 Fri Mar 20 14:45:11 2026

Copyright (c) 1996-2018 Texas Instruments Incorporated
device.asm                                                           PAGE   23

    1122              
    1123 0000001c 7640!         LCR       #||Flash_initModule|| ; [CPU_ALU] |99| 
         0000001d 0000 
    1124                      ; call occurs [#||Flash_initModule||] ; [] |99| 
    1125                      .dwpsn  file "../src_device/device.c",line 106,column 5,is_stmt,isa 0
    1126 0000001e 9A00          MOVB      AL,#0                 ; [CPU_ALU] |106| 
    1127              $C$DW$56        .dwtag  DW_TAG_TI_branch
    1128                      .dwattr $C$DW$56, DW_AT_low_pc(0x00)
    1129                      .dwattr $C$DW$56, DW_AT_name("SysCtl_getDeviceParametric")
    1130                      .dwattr $C$DW$56, DW_AT_TI_call
    1131              
    1132 0000001f 7640!         LCR       #||SysCtl_getDeviceParametric|| ; [CPU_ALU] |106| 
         00000020 0000 
    1133                      ; call occurs [#||SysCtl_getDeviceParametric||] ; [] |106| 
    1134 00000021 5200          CMPB      AL,#0                 ; [CPU_ALU] |106| 
    1135 00000022 6007          B         ||$C$L4||,NEQ         ; [CPU_ALU] |106| 
    1136                      ; branchcc occurs ; [] |106| 
    1137 00000023 8F05          MOVL      XAR4,#381366          ; [CPU_ARAU] |106| 
         00000024 D1B6 
    1138 00000025 92C4          MOV       AL,*+XAR4[0]          ; [CPU_ALU] |106| 
    1139 00000026 6003          B         ||$C$L4||,NEQ         ; [CPU_ALU] |106| 
    1140                      ; branchcc occurs ; [] |106| 
    1141                      .dwpsn  file "../src_device/device.c",line 109,column 9,is_stmt,isa 0
    1142              $C$DW$57        .dwtag  DW_TAG_TI_branch
    1143                      .dwattr $C$DW$57, DW_AT_low_pc(0x00)
    1144                      .dwattr $C$DW$57, DW_AT_name("Device_configureTMXAnalogTrim")
    1145                      .dwattr $C$DW$57, DW_AT_TI_call
    1146              
    1147 00000027 7640!         LCR       #||Device_configureTMXAnalogTrim|| ; [CPU_ALU] |109| 
         00000028 0000 
    1148                      ; call occurs [#||Device_configureTMXAnalogTrim||] ; [] |109| 
    1149 00000029       ||$C$L4||:    
    1150                      .dwpsn  file "../src_device/device.c",line 115,column 5,is_stmt,isa 0
    1151 00000029 9AA8          MOV       AL,#168               ; [CPU_ALU] |115| 
    1152 0000002a 28A8          MOV       AH,#32769             ; [CPU_ALU] |115| 
         0000002b 8001 
    1153              $C$DW$58        .dwtag  DW_TAG_TI_branch
    1154                      .dwattr $C$DW$58, DW_AT_low_pc(0x00)
    1155                      .dwattr $C$DW$58, DW_AT_name("SysCtl_setClock")
    1156                      .dwattr $C$DW$58, DW_AT_TI_call
    1157              
    1158 0000002c 7640!         LCR       #||SysCtl_setClock||  ; [CPU_ALU] |115| 
         0000002d 0000 
    1159                      ; call occurs [#||SysCtl_setClock||] ; [] |115| 
    1160                      .dwpsn  file "C:\TI\C2000Ware_MotorControl_SDK_5_04_00_00\c2000ware\driverlib\f2837xd\driverlib\sysct
    1161 0000002e 7622          EALLOW    ; [CPU_ALU] |1183| 
    1162                      .dwpsn  file "C:\TI\C2000Ware_MotorControl_SDK_5_04_00_00\c2000ware\driverlib\f2837xd\driverlib\sysct
    1163 0000002f 8F05          MOVL      XAR4,#381484          ; [CPU_ARAU] |1184| 
         00000030 D22C 
    1164 00000031 06C4          MOVL      ACC,*+XAR4[0]         ; [CPU_ALU] |1184| 
    1165 00000032 18A9          AND       AL,#65528             ; [CPU_ALU] |1184| 
         00000033 FFF8 
    1166 00000034 5002          ORB       AL,#0x02              ; [CPU_ALU] |1184| 
    1167 00000035 1EC4          MOVL      *+XAR4[0],ACC         ; [CPU_ALU] |1184| 
    1168                      .dwpsn  file "C:\TI\C2000Ware_MotorControl_SDK_5_04_00_00\c2000ware\driverlib\f2837xd\driverlib\sysct
TMS320C2000 Assembler PC v22.6.2 Fri Mar 20 14:45:11 2026

Copyright (c) 1996-2018 Texas Instruments Incorporated
device.asm                                                           PAGE   24

    1169 00000036 761A          EDIS      ; [CPU_ALU] |1187| 
    1170                      .dwpsn  file "../src_device/device.c",line 148,column 5,is_stmt,isa 0
    1171              $C$DW$59        .dwtag  DW_TAG_TI_branch
    1172                      .dwattr $C$DW$59, DW_AT_low_pc(0x00)
    1173                      .dwattr $C$DW$59, DW_AT_name("Device_enableAllPeripherals")
    1174                      .dwattr $C$DW$59, DW_AT_TI_call
    1175              
    1176 00000037 7640!         LCR       #||Device_enableAllPeripherals|| ; [CPU_ALU] |148| 
         00000038 0000 
    1177                      ; call occurs [#||Device_enableAllPeripherals||] ; [] |148| 
    1178 00000039 761F!         MOVW      DP,#||Example_Result|| ; [CPU_ARAU] 
         0000003a 0000 
    1179                      .dwpsn  file "../src_device/device.c",line 153,column 5,is_stmt,isa 0
    1180 0000003b 0201          MOVB      ACC,#1                ; [CPU_ALU] |153| 
    1181 0000003c FE82          SUBB      SP,#2                 ; [CPU_ARAU] 
    1182                      .dwcfi  cfa_offset, -2
    1183 0000003d 1E00!         MOVL      @||Example_Result||,ACC ; [CPU_ALU] |153| 
    1184              $C$DW$60        .dwtag  DW_TAG_TI_branch
    1185                      .dwattr $C$DW$60, DW_AT_low_pc(0x00)
    1186                      .dwattr $C$DW$60, DW_AT_TI_return
    1187              
    1188 0000003e 0006          LRETR     ; [CPU_ALU] 
    1189                      ; return occurs ; [] 
    1190                      .dwattr $C$DW$53, DW_AT_TI_end_file("../src_device/device.c")
    1191                      .dwattr $C$DW$53, DW_AT_TI_end_line(0x9a)
    1192                      .dwattr $C$DW$53, DW_AT_TI_end_column(0x01)
    1193                      .dwendentry
    1194                      .dwendtag $C$DW$53
    1195              
    1196 00000000               .sect   ".text:Device_bootCPU2"
    1197                      .clink
    1198                      .global ||Device_bootCPU2||
    1199              
    1200              $C$DW$61        .dwtag  DW_TAG_subprogram
    1201                      .dwattr $C$DW$61, DW_AT_name("Device_bootCPU2")
    1202                      .dwattr $C$DW$61, DW_AT_low_pc(||Device_bootCPU2||)
    1203                      .dwattr $C$DW$61, DW_AT_high_pc(0x00)
    1204                      .dwattr $C$DW$61, DW_AT_linkage_name("Device_bootCPU2")
    1205                      .dwattr $C$DW$61, DW_AT_external
    1206                      .dwattr $C$DW$61, DW_AT_type(*$C$DW$T$44)
    1207                      .dwattr $C$DW$61, DW_AT_decl_file("../src_device/device.c")
    1208                      .dwattr $C$DW$61, DW_AT_decl_line(0x1c4)
    1209                      .dwattr $C$DW$61, DW_AT_decl_column(0x01)
    1210                      .dwattr $C$DW$61, DW_AT_TI_max_frame_size(-6)
    1211                      .dwpsn  file "../src_device/device.c",line 453,column 1,is_stmt,address ||Device_bootCPU2||,isa 0
    1212              
    1213                      .dwfde $C$DW$CIE, ||Device_bootCPU2||
    1214              $C$DW$62        .dwtag  DW_TAG_formal_parameter
    1215                      .dwattr $C$DW$62, DW_AT_name("bootMode")
    1216                      .dwattr $C$DW$62, DW_AT_type(*$C$DW$T$47)
    1217                      .dwattr $C$DW$62, DW_AT_location[DW_OP_reg0]
    1218              
    1219              
    1220              ;***************************************************************
    1221              ;* FNAME: Device_bootCPU2               FR SIZE:   4           *
TMS320C2000 Assembler PC v22.6.2 Fri Mar 20 14:45:11 2026

Copyright (c) 1996-2018 Texas Instruments Incorporated
device.asm                                                           PAGE   25

    1222              ;*                                                             *
    1223              ;* FUNCTION ENVIRONMENT                                        *
    1224              ;*                                                             *
    1225              ;* FUNCTION PROPERTIES                                         *
    1226              ;*                            0 Parameter,  0 Auto,  4 SOE     *
    1227              ;***************************************************************
    1228              
    1229              ||Device_bootCPU2||:
    1230              ;* AR2   assigned to bootMode
    1231              $C$DW$63        .dwtag  DW_TAG_variable
    1232                      .dwattr $C$DW$63, DW_AT_name("bootMode")
    1233                      .dwattr $C$DW$63, DW_AT_type(*$C$DW$T$77)
    1234                      .dwattr $C$DW$63, DW_AT_location[DW_OP_reg8]
    1235              
    1236              ;* AR1   assigned to pin
    1237              $C$DW$64        .dwtag  DW_TAG_variable
    1238                      .dwattr $C$DW$64, DW_AT_name("pin")
    1239                      .dwattr $C$DW$64, DW_AT_type(*$C$DW$T$44)
    1240                      .dwattr $C$DW$64, DW_AT_location[DW_OP_reg6]
    1241              
    1242                      .dwcfi  cfa_offset, -2
    1243                      .dwcfi  save_reg_to_mem, 26, 0
    1244 00000000 B2BD          MOVL      *SP++,XAR1            ; [CPU_ALU] 
    1245                      .dwcfi  save_reg_to_mem, 7, 2
    1246                      .dwcfi  cfa_offset, -4
    1247                      .dwpsn  file "../src_device/device.c",line 462,column 5,is_stmt,isa 0
    1248 00000001 8F05          MOVL      XAR4,#327712          ; [CPU_ARAU] |462| 
         00000002 0020 
    1249 00000003 BE03          MOVB      XAR6,#3               ; [CPU_ALU] |462| 
    1250 00000004 AABD          MOVL      *SP++,XAR2            ; [CPU_ALU] 
    1251                      .dwcfi  save_reg_to_mem, 9, 4
    1252                      .dwcfi  cfa_offset, -6
    1253                      .dwpsn  file "../src_device/device.c",line 453,column 1,is_stmt,isa 0
    1254 00000005 86A9          MOVL      XAR2,ACC              ; [CPU_ALU] |453| 
    1255                      .dwpsn  file "../src_device/device.c",line 462,column 5,is_stmt,isa 0
    1256 00000006 06C4          MOVL      ACC,*+XAR4[0]         ; [CPU_ALU] |462| 
    1257 00000007 9B00          MOVB      AH,#0                 ; [CPU_ALU] |462| 
    1258 00000008 900F          ANDB      AL,#0x0f              ; [CPU_ALU] |462| 
    1259 00000009 0FA6          CMPL      ACC,XAR6              ; [CPU_ALU] |462| 
    1260 0000000a 6007          B         ||$C$L5||,NEQ         ; [CPU_ALU] |462| 
    1261                      ; branchcc occurs ; [] |462| 
    1262                      .dwpsn  file "../src_device/device.c",line 469,column 9,is_stmt,isa 0
    1263 0000000b 06C4          MOVL      ACC,*+XAR4[0]         ; [CPU_ALU] |469| 
    1264 0000000c 9000          ANDB      AL,#0                 ; [CPU_ALU] |469| 
    1265 0000000d 18A8          AND       AH,#32768             ; [CPU_ALU] |469| 
         0000000e 8000 
    1266 0000000f FF58          TEST      ACC                   ; [CPU_ALU] |469| 
    1267 00000010 6014          B         ||$C$L8||,NEQ         ; [CPU_ALU] |469| 
    1268                      ; branchcc occurs ; [] |469| 
    1269 00000011       ||$C$L5||:    
    1270                      .dwpsn  file "../src_device/device.c",line 486,column 9,is_stmt,isa 0
    1271 00000011 41C4          TBIT      *+XAR4[0],#1          ; [CPU_ALU] |486| 
    1272 00000012 6CFF          B         ||$C$L5||,NTC         ; [CPU_ALU] |486| 
    1273                      ; branchcc occurs ; [] |486| 
    1274                      .dwpsn  file "../src_device/device.c",line 493,column 12,is_stmt,isa 0
TMS320C2000 Assembler PC v22.6.2 Fri Mar 20 14:45:11 2026

Copyright (c) 1996-2018 Texas Instruments Incorporated
device.asm                                                           PAGE   26

    1275 00000013 8F05          MOVL      XAR4,#327688          ; [CPU_ARAU] |493| 
         00000014 0008 
    1276 00000015       ||$C$L6||:    
    1277 00000015 06C4          MOVL      ACC,*+XAR4[0]         ; [CPU_ALU] |493| 
    1278 00000016 40A9          TBIT      AL,#0                 ; [CPU_ALU] |493| 
    1279 00000017 6C04          B         ||$C$L7||,NTC         ; [CPU_ALU] |493| 
    1280                      ; branchcc occurs ; [] |493| 
    1281 00000018 06C4          MOVL      ACC,*+XAR4[0]         ; [CPU_ALU] |493| 
    1282 00000019 40A9          TBIT      AL,#0                 ; [CPU_ALU] |493| 
    1283 0000001a 6DFB          B         ||$C$L6||,TC          ; [CPU_ALU] |493| 
    1284                      ; branchcc occurs ; [] |493| 
    1285 0000001b       ||$C$L7||:    
    1286 0000001b 06C4          MOVL      ACC,*+XAR4[0]         ; [CPU_ALU] |493| 
    1287 0000001c 9000          ANDB      AL,#0                 ; [CPU_ALU] |493| 
    1288 0000001d 18A8          AND       AH,#32768             ; [CPU_ALU] |493| 
         0000001e 8000 
    1289 0000001f FF58          TEST      ACC                   ; [CPU_ALU] |493| 
    1290 00000020 60F5          B         ||$C$L6||,NEQ         ; [CPU_ALU] |493| 
    1291                      ; branchcc occurs ; [] |493| 
    1292                      .dwpsn  file "../src_device/device.c",line 499,column 5,is_stmt,isa 0
    1293 00000021 020C          MOVB      ACC,#12               ; [CPU_ALU] |499| 
    1294 00000022 0FA2          CMPL      ACC,XAR2              ; [CPU_ALU] |499| 
    1295 00000023 6604          B         ||$C$L9||,HI          ; [CPU_ALU] |499| 
    1296                      ; branchcc occurs ; [] |499| 
    1297 00000024       ||$C$L8||:    
    1298                      .dwpsn  file "../src_device/device.c",line 676,column 5,is_stmt,isa 0
    1299 00000024 B601          MOVB      XAR7,#1               ; [CPU_ALU] |676| 
    1300 00000025 FFEF          B         ||$C$L18||,UNC        ; [CPU_ALU] |676| 
         00000026 0147 
    1301                      ; branch occurs ; [] |676| 
    1302 00000027       ||$C$L9||:    
    1303                      .dwpsn  file "../src_device/device.c",line 509,column 9,is_stmt,isa 0
    1304 00000027 C4A2          MOVL      XAR6,XAR2             ; [CPU_ALU] |509| 
    1305 00000028 0204          MOVB      ACC,#4                ; [CPU_ALU] |509| 
    1306 00000029 0FA6          CMPL      ACC,XAR6              ; [CPU_ALU] |509| 
    1307 0000002a 640C          B         ||$C$L10||,LT         ; [CPU_ALU] |509| 
    1308                      ; branchcc occurs ; [] |509| 
    1309 0000002b 0FA6          CMPL      ACC,XAR6              ; [CPU_ALU] |509| 
    1310 0000002c 617B          B         ||$C$L12||,EQ         ; [CPU_ALU] |509| 
    1311                      ; branchcc occurs ; [] |509| 
    1312 0000002d 06A6          MOVL      ACC,XAR6              ; [CPU_ALU] 
    1313 0000002e FFE1          B         ||$C$L14||,EQ         ; [CPU_ALU] |509| 
         0000002f 00FD 
    1314                      ; branchcc occurs ; [] |509| 
    1315 00000030 0201          MOVB      ACC,#1                ; [CPU_ALU] |509| 
    1316 00000031 0FA6          CMPL      ACC,XAR6              ; [CPU_ALU] |509| 
    1317 00000032 FFE1          B         ||$C$L13||,EQ         ; [CPU_ALU] |509| 
         00000033 00C6 
    1318                      ; branchcc occurs ; [] |509| 
    1319 00000034 FFEF          B         ||$C$L17||,UNC        ; [CPU_ALU] |509| 
         00000035 0128 
    1320                      ; branch occurs ; [] |509| 
    1321 00000036       ||$C$L10||:    
    1322 00000036 0205          MOVB      ACC,#5                ; [CPU_ALU] |509| 
    1323 00000037 0FA6          CMPL      ACC,XAR6              ; [CPU_ALU] |509| 
TMS320C2000 Assembler PC v22.6.2 Fri Mar 20 14:45:11 2026

Copyright (c) 1996-2018 Texas Instruments Incorporated
device.asm                                                           PAGE   27

    1324 00000038 613C          B         ||$C$L11||,EQ         ; [CPU_ALU] |509| 
    1325                      ; branchcc occurs ; [] |509| 
    1326 00000039 0207          MOVB      ACC,#7                ; [CPU_ALU] |509| 
    1327 0000003a 0FA6          CMPL      ACC,XAR6              ; [CPU_ALU] |509| 
    1328 0000003b FFE0          B         ||$C$L17||,NEQ        ; [CPU_ALU] |509| 
         0000003c 0121 
    1329                      ; branchcc occurs ; [] |509| 
    1330                      .dwpsn  file "C:/TI/C2000Ware_MotorControl_SDK_5_04_00_00/c2000ware/driverlib/f2837xd/driverlib/gpio.
    1331 0000003d 7622          EALLOW    ; [CPU_ALU] |736| 
    1332                      .dwpsn  file "C:/TI/C2000Ware_MotorControl_SDK_5_04_00_00/c2000ware/driverlib/f2837xd/driverlib/gpio.
    1333 0000003e BFA9          MOV32     ACC,*(0:0x7cbc)       ; [CPU_FPU] |737| 
         0000003f 7CBC 
    1334 00000040 0200          MOVB      ACC,#0                ; [CPU_ALU] |737| 
    1335 00000041 BDA9          MOV32     *(0:0x7cbc),ACC       ; [CPU_FPU] |737| 
         00000042 7CBC 
    1336                      .dwpsn  file "C:/TI/C2000Ware_MotorControl_SDK_5_04_00_00/c2000ware/driverlib/f2837xd/driverlib/gpio.
    1337 00000043 761A          EDIS      ; [CPU_ALU] |738| 
    1338                      .dwpsn  file "../src_device/device.c",line 636,column 18,is_stmt,isa 0
    1339 00000044 D402          MOVB      XAR4,#2               ; [CPU_ALU] |636| 
    1340 00000045 0247          MOVB      ACC,#71               ; [CPU_ALU] |636| 
    1341              $C$DW$65        .dwtag  DW_TAG_TI_branch
    1342                      .dwattr $C$DW$65, DW_AT_low_pc(0x00)
    1343                      .dwattr $C$DW$65, DW_AT_name("GPIO_setControllerCore")
    1344                      .dwattr $C$DW$65, DW_AT_TI_call
    1345              
    1346 00000046 7640!         LCR       #||GPIO_setControllerCore|| ; [CPU_ALU] |636| 
         00000047 0000 
    1347                      ; call occurs [#||GPIO_setControllerCore||] ; [] |636| 
    1348                      .dwpsn  file "../src_device/device.c",line 637,column 18,is_stmt,isa 0
    1349 00000048 28A9          MOV       AL,#3589              ; [CPU_ALU] |637| 
         00000049 0E05 
    1350 0000004a 9B86          MOV       AH,#134               ; [CPU_ALU] |637| 
    1351              $C$DW$66        .dwtag  DW_TAG_TI_branch
    1352                      .dwattr $C$DW$66, DW_AT_low_pc(0x00)
    1353                      .dwattr $C$DW$66, DW_AT_name("GPIO_setPinConfig")
    1354                      .dwattr $C$DW$66, DW_AT_TI_call
    1355              
    1356 0000004b 7640!         LCR       #||GPIO_setPinConfig|| ; [CPU_ALU] |637| 
         0000004c 0000 
    1357                      ; call occurs [#||GPIO_setPinConfig||] ; [] |637| 
    1358                      .dwpsn  file "../src_device/device.c",line 638,column 18,is_stmt,isa 0
    1359 0000004d D403          MOVB      XAR4,#3               ; [CPU_ALU] |638| 
    1360 0000004e 0247          MOVB      ACC,#71               ; [CPU_ALU] |638| 
    1361              $C$DW$67        .dwtag  DW_TAG_TI_branch
    1362                      .dwattr $C$DW$67, DW_AT_low_pc(0x00)
    1363                      .dwattr $C$DW$67, DW_AT_name("GPIO_setQualificationMode")
    1364                      .dwattr $C$DW$67, DW_AT_TI_call
    1365              
    1366 0000004f 7640!         LCR       #||GPIO_setQualificationMode|| ; [CPU_ALU] |638| 
         00000050 0000 
    1367                      ; call occurs [#||GPIO_setQualificationMode||] ; [] |638| 
    1368                      .dwpsn  file "../src_device/device.c",line 640,column 18,is_stmt,isa 0
    1369 00000051 D402          MOVB      XAR4,#2               ; [CPU_ALU] |640| 
    1370 00000052 0246          MOVB      ACC,#70               ; [CPU_ALU] |640| 
    1371              $C$DW$68        .dwtag  DW_TAG_TI_branch
TMS320C2000 Assembler PC v22.6.2 Fri Mar 20 14:45:11 2026

Copyright (c) 1996-2018 Texas Instruments Incorporated
device.asm                                                           PAGE   28

    1372                      .dwattr $C$DW$68, DW_AT_low_pc(0x00)
    1373                      .dwattr $C$DW$68, DW_AT_name("GPIO_setControllerCore")
    1374                      .dwattr $C$DW$68, DW_AT_TI_call
    1375              
    1376 00000053 7640!         LCR       #||GPIO_setControllerCore|| ; [CPU_ALU] |640| 
         00000054 0000 
    1377                      ; call occurs [#||GPIO_setControllerCore||] ; [] |640| 
    1378                      .dwpsn  file "../src_device/device.c",line 641,column 18,is_stmt,isa 0
    1379 00000055 28A9          MOV       AL,#3077              ; [CPU_ALU] |641| 
         00000056 0C05 
    1380 00000057 9B86          MOV       AH,#134               ; [CPU_ALU] |641| 
    1381              $C$DW$69        .dwtag  DW_TAG_TI_branch
    1382                      .dwattr $C$DW$69, DW_AT_low_pc(0x00)
    1383                      .dwattr $C$DW$69, DW_AT_name("GPIO_setPinConfig")
    1384                      .dwattr $C$DW$69, DW_AT_TI_call
    1385              
    1386 00000058 7640!         LCR       #||GPIO_setPinConfig|| ; [CPU_ALU] |641| 
         00000059 0000 
    1387                      ; call occurs [#||GPIO_setPinConfig||] ; [] |641| 
    1388                      .dwpsn  file "../src_device/device.c",line 642,column 18,is_stmt,isa 0
    1389 0000005a D403          MOVB      XAR4,#3               ; [CPU_ALU] |642| 
    1390 0000005b 0246          MOVB      ACC,#70               ; [CPU_ALU] |642| 
    1391              $C$DW$70        .dwtag  DW_TAG_TI_branch
    1392                      .dwattr $C$DW$70, DW_AT_low_pc(0x00)
    1393                      .dwattr $C$DW$70, DW_AT_name("GPIO_setQualificationMode")
    1394                      .dwattr $C$DW$70, DW_AT_TI_call
    1395              
    1396 0000005c 7640!         LCR       #||GPIO_setQualificationMode|| ; [CPU_ALU] |642| 
         0000005d 0000 
    1397                      ; call occurs [#||GPIO_setQualificationMode||] ; [] |642| 
    1398                      .dwpsn  file "C:/TI/C2000Ware_MotorControl_SDK_5_04_00_00/c2000ware/driverlib/f2837xd/driverlib/gpio.
    1399 0000005e 7622          EALLOW    ; [CPU_ALU] |701| 
    1400                      .dwpsn  file "C:/TI/C2000Ware_MotorControl_SDK_5_04_00_00/c2000ware/driverlib/f2837xd/driverlib/gpio.
    1401 0000005f BFA9          MOV32     ACC,*(0:0x7cbc)       ; [CPU_FPU] |702| 
         00000060 7CBC 
    1402                      .dwpsn  file "../src_device/device.c",line 651,column 18,is_stmt,isa 0
    1403 00000061 8F05          MOVL      XAR4,#381450          ; [CPU_ARAU] |651| 
         00000062 D20A 
    1404                      .dwpsn  file "C:/TI/C2000Ware_MotorControl_SDK_5_04_00_00/c2000ware/driverlib/f2837xd/driverlib/gpio.
    1405 00000063 1AA9          OR        AL,#65535             ; [CPU_ALU] |702| 
         00000064 FFFF 
    1406 00000065 1AA8          OR        AH,#65535             ; [CPU_ALU] |702| 
         00000066 FFFF 
    1407 00000067 BDA9          MOV32     *(0:0x7cbc),ACC       ; [CPU_FPU] |702| 
         00000068 7CBC 
    1408                      .dwpsn  file "../src_device/device.c",line 651,column 18,is_stmt,isa 0
    1409 00000069 020C          MOVB      ACC,#12               ; [CPU_ALU] |651| 
    1410 0000006a C0C4          AND       *+XAR4[0],AL          ; [CPU_ALU] |651| 
    1411 0000006b C1CC          AND       *+XAR4[1],AH          ; [CPU_ALU] |651| 
    1412                      .dwpsn  file "C:\TI\C2000Ware_MotorControl_SDK_5_04_00_00\c2000ware\driverlib\f2837xd\driverlib\sysct
    1413 0000006c 0201          MOVB      ACC,#1                ; [CPU_ALU] |995| 
    1414 0000006d 8F05          MOVL      XAR4,#381750          ; [CPU_ARAU] |995| 
         0000006e D336 
    1415 0000006f 98C4          OR        *+XAR4[0],AL          ; [CPU_ALU] |995| 
    1416 00000070 99CC          OR        *+XAR4[1],AH          ; [CPU_ALU] |995| 
TMS320C2000 Assembler PC v22.6.2 Fri Mar 20 14:45:11 2026

Copyright (c) 1996-2018 Texas Instruments Incorporated
device.asm                                                           PAGE   29

    1417                      .dwpsn  file "C:\TI\C2000Ware_MotorControl_SDK_5_04_00_00\c2000ware\driverlib\f2837xd\driverlib\sysct
    1418 00000071 761A          EDIS      ; [CPU_ALU] |996| 
    1419                      .dwpsn  file "../src_device/device.c",line 656,column 16,is_stmt,isa 0
    1420 00000072 FFEF          B         ||$C$L17||,UNC        ; [CPU_ALU] |656| 
         00000073 00EA 
    1421                      ; branch occurs ; [] |656| 
    1422 00000074       ||$C$L11||:    
    1423                      .dwpsn  file "C:\TI\C2000Ware_MotorControl_SDK_5_04_00_00\c2000ware\driverlib\f2837xd\driverlib\sysct
    1424 00000074 8F05          MOVL      XAR4,#381156          ; [CPU_ARAU] |3001| 
         00000075 D0E4 
    1425 00000076 06C4          MOVL      ACC,*+XAR4[0]         ; [CPU_ALU] |3001| 
    1426 00000077 18A9          AND       AL,#65534             ; [CPU_ALU] |3001| 
         00000078 FFFE 
    1427                      .dwpsn  file "C:\TI\C2000Ware_MotorControl_SDK_5_04_00_00\c2000ware\driverlib\f2837xd\driverlib\sysct
    1428 00000079 7622          EALLOW    ; [CPU_ALU] |3005| 
    1429                      .dwpsn  file "C:\TI\C2000Ware_MotorControl_SDK_5_04_00_00\c2000ware\driverlib\f2837xd\driverlib\sysct
    1430 0000007a 5001          ORB       AL,#0x01              ; [CPU_ALU] |3006| 
    1431                      .dwpsn  file "../src_device/device.c",line 591,column 18,is_stmt,isa 0
    1432 0000007b 8F45          MOVL      XAR5,#381440          ; [CPU_ARAU] |591| 
         0000007c D200 
    1433                      .dwpsn  file "../src_device/device.c",line 592,column 18,is_stmt,isa 0
    1434 0000007d BE02          MOVB      XAR6,#2               ; [CPU_ALU] |592| 
    1435                      .dwpsn  file "C:\TI\C2000Ware_MotorControl_SDK_5_04_00_00\c2000ware\driverlib\f2837xd\driverlib\sysct
    1436 0000007e 1EC4          MOVL      *+XAR4[0],ACC         ; [CPU_ALU] |3006| 
    1437                      .dwpsn  file "../src_device/device.c",line 591,column 18,is_stmt,isa 0
    1438 0000007f 9A00          MOVB      AL,#0                 ; [CPU_ALU] |591| 
    1439 00000080 28A8          MOV       AH,#42405             ; [CPU_ALU] |591| 
         00000081 A5A5 
    1440                      .dwpsn  file "../src_device/device.c",line 592,column 18,is_stmt,isa 0
    1441 00000082 8F05          MOVL      XAR4,#381484          ; [CPU_ARAU] |592| 
         00000083 D22C 
    1442                      .dwpsn  file "../src_device/device.c",line 591,column 18,is_stmt,isa 0
    1443 00000084 1EC5          MOVL      *+XAR5[0],ACC         ; [CPU_ALU] |591| 
    1444                      .dwpsn  file "../src_device/device.c",line 592,column 18,is_stmt,isa 0
    1445 00000085 C2C4          MOVL      *+XAR4[0],XAR6        ; [CPU_ALU] |592| 
    1446                      .dwpsn  file "../src_device/device.c",line 593,column 18,is_stmt,isa 0
    1447 00000086 761A          EDIS      ; [CPU_ALU] |593| 
    1448                      .dwpsn  file "../src_device/device.c",line 595,column 18,is_stmt,isa 0
    1449 00000087 D400          MOVB      XAR4,#0               ; [CPU_ALU] |595| 
    1450 00000088 0220          MOVB      ACC,#32               ; [CPU_ALU] |595| 
    1451              $C$DW$71        .dwtag  DW_TAG_TI_branch
    1452                      .dwattr $C$DW$71, DW_AT_low_pc(0x00)
    1453                      .dwattr $C$DW$71, DW_AT_name("GPIO_setDirectionMode")
    1454                      .dwattr $C$DW$71, DW_AT_TI_call
    1455              
    1456 00000089 7640!         LCR       #||GPIO_setDirectionMode|| ; [CPU_ALU] |595| 
         0000008a 0000 
    1457                      ; call occurs [#||GPIO_setDirectionMode||] ; [] |595| 
    1458                      .dwpsn  file "../src_device/device.c",line 596,column 18,is_stmt,isa 0
    1459 0000008b D403          MOVB      XAR4,#3               ; [CPU_ALU] |596| 
    1460 0000008c 0220          MOVB      ACC,#32               ; [CPU_ALU] |596| 
    1461              $C$DW$72        .dwtag  DW_TAG_TI_branch
    1462                      .dwattr $C$DW$72, DW_AT_low_pc(0x00)
    1463                      .dwattr $C$DW$72, DW_AT_name("GPIO_setQualificationMode")
    1464                      .dwattr $C$DW$72, DW_AT_TI_call
TMS320C2000 Assembler PC v22.6.2 Fri Mar 20 14:45:11 2026

Copyright (c) 1996-2018 Texas Instruments Incorporated
device.asm                                                           PAGE   30

    1465              
    1466 0000008d 7640!         LCR       #||GPIO_setQualificationMode|| ; [CPU_ALU] |596| 
         0000008e 0000 
    1467                      ; call occurs [#||GPIO_setQualificationMode||] ; [] |596| 
    1468                      .dwpsn  file "../src_device/device.c",line 597,column 18,is_stmt,isa 0
    1469 0000008f 9A01          MOV       AL,#1                 ; [CPU_ALU] |597| 
    1470 00000090 9B46          MOV       AH,#70                ; [CPU_ALU] |597| 
    1471              $C$DW$73        .dwtag  DW_TAG_TI_branch
    1472                      .dwattr $C$DW$73, DW_AT_low_pc(0x00)
    1473                      .dwattr $C$DW$73, DW_AT_name("GPIO_setPinConfig")
    1474                      .dwattr $C$DW$73, DW_AT_TI_call
    1475              
    1476 00000091 7640!         LCR       #||GPIO_setPinConfig|| ; [CPU_ALU] |597| 
         00000092 0000 
    1477                      ; call occurs [#||GPIO_setPinConfig||] ; [] |597| 
    1478                      .dwpsn  file "../src_device/device.c",line 598,column 18,is_stmt,isa 0
    1479 00000093 D402          MOVB      XAR4,#2               ; [CPU_ALU] |598| 
    1480 00000094 0220          MOVB      ACC,#32               ; [CPU_ALU] |598| 
    1481              $C$DW$74        .dwtag  DW_TAG_TI_branch
    1482                      .dwattr $C$DW$74, DW_AT_low_pc(0x00)
    1483                      .dwattr $C$DW$74, DW_AT_name("GPIO_setControllerCore")
    1484                      .dwattr $C$DW$74, DW_AT_TI_call
    1485              
    1486 00000095 7640!         LCR       #||GPIO_setControllerCore|| ; [CPU_ALU] |598| 
         00000096 0000 
    1487                      ; call occurs [#||GPIO_setControllerCore||] ; [] |598| 
    1488                      .dwpsn  file "../src_device/device.c",line 600,column 18,is_stmt,isa 0
    1489 00000097 D400          MOVB      XAR4,#0               ; [CPU_ALU] |600| 
    1490 00000098 0221          MOVB      ACC,#33               ; [CPU_ALU] |600| 
    1491              $C$DW$75        .dwtag  DW_TAG_TI_branch
    1492                      .dwattr $C$DW$75, DW_AT_low_pc(0x00)
    1493                      .dwattr $C$DW$75, DW_AT_name("GPIO_setDirectionMode")
    1494                      .dwattr $C$DW$75, DW_AT_TI_call
    1495              
    1496 00000099 7640!         LCR       #||GPIO_setDirectionMode|| ; [CPU_ALU] |600| 
         0000009a 0000 
    1497                      ; call occurs [#||GPIO_setDirectionMode||] ; [] |600| 
    1498                      .dwpsn  file "../src_device/device.c",line 601,column 18,is_stmt,isa 0
    1499 0000009b D403          MOVB      XAR4,#3               ; [CPU_ALU] |601| 
    1500 0000009c 0221          MOVB      ACC,#33               ; [CPU_ALU] |601| 
    1501              $C$DW$76        .dwtag  DW_TAG_TI_branch
    1502                      .dwattr $C$DW$76, DW_AT_low_pc(0x00)
    1503                      .dwattr $C$DW$76, DW_AT_name("GPIO_setQualificationMode")
    1504                      .dwattr $C$DW$76, DW_AT_TI_call
    1505              
    1506 0000009d 7640!         LCR       #||GPIO_setQualificationMode|| ; [CPU_ALU] |601| 
         0000009e 0000 
    1507                      ; call occurs [#||GPIO_setQualificationMode||] ; [] |601| 
    1508                      .dwpsn  file "../src_device/device.c",line 602,column 18,is_stmt,isa 0
    1509 0000009f 28A9          MOV       AL,#513               ; [CPU_ALU] |602| 
         000000a0 0201 
    1510 000000a1 9B46          MOV       AH,#70                ; [CPU_ALU] |602| 
    1511              $C$DW$77        .dwtag  DW_TAG_TI_branch
    1512                      .dwattr $C$DW$77, DW_AT_low_pc(0x00)
    1513                      .dwattr $C$DW$77, DW_AT_name("GPIO_setPinConfig")
TMS320C2000 Assembler PC v22.6.2 Fri Mar 20 14:45:11 2026

Copyright (c) 1996-2018 Texas Instruments Incorporated
device.asm                                                           PAGE   31

    1514                      .dwattr $C$DW$77, DW_AT_TI_call
    1515              
    1516 000000a2 7640!         LCR       #||GPIO_setPinConfig|| ; [CPU_ALU] |602| 
         000000a3 0000 
    1517                      ; call occurs [#||GPIO_setPinConfig||] ; [] |602| 
    1518                      .dwpsn  file "../src_device/device.c",line 603,column 18,is_stmt,isa 0
    1519 000000a4 0221          MOVB      ACC,#33               ; [CPU_ALU] |603| 
    1520                      .dwpsn  file "../src_device/device.c",line 605,column 17,is_stmt,isa 0
    1521 000000a5 FFEF          B         ||$C$L16||,UNC        ; [CPU_ALU] |605| 
         000000a6 00B4 
    1522                      ; branch occurs ; [] |605| 
    1523 000000a7       ||$C$L12||:    
    1524                      .dwpsn  file "C:\TI\C2000Ware_MotorControl_SDK_5_04_00_00\c2000ware\driverlib\f2837xd\driverlib\sysct
    1525 000000a7 8F05          MOVL      XAR4,#381154          ; [CPU_ARAU] |3001| 
         000000a8 D0E2 
    1526 000000a9 06C4          MOVL      ACC,*+XAR4[0]         ; [CPU_ALU] |3001| 
    1527 000000aa 18A9          AND       AL,#65534             ; [CPU_ALU] |3001| 
         000000ab FFFE 
    1528                      .dwpsn  file "C:\TI\C2000Ware_MotorControl_SDK_5_04_00_00\c2000ware\driverlib\f2837xd\driverlib\sysct
    1529 000000ac 7622          EALLOW    ; [CPU_ALU] |3005| 
    1530                      .dwpsn  file "C:\TI\C2000Ware_MotorControl_SDK_5_04_00_00\c2000ware\driverlib\f2837xd\driverlib\sysct
    1531 000000ad 5001          ORB       AL,#0x01              ; [CPU_ALU] |3006| 
    1532 000000ae 1EC4          MOVL      *+XAR4[0],ACC         ; [CPU_ALU] |3006| 
    1533                      .dwpsn  file "../src_device/device.c",line 553,column 18,is_stmt,isa 0
    1534 000000af 9A00          MOVB      AL,#0                 ; [CPU_ALU] |553| 
    1535 000000b0 28A8          MOV       AH,#42405             ; [CPU_ALU] |553| 
         000000b1 A5A5 
    1536 000000b2 8F05          MOVL      XAR4,#381440          ; [CPU_ARAU] |553| 
         000000b3 D200 
    1537 000000b4 1EC4          MOVL      *+XAR4[0],ACC         ; [CPU_ALU] |553| 
    1538                      .dwpsn  file "../src_device/device.c",line 554,column 18,is_stmt,isa 0
    1539 000000b5 761A          EDIS      ; [CPU_ALU] |554| 
    1540                      .dwpsn  file "../src_device/device.c",line 556,column 18,is_stmt,isa 0
    1541 000000b6 D400          MOVB      XAR4,#0               ; [CPU_ALU] |556| 
    1542 000000b7 0210          MOVB      ACC,#16               ; [CPU_ALU] |556| 
    1543              $C$DW$78        .dwtag  DW_TAG_TI_branch
    1544                      .dwattr $C$DW$78, DW_AT_low_pc(0x00)
    1545                      .dwattr $C$DW$78, DW_AT_name("GPIO_setDirectionMode")
    1546                      .dwattr $C$DW$78, DW_AT_TI_call
    1547              
    1548 000000b8 7640!         LCR       #||GPIO_setDirectionMode|| ; [CPU_ALU] |556| 
         000000b9 0000 
    1549                      ; call occurs [#||GPIO_setDirectionMode||] ; [] |556| 
    1550                      .dwpsn  file "../src_device/device.c",line 557,column 18,is_stmt,isa 0
    1551 000000ba D403          MOVB      XAR4,#3               ; [CPU_ALU] |557| 
    1552 000000bb 0210          MOVB      ACC,#16               ; [CPU_ALU] |557| 
    1553              $C$DW$79        .dwtag  DW_TAG_TI_branch
    1554                      .dwattr $C$DW$79, DW_AT_low_pc(0x00)
    1555                      .dwattr $C$DW$79, DW_AT_name("GPIO_setQualificationMode")
    1556                      .dwattr $C$DW$79, DW_AT_TI_call
    1557              
    1558 000000bc 7640!         LCR       #||GPIO_setQualificationMode|| ; [CPU_ALU] |557| 
         000000bd 0000 
    1559                      ; call occurs [#||GPIO_setQualificationMode||] ; [] |557| 
    1560                      .dwpsn  file "../src_device/device.c",line 558,column 18,is_stmt,isa 0
TMS320C2000 Assembler PC v22.6.2 Fri Mar 20 14:45:11 2026

Copyright (c) 1996-2018 Texas Instruments Incorporated
device.asm                                                           PAGE   32

    1561 000000be 8F08          MOVL      XAR4,#524289          ; [CPU_ARAU] |558| 
         000000bf 0001 
    1562 000000c0 A8A9          MOVL      ACC,XAR4              ; [CPU_ALU] |558| 
    1563              $C$DW$80        .dwtag  DW_TAG_TI_branch
    1564                      .dwattr $C$DW$80, DW_AT_low_pc(0x00)
    1565                      .dwattr $C$DW$80, DW_AT_name("GPIO_setPinConfig")
    1566                      .dwattr $C$DW$80, DW_AT_TI_call
    1567              
    1568 000000c1 7640!         LCR       #||GPIO_setPinConfig|| ; [CPU_ALU] |558| 
         000000c2 0000 
    1569                      ; call occurs [#||GPIO_setPinConfig||] ; [] |558| 
    1570                      .dwpsn  file "../src_device/device.c",line 559,column 18,is_stmt,isa 0
    1571 000000c3 D402          MOVB      XAR4,#2               ; [CPU_ALU] |559| 
    1572 000000c4 0210          MOVB      ACC,#16               ; [CPU_ALU] |559| 
    1573              $C$DW$81        .dwtag  DW_TAG_TI_branch
    1574                      .dwattr $C$DW$81, DW_AT_low_pc(0x00)
    1575                      .dwattr $C$DW$81, DW_AT_name("GPIO_setControllerCore")
    1576                      .dwattr $C$DW$81, DW_AT_TI_call
    1577              
    1578 000000c5 7640!         LCR       #||GPIO_setControllerCore|| ; [CPU_ALU] |559| 
         000000c6 0000 
    1579                      ; call occurs [#||GPIO_setControllerCore||] ; [] |559| 
    1580                      .dwpsn  file "../src_device/device.c",line 561,column 18,is_stmt,isa 0
    1581 000000c7 D400          MOVB      XAR4,#0               ; [CPU_ALU] |561| 
    1582 000000c8 0211          MOVB      ACC,#17               ; [CPU_ALU] |561| 
    1583              $C$DW$82        .dwtag  DW_TAG_TI_branch
    1584                      .dwattr $C$DW$82, DW_AT_low_pc(0x00)
    1585                      .dwattr $C$DW$82, DW_AT_name("GPIO_setDirectionMode")
    1586                      .dwattr $C$DW$82, DW_AT_TI_call
    1587              
    1588 000000c9 7640!         LCR       #||GPIO_setDirectionMode|| ; [CPU_ALU] |561| 
         000000ca 0000 
    1589                      ; call occurs [#||GPIO_setDirectionMode||] ; [] |561| 
    1590                      .dwpsn  file "../src_device/device.c",line 562,column 18,is_stmt,isa 0
    1591 000000cb D403          MOVB      XAR4,#3               ; [CPU_ALU] |562| 
    1592 000000cc 0211          MOVB      ACC,#17               ; [CPU_ALU] |562| 
    1593              $C$DW$83        .dwtag  DW_TAG_TI_branch
    1594                      .dwattr $C$DW$83, DW_AT_low_pc(0x00)
    1595                      .dwattr $C$DW$83, DW_AT_name("GPIO_setQualificationMode")
    1596                      .dwattr $C$DW$83, DW_AT_TI_call
    1597              
    1598 000000cd 7640!         LCR       #||GPIO_setQualificationMode|| ; [CPU_ALU] |562| 
         000000ce 0000 
    1599                      ; call occurs [#||GPIO_setQualificationMode||] ; [] |562| 
    1600                      .dwpsn  file "../src_device/device.c",line 563,column 18,is_stmt,isa 0
    1601 000000cf 8F08          MOVL      XAR4,#524801          ; [CPU_ARAU] |563| 
         000000d0 0201 
    1602 000000d1 A8A9          MOVL      ACC,XAR4              ; [CPU_ALU] |563| 
    1603              $C$DW$84        .dwtag  DW_TAG_TI_branch
    1604                      .dwattr $C$DW$84, DW_AT_low_pc(0x00)
    1605                      .dwattr $C$DW$84, DW_AT_name("GPIO_setPinConfig")
    1606                      .dwattr $C$DW$84, DW_AT_TI_call
    1607              
    1608 000000d2 7640!         LCR       #||GPIO_setPinConfig|| ; [CPU_ALU] |563| 
         000000d3 0000 
TMS320C2000 Assembler PC v22.6.2 Fri Mar 20 14:45:11 2026

Copyright (c) 1996-2018 Texas Instruments Incorporated
device.asm                                                           PAGE   33

    1609                      ; call occurs [#||GPIO_setPinConfig||] ; [] |563| 
    1610                      .dwpsn  file "../src_device/device.c",line 564,column 18,is_stmt,isa 0
    1611 000000d4 D402          MOVB      XAR4,#2               ; [CPU_ALU] |564| 
    1612 000000d5 0211          MOVB      ACC,#17               ; [CPU_ALU] |564| 
    1613              $C$DW$85        .dwtag  DW_TAG_TI_branch
    1614                      .dwattr $C$DW$85, DW_AT_low_pc(0x00)
    1615                      .dwattr $C$DW$85, DW_AT_name("GPIO_setControllerCore")
    1616                      .dwattr $C$DW$85, DW_AT_TI_call
    1617              
    1618 000000d6 7640!         LCR       #||GPIO_setControllerCore|| ; [CPU_ALU] |564| 
         000000d7 0000 
    1619                      ; call occurs [#||GPIO_setControllerCore||] ; [] |564| 
    1620                      .dwpsn  file "../src_device/device.c",line 566,column 18,is_stmt,isa 0
    1621 000000d8 0212          MOVB      ACC,#18               ; [CPU_ALU] |566| 
    1622 000000d9 D400          MOVB      XAR4,#0               ; [CPU_ALU] |566| 
    1623              $C$DW$86        .dwtag  DW_TAG_TI_branch
    1624                      .dwattr $C$DW$86, DW_AT_low_pc(0x00)
    1625                      .dwattr $C$DW$86, DW_AT_name("GPIO_setDirectionMode")
    1626                      .dwattr $C$DW$86, DW_AT_TI_call
    1627              
    1628 000000da 7640!         LCR       #||GPIO_setDirectionMode|| ; [CPU_ALU] |566| 
         000000db 0000 
    1629                      ; call occurs [#||GPIO_setDirectionMode||] ; [] |566| 
    1630                      .dwpsn  file "../src_device/device.c",line 567,column 18,is_stmt,isa 0
    1631 000000dc D403          MOVB      XAR4,#3               ; [CPU_ALU] |567| 
    1632 000000dd 0212          MOVB      ACC,#18               ; [CPU_ALU] |567| 
    1633              $C$DW$87        .dwtag  DW_TAG_TI_branch
    1634                      .dwattr $C$DW$87, DW_AT_low_pc(0x00)
    1635                      .dwattr $C$DW$87, DW_AT_name("GPIO_setQualificationMode")
    1636                      .dwattr $C$DW$87, DW_AT_TI_call
    1637              
    1638 000000de 7640!         LCR       #||GPIO_setQualificationMode|| ; [CPU_ALU] |567| 
         000000df 0000 
    1639                      ; call occurs [#||GPIO_setQualificationMode||] ; [] |567| 
    1640                      .dwpsn  file "../src_device/device.c",line 568,column 18,is_stmt,isa 0
    1641 000000e0 8F08          MOVL      XAR4,#525313          ; [CPU_ARAU] |568| 
         000000e1 0401 
    1642 000000e2 A8A9          MOVL      ACC,XAR4              ; [CPU_ALU] |568| 
    1643              $C$DW$88        .dwtag  DW_TAG_TI_branch
    1644                      .dwattr $C$DW$88, DW_AT_low_pc(0x00)
    1645                      .dwattr $C$DW$88, DW_AT_name("GPIO_setPinConfig")
    1646                      .dwattr $C$DW$88, DW_AT_TI_call
    1647              
    1648 000000e3 7640!         LCR       #||GPIO_setPinConfig|| ; [CPU_ALU] |568| 
         000000e4 0000 
    1649                      ; call occurs [#||GPIO_setPinConfig||] ; [] |568| 
    1650                      .dwpsn  file "../src_device/device.c",line 569,column 18,is_stmt,isa 0
    1651 000000e5 D402          MOVB      XAR4,#2               ; [CPU_ALU] |569| 
    1652 000000e6 0212          MOVB      ACC,#18               ; [CPU_ALU] |569| 
    1653              $C$DW$89        .dwtag  DW_TAG_TI_branch
    1654                      .dwattr $C$DW$89, DW_AT_low_pc(0x00)
    1655                      .dwattr $C$DW$89, DW_AT_name("GPIO_setControllerCore")
    1656                      .dwattr $C$DW$89, DW_AT_TI_call
    1657              
    1658 000000e7 7640!         LCR       #||GPIO_setControllerCore|| ; [CPU_ALU] |569| 
TMS320C2000 Assembler PC v22.6.2 Fri Mar 20 14:45:11 2026

Copyright (c) 1996-2018 Texas Instruments Incorporated
device.asm                                                           PAGE   34

         000000e8 0000 
    1659                      ; call occurs [#||GPIO_setControllerCore||] ; [] |569| 
    1660                      .dwpsn  file "../src_device/device.c",line 571,column 18,is_stmt,isa 0
    1661 000000e9 D401          MOVB      XAR4,#1               ; [CPU_ALU] |571| 
    1662 000000ea 0213          MOVB      ACC,#19               ; [CPU_ALU] |571| 
    1663              $C$DW$90        .dwtag  DW_TAG_TI_branch
    1664                      .dwattr $C$DW$90, DW_AT_low_pc(0x00)
    1665                      .dwattr $C$DW$90, DW_AT_name("GPIO_setDirectionMode")
    1666                      .dwattr $C$DW$90, DW_AT_TI_call
    1667              
    1668 000000eb 7640!         LCR       #||GPIO_setDirectionMode|| ; [CPU_ALU] |571| 
         000000ec 0000 
    1669                      ; call occurs [#||GPIO_setDirectionMode||] ; [] |571| 
    1670                      .dwpsn  file "../src_device/device.c",line 572,column 18,is_stmt,isa 0
    1671 000000ed D403          MOVB      XAR4,#3               ; [CPU_ALU] |572| 
    1672 000000ee 0213          MOVB      ACC,#19               ; [CPU_ALU] |572| 
    1673              $C$DW$91        .dwtag  DW_TAG_TI_branch
    1674                      .dwattr $C$DW$91, DW_AT_low_pc(0x00)
    1675                      .dwattr $C$DW$91, DW_AT_name("GPIO_setQualificationMode")
    1676                      .dwattr $C$DW$91, DW_AT_TI_call
    1677              
    1678 000000ef 7640!         LCR       #||GPIO_setQualificationMode|| ; [CPU_ALU] |572| 
         000000f0 0000 
    1679                      ; call occurs [#||GPIO_setQualificationMode||] ; [] |572| 
    1680                      .dwpsn  file "../src_device/device.c",line 573,column 18,is_stmt,isa 0
    1681 000000f1 8F08          MOVL      XAR4,#525824          ; [CPU_ARAU] |573| 
         000000f2 0600 
    1682 000000f3 A8A9          MOVL      ACC,XAR4              ; [CPU_ALU] |573| 
    1683              $C$DW$92        .dwtag  DW_TAG_TI_branch
    1684                      .dwattr $C$DW$92, DW_AT_low_pc(0x00)
    1685                      .dwattr $C$DW$92, DW_AT_name("GPIO_setPinConfig")
    1686                      .dwattr $C$DW$92, DW_AT_TI_call
    1687              
    1688 000000f4 7640!         LCR       #||GPIO_setPinConfig|| ; [CPU_ALU] |573| 
         000000f5 0000 
    1689                      ; call occurs [#||GPIO_setPinConfig||] ; [] |573| 
    1690                      .dwpsn  file "../src_device/device.c",line 574,column 18,is_stmt,isa 0
    1691 000000f6 0213          MOVB      ACC,#19               ; [CPU_ALU] |574| 
    1692                      .dwpsn  file "../src_device/device.c",line 576,column 17,is_stmt,isa 0
    1693 000000f7 6F62          B         ||$C$L16||,UNC        ; [CPU_ALU] |576| 
    1694                      ; branch occurs ; [] |576| 
    1695 000000f8       ||$C$L13||:    
    1696                      .dwpsn  file "C:\TI\C2000Ware_MotorControl_SDK_5_04_00_00\c2000ware\driverlib\f2837xd\driverlib\sysct
    1697 000000f8 8F05          MOVL      XAR4,#381152          ; [CPU_ARAU] |3001| 
         000000f9 D0E0 
    1698 000000fa 06C4          MOVL      ACC,*+XAR4[0]         ; [CPU_ALU] |3001| 
    1699 000000fb 18A9          AND       AL,#65534             ; [CPU_ALU] |3001| 
         000000fc FFFE 
    1700                      .dwpsn  file "C:\TI\C2000Ware_MotorControl_SDK_5_04_00_00\c2000ware\driverlib\f2837xd\driverlib\sysct
    1701 000000fd 7622          EALLOW    ; [CPU_ALU] |3005| 
    1702                      .dwpsn  file "C:\TI\C2000Ware_MotorControl_SDK_5_04_00_00\c2000ware\driverlib\f2837xd\driverlib\sysct
    1703 000000fe 5001          ORB       AL,#0x01              ; [CPU_ALU] |3006| 
    1704                      .dwpsn  file "../src_device/device.c",line 524,column 18,is_stmt,isa 0
    1705 000000ff 8F45          MOVL      XAR5,#381440          ; [CPU_ARAU] |524| 
         00000100 D200 
TMS320C2000 Assembler PC v22.6.2 Fri Mar 20 14:45:11 2026

Copyright (c) 1996-2018 Texas Instruments Incorporated
device.asm                                                           PAGE   35

    1706                      .dwpsn  file "../src_device/device.c",line 525,column 18,is_stmt,isa 0
    1707 00000101 BE02          MOVB      XAR6,#2               ; [CPU_ALU] |525| 
    1708                      .dwpsn  file "C:\TI\C2000Ware_MotorControl_SDK_5_04_00_00\c2000ware\driverlib\f2837xd\driverlib\sysct
    1709 00000102 1EC4          MOVL      *+XAR4[0],ACC         ; [CPU_ALU] |3006| 
    1710                      .dwpsn  file "../src_device/device.c",line 524,column 18,is_stmt,isa 0
    1711 00000103 9A00          MOVB      AL,#0                 ; [CPU_ALU] |524| 
    1712 00000104 28A8          MOV       AH,#42405             ; [CPU_ALU] |524| 
         00000105 A5A5 
    1713                      .dwpsn  file "../src_device/device.c",line 525,column 18,is_stmt,isa 0
    1714 00000106 8F05          MOVL      XAR4,#381484          ; [CPU_ARAU] |525| 
         00000107 D22C 
    1715                      .dwpsn  file "../src_device/device.c",line 524,column 18,is_stmt,isa 0
    1716 00000108 1EC5          MOVL      *+XAR5[0],ACC         ; [CPU_ALU] |524| 
    1717                      .dwpsn  file "../src_device/device.c",line 525,column 18,is_stmt,isa 0
    1718 00000109 C2C4          MOVL      *+XAR4[0],XAR6        ; [CPU_ALU] |525| 
    1719                      .dwpsn  file "../src_device/device.c",line 526,column 18,is_stmt,isa 0
    1720 0000010a 761A          EDIS      ; [CPU_ALU] |526| 
    1721                      .dwpsn  file "../src_device/device.c",line 528,column 18,is_stmt,isa 0
    1722 0000010b D401          MOVB      XAR4,#1               ; [CPU_ALU] |528| 
    1723 0000010c 021D          MOVB      ACC,#29               ; [CPU_ALU] |528| 
    1724              $C$DW$93        .dwtag  DW_TAG_TI_branch
    1725                      .dwattr $C$DW$93, DW_AT_low_pc(0x00)
    1726                      .dwattr $C$DW$93, DW_AT_name("GPIO_setDirectionMode")
    1727                      .dwattr $C$DW$93, DW_AT_TI_call
    1728              
    1729 0000010d 7640!         LCR       #||GPIO_setDirectionMode|| ; [CPU_ALU] |528| 
         0000010e 0000 
    1730                      ; call occurs [#||GPIO_setDirectionMode||] ; [] |528| 
    1731                      .dwpsn  file "../src_device/device.c",line 529,column 18,is_stmt,isa 0
    1732 0000010f D403          MOVB      XAR4,#3               ; [CPU_ALU] |529| 
    1733 00000110 021D          MOVB      ACC,#29               ; [CPU_ALU] |529| 
    1734              $C$DW$94        .dwtag  DW_TAG_TI_branch
    1735                      .dwattr $C$DW$94, DW_AT_low_pc(0x00)
    1736                      .dwattr $C$DW$94, DW_AT_name("GPIO_setQualificationMode")
    1737                      .dwattr $C$DW$94, DW_AT_TI_call
    1738              
    1739 00000111 7640!         LCR       #||GPIO_setQualificationMode|| ; [CPU_ALU] |529| 
         00000112 0000 
    1740                      ; call occurs [#||GPIO_setQualificationMode||] ; [] |529| 
    1741                      .dwpsn  file "../src_device/device.c",line 530,column 18,is_stmt,isa 0
    1742 00000113 8F08          MOVL      XAR4,#530945          ; [CPU_ARAU] |530| 
         00000114 1A01 
    1743 00000115 A8A9          MOVL      ACC,XAR4              ; [CPU_ALU] |530| 
    1744              $C$DW$95        .dwtag  DW_TAG_TI_branch
    1745                      .dwattr $C$DW$95, DW_AT_low_pc(0x00)
    1746                      .dwattr $C$DW$95, DW_AT_name("GPIO_setPinConfig")
    1747                      .dwattr $C$DW$95, DW_AT_TI_call
    1748              
    1749 00000116 7640!         LCR       #||GPIO_setPinConfig|| ; [CPU_ALU] |530| 
         00000117 0000 
    1750                      ; call occurs [#||GPIO_setPinConfig||] ; [] |530| 
    1751                      .dwpsn  file "../src_device/device.c",line 531,column 18,is_stmt,isa 0
    1752 00000118 D402          MOVB      XAR4,#2               ; [CPU_ALU] |531| 
    1753 00000119 021D          MOVB      ACC,#29               ; [CPU_ALU] |531| 
    1754              $C$DW$96        .dwtag  DW_TAG_TI_branch
TMS320C2000 Assembler PC v22.6.2 Fri Mar 20 14:45:11 2026

Copyright (c) 1996-2018 Texas Instruments Incorporated
device.asm                                                           PAGE   36

    1755                      .dwattr $C$DW$96, DW_AT_low_pc(0x00)
    1756                      .dwattr $C$DW$96, DW_AT_name("GPIO_setControllerCore")
    1757                      .dwattr $C$DW$96, DW_AT_TI_call
    1758              
    1759 0000011a 7640!         LCR       #||GPIO_setControllerCore|| ; [CPU_ALU] |531| 
         0000011b 0000 
    1760                      ; call occurs [#||GPIO_setControllerCore||] ; [] |531| 
    1761                      .dwpsn  file "../src_device/device.c",line 533,column 18,is_stmt,isa 0
    1762 0000011c D400          MOVB      XAR4,#0               ; [CPU_ALU] |533| 
    1763 0000011d 021C          MOVB      ACC,#28               ; [CPU_ALU] |533| 
    1764              $C$DW$97        .dwtag  DW_TAG_TI_branch
    1765                      .dwattr $C$DW$97, DW_AT_low_pc(0x00)
    1766                      .dwattr $C$DW$97, DW_AT_name("GPIO_setDirectionMode")
    1767                      .dwattr $C$DW$97, DW_AT_TI_call
    1768              
    1769 0000011e 7640!         LCR       #||GPIO_setDirectionMode|| ; [CPU_ALU] |533| 
         0000011f 0000 
    1770                      ; call occurs [#||GPIO_setDirectionMode||] ; [] |533| 
    1771                      .dwpsn  file "../src_device/device.c",line 534,column 18,is_stmt,isa 0
    1772 00000120 D403          MOVB      XAR4,#3               ; [CPU_ALU] |534| 
    1773 00000121 021C          MOVB      ACC,#28               ; [CPU_ALU] |534| 
    1774              $C$DW$98        .dwtag  DW_TAG_TI_branch
    1775                      .dwattr $C$DW$98, DW_AT_low_pc(0x00)
    1776                      .dwattr $C$DW$98, DW_AT_name("GPIO_setQualificationMode")
    1777                      .dwattr $C$DW$98, DW_AT_TI_call
    1778              
    1779 00000122 7640!         LCR       #||GPIO_setQualificationMode|| ; [CPU_ALU] |534| 
         00000123 0000 
    1780                      ; call occurs [#||GPIO_setQualificationMode||] ; [] |534| 
    1781                      .dwpsn  file "../src_device/device.c",line 535,column 18,is_stmt,isa 0
    1782 00000124 8F08          MOVL      XAR4,#530433          ; [CPU_ARAU] |535| 
         00000125 1801 
    1783 00000126 A8A9          MOVL      ACC,XAR4              ; [CPU_ALU] |535| 
    1784              $C$DW$99        .dwtag  DW_TAG_TI_branch
    1785                      .dwattr $C$DW$99, DW_AT_low_pc(0x00)
    1786                      .dwattr $C$DW$99, DW_AT_name("GPIO_setPinConfig")
    1787                      .dwattr $C$DW$99, DW_AT_TI_call
    1788              
    1789 00000127 7640!         LCR       #||GPIO_setPinConfig|| ; [CPU_ALU] |535| 
         00000128 0000 
    1790                      ; call occurs [#||GPIO_setPinConfig||] ; [] |535| 
    1791                      .dwpsn  file "../src_device/device.c",line 536,column 18,is_stmt,isa 0
    1792 00000129 021C          MOVB      ACC,#28               ; [CPU_ALU] |536| 
    1793                      .dwpsn  file "../src_device/device.c",line 538,column 17,is_stmt,isa 0
    1794 0000012a 6F2F          B         ||$C$L16||,UNC        ; [CPU_ALU] |538| 
    1795                      ; branch occurs ; [] |538| 
    1796 0000012b       ||$C$L14||:    
    1797                      .dwpsn  file "../src_device/device.c",line 609,column 22,is_stmt,isa 0
    1798 0000012b D13A          MOVB      XAR1,#58              ; [CPU_ALU] |609| 
    1799 0000012c       ||$C$L15||:    
    1800                      .dwpsn  file "../src_device/device.c",line 611,column 22,is_stmt,isa 0
    1801 0000012c 0EA1          MOVU      ACC,AR1               ; [CPU_ALU] |611| 
    1802 0000012d D400          MOVB      XAR4,#0               ; [CPU_ALU] |611| 
    1803              $C$DW$100       .dwtag  DW_TAG_TI_branch
    1804                      .dwattr $C$DW$100, DW_AT_low_pc(0x00)
TMS320C2000 Assembler PC v22.6.2 Fri Mar 20 14:45:11 2026

Copyright (c) 1996-2018 Texas Instruments Incorporated
device.asm                                                           PAGE   37

    1805                      .dwattr $C$DW$100, DW_AT_name("GPIO_setDirectionMode")
    1806                      .dwattr $C$DW$100, DW_AT_TI_call
    1807              
    1808 0000012e 7640!         LCR       #||GPIO_setDirectionMode|| ; [CPU_ALU] |611| 
         0000012f 0000 
    1809                      ; call occurs [#||GPIO_setDirectionMode||] ; [] |611| 
    1810                      .dwpsn  file "../src_device/device.c",line 612,column 22,is_stmt,isa 0
    1811 00000130 D403          MOVB      XAR4,#3               ; [CPU_ALU] |612| 
    1812 00000131 0EA1          MOVU      ACC,AR1               ; [CPU_ALU] |612| 
    1813              $C$DW$101       .dwtag  DW_TAG_TI_branch
    1814                      .dwattr $C$DW$101, DW_AT_low_pc(0x00)
    1815                      .dwattr $C$DW$101, DW_AT_name("GPIO_setQualificationMode")
    1816                      .dwattr $C$DW$101, DW_AT_TI_call
    1817              
    1818 00000132 7640!         LCR       #||GPIO_setQualificationMode|| ; [CPU_ALU] |612| 
         00000133 0000 
    1819                      ; call occurs [#||GPIO_setQualificationMode||] ; [] |612| 
    1820                      .dwpsn  file "../src_device/device.c",line 613,column 22,is_stmt,isa 0
    1821 00000134 D402          MOVB      XAR4,#2               ; [CPU_ALU] |613| 
    1822 00000135 0EA1          MOVU      ACC,AR1               ; [CPU_ALU] |613| 
    1823              $C$DW$102       .dwtag  DW_TAG_TI_branch
    1824                      .dwattr $C$DW$102, DW_AT_low_pc(0x00)
    1825                      .dwattr $C$DW$102, DW_AT_name("GPIO_setControllerCore")
    1826                      .dwattr $C$DW$102, DW_AT_TI_call
    1827              
    1828 00000136 7640!         LCR       #||GPIO_setControllerCore|| ; [CPU_ALU] |613| 
         00000137 0000 
    1829                      ; call occurs [#||GPIO_setControllerCore||] ; [] |613| 
    1830                      .dwpsn  file "../src_device/device.c",line 609,column 29,is_stmt,isa 0
    1831 00000138 D901          ADDB      XAR1,#1               ; [CPU_ALU] |609| 
    1832 00000139 92A1          MOV       AL,AR1                ; [CPU_ALU] |609| 
    1833 0000013a 5241          CMPB      AL,#65                ; [CPU_ALU] |609| 
    1834 0000013b 69F1          B         ||$C$L15||,LOS        ; [CPU_ALU] |609| 
    1835                      ; branchcc occurs ; [] |609| 
    1836                      .dwpsn  file "../src_device/device.c",line 616,column 18,is_stmt,isa 0
    1837 0000013c 0245          MOVB      ACC,#69               ; [CPU_ALU] |616| 
    1838 0000013d D400          MOVB      XAR4,#0               ; [CPU_ALU] |616| 
    1839              $C$DW$103       .dwtag  DW_TAG_TI_branch
    1840                      .dwattr $C$DW$103, DW_AT_low_pc(0x00)
    1841                      .dwattr $C$DW$103, DW_AT_name("GPIO_setDirectionMode")
    1842                      .dwattr $C$DW$103, DW_AT_TI_call
    1843              
    1844 0000013e 7640!         LCR       #||GPIO_setDirectionMode|| ; [CPU_ALU] |616| 
         0000013f 0000 
    1845                      ; call occurs [#||GPIO_setDirectionMode||] ; [] |616| 
    1846                      .dwpsn  file "../src_device/device.c",line 617,column 18,is_stmt,isa 0
    1847 00000140 D403          MOVB      XAR4,#3               ; [CPU_ALU] |617| 
    1848 00000141 0245          MOVB      ACC,#69               ; [CPU_ALU] |617| 
    1849              $C$DW$104       .dwtag  DW_TAG_TI_branch
    1850                      .dwattr $C$DW$104, DW_AT_low_pc(0x00)
    1851                      .dwattr $C$DW$104, DW_AT_name("GPIO_setQualificationMode")
    1852                      .dwattr $C$DW$104, DW_AT_TI_call
    1853              
    1854 00000142 7640!         LCR       #||GPIO_setQualificationMode|| ; [CPU_ALU] |617| 
         00000143 0000 
TMS320C2000 Assembler PC v22.6.2 Fri Mar 20 14:45:11 2026

Copyright (c) 1996-2018 Texas Instruments Incorporated
device.asm                                                           PAGE   38

    1855                      ; call occurs [#||GPIO_setQualificationMode||] ; [] |617| 
    1856                      .dwpsn  file "../src_device/device.c",line 618,column 18,is_stmt,isa 0
    1857 00000144 FF29          MOV       ACC,#17157 << 9       ; [CPU_ALU] |618| 
         00000145 4305 
    1858              $C$DW$105       .dwtag  DW_TAG_TI_branch
    1859                      .dwattr $C$DW$105, DW_AT_low_pc(0x00)
    1860                      .dwattr $C$DW$105, DW_AT_name("GPIO_setPinConfig")
    1861                      .dwattr $C$DW$105, DW_AT_TI_call
    1862              
    1863 00000146 7640!         LCR       #||GPIO_setPinConfig|| ; [CPU_ALU] |618| 
         00000147 0000 
    1864                      ; call occurs [#||GPIO_setPinConfig||] ; [] |618| 
    1865                      .dwpsn  file "../src_device/device.c",line 619,column 18,is_stmt,isa 0
    1866 00000148 D402          MOVB      XAR4,#2               ; [CPU_ALU] |619| 
    1867 00000149 0245          MOVB      ACC,#69               ; [CPU_ALU] |619| 
    1868              $C$DW$106       .dwtag  DW_TAG_TI_branch
    1869                      .dwattr $C$DW$106, DW_AT_low_pc(0x00)
    1870                      .dwattr $C$DW$106, DW_AT_name("GPIO_setControllerCore")
    1871                      .dwattr $C$DW$106, DW_AT_TI_call
    1872              
    1873 0000014a 7640!         LCR       #||GPIO_setControllerCore|| ; [CPU_ALU] |619| 
         0000014b 0000 
    1874                      ; call occurs [#||GPIO_setControllerCore||] ; [] |619| 
    1875                      .dwpsn  file "../src_device/device.c",line 621,column 18,is_stmt,isa 0
    1876 0000014c D400          MOVB      XAR4,#0               ; [CPU_ALU] |621| 
    1877 0000014d 0246          MOVB      ACC,#70               ; [CPU_ALU] |621| 
    1878              $C$DW$107       .dwtag  DW_TAG_TI_branch
    1879                      .dwattr $C$DW$107, DW_AT_low_pc(0x00)
    1880                      .dwattr $C$DW$107, DW_AT_name("GPIO_setDirectionMode")
    1881                      .dwattr $C$DW$107, DW_AT_TI_call
    1882              
    1883 0000014e 7640!         LCR       #||GPIO_setDirectionMode|| ; [CPU_ALU] |621| 
         0000014f 0000 
    1884                      ; call occurs [#||GPIO_setDirectionMode||] ; [] |621| 
    1885                      .dwpsn  file "../src_device/device.c",line 622,column 18,is_stmt,isa 0
    1886 00000150 D403          MOVB      XAR4,#3               ; [CPU_ALU] |622| 
    1887 00000151 0246          MOVB      ACC,#70               ; [CPU_ALU] |622| 
    1888              $C$DW$108       .dwtag  DW_TAG_TI_branch
    1889                      .dwattr $C$DW$108, DW_AT_low_pc(0x00)
    1890                      .dwattr $C$DW$108, DW_AT_name("GPIO_setQualificationMode")
    1891                      .dwattr $C$DW$108, DW_AT_TI_call
    1892              
    1893 00000152 7640!         LCR       #||GPIO_setQualificationMode|| ; [CPU_ALU] |622| 
         00000153 0000 
    1894                      ; call occurs [#||GPIO_setQualificationMode||] ; [] |622| 
    1895                      .dwpsn  file "../src_device/device.c",line 623,column 18,is_stmt,isa 0
    1896 00000154 FF2A          MOV       ACC,#8579 << 10       ; [CPU_ALU] |623| 
         00000155 2183 
    1897              $C$DW$109       .dwtag  DW_TAG_TI_branch
    1898                      .dwattr $C$DW$109, DW_AT_low_pc(0x00)
    1899                      .dwattr $C$DW$109, DW_AT_name("GPIO_setPinConfig")
    1900                      .dwattr $C$DW$109, DW_AT_TI_call
    1901              
    1902 00000156 7640!         LCR       #||GPIO_setPinConfig|| ; [CPU_ALU] |623| 
         00000157 0000 
TMS320C2000 Assembler PC v22.6.2 Fri Mar 20 14:45:11 2026

Copyright (c) 1996-2018 Texas Instruments Incorporated
device.asm                                                           PAGE   39

    1903                      ; call occurs [#||GPIO_setPinConfig||] ; [] |623| 
    1904                      .dwpsn  file "../src_device/device.c",line 624,column 18,is_stmt,isa 0
    1905 00000158 0246          MOVB      ACC,#70               ; [CPU_ALU] |624| 
    1906 00000159       ||$C$L16||:    
    1907 00000159 D402          MOVB      XAR4,#2               ; [CPU_ALU] |624| 
    1908              $C$DW$110       .dwtag  DW_TAG_TI_branch
    1909                      .dwattr $C$DW$110, DW_AT_low_pc(0x00)
    1910                      .dwattr $C$DW$110, DW_AT_name("GPIO_setControllerCore")
    1911                      .dwattr $C$DW$110, DW_AT_TI_call
    1912              
    1913 0000015a 7640!         LCR       #||GPIO_setControllerCore|| ; [CPU_ALU] |624| 
         0000015b 0000 
    1914                      ; call occurs [#||GPIO_setControllerCore||] ; [] |624| 
    1915 0000015c       ||$C$L17||:    
    1916                      .dwpsn  file "../src_device/device.c",line 663,column 9,is_stmt,isa 0
    1917 0000015c 7685          MOVL      XAR6,#327714          ; [CPU_ARAU] |663| 
         0000015d 0022 
    1918                      .dwpsn  file "../src_device/device.c",line 668,column 9,is_stmt,isa 0
    1919 0000015e 28AB          MOV       PL,#19                ; [CPU_ALU] |668| 
         0000015f 0013 
    1920 00000160 2BAA          MOV       PH,#0                 ; [CPU_ALU] |668| 
    1921 00000161 8F45          MOVL      XAR5,#327696          ; [CPU_ARAU] |668| 
         00000162 0010 
    1922                      .dwpsn  file "../src_device/device.c",line 673,column 9,is_stmt,isa 0
    1923 00000163 9A01          MOV       AL,#1                 ; [CPU_ALU] |673| 
    1924 00000164 28A8          MOV       AH,#32768             ; [CPU_ALU] |673| 
         00000165 8000 
    1925 00000166 8F05          MOVL      XAR4,#327684          ; [CPU_ARAU] |673| 
         00000167 0004 
    1926                      .dwpsn  file "../src_device/device.c",line 676,column 5,is_stmt,isa 0
    1927 00000168 B600          MOVB      XAR7,#0               ; [CPU_ALU] |676| 
    1928                      .dwpsn  file "../src_device/device.c",line 663,column 9,is_stmt,isa 0
    1929 00000169 AAC6          MOVL      *+XAR6[0],XAR2        ; [CPU_ALU] |663| 
    1930                      .dwpsn  file "../src_device/device.c",line 668,column 9,is_stmt,isa 0
    1931 0000016a A9C5          MOVL      *+XAR5[0],P           ; [CPU_ALU] |668| 
    1932                      .dwpsn  file "../src_device/device.c",line 673,column 9,is_stmt,isa 0
    1933 0000016b 1EC4          MOVL      *+XAR4[0],ACC         ; [CPU_ALU] |673| 
    1934 0000016c       ||$C$L18||:    
    1935                      .dwpsn  file "../src_device/device.c",line 676,column 5,is_stmt,isa 0
    1936 0000016c 86BE          MOVL      XAR2,*--SP            ; [CPU_ALU] |676| 
    1937                      .dwcfi  cfa_offset, -4
    1938                      .dwcfi  restore_reg, 9
    1939 0000016d 92A7          MOV       AL,AR7                ; [CPU_ALU] |676| 
    1940 0000016e 8BBE          MOVL      XAR1,*--SP            ; [CPU_ALU] |676| 
    1941                      .dwcfi  cfa_offset, -2
    1942                      .dwcfi  restore_reg, 7
    1943              $C$DW$111       .dwtag  DW_TAG_TI_branch
    1944                      .dwattr $C$DW$111, DW_AT_low_pc(0x00)
    1945                      .dwattr $C$DW$111, DW_AT_TI_return
    1946              
    1947 0000016f 0006          LRETR     ; [CPU_ALU] 
    1948                      ; return occurs ; [] 
    1949                      .dwattr $C$DW$61, DW_AT_TI_end_file("../src_device/device.c")
    1950                      .dwattr $C$DW$61, DW_AT_TI_end_line(0x2a5)
    1951                      .dwattr $C$DW$61, DW_AT_TI_end_column(0x01)
TMS320C2000 Assembler PC v22.6.2 Fri Mar 20 14:45:11 2026

Copyright (c) 1996-2018 Texas Instruments Incorporated
device.asm                                                           PAGE   40

    1952                      .dwendentry
    1953                      .dwendtag $C$DW$61
    1954              
    1955              ;**************************************************************
    1956              ;* UNDEFINED EXTERNAL REFERENCES                              *
    1957              ;**************************************************************
    1958                      .global ||Flash_initModule||
    1959                      .global ||GPIO_setDirectionMode||
    1960                      .global ||GPIO_setQualificationMode||
    1961                      .global ||GPIO_setPinConfig||
    1962                      .global ||GPIO_setControllerCore||
    1963                      .global ||RamfuncsLoadStart||
    1964                      .global ||RamfuncsLoadSize||
    1965                      .global ||RamfuncsRunStart||
    1966                      .global ||SysCtl_getDeviceParametric||
    1967                      .global ||SysCtl_setClock||
    1968                      .global ||memcpy||
    1969              
    1970              ;***************************************************************
    1971              ;* BUILD ATTRIBUTES                                            *
    1972              ;***************************************************************
    1973                      .battr "c28xabi", Tag_File, 1, Tag_float_args(0)
    1974                      .battr "c28xabi", Tag_File, 1, Tag_double_args(0)
    1975                      .dwattr $C$DW$CU, DW_AT_language(DW_LANG_C)
    1976              
    1977              ;***************************************************************
    1978              ;* DWARF CIE ENTRIES                                           *
    1979              ;***************************************************************
    1980              
    1981              $C$DW$CIE       .dwcie 26
    1982                      .dwcfi  cfa_register, 20
    1983                      .dwcfi  cfa_offset, 0
    1984                      .dwcfi  same_value, 28
    1985                      .dwcfi  same_value, 6
    1986                      .dwcfi  same_value, 7
    1987                      .dwcfi  same_value, 8
    1988                      .dwcfi  same_value, 9
    1989                      .dwcfi  same_value, 10
    1990                      .dwcfi  same_value, 11
    1991                      .dwcfi  same_value, 59
    1992                      .dwcfi  same_value, 63
    1993                      .dwcfi  same_value, 67
    1994                      .dwcfi  same_value, 71
    1995                      .dwendentry
    1996                      .dwendtag $C$DW$CU
    1997              
    1998              
    1999              ;***************************************************************
    2000              ;* TYPE INFORMATION                                            *
    2001              ;***************************************************************
    2002              
    2003              $C$DW$TU$19     .dwtag  DW_TAG_type_unit
    2004                      .dwmtype  $C$DW$T$19
    2005              
    2006              $C$DW$T$19      .dwtag  DW_TAG_enumeration_type
TMS320C2000 Assembler PC v22.6.2 Fri Mar 20 14:45:11 2026

Copyright (c) 1996-2018 Texas Instruments Incorporated
device.asm                                                           PAGE   41

    2007                      .dwattr $C$DW$T$19, DW_AT_byte_size(0x01)
    2008              $C$DW$112       .dwtag  DW_TAG_enumerator
    2009                      .dwattr $C$DW$112, DW_AT_name("SYSCTL_PERIPH_CLK_CLA1")
    2010                      .dwattr $C$DW$112, DW_AT_const_value(0x00)
    2011                      .dwattr $C$DW$112, DW_AT_decl_file("C:\TI\C2000Ware_MotorControl_SDK_5_04_00_00\c2000ware\driverlib\f
    2012                      .dwattr $C$DW$112, DW_AT_decl_line(0x183)
    2013                      .dwattr $C$DW$112, DW_AT_decl_column(0x05)
    2014              
    2015              $C$DW$113       .dwtag  DW_TAG_enumerator
    2016                      .dwattr $C$DW$113, DW_AT_name("SYSCTL_PERIPH_CLK_DMA")
    2017                      .dwattr $C$DW$113, DW_AT_const_value(0x200)
    2018                      .dwattr $C$DW$113, DW_AT_decl_file("C:\TI\C2000Ware_MotorControl_SDK_5_04_00_00\c2000ware\driverlib\f
    2019                      .dwattr $C$DW$113, DW_AT_decl_line(0x184)
    2020                      .dwattr $C$DW$113, DW_AT_decl_column(0x05)
    2021              
    2022              $C$DW$114       .dwtag  DW_TAG_enumerator
    2023                      .dwattr $C$DW$114, DW_AT_name("SYSCTL_PERIPH_CLK_TIMER0")
    2024                      .dwattr $C$DW$114, DW_AT_const_value(0x300)
    2025                      .dwattr $C$DW$114, DW_AT_decl_file("C:\TI\C2000Ware_MotorControl_SDK_5_04_00_00\c2000ware\driverlib\f
    2026                      .dwattr $C$DW$114, DW_AT_decl_line(0x185)
    2027                      .dwattr $C$DW$114, DW_AT_decl_column(0x05)
    2028              
    2029              $C$DW$115       .dwtag  DW_TAG_enumerator
    2030                      .dwattr $C$DW$115, DW_AT_name("SYSCTL_PERIPH_CLK_TIMER1")
    2031                      .dwattr $C$DW$115, DW_AT_const_value(0x400)
    2032                      .dwattr $C$DW$115, DW_AT_decl_file("C:\TI\C2000Ware_MotorControl_SDK_5_04_00_00\c2000ware\driverlib\f
    2033                      .dwattr $C$DW$115, DW_AT_decl_line(0x186)
    2034                      .dwattr $C$DW$115, DW_AT_decl_column(0x05)
    2035              
    2036              $C$DW$116       .dwtag  DW_TAG_enumerator
    2037                      .dwattr $C$DW$116, DW_AT_name("SYSCTL_PERIPH_CLK_TIMER2")
    2038                      .dwattr $C$DW$116, DW_AT_const_value(0x500)
    2039                      .dwattr $C$DW$116, DW_AT_decl_file("C:\TI\C2000Ware_MotorControl_SDK_5_04_00_00\c2000ware\driverlib\f
    2040                      .dwattr $C$DW$116, DW_AT_decl_line(0x187)
    2041                      .dwattr $C$DW$116, DW_AT_decl_column(0x05)
    2042              
    2043              $C$DW$117       .dwtag  DW_TAG_enumerator
    2044                      .dwattr $C$DW$117, DW_AT_name("SYSCTL_PERIPH_CLK_HRPWM")
    2045                      .dwattr $C$DW$117, DW_AT_const_value(0x1000)
    2046                      .dwattr $C$DW$117, DW_AT_decl_file("C:\TI\C2000Ware_MotorControl_SDK_5_04_00_00\c2000ware\driverlib\f
    2047                      .dwattr $C$DW$117, DW_AT_decl_line(0x188)
    2048                      .dwattr $C$DW$117, DW_AT_decl_column(0x05)
    2049              
    2050              $C$DW$118       .dwtag  DW_TAG_enumerator
    2051                      .dwattr $C$DW$118, DW_AT_name("SYSCTL_PERIPH_CLK_TBCLKSYNC")
    2052                      .dwattr $C$DW$118, DW_AT_const_value(0x1200)
    2053                      .dwattr $C$DW$118, DW_AT_decl_file("C:\TI\C2000Ware_MotorControl_SDK_5_04_00_00\c2000ware\driverlib\f
    2054                      .dwattr $C$DW$118, DW_AT_decl_line(0x189)
    2055                      .dwattr $C$DW$118, DW_AT_decl_column(0x05)
    2056              
    2057              $C$DW$119       .dwtag  DW_TAG_enumerator
    2058                      .dwattr $C$DW$119, DW_AT_name("SYSCTL_PERIPH_CLK_GTBCLKSYNC")
    2059                      .dwattr $C$DW$119, DW_AT_const_value(0x1300)
    2060                      .dwattr $C$DW$119, DW_AT_decl_file("C:\TI\C2000Ware_MotorControl_SDK_5_04_00_00\c2000ware\driverlib\f
    2061                      .dwattr $C$DW$119, DW_AT_decl_line(0x18a)
TMS320C2000 Assembler PC v22.6.2 Fri Mar 20 14:45:11 2026

Copyright (c) 1996-2018 Texas Instruments Incorporated
device.asm                                                           PAGE   42

    2062                      .dwattr $C$DW$119, DW_AT_decl_column(0x05)
    2063              
    2064              $C$DW$120       .dwtag  DW_TAG_enumerator
    2065                      .dwattr $C$DW$120, DW_AT_name("SYSCTL_PERIPH_CLK_EMIF1")
    2066                      .dwattr $C$DW$120, DW_AT_const_value(0x01)
    2067                      .dwattr $C$DW$120, DW_AT_decl_file("C:\TI\C2000Ware_MotorControl_SDK_5_04_00_00\c2000ware\driverlib\f
    2068                      .dwattr $C$DW$120, DW_AT_decl_line(0x18b)
    2069                      .dwattr $C$DW$120, DW_AT_decl_column(0x05)
    2070              
    2071              $C$DW$121       .dwtag  DW_TAG_enumerator
    2072                      .dwattr $C$DW$121, DW_AT_name("SYSCTL_PERIPH_CLK_EMIF2")
    2073                      .dwattr $C$DW$121, DW_AT_const_value(0x101)
    2074                      .dwattr $C$DW$121, DW_AT_decl_file("C:\TI\C2000Ware_MotorControl_SDK_5_04_00_00\c2000ware\driverlib\f
    2075                      .dwattr $C$DW$121, DW_AT_decl_line(0x18c)
    2076                      .dwattr $C$DW$121, DW_AT_decl_column(0x05)
    2077              
    2078              $C$DW$122       .dwtag  DW_TAG_enumerator
    2079                      .dwattr $C$DW$122, DW_AT_name("SYSCTL_PERIPH_CLK_EPWM1")
    2080                      .dwattr $C$DW$122, DW_AT_const_value(0x02)
    2081                      .dwattr $C$DW$122, DW_AT_decl_file("C:\TI\C2000Ware_MotorControl_SDK_5_04_00_00\c2000ware\driverlib\f
    2082                      .dwattr $C$DW$122, DW_AT_decl_line(0x18d)
    2083                      .dwattr $C$DW$122, DW_AT_decl_column(0x05)
    2084              
    2085              $C$DW$123       .dwtag  DW_TAG_enumerator
    2086                      .dwattr $C$DW$123, DW_AT_name("SYSCTL_PERIPH_CLK_EPWM2")
    2087                      .dwattr $C$DW$123, DW_AT_const_value(0x102)
    2088                      .dwattr $C$DW$123, DW_AT_decl_file("C:\TI\C2000Ware_MotorControl_SDK_5_04_00_00\c2000ware\driverlib\f
    2089                      .dwattr $C$DW$123, DW_AT_decl_line(0x18e)
    2090                      .dwattr $C$DW$123, DW_AT_decl_column(0x05)
    2091              
    2092              $C$DW$124       .dwtag  DW_TAG_enumerator
    2093                      .dwattr $C$DW$124, DW_AT_name("SYSCTL_PERIPH_CLK_EPWM3")
    2094                      .dwattr $C$DW$124, DW_AT_const_value(0x202)
    2095                      .dwattr $C$DW$124, DW_AT_decl_file("C:\TI\C2000Ware_MotorControl_SDK_5_04_00_00\c2000ware\driverlib\f
    2096                      .dwattr $C$DW$124, DW_AT_decl_line(0x18f)
    2097                      .dwattr $C$DW$124, DW_AT_decl_column(0x05)
    2098              
    2099              $C$DW$125       .dwtag  DW_TAG_enumerator
    2100                      .dwattr $C$DW$125, DW_AT_name("SYSCTL_PERIPH_CLK_EPWM4")
    2101                      .dwattr $C$DW$125, DW_AT_const_value(0x302)
    2102                      .dwattr $C$DW$125, DW_AT_decl_file("C:\TI\C2000Ware_MotorControl_SDK_5_04_00_00\c2000ware\driverlib\f
    2103                      .dwattr $C$DW$125, DW_AT_decl_line(0x190)
    2104                      .dwattr $C$DW$125, DW_AT_decl_column(0x05)
    2105              
    2106              $C$DW$126       .dwtag  DW_TAG_enumerator
    2107                      .dwattr $C$DW$126, DW_AT_name("SYSCTL_PERIPH_CLK_EPWM5")
    2108                      .dwattr $C$DW$126, DW_AT_const_value(0x402)
    2109                      .dwattr $C$DW$126, DW_AT_decl_file("C:\TI\C2000Ware_MotorControl_SDK_5_04_00_00\c2000ware\driverlib\f
    2110                      .dwattr $C$DW$126, DW_AT_decl_line(0x191)
    2111                      .dwattr $C$DW$126, DW_AT_decl_column(0x05)
    2112              
    2113              $C$DW$127       .dwtag  DW_TAG_enumerator
    2114                      .dwattr $C$DW$127, DW_AT_name("SYSCTL_PERIPH_CLK_EPWM6")
    2115                      .dwattr $C$DW$127, DW_AT_const_value(0x502)
    2116                      .dwattr $C$DW$127, DW_AT_decl_file("C:\TI\C2000Ware_MotorControl_SDK_5_04_00_00\c2000ware\driverlib\f
TMS320C2000 Assembler PC v22.6.2 Fri Mar 20 14:45:11 2026

Copyright (c) 1996-2018 Texas Instruments Incorporated
device.asm                                                           PAGE   43

    2117                      .dwattr $C$DW$127, DW_AT_decl_line(0x192)
    2118                      .dwattr $C$DW$127, DW_AT_decl_column(0x05)
    2119              
    2120              $C$DW$128       .dwtag  DW_TAG_enumerator
    2121                      .dwattr $C$DW$128, DW_AT_name("SYSCTL_PERIPH_CLK_EPWM7")
    2122                      .dwattr $C$DW$128, DW_AT_const_value(0x602)
    2123                      .dwattr $C$DW$128, DW_AT_decl_file("C:\TI\C2000Ware_MotorControl_SDK_5_04_00_00\c2000ware\driverlib\f
    2124                      .dwattr $C$DW$128, DW_AT_decl_line(0x193)
    2125                      .dwattr $C$DW$128, DW_AT_decl_column(0x05)
    2126              
    2127              $C$DW$129       .dwtag  DW_TAG_enumerator
    2128                      .dwattr $C$DW$129, DW_AT_name("SYSCTL_PERIPH_CLK_EPWM8")
    2129                      .dwattr $C$DW$129, DW_AT_const_value(0x702)
    2130                      .dwattr $C$DW$129, DW_AT_decl_file("C:\TI\C2000Ware_MotorControl_SDK_5_04_00_00\c2000ware\driverlib\f
    2131                      .dwattr $C$DW$129, DW_AT_decl_line(0x194)
    2132                      .dwattr $C$DW$129, DW_AT_decl_column(0x05)
    2133              
    2134              $C$DW$130       .dwtag  DW_TAG_enumerator
    2135                      .dwattr $C$DW$130, DW_AT_name("SYSCTL_PERIPH_CLK_EPWM9")
    2136                      .dwattr $C$DW$130, DW_AT_const_value(0x802)
    2137                      .dwattr $C$DW$130, DW_AT_decl_file("C:\TI\C2000Ware_MotorControl_SDK_5_04_00_00\c2000ware\driverlib\f
    2138                      .dwattr $C$DW$130, DW_AT_decl_line(0x195)
    2139                      .dwattr $C$DW$130, DW_AT_decl_column(0x05)
    2140              
    2141              $C$DW$131       .dwtag  DW_TAG_enumerator
    2142                      .dwattr $C$DW$131, DW_AT_name("SYSCTL_PERIPH_CLK_EPWM10")
    2143                      .dwattr $C$DW$131, DW_AT_const_value(0x902)
    2144                      .dwattr $C$DW$131, DW_AT_decl_file("C:\TI\C2000Ware_MotorControl_SDK_5_04_00_00\c2000ware\driverlib\f
    2145                      .dwattr $C$DW$131, DW_AT_decl_line(0x196)
    2146                      .dwattr $C$DW$131, DW_AT_decl_column(0x05)
    2147              
    2148              $C$DW$132       .dwtag  DW_TAG_enumerator
    2149                      .dwattr $C$DW$132, DW_AT_name("SYSCTL_PERIPH_CLK_EPWM11")
    2150                      .dwattr $C$DW$132, DW_AT_const_value(0xa02)
    2151                      .dwattr $C$DW$132, DW_AT_decl_file("C:\TI\C2000Ware_MotorControl_SDK_5_04_00_00\c2000ware\driverlib\f
    2152                      .dwattr $C$DW$132, DW_AT_decl_line(0x197)
    2153                      .dwattr $C$DW$132, DW_AT_decl_column(0x05)
    2154              
    2155              $C$DW$133       .dwtag  DW_TAG_enumerator
    2156                      .dwattr $C$DW$133, DW_AT_name("SYSCTL_PERIPH_CLK_EPWM12")
    2157                      .dwattr $C$DW$133, DW_AT_const_value(0xb02)
    2158                      .dwattr $C$DW$133, DW_AT_decl_file("C:\TI\C2000Ware_MotorControl_SDK_5_04_00_00\c2000ware\driverlib\f
    2159                      .dwattr $C$DW$133, DW_AT_decl_line(0x198)
    2160                      .dwattr $C$DW$133, DW_AT_decl_column(0x05)
    2161              
    2162              $C$DW$134       .dwtag  DW_TAG_enumerator
    2163                      .dwattr $C$DW$134, DW_AT_name("SYSCTL_PERIPH_CLK_ECAP1")
    2164                      .dwattr $C$DW$134, DW_AT_const_value(0x03)
    2165                      .dwattr $C$DW$134, DW_AT_decl_file("C:\TI\C2000Ware_MotorControl_SDK_5_04_00_00\c2000ware\driverlib\f
    2166                      .dwattr $C$DW$134, DW_AT_decl_line(0x199)
    2167                      .dwattr $C$DW$134, DW_AT_decl_column(0x05)
    2168              
    2169              $C$DW$135       .dwtag  DW_TAG_enumerator
    2170                      .dwattr $C$DW$135, DW_AT_name("SYSCTL_PERIPH_CLK_ECAP2")
    2171                      .dwattr $C$DW$135, DW_AT_const_value(0x103)
TMS320C2000 Assembler PC v22.6.2 Fri Mar 20 14:45:11 2026

Copyright (c) 1996-2018 Texas Instruments Incorporated
device.asm                                                           PAGE   44

    2172                      .dwattr $C$DW$135, DW_AT_decl_file("C:\TI\C2000Ware_MotorControl_SDK_5_04_00_00\c2000ware\driverlib\f
    2173                      .dwattr $C$DW$135, DW_AT_decl_line(0x19a)
    2174                      .dwattr $C$DW$135, DW_AT_decl_column(0x05)
    2175              
    2176              $C$DW$136       .dwtag  DW_TAG_enumerator
    2177                      .dwattr $C$DW$136, DW_AT_name("SYSCTL_PERIPH_CLK_ECAP3")
    2178                      .dwattr $C$DW$136, DW_AT_const_value(0x203)
    2179                      .dwattr $C$DW$136, DW_AT_decl_file("C:\TI\C2000Ware_MotorControl_SDK_5_04_00_00\c2000ware\driverlib\f
    2180                      .dwattr $C$DW$136, DW_AT_decl_line(0x19b)
    2181                      .dwattr $C$DW$136, DW_AT_decl_column(0x05)
    2182              
    2183              $C$DW$137       .dwtag  DW_TAG_enumerator
    2184                      .dwattr $C$DW$137, DW_AT_name("SYSCTL_PERIPH_CLK_ECAP4")
    2185                      .dwattr $C$DW$137, DW_AT_const_value(0x303)
    2186                      .dwattr $C$DW$137, DW_AT_decl_file("C:\TI\C2000Ware_MotorControl_SDK_5_04_00_00\c2000ware\driverlib\f
    2187                      .dwattr $C$DW$137, DW_AT_decl_line(0x19c)
    2188                      .dwattr $C$DW$137, DW_AT_decl_column(0x05)
    2189              
    2190              $C$DW$138       .dwtag  DW_TAG_enumerator
    2191                      .dwattr $C$DW$138, DW_AT_name("SYSCTL_PERIPH_CLK_ECAP5")
    2192                      .dwattr $C$DW$138, DW_AT_const_value(0x403)
    2193                      .dwattr $C$DW$138, DW_AT_decl_file("C:\TI\C2000Ware_MotorControl_SDK_5_04_00_00\c2000ware\driverlib\f
    2194                      .dwattr $C$DW$138, DW_AT_decl_line(0x19d)
    2195                      .dwattr $C$DW$138, DW_AT_decl_column(0x05)
    2196              
    2197              $C$DW$139       .dwtag  DW_TAG_enumerator
    2198                      .dwattr $C$DW$139, DW_AT_name("SYSCTL_PERIPH_CLK_ECAP6")
    2199                      .dwattr $C$DW$139, DW_AT_const_value(0x503)
    2200                      .dwattr $C$DW$139, DW_AT_decl_file("C:\TI\C2000Ware_MotorControl_SDK_5_04_00_00\c2000ware\driverlib\f
    2201                      .dwattr $C$DW$139, DW_AT_decl_line(0x19e)
    2202                      .dwattr $C$DW$139, DW_AT_decl_column(0x05)
    2203              
    2204              $C$DW$140       .dwtag  DW_TAG_enumerator
    2205                      .dwattr $C$DW$140, DW_AT_name("SYSCTL_PERIPH_CLK_EQEP1")
    2206                      .dwattr $C$DW$140, DW_AT_const_value(0x04)
    2207                      .dwattr $C$DW$140, DW_AT_decl_file("C:\TI\C2000Ware_MotorControl_SDK_5_04_00_00\c2000ware\driverlib\f
    2208                      .dwattr $C$DW$140, DW_AT_decl_line(0x19f)
    2209                      .dwattr $C$DW$140, DW_AT_decl_column(0x05)
    2210              
    2211              $C$DW$141       .dwtag  DW_TAG_enumerator
    2212                      .dwattr $C$DW$141, DW_AT_name("SYSCTL_PERIPH_CLK_EQEP2")
    2213                      .dwattr $C$DW$141, DW_AT_const_value(0x104)
    2214                      .dwattr $C$DW$141, DW_AT_decl_file("C:\TI\C2000Ware_MotorControl_SDK_5_04_00_00\c2000ware\driverlib\f
    2215                      .dwattr $C$DW$141, DW_AT_decl_line(0x1a0)
    2216                      .dwattr $C$DW$141, DW_AT_decl_column(0x05)
    2217              
    2218              $C$DW$142       .dwtag  DW_TAG_enumerator
    2219                      .dwattr $C$DW$142, DW_AT_name("SYSCTL_PERIPH_CLK_EQEP3")
    2220                      .dwattr $C$DW$142, DW_AT_const_value(0x204)
    2221                      .dwattr $C$DW$142, DW_AT_decl_file("C:\TI\C2000Ware_MotorControl_SDK_5_04_00_00\c2000ware\driverlib\f
    2222                      .dwattr $C$DW$142, DW_AT_decl_line(0x1a1)
    2223                      .dwattr $C$DW$142, DW_AT_decl_column(0x05)
    2224              
    2225              $C$DW$143       .dwtag  DW_TAG_enumerator
    2226                      .dwattr $C$DW$143, DW_AT_name("SYSCTL_PERIPH_CLK_SD1")
TMS320C2000 Assembler PC v22.6.2 Fri Mar 20 14:45:11 2026

Copyright (c) 1996-2018 Texas Instruments Incorporated
device.asm                                                           PAGE   45

    2227                      .dwattr $C$DW$143, DW_AT_const_value(0x06)
    2228                      .dwattr $C$DW$143, DW_AT_decl_file("C:\TI\C2000Ware_MotorControl_SDK_5_04_00_00\c2000ware\driverlib\f
    2229                      .dwattr $C$DW$143, DW_AT_decl_line(0x1a2)
    2230                      .dwattr $C$DW$143, DW_AT_decl_column(0x05)
    2231              
    2232              $C$DW$144       .dwtag  DW_TAG_enumerator
    2233                      .dwattr $C$DW$144, DW_AT_name("SYSCTL_PERIPH_CLK_SD2")
    2234                      .dwattr $C$DW$144, DW_AT_const_value(0x106)
    2235                      .dwattr $C$DW$144, DW_AT_decl_file("C:\TI\C2000Ware_MotorControl_SDK_5_04_00_00\c2000ware\driverlib\f
    2236                      .dwattr $C$DW$144, DW_AT_decl_line(0x1a3)
    2237                      .dwattr $C$DW$144, DW_AT_decl_column(0x05)
    2238              
    2239              $C$DW$145       .dwtag  DW_TAG_enumerator
    2240                      .dwattr $C$DW$145, DW_AT_name("SYSCTL_PERIPH_CLK_SCIA")
    2241                      .dwattr $C$DW$145, DW_AT_const_value(0x07)
    2242                      .dwattr $C$DW$145, DW_AT_decl_file("C:\TI\C2000Ware_MotorControl_SDK_5_04_00_00\c2000ware\driverlib\f
    2243                      .dwattr $C$DW$145, DW_AT_decl_line(0x1a4)
    2244                      .dwattr $C$DW$145, DW_AT_decl_column(0x05)
    2245              
    2246              $C$DW$146       .dwtag  DW_TAG_enumerator
    2247                      .dwattr $C$DW$146, DW_AT_name("SYSCTL_PERIPH_CLK_SCIB")
    2248                      .dwattr $C$DW$146, DW_AT_const_value(0x107)
    2249                      .dwattr $C$DW$146, DW_AT_decl_file("C:\TI\C2000Ware_MotorControl_SDK_5_04_00_00\c2000ware\driverlib\f
    2250                      .dwattr $C$DW$146, DW_AT_decl_line(0x1a5)
    2251                      .dwattr $C$DW$146, DW_AT_decl_column(0x05)
    2252              
    2253              $C$DW$147       .dwtag  DW_TAG_enumerator
    2254                      .dwattr $C$DW$147, DW_AT_name("SYSCTL_PERIPH_CLK_SCIC")
    2255                      .dwattr $C$DW$147, DW_AT_const_value(0x207)
    2256                      .dwattr $C$DW$147, DW_AT_decl_file("C:\TI\C2000Ware_MotorControl_SDK_5_04_00_00\c2000ware\driverlib\f
    2257                      .dwattr $C$DW$147, DW_AT_decl_line(0x1a6)
    2258                      .dwattr $C$DW$147, DW_AT_decl_column(0x05)
    2259              
    2260              $C$DW$148       .dwtag  DW_TAG_enumerator
    2261                      .dwattr $C$DW$148, DW_AT_name("SYSCTL_PERIPH_CLK_SCID")
    2262                      .dwattr $C$DW$148, DW_AT_const_value(0x307)
    2263                      .dwattr $C$DW$148, DW_AT_decl_file("C:\TI\C2000Ware_MotorControl_SDK_5_04_00_00\c2000ware\driverlib\f
    2264                      .dwattr $C$DW$148, DW_AT_decl_line(0x1a7)
    2265                      .dwattr $C$DW$148, DW_AT_decl_column(0x05)
    2266              
    2267              $C$DW$149       .dwtag  DW_TAG_enumerator
    2268                      .dwattr $C$DW$149, DW_AT_name("SYSCTL_PERIPH_CLK_SPIA")
    2269                      .dwattr $C$DW$149, DW_AT_const_value(0x08)
    2270                      .dwattr $C$DW$149, DW_AT_decl_file("C:\TI\C2000Ware_MotorControl_SDK_5_04_00_00\c2000ware\driverlib\f
    2271                      .dwattr $C$DW$149, DW_AT_decl_line(0x1a8)
    2272                      .dwattr $C$DW$149, DW_AT_decl_column(0x05)
    2273              
    2274              $C$DW$150       .dwtag  DW_TAG_enumerator
    2275                      .dwattr $C$DW$150, DW_AT_name("SYSCTL_PERIPH_CLK_SPIB")
    2276                      .dwattr $C$DW$150, DW_AT_const_value(0x108)
    2277                      .dwattr $C$DW$150, DW_AT_decl_file("C:\TI\C2000Ware_MotorControl_SDK_5_04_00_00\c2000ware\driverlib\f
    2278                      .dwattr $C$DW$150, DW_AT_decl_line(0x1a9)
    2279                      .dwattr $C$DW$150, DW_AT_decl_column(0x05)
    2280              
    2281              $C$DW$151       .dwtag  DW_TAG_enumerator
TMS320C2000 Assembler PC v22.6.2 Fri Mar 20 14:45:11 2026

Copyright (c) 1996-2018 Texas Instruments Incorporated
device.asm                                                           PAGE   46

    2282                      .dwattr $C$DW$151, DW_AT_name("SYSCTL_PERIPH_CLK_SPIC")
    2283                      .dwattr $C$DW$151, DW_AT_const_value(0x208)
    2284                      .dwattr $C$DW$151, DW_AT_decl_file("C:\TI\C2000Ware_MotorControl_SDK_5_04_00_00\c2000ware\driverlib\f
    2285                      .dwattr $C$DW$151, DW_AT_decl_line(0x1aa)
    2286                      .dwattr $C$DW$151, DW_AT_decl_column(0x05)
    2287              
    2288              $C$DW$152       .dwtag  DW_TAG_enumerator
    2289                      .dwattr $C$DW$152, DW_AT_name("SYSCTL_PERIPH_CLK_I2CA")
    2290                      .dwattr $C$DW$152, DW_AT_const_value(0x09)
    2291                      .dwattr $C$DW$152, DW_AT_decl_file("C:\TI\C2000Ware_MotorControl_SDK_5_04_00_00\c2000ware\driverlib\f
    2292                      .dwattr $C$DW$152, DW_AT_decl_line(0x1ab)
    2293                      .dwattr $C$DW$152, DW_AT_decl_column(0x05)
    2294              
    2295              $C$DW$153       .dwtag  DW_TAG_enumerator
    2296                      .dwattr $C$DW$153, DW_AT_name("SYSCTL_PERIPH_CLK_I2CB")
    2297                      .dwattr $C$DW$153, DW_AT_const_value(0x109)
    2298                      .dwattr $C$DW$153, DW_AT_decl_file("C:\TI\C2000Ware_MotorControl_SDK_5_04_00_00\c2000ware\driverlib\f
    2299                      .dwattr $C$DW$153, DW_AT_decl_line(0x1ac)
    2300                      .dwattr $C$DW$153, DW_AT_decl_column(0x05)
    2301              
    2302              $C$DW$154       .dwtag  DW_TAG_enumerator
    2303                      .dwattr $C$DW$154, DW_AT_name("SYSCTL_PERIPH_CLK_CANA")
    2304                      .dwattr $C$DW$154, DW_AT_const_value(0x0a)
    2305                      .dwattr $C$DW$154, DW_AT_decl_file("C:\TI\C2000Ware_MotorControl_SDK_5_04_00_00\c2000ware\driverlib\f
    2306                      .dwattr $C$DW$154, DW_AT_decl_line(0x1ad)
    2307                      .dwattr $C$DW$154, DW_AT_decl_column(0x05)
    2308              
    2309              $C$DW$155       .dwtag  DW_TAG_enumerator
    2310                      .dwattr $C$DW$155, DW_AT_name("SYSCTL_PERIPH_CLK_CANB")
    2311                      .dwattr $C$DW$155, DW_AT_const_value(0x10a)
    2312                      .dwattr $C$DW$155, DW_AT_decl_file("C:\TI\C2000Ware_MotorControl_SDK_5_04_00_00\c2000ware\driverlib\f
    2313                      .dwattr $C$DW$155, DW_AT_decl_line(0x1ae)
    2314                      .dwattr $C$DW$155, DW_AT_decl_column(0x05)
    2315              
    2316              $C$DW$156       .dwtag  DW_TAG_enumerator
    2317                      .dwattr $C$DW$156, DW_AT_name("SYSCTL_PERIPH_CLK_MCBSPA")
    2318                      .dwattr $C$DW$156, DW_AT_const_value(0x0b)
    2319                      .dwattr $C$DW$156, DW_AT_decl_file("C:\TI\C2000Ware_MotorControl_SDK_5_04_00_00\c2000ware\driverlib\f
    2320                      .dwattr $C$DW$156, DW_AT_decl_line(0x1af)
    2321                      .dwattr $C$DW$156, DW_AT_decl_column(0x05)
    2322              
    2323              $C$DW$157       .dwtag  DW_TAG_enumerator
    2324                      .dwattr $C$DW$157, DW_AT_name("SYSCTL_PERIPH_CLK_MCBSPB")
    2325                      .dwattr $C$DW$157, DW_AT_const_value(0x10b)
    2326                      .dwattr $C$DW$157, DW_AT_decl_file("C:\TI\C2000Ware_MotorControl_SDK_5_04_00_00\c2000ware\driverlib\f
    2327                      .dwattr $C$DW$157, DW_AT_decl_line(0x1b0)
    2328                      .dwattr $C$DW$157, DW_AT_decl_column(0x05)
    2329              
    2330              $C$DW$158       .dwtag  DW_TAG_enumerator
    2331                      .dwattr $C$DW$158, DW_AT_name("SYSCTL_PERIPH_CLK_USBA")
    2332                      .dwattr $C$DW$158, DW_AT_const_value(0x100b)
    2333                      .dwattr $C$DW$158, DW_AT_decl_file("C:\TI\C2000Ware_MotorControl_SDK_5_04_00_00\c2000ware\driverlib\f
    2334                      .dwattr $C$DW$158, DW_AT_decl_line(0x1b1)
    2335                      .dwattr $C$DW$158, DW_AT_decl_column(0x05)
    2336              
TMS320C2000 Assembler PC v22.6.2 Fri Mar 20 14:45:11 2026

Copyright (c) 1996-2018 Texas Instruments Incorporated
device.asm                                                           PAGE   47

    2337              $C$DW$159       .dwtag  DW_TAG_enumerator
    2338                      .dwattr $C$DW$159, DW_AT_name("SYSCTL_PERIPH_CLK_UPPA")
    2339                      .dwattr $C$DW$159, DW_AT_const_value(0x0c)
    2340                      .dwattr $C$DW$159, DW_AT_decl_file("C:\TI\C2000Ware_MotorControl_SDK_5_04_00_00\c2000ware\driverlib\f
    2341                      .dwattr $C$DW$159, DW_AT_decl_line(0x1b2)
    2342                      .dwattr $C$DW$159, DW_AT_decl_column(0x05)
    2343              
    2344              $C$DW$160       .dwtag  DW_TAG_enumerator
    2345                      .dwattr $C$DW$160, DW_AT_name("SYSCTL_PERIPH_CLK_ADCA")
    2346                      .dwattr $C$DW$160, DW_AT_const_value(0x0d)
    2347                      .dwattr $C$DW$160, DW_AT_decl_file("C:\TI\C2000Ware_MotorControl_SDK_5_04_00_00\c2000ware\driverlib\f
    2348                      .dwattr $C$DW$160, DW_AT_decl_line(0x1b3)
    2349                      .dwattr $C$DW$160, DW_AT_decl_column(0x05)
    2350              
    2351              $C$DW$161       .dwtag  DW_TAG_enumerator
    2352                      .dwattr $C$DW$161, DW_AT_name("SYSCTL_PERIPH_CLK_ADCB")
    2353                      .dwattr $C$DW$161, DW_AT_const_value(0x10d)
    2354                      .dwattr $C$DW$161, DW_AT_decl_file("C:\TI\C2000Ware_MotorControl_SDK_5_04_00_00\c2000ware\driverlib\f
    2355                      .dwattr $C$DW$161, DW_AT_decl_line(0x1b4)
    2356                      .dwattr $C$DW$161, DW_AT_decl_column(0x05)
    2357              
    2358              $C$DW$162       .dwtag  DW_TAG_enumerator
    2359                      .dwattr $C$DW$162, DW_AT_name("SYSCTL_PERIPH_CLK_ADCC")
    2360                      .dwattr $C$DW$162, DW_AT_const_value(0x20d)
    2361                      .dwattr $C$DW$162, DW_AT_decl_file("C:\TI\C2000Ware_MotorControl_SDK_5_04_00_00\c2000ware\driverlib\f
    2362                      .dwattr $C$DW$162, DW_AT_decl_line(0x1b5)
    2363                      .dwattr $C$DW$162, DW_AT_decl_column(0x05)
    2364              
    2365              $C$DW$163       .dwtag  DW_TAG_enumerator
    2366                      .dwattr $C$DW$163, DW_AT_name("SYSCTL_PERIPH_CLK_ADCD")
    2367                      .dwattr $C$DW$163, DW_AT_const_value(0x30d)
    2368                      .dwattr $C$DW$163, DW_AT_decl_file("C:\TI\C2000Ware_MotorControl_SDK_5_04_00_00\c2000ware\driverlib\f
    2369                      .dwattr $C$DW$163, DW_AT_decl_line(0x1b6)
    2370                      .dwattr $C$DW$163, DW_AT_decl_column(0x05)
    2371              
    2372              $C$DW$164       .dwtag  DW_TAG_enumerator
    2373                      .dwattr $C$DW$164, DW_AT_name("SYSCTL_PERIPH_CLK_CMPSS1")
    2374                      .dwattr $C$DW$164, DW_AT_const_value(0x0e)
    2375                      .dwattr $C$DW$164, DW_AT_decl_file("C:\TI\C2000Ware_MotorControl_SDK_5_04_00_00\c2000ware\driverlib\f
    2376                      .dwattr $C$DW$164, DW_AT_decl_line(0x1b7)
    2377                      .dwattr $C$DW$164, DW_AT_decl_column(0x05)
    2378              
    2379              $C$DW$165       .dwtag  DW_TAG_enumerator
    2380                      .dwattr $C$DW$165, DW_AT_name("SYSCTL_PERIPH_CLK_CMPSS2")
    2381                      .dwattr $C$DW$165, DW_AT_const_value(0x10e)
    2382                      .dwattr $C$DW$165, DW_AT_decl_file("C:\TI\C2000Ware_MotorControl_SDK_5_04_00_00\c2000ware\driverlib\f
    2383                      .dwattr $C$DW$165, DW_AT_decl_line(0x1b8)
    2384                      .dwattr $C$DW$165, DW_AT_decl_column(0x05)
    2385              
    2386              $C$DW$166       .dwtag  DW_TAG_enumerator
    2387                      .dwattr $C$DW$166, DW_AT_name("SYSCTL_PERIPH_CLK_CMPSS3")
    2388                      .dwattr $C$DW$166, DW_AT_const_value(0x20e)
    2389                      .dwattr $C$DW$166, DW_AT_decl_file("C:\TI\C2000Ware_MotorControl_SDK_5_04_00_00\c2000ware\driverlib\f
    2390                      .dwattr $C$DW$166, DW_AT_decl_line(0x1b9)
    2391                      .dwattr $C$DW$166, DW_AT_decl_column(0x05)
TMS320C2000 Assembler PC v22.6.2 Fri Mar 20 14:45:11 2026

Copyright (c) 1996-2018 Texas Instruments Incorporated
device.asm                                                           PAGE   48

    2392              
    2393              $C$DW$167       .dwtag  DW_TAG_enumerator
    2394                      .dwattr $C$DW$167, DW_AT_name("SYSCTL_PERIPH_CLK_CMPSS4")
    2395                      .dwattr $C$DW$167, DW_AT_const_value(0x30e)
    2396                      .dwattr $C$DW$167, DW_AT_decl_file("C:\TI\C2000Ware_MotorControl_SDK_5_04_00_00\c2000ware\driverlib\f
    2397                      .dwattr $C$DW$167, DW_AT_decl_line(0x1ba)
    2398                      .dwattr $C$DW$167, DW_AT_decl_column(0x05)
    2399              
    2400              $C$DW$168       .dwtag  DW_TAG_enumerator
    2401                      .dwattr $C$DW$168, DW_AT_name("SYSCTL_PERIPH_CLK_CMPSS5")
    2402                      .dwattr $C$DW$168, DW_AT_const_value(0x40e)
    2403                      .dwattr $C$DW$168, DW_AT_decl_file("C:\TI\C2000Ware_MotorControl_SDK_5_04_00_00\c2000ware\driverlib\f
    2404                      .dwattr $C$DW$168, DW_AT_decl_line(0x1bb)
    2405                      .dwattr $C$DW$168, DW_AT_decl_column(0x05)
    2406              
    2407              $C$DW$169       .dwtag  DW_TAG_enumerator
    2408                      .dwattr $C$DW$169, DW_AT_name("SYSCTL_PERIPH_CLK_CMPSS6")
    2409                      .dwattr $C$DW$169, DW_AT_const_value(0x50e)
    2410                      .dwattr $C$DW$169, DW_AT_decl_file("C:\TI\C2000Ware_MotorControl_SDK_5_04_00_00\c2000ware\driverlib\f
    2411                      .dwattr $C$DW$169, DW_AT_decl_line(0x1bc)
    2412                      .dwattr $C$DW$169, DW_AT_decl_column(0x05)
    2413              
    2414              $C$DW$170       .dwtag  DW_TAG_enumerator
    2415                      .dwattr $C$DW$170, DW_AT_name("SYSCTL_PERIPH_CLK_CMPSS7")
    2416                      .dwattr $C$DW$170, DW_AT_const_value(0x60e)
    2417                      .dwattr $C$DW$170, DW_AT_decl_file("C:\TI\C2000Ware_MotorControl_SDK_5_04_00_00\c2000ware\driverlib\f
    2418                      .dwattr $C$DW$170, DW_AT_decl_line(0x1bd)
    2419                      .dwattr $C$DW$170, DW_AT_decl_column(0x05)
    2420              
    2421              $C$DW$171       .dwtag  DW_TAG_enumerator
    2422                      .dwattr $C$DW$171, DW_AT_name("SYSCTL_PERIPH_CLK_CMPSS8")
    2423                      .dwattr $C$DW$171, DW_AT_const_value(0x70e)
    2424                      .dwattr $C$DW$171, DW_AT_decl_file("C:\TI\C2000Ware_MotorControl_SDK_5_04_00_00\c2000ware\driverlib\f
    2425                      .dwattr $C$DW$171, DW_AT_decl_line(0x1be)
    2426                      .dwattr $C$DW$171, DW_AT_decl_column(0x05)
    2427              
    2428              $C$DW$172       .dwtag  DW_TAG_enumerator
    2429                      .dwattr $C$DW$172, DW_AT_name("SYSCTL_PERIPH_CLK_DACA")
    2430                      .dwattr $C$DW$172, DW_AT_const_value(0x1010)
    2431                      .dwattr $C$DW$172, DW_AT_decl_file("C:\TI\C2000Ware_MotorControl_SDK_5_04_00_00\c2000ware\driverlib\f
    2432                      .dwattr $C$DW$172, DW_AT_decl_line(0x1bf)
    2433                      .dwattr $C$DW$172, DW_AT_decl_column(0x05)
    2434              
    2435              $C$DW$173       .dwtag  DW_TAG_enumerator
    2436                      .dwattr $C$DW$173, DW_AT_name("SYSCTL_PERIPH_CLK_DACB")
    2437                      .dwattr $C$DW$173, DW_AT_const_value(0x1110)
    2438                      .dwattr $C$DW$173, DW_AT_decl_file("C:\TI\C2000Ware_MotorControl_SDK_5_04_00_00\c2000ware\driverlib\f
    2439                      .dwattr $C$DW$173, DW_AT_decl_line(0x1c0)
    2440                      .dwattr $C$DW$173, DW_AT_decl_column(0x05)
    2441              
    2442              $C$DW$174       .dwtag  DW_TAG_enumerator
    2443                      .dwattr $C$DW$174, DW_AT_name("SYSCTL_PERIPH_CLK_DACC")
    2444                      .dwattr $C$DW$174, DW_AT_const_value(0x1210)
    2445                      .dwattr $C$DW$174, DW_AT_decl_file("C:\TI\C2000Ware_MotorControl_SDK_5_04_00_00\c2000ware\driverlib\f
    2446                      .dwattr $C$DW$174, DW_AT_decl_line(0x1c1)
TMS320C2000 Assembler PC v22.6.2 Fri Mar 20 14:45:11 2026

Copyright (c) 1996-2018 Texas Instruments Incorporated
device.asm                                                           PAGE   49

    2447                      .dwattr $C$DW$174, DW_AT_decl_column(0x05)
    2448              
    2449                      .dwattr $C$DW$T$19, DW_AT_decl_file("C:\TI\C2000Ware_MotorControl_SDK_5_04_00_00\c2000ware\driverlib\
    2450                      .dwattr $C$DW$T$19, DW_AT_decl_line(0x182)
    2451                      .dwattr $C$DW$T$19, DW_AT_decl_column(0x01)
    2452                      .dwendtag $C$DW$T$19
    2453              
    2454                      .dwendtag $C$DW$TU$19
    2455              
    2456              
    2457              $C$DW$TU$20     .dwtag  DW_TAG_type_unit
    2458                      .dwmtype  $C$DW$T$20
    2459              $C$DW$T$20      .dwtag  DW_TAG_typedef
    2460                      .dwattr $C$DW$T$20, DW_AT_name("SysCtl_PeripheralPCLOCKCR")
    2461                      .dwattr $C$DW$T$20, DW_AT_type(*$C$DW$T$19)
    2462                      .dwattr $C$DW$T$20, DW_AT_decl_file("C:\TI\C2000Ware_MotorControl_SDK_5_04_00_00\c2000ware\driverlib\
    2463                      .dwattr $C$DW$T$20, DW_AT_decl_line(0x1c2)
    2464                      .dwattr $C$DW$T$20, DW_AT_decl_column(0x03)
    2465              
    2466                      .dwendtag $C$DW$TU$20
    2467              
    2468              
    2469              $C$DW$TU$21     .dwtag  DW_TAG_type_unit
    2470                      .dwmtype  $C$DW$T$21
    2471              
    2472              $C$DW$T$21      .dwtag  DW_TAG_enumeration_type
    2473                      .dwattr $C$DW$T$21, DW_AT_byte_size(0x01)
    2474              $C$DW$175       .dwtag  DW_TAG_enumerator
    2475                      .dwattr $C$DW$175, DW_AT_name("SYSCTL_LSPCLK_PRESCALE_1")
    2476                      .dwattr $C$DW$175, DW_AT_const_value(0x00)
    2477                      .dwattr $C$DW$175, DW_AT_decl_file("C:\TI\C2000Ware_MotorControl_SDK_5_04_00_00\c2000ware\driverlib\f
    2478                      .dwattr $C$DW$175, DW_AT_decl_line(0x298)
    2479                      .dwattr $C$DW$175, DW_AT_decl_column(0x05)
    2480              
    2481              $C$DW$176       .dwtag  DW_TAG_enumerator
    2482                      .dwattr $C$DW$176, DW_AT_name("SYSCTL_LSPCLK_PRESCALE_2")
    2483                      .dwattr $C$DW$176, DW_AT_const_value(0x01)
    2484                      .dwattr $C$DW$176, DW_AT_decl_file("C:\TI\C2000Ware_MotorControl_SDK_5_04_00_00\c2000ware\driverlib\f
    2485                      .dwattr $C$DW$176, DW_AT_decl_line(0x299)
    2486                      .dwattr $C$DW$176, DW_AT_decl_column(0x05)
    2487              
    2488              $C$DW$177       .dwtag  DW_TAG_enumerator
    2489                      .dwattr $C$DW$177, DW_AT_name("SYSCTL_LSPCLK_PRESCALE_4")
    2490                      .dwattr $C$DW$177, DW_AT_const_value(0x02)
    2491                      .dwattr $C$DW$177, DW_AT_decl_file("C:\TI\C2000Ware_MotorControl_SDK_5_04_00_00\c2000ware\driverlib\f
    2492                      .dwattr $C$DW$177, DW_AT_decl_line(0x29a)
    2493                      .dwattr $C$DW$177, DW_AT_decl_column(0x05)
    2494              
    2495              $C$DW$178       .dwtag  DW_TAG_enumerator
    2496                      .dwattr $C$DW$178, DW_AT_name("SYSCTL_LSPCLK_PRESCALE_6")
    2497                      .dwattr $C$DW$178, DW_AT_const_value(0x03)
    2498                      .dwattr $C$DW$178, DW_AT_decl_file("C:\TI\C2000Ware_MotorControl_SDK_5_04_00_00\c2000ware\driverlib\f
    2499                      .dwattr $C$DW$178, DW_AT_decl_line(0x29b)
    2500                      .dwattr $C$DW$178, DW_AT_decl_column(0x05)
    2501              
TMS320C2000 Assembler PC v22.6.2 Fri Mar 20 14:45:11 2026

Copyright (c) 1996-2018 Texas Instruments Incorporated
device.asm                                                           PAGE   50

    2502              $C$DW$179       .dwtag  DW_TAG_enumerator
    2503                      .dwattr $C$DW$179, DW_AT_name("SYSCTL_LSPCLK_PRESCALE_8")
    2504                      .dwattr $C$DW$179, DW_AT_const_value(0x04)
    2505                      .dwattr $C$DW$179, DW_AT_decl_file("C:\TI\C2000Ware_MotorControl_SDK_5_04_00_00\c2000ware\driverlib\f
    2506                      .dwattr $C$DW$179, DW_AT_decl_line(0x29c)
    2507                      .dwattr $C$DW$179, DW_AT_decl_column(0x05)
    2508              
    2509              $C$DW$180       .dwtag  DW_TAG_enumerator
    2510                      .dwattr $C$DW$180, DW_AT_name("SYSCTL_LSPCLK_PRESCALE_10")
    2511                      .dwattr $C$DW$180, DW_AT_const_value(0x05)
    2512                      .dwattr $C$DW$180, DW_AT_decl_file("C:\TI\C2000Ware_MotorControl_SDK_5_04_00_00\c2000ware\driverlib\f
    2513                      .dwattr $C$DW$180, DW_AT_decl_line(0x29d)
    2514                      .dwattr $C$DW$180, DW_AT_decl_column(0x05)
    2515              
    2516              $C$DW$181       .dwtag  DW_TAG_enumerator
    2517                      .dwattr $C$DW$181, DW_AT_name("SYSCTL_LSPCLK_PRESCALE_12")
    2518                      .dwattr $C$DW$181, DW_AT_const_value(0x06)
    2519                      .dwattr $C$DW$181, DW_AT_decl_file("C:\TI\C2000Ware_MotorControl_SDK_5_04_00_00\c2000ware\driverlib\f
    2520                      .dwattr $C$DW$181, DW_AT_decl_line(0x29e)
    2521                      .dwattr $C$DW$181, DW_AT_decl_column(0x05)
    2522              
    2523              $C$DW$182       .dwtag  DW_TAG_enumerator
    2524                      .dwattr $C$DW$182, DW_AT_name("SYSCTL_LSPCLK_PRESCALE_14")
    2525                      .dwattr $C$DW$182, DW_AT_const_value(0x07)
    2526                      .dwattr $C$DW$182, DW_AT_decl_file("C:\TI\C2000Ware_MotorControl_SDK_5_04_00_00\c2000ware\driverlib\f
    2527                      .dwattr $C$DW$182, DW_AT_decl_line(0x29f)
    2528                      .dwattr $C$DW$182, DW_AT_decl_column(0x05)
    2529              
    2530                      .dwattr $C$DW$T$21, DW_AT_decl_file("C:\TI\C2000Ware_MotorControl_SDK_5_04_00_00\c2000ware\driverlib\
    2531                      .dwattr $C$DW$T$21, DW_AT_decl_line(0x297)
    2532                      .dwattr $C$DW$T$21, DW_AT_decl_column(0x01)
    2533                      .dwendtag $C$DW$T$21
    2534              
    2535                      .dwendtag $C$DW$TU$21
    2536              
    2537              
    2538              $C$DW$TU$22     .dwtag  DW_TAG_type_unit
    2539                      .dwmtype  $C$DW$T$22
    2540              $C$DW$T$22      .dwtag  DW_TAG_typedef
    2541                      .dwattr $C$DW$T$22, DW_AT_name("SysCtl_LSPCLKPrescaler")
    2542                      .dwattr $C$DW$T$22, DW_AT_type(*$C$DW$T$21)
    2543                      .dwattr $C$DW$T$22, DW_AT_decl_file("C:\TI\C2000Ware_MotorControl_SDK_5_04_00_00\c2000ware\driverlib\
    2544                      .dwattr $C$DW$T$22, DW_AT_decl_line(0x2a0)
    2545                      .dwattr $C$DW$T$22, DW_AT_decl_column(0x03)
    2546              
    2547                      .dwendtag $C$DW$TU$22
    2548              
    2549              
    2550              $C$DW$TU$23     .dwtag  DW_TAG_type_unit
    2551                      .dwmtype  $C$DW$T$23
    2552              
    2553              $C$DW$T$23      .dwtag  DW_TAG_enumeration_type
    2554                      .dwattr $C$DW$T$23, DW_AT_byte_size(0x01)
    2555              $C$DW$183       .dwtag  DW_TAG_enumerator
    2556                      .dwattr $C$DW$183, DW_AT_name("SYSCTL_CPUSEL0_EPWM")
TMS320C2000 Assembler PC v22.6.2 Fri Mar 20 14:45:11 2026

Copyright (c) 1996-2018 Texas Instruments Incorporated
device.asm                                                           PAGE   51

    2557                      .dwattr $C$DW$183, DW_AT_const_value(0x00)
    2558                      .dwattr $C$DW$183, DW_AT_decl_file("C:\TI\C2000Ware_MotorControl_SDK_5_04_00_00\c2000ware\driverlib\f
    2559                      .dwattr $C$DW$183, DW_AT_decl_line(0x20d)
    2560                      .dwattr $C$DW$183, DW_AT_decl_column(0x05)
    2561              
    2562              $C$DW$184       .dwtag  DW_TAG_enumerator
    2563                      .dwattr $C$DW$184, DW_AT_name("SYSCTL_CPUSEL1_ECAP")
    2564                      .dwattr $C$DW$184, DW_AT_const_value(0x01)
    2565                      .dwattr $C$DW$184, DW_AT_decl_file("C:\TI\C2000Ware_MotorControl_SDK_5_04_00_00\c2000ware\driverlib\f
    2566                      .dwattr $C$DW$184, DW_AT_decl_line(0x20f)
    2567                      .dwattr $C$DW$184, DW_AT_decl_column(0x05)
    2568              
    2569              $C$DW$185       .dwtag  DW_TAG_enumerator
    2570                      .dwattr $C$DW$185, DW_AT_name("SYSCTL_CPUSEL2_EQEP")
    2571                      .dwattr $C$DW$185, DW_AT_const_value(0x02)
    2572                      .dwattr $C$DW$185, DW_AT_decl_file("C:\TI\C2000Ware_MotorControl_SDK_5_04_00_00\c2000ware\driverlib\f
    2573                      .dwattr $C$DW$185, DW_AT_decl_line(0x211)
    2574                      .dwattr $C$DW$185, DW_AT_decl_column(0x05)
    2575              
    2576              $C$DW$186       .dwtag  DW_TAG_enumerator
    2577                      .dwattr $C$DW$186, DW_AT_name("SYSCTL_CPUSEL4_SD")
    2578                      .dwattr $C$DW$186, DW_AT_const_value(0x04)
    2579                      .dwattr $C$DW$186, DW_AT_decl_file("C:\TI\C2000Ware_MotorControl_SDK_5_04_00_00\c2000ware\driverlib\f
    2580                      .dwattr $C$DW$186, DW_AT_decl_line(0x213)
    2581                      .dwattr $C$DW$186, DW_AT_decl_column(0x05)
    2582              
    2583              $C$DW$187       .dwtag  DW_TAG_enumerator
    2584                      .dwattr $C$DW$187, DW_AT_name("SYSCTL_CPUSEL5_SCI")
    2585                      .dwattr $C$DW$187, DW_AT_const_value(0x05)
    2586                      .dwattr $C$DW$187, DW_AT_decl_file("C:\TI\C2000Ware_MotorControl_SDK_5_04_00_00\c2000ware\driverlib\f
    2587                      .dwattr $C$DW$187, DW_AT_decl_line(0x215)
    2588                      .dwattr $C$DW$187, DW_AT_decl_column(0x05)
    2589              
    2590              $C$DW$188       .dwtag  DW_TAG_enumerator
    2591                      .dwattr $C$DW$188, DW_AT_name("SYSCTL_CPUSEL6_SPI")
    2592                      .dwattr $C$DW$188, DW_AT_const_value(0x06)
    2593                      .dwattr $C$DW$188, DW_AT_decl_file("C:\TI\C2000Ware_MotorControl_SDK_5_04_00_00\c2000ware\driverlib\f
    2594                      .dwattr $C$DW$188, DW_AT_decl_line(0x217)
    2595                      .dwattr $C$DW$188, DW_AT_decl_column(0x05)
    2596              
    2597              $C$DW$189       .dwtag  DW_TAG_enumerator
    2598                      .dwattr $C$DW$189, DW_AT_name("SYSCTL_CPUSEL7_I2C")
    2599                      .dwattr $C$DW$189, DW_AT_const_value(0x07)
    2600                      .dwattr $C$DW$189, DW_AT_decl_file("C:\TI\C2000Ware_MotorControl_SDK_5_04_00_00\c2000ware\driverlib\f
    2601                      .dwattr $C$DW$189, DW_AT_decl_line(0x219)
    2602                      .dwattr $C$DW$189, DW_AT_decl_column(0x05)
    2603              
    2604              $C$DW$190       .dwtag  DW_TAG_enumerator
    2605                      .dwattr $C$DW$190, DW_AT_name("SYSCTL_CPUSEL8_CAN")
    2606                      .dwattr $C$DW$190, DW_AT_const_value(0x08)
    2607                      .dwattr $C$DW$190, DW_AT_decl_file("C:\TI\C2000Ware_MotorControl_SDK_5_04_00_00\c2000ware\driverlib\f
    2608                      .dwattr $C$DW$190, DW_AT_decl_line(0x21b)
    2609                      .dwattr $C$DW$190, DW_AT_decl_column(0x05)
    2610              
    2611              $C$DW$191       .dwtag  DW_TAG_enumerator
TMS320C2000 Assembler PC v22.6.2 Fri Mar 20 14:45:11 2026

Copyright (c) 1996-2018 Texas Instruments Incorporated
device.asm                                                           PAGE   52

    2612                      .dwattr $C$DW$191, DW_AT_name("SYSCTL_CPUSEL9_MCBSP")
    2613                      .dwattr $C$DW$191, DW_AT_const_value(0x09)
    2614                      .dwattr $C$DW$191, DW_AT_decl_file("C:\TI\C2000Ware_MotorControl_SDK_5_04_00_00\c2000ware\driverlib\f
    2615                      .dwattr $C$DW$191, DW_AT_decl_line(0x21d)
    2616                      .dwattr $C$DW$191, DW_AT_decl_column(0x05)
    2617              
    2618              $C$DW$192       .dwtag  DW_TAG_enumerator
    2619                      .dwattr $C$DW$192, DW_AT_name("SYSCTL_CPUSEL11_ADC")
    2620                      .dwattr $C$DW$192, DW_AT_const_value(0x0b)
    2621                      .dwattr $C$DW$192, DW_AT_decl_file("C:\TI\C2000Ware_MotorControl_SDK_5_04_00_00\c2000ware\driverlib\f
    2622                      .dwattr $C$DW$192, DW_AT_decl_line(0x21f)
    2623                      .dwattr $C$DW$192, DW_AT_decl_column(0x05)
    2624              
    2625              $C$DW$193       .dwtag  DW_TAG_enumerator
    2626                      .dwattr $C$DW$193, DW_AT_name("SYSCTL_CPUSEL12_CMPSS")
    2627                      .dwattr $C$DW$193, DW_AT_const_value(0x0c)
    2628                      .dwattr $C$DW$193, DW_AT_decl_file("C:\TI\C2000Ware_MotorControl_SDK_5_04_00_00\c2000ware\driverlib\f
    2629                      .dwattr $C$DW$193, DW_AT_decl_line(0x221)
    2630                      .dwattr $C$DW$193, DW_AT_decl_column(0x05)
    2631              
    2632              $C$DW$194       .dwtag  DW_TAG_enumerator
    2633                      .dwattr $C$DW$194, DW_AT_name("SYSCTL_CPUSEL14_DAC")
    2634                      .dwattr $C$DW$194, DW_AT_const_value(0x0e)
    2635                      .dwattr $C$DW$194, DW_AT_decl_file("C:\TI\C2000Ware_MotorControl_SDK_5_04_00_00\c2000ware\driverlib\f
    2636                      .dwattr $C$DW$194, DW_AT_decl_line(0x223)
    2637                      .dwattr $C$DW$194, DW_AT_decl_column(0x05)
    2638              
    2639                      .dwattr $C$DW$T$23, DW_AT_decl_file("C:\TI\C2000Ware_MotorControl_SDK_5_04_00_00\c2000ware\driverlib\
    2640                      .dwattr $C$DW$T$23, DW_AT_decl_line(0x20b)
    2641                      .dwattr $C$DW$T$23, DW_AT_decl_column(0x01)
    2642                      .dwendtag $C$DW$T$23
    2643              
    2644                      .dwendtag $C$DW$TU$23
    2645              
    2646              
    2647              $C$DW$TU$24     .dwtag  DW_TAG_type_unit
    2648                      .dwmtype  $C$DW$T$24
    2649              $C$DW$T$24      .dwtag  DW_TAG_typedef
    2650                      .dwattr $C$DW$T$24, DW_AT_name("SysCtl_CPUSelPeripheral")
    2651                      .dwattr $C$DW$T$24, DW_AT_type(*$C$DW$T$23)
    2652                      .dwattr $C$DW$T$24, DW_AT_decl_file("C:\TI\C2000Ware_MotorControl_SDK_5_04_00_00\c2000ware\driverlib\
    2653                      .dwattr $C$DW$T$24, DW_AT_decl_line(0x224)
    2654                      .dwattr $C$DW$T$24, DW_AT_decl_column(0x03)
    2655              
    2656                      .dwendtag $C$DW$TU$24
    2657              
    2658              
    2659              $C$DW$TU$25     .dwtag  DW_TAG_type_unit
    2660                      .dwmtype  $C$DW$T$25
    2661              
    2662              $C$DW$T$25      .dwtag  DW_TAG_enumeration_type
    2663                      .dwattr $C$DW$T$25, DW_AT_byte_size(0x01)
    2664              $C$DW$195       .dwtag  DW_TAG_enumerator
    2665                      .dwattr $C$DW$195, DW_AT_name("SYSCTL_CPUSEL_CPU1")
    2666                      .dwattr $C$DW$195, DW_AT_const_value(0x00)
TMS320C2000 Assembler PC v22.6.2 Fri Mar 20 14:45:11 2026

Copyright (c) 1996-2018 Texas Instruments Incorporated
device.asm                                                           PAGE   53

    2667                      .dwattr $C$DW$195, DW_AT_decl_file("C:\TI\C2000Ware_MotorControl_SDK_5_04_00_00\c2000ware\driverlib\f
    2668                      .dwattr $C$DW$195, DW_AT_decl_line(0x26c)
    2669                      .dwattr $C$DW$195, DW_AT_decl_column(0x05)
    2670              
    2671              $C$DW$196       .dwtag  DW_TAG_enumerator
    2672                      .dwattr $C$DW$196, DW_AT_name("SYSCTL_CPUSEL_CPU2")
    2673                      .dwattr $C$DW$196, DW_AT_const_value(0x01)
    2674                      .dwattr $C$DW$196, DW_AT_decl_file("C:\TI\C2000Ware_MotorControl_SDK_5_04_00_00\c2000ware\driverlib\f
    2675                      .dwattr $C$DW$196, DW_AT_decl_line(0x26e)
    2676                      .dwattr $C$DW$196, DW_AT_decl_column(0x05)
    2677              
    2678                      .dwattr $C$DW$T$25, DW_AT_decl_file("C:\TI\C2000Ware_MotorControl_SDK_5_04_00_00\c2000ware\driverlib\
    2679                      .dwattr $C$DW$T$25, DW_AT_decl_line(0x26a)
    2680                      .dwattr $C$DW$T$25, DW_AT_decl_column(0x01)
    2681                      .dwendtag $C$DW$T$25
    2682              
    2683                      .dwendtag $C$DW$TU$25
    2684              
    2685              
    2686              $C$DW$TU$26     .dwtag  DW_TAG_type_unit
    2687                      .dwmtype  $C$DW$T$26
    2688              $C$DW$T$26      .dwtag  DW_TAG_typedef
    2689                      .dwattr $C$DW$T$26, DW_AT_name("SysCtl_CPUSel")
    2690                      .dwattr $C$DW$T$26, DW_AT_type(*$C$DW$T$25)
    2691                      .dwattr $C$DW$T$26, DW_AT_decl_file("C:\TI\C2000Ware_MotorControl_SDK_5_04_00_00\c2000ware\driverlib\
    2692                      .dwattr $C$DW$T$26, DW_AT_decl_line(0x26f)
    2693                      .dwattr $C$DW$T$26, DW_AT_decl_column(0x03)
    2694              
    2695                      .dwendtag $C$DW$TU$26
    2696              
    2697              
    2698              $C$DW$TU$27     .dwtag  DW_TAG_type_unit
    2699                      .dwmtype  $C$DW$T$27
    2700              
    2701              $C$DW$T$27      .dwtag  DW_TAG_enumeration_type
    2702                      .dwattr $C$DW$T$27, DW_AT_byte_size(0x01)
    2703              $C$DW$197       .dwtag  DW_TAG_enumerator
    2704                      .dwattr $C$DW$197, DW_AT_name("SYSCTL_DEVICE_QUAL")
    2705                      .dwattr $C$DW$197, DW_AT_const_value(0x00)
    2706                      .dwattr $C$DW$197, DW_AT_decl_file("C:\TI\C2000Ware_MotorControl_SDK_5_04_00_00\c2000ware\driverlib\f
    2707                      .dwattr $C$DW$197, DW_AT_decl_line(0x316)
    2708                      .dwattr $C$DW$197, DW_AT_decl_column(0x05)
    2709              
    2710              $C$DW$198       .dwtag  DW_TAG_enumerator
    2711                      .dwattr $C$DW$198, DW_AT_name("SYSCTL_DEVICE_PINCOUNT")
    2712                      .dwattr $C$DW$198, DW_AT_const_value(0x01)
    2713                      .dwattr $C$DW$198, DW_AT_decl_file("C:\TI\C2000Ware_MotorControl_SDK_5_04_00_00\c2000ware\driverlib\f
    2714                      .dwattr $C$DW$198, DW_AT_decl_line(0x317)
    2715                      .dwattr $C$DW$198, DW_AT_decl_column(0x05)
    2716              
    2717              $C$DW$199       .dwtag  DW_TAG_enumerator
    2718                      .dwattr $C$DW$199, DW_AT_name("SYSCTL_DEVICE_INSTASPIN")
    2719                      .dwattr $C$DW$199, DW_AT_const_value(0x02)
    2720                      .dwattr $C$DW$199, DW_AT_decl_file("C:\TI\C2000Ware_MotorControl_SDK_5_04_00_00\c2000ware\driverlib\f
    2721                      .dwattr $C$DW$199, DW_AT_decl_line(0x318)
TMS320C2000 Assembler PC v22.6.2 Fri Mar 20 14:45:11 2026

Copyright (c) 1996-2018 Texas Instruments Incorporated
device.asm                                                           PAGE   54

    2722                      .dwattr $C$DW$199, DW_AT_decl_column(0x05)
    2723              
    2724              $C$DW$200       .dwtag  DW_TAG_enumerator
    2725                      .dwattr $C$DW$200, DW_AT_name("SYSCTL_DEVICE_FLASH")
    2726                      .dwattr $C$DW$200, DW_AT_const_value(0x03)
    2727                      .dwattr $C$DW$200, DW_AT_decl_file("C:\TI\C2000Ware_MotorControl_SDK_5_04_00_00\c2000ware\driverlib\f
    2728                      .dwattr $C$DW$200, DW_AT_decl_line(0x319)
    2729                      .dwattr $C$DW$200, DW_AT_decl_column(0x05)
    2730              
    2731              $C$DW$201       .dwtag  DW_TAG_enumerator
    2732                      .dwattr $C$DW$201, DW_AT_name("SYSCTL_DEVICE_PARTID")
    2733                      .dwattr $C$DW$201, DW_AT_const_value(0x04)
    2734                      .dwattr $C$DW$201, DW_AT_decl_file("C:\TI\C2000Ware_MotorControl_SDK_5_04_00_00\c2000ware\driverlib\f
    2735                      .dwattr $C$DW$201, DW_AT_decl_line(0x31a)
    2736                      .dwattr $C$DW$201, DW_AT_decl_column(0x05)
    2737              
    2738              $C$DW$202       .dwtag  DW_TAG_enumerator
    2739                      .dwattr $C$DW$202, DW_AT_name("SYSCTL_DEVICE_FAMILY")
    2740                      .dwattr $C$DW$202, DW_AT_const_value(0x05)
    2741                      .dwattr $C$DW$202, DW_AT_decl_file("C:\TI\C2000Ware_MotorControl_SDK_5_04_00_00\c2000ware\driverlib\f
    2742                      .dwattr $C$DW$202, DW_AT_decl_line(0x31b)
    2743                      .dwattr $C$DW$202, DW_AT_decl_column(0x05)
    2744              
    2745              $C$DW$203       .dwtag  DW_TAG_enumerator
    2746                      .dwattr $C$DW$203, DW_AT_name("SYSCTL_DEVICE_PARTNO")
    2747                      .dwattr $C$DW$203, DW_AT_const_value(0x06)
    2748                      .dwattr $C$DW$203, DW_AT_decl_file("C:\TI\C2000Ware_MotorControl_SDK_5_04_00_00\c2000ware\driverlib\f
    2749                      .dwattr $C$DW$203, DW_AT_decl_line(0x31c)
    2750                      .dwattr $C$DW$203, DW_AT_decl_column(0x05)
    2751              
    2752              $C$DW$204       .dwtag  DW_TAG_enumerator
    2753                      .dwattr $C$DW$204, DW_AT_name("SYSCTL_DEVICE_CLASSID")
    2754                      .dwattr $C$DW$204, DW_AT_const_value(0x07)
    2755                      .dwattr $C$DW$204, DW_AT_decl_file("C:\TI\C2000Ware_MotorControl_SDK_5_04_00_00\c2000ware\driverlib\f
    2756                      .dwattr $C$DW$204, DW_AT_decl_line(0x31d)
    2757                      .dwattr $C$DW$204, DW_AT_decl_column(0x05)
    2758              
    2759                      .dwattr $C$DW$T$27, DW_AT_decl_file("C:\TI\C2000Ware_MotorControl_SDK_5_04_00_00\c2000ware\driverlib\
    2760                      .dwattr $C$DW$T$27, DW_AT_decl_line(0x315)
    2761                      .dwattr $C$DW$T$27, DW_AT_decl_column(0x01)
    2762                      .dwendtag $C$DW$T$27
    2763              
    2764                      .dwendtag $C$DW$TU$27
    2765              
    2766              
    2767              $C$DW$TU$28     .dwtag  DW_TAG_type_unit
    2768                      .dwmtype  $C$DW$T$28
    2769              $C$DW$T$28      .dwtag  DW_TAG_typedef
    2770                      .dwattr $C$DW$T$28, DW_AT_name("SysCtl_DeviceParametric")
    2771                      .dwattr $C$DW$T$28, DW_AT_type(*$C$DW$T$27)
    2772                      .dwattr $C$DW$T$28, DW_AT_decl_file("C:\TI\C2000Ware_MotorControl_SDK_5_04_00_00\c2000ware\driverlib\
    2773                      .dwattr $C$DW$T$28, DW_AT_decl_line(0x31e)
    2774                      .dwattr $C$DW$T$28, DW_AT_decl_column(0x03)
    2775              
    2776                      .dwendtag $C$DW$TU$28
TMS320C2000 Assembler PC v22.6.2 Fri Mar 20 14:45:11 2026

Copyright (c) 1996-2018 Texas Instruments Incorporated
device.asm                                                           PAGE   55

    2777              
    2778              
    2779              $C$DW$TU$29     .dwtag  DW_TAG_type_unit
    2780                      .dwmtype  $C$DW$T$29
    2781              
    2782              $C$DW$T$29      .dwtag  DW_TAG_enumeration_type
    2783                      .dwattr $C$DW$T$29, DW_AT_byte_size(0x01)
    2784              $C$DW$205       .dwtag  DW_TAG_enumerator
    2785                      .dwattr $C$DW$205, DW_AT_name("GPIO_PORT_A")
    2786                      .dwattr $C$DW$205, DW_AT_const_value(0x00)
    2787                      .dwattr $C$DW$205, DW_AT_decl_file("C:/TI/C2000Ware_MotorControl_SDK_5_04_00_00/c2000ware/driverlib/f
    2788                      .dwattr $C$DW$205, DW_AT_decl_line(0xbe)
    2789                      .dwattr $C$DW$205, DW_AT_decl_column(0x05)
    2790              
    2791              $C$DW$206       .dwtag  DW_TAG_enumerator
    2792                      .dwattr $C$DW$206, DW_AT_name("GPIO_PORT_B")
    2793                      .dwattr $C$DW$206, DW_AT_const_value(0x01)
    2794                      .dwattr $C$DW$206, DW_AT_decl_file("C:/TI/C2000Ware_MotorControl_SDK_5_04_00_00/c2000ware/driverlib/f
    2795                      .dwattr $C$DW$206, DW_AT_decl_line(0xbf)
    2796                      .dwattr $C$DW$206, DW_AT_decl_column(0x05)
    2797              
    2798              $C$DW$207       .dwtag  DW_TAG_enumerator
    2799                      .dwattr $C$DW$207, DW_AT_name("GPIO_PORT_C")
    2800                      .dwattr $C$DW$207, DW_AT_const_value(0x02)
    2801                      .dwattr $C$DW$207, DW_AT_decl_file("C:/TI/C2000Ware_MotorControl_SDK_5_04_00_00/c2000ware/driverlib/f
    2802                      .dwattr $C$DW$207, DW_AT_decl_line(0xc0)
    2803                      .dwattr $C$DW$207, DW_AT_decl_column(0x05)
    2804              
    2805              $C$DW$208       .dwtag  DW_TAG_enumerator
    2806                      .dwattr $C$DW$208, DW_AT_name("GPIO_PORT_D")
    2807                      .dwattr $C$DW$208, DW_AT_const_value(0x03)
    2808                      .dwattr $C$DW$208, DW_AT_decl_file("C:/TI/C2000Ware_MotorControl_SDK_5_04_00_00/c2000ware/driverlib/f
    2809                      .dwattr $C$DW$208, DW_AT_decl_line(0xc1)
    2810                      .dwattr $C$DW$208, DW_AT_decl_column(0x05)
    2811              
    2812              $C$DW$209       .dwtag  DW_TAG_enumerator
    2813                      .dwattr $C$DW$209, DW_AT_name("GPIO_PORT_E")
    2814                      .dwattr $C$DW$209, DW_AT_const_value(0x04)
    2815                      .dwattr $C$DW$209, DW_AT_decl_file("C:/TI/C2000Ware_MotorControl_SDK_5_04_00_00/c2000ware/driverlib/f
    2816                      .dwattr $C$DW$209, DW_AT_decl_line(0xc2)
    2817                      .dwattr $C$DW$209, DW_AT_decl_column(0x05)
    2818              
    2819              $C$DW$210       .dwtag  DW_TAG_enumerator
    2820                      .dwattr $C$DW$210, DW_AT_name("GPIO_PORT_F")
    2821                      .dwattr $C$DW$210, DW_AT_const_value(0x05)
    2822                      .dwattr $C$DW$210, DW_AT_decl_file("C:/TI/C2000Ware_MotorControl_SDK_5_04_00_00/c2000ware/driverlib/f
    2823                      .dwattr $C$DW$210, DW_AT_decl_line(0xc3)
    2824                      .dwattr $C$DW$210, DW_AT_decl_column(0x05)
    2825              
    2826                      .dwattr $C$DW$T$29, DW_AT_decl_file("C:/TI/C2000Ware_MotorControl_SDK_5_04_00_00/c2000ware/driverlib/
    2827                      .dwattr $C$DW$T$29, DW_AT_decl_line(0xbd)
    2828                      .dwattr $C$DW$T$29, DW_AT_decl_column(0x01)
    2829                      .dwendtag $C$DW$T$29
    2830              
    2831                      .dwendtag $C$DW$TU$29
TMS320C2000 Assembler PC v22.6.2 Fri Mar 20 14:45:11 2026

Copyright (c) 1996-2018 Texas Instruments Incorporated
device.asm                                                           PAGE   56

    2832              
    2833              
    2834              $C$DW$TU$30     .dwtag  DW_TAG_type_unit
    2835                      .dwmtype  $C$DW$T$30
    2836              $C$DW$T$30      .dwtag  DW_TAG_typedef
    2837                      .dwattr $C$DW$T$30, DW_AT_name("GPIO_Port")
    2838                      .dwattr $C$DW$T$30, DW_AT_type(*$C$DW$T$29)
    2839                      .dwattr $C$DW$T$30, DW_AT_decl_file("C:/TI/C2000Ware_MotorControl_SDK_5_04_00_00/c2000ware/driverlib/
    2840                      .dwattr $C$DW$T$30, DW_AT_decl_line(0xc4)
    2841                      .dwattr $C$DW$T$30, DW_AT_decl_column(0x03)
    2842              
    2843                      .dwendtag $C$DW$TU$30
    2844              
    2845              
    2846              $C$DW$TU$31     .dwtag  DW_TAG_type_unit
    2847                      .dwmtype  $C$DW$T$31
    2848              
    2849              $C$DW$T$31      .dwtag  DW_TAG_enumeration_type
    2850                      .dwattr $C$DW$T$31, DW_AT_byte_size(0x01)
    2851              $C$DW$211       .dwtag  DW_TAG_enumerator
    2852                      .dwattr $C$DW$211, DW_AT_name("GPIO_DIR_MODE_IN")
    2853                      .dwattr $C$DW$211, DW_AT_const_value(0x00)
    2854                      .dwattr $C$DW$211, DW_AT_decl_file("C:/TI/C2000Ware_MotorControl_SDK_5_04_00_00/c2000ware/driverlib/f
    2855                      .dwattr $C$DW$211, DW_AT_decl_line(0x7e)
    2856                      .dwattr $C$DW$211, DW_AT_decl_column(0x05)
    2857              
    2858              $C$DW$212       .dwtag  DW_TAG_enumerator
    2859                      .dwattr $C$DW$212, DW_AT_name("GPIO_DIR_MODE_OUT")
    2860                      .dwattr $C$DW$212, DW_AT_const_value(0x01)
    2861                      .dwattr $C$DW$212, DW_AT_decl_file("C:/TI/C2000Ware_MotorControl_SDK_5_04_00_00/c2000ware/driverlib/f
    2862                      .dwattr $C$DW$212, DW_AT_decl_line(0x7f)
    2863                      .dwattr $C$DW$212, DW_AT_decl_column(0x05)
    2864              
    2865                      .dwattr $C$DW$T$31, DW_AT_decl_file("C:/TI/C2000Ware_MotorControl_SDK_5_04_00_00/c2000ware/driverlib/
    2866                      .dwattr $C$DW$T$31, DW_AT_decl_line(0x7d)
    2867                      .dwattr $C$DW$T$31, DW_AT_decl_column(0x01)
    2868                      .dwendtag $C$DW$T$31
    2869              
    2870                      .dwendtag $C$DW$TU$31
    2871              
    2872              
    2873              $C$DW$TU$32     .dwtag  DW_TAG_type_unit
    2874                      .dwmtype  $C$DW$T$32
    2875              $C$DW$T$32      .dwtag  DW_TAG_typedef
    2876                      .dwattr $C$DW$T$32, DW_AT_name("GPIO_Direction")
    2877                      .dwattr $C$DW$T$32, DW_AT_type(*$C$DW$T$31)
    2878                      .dwattr $C$DW$T$32, DW_AT_decl_file("C:/TI/C2000Ware_MotorControl_SDK_5_04_00_00/c2000ware/driverlib/
    2879                      .dwattr $C$DW$T$32, DW_AT_decl_line(0x80)
    2880                      .dwattr $C$DW$T$32, DW_AT_decl_column(0x03)
    2881              
    2882                      .dwendtag $C$DW$TU$32
    2883              
    2884              
    2885              $C$DW$TU$33     .dwtag  DW_TAG_type_unit
    2886                      .dwmtype  $C$DW$T$33
TMS320C2000 Assembler PC v22.6.2 Fri Mar 20 14:45:11 2026

Copyright (c) 1996-2018 Texas Instruments Incorporated
device.asm                                                           PAGE   57

    2887              
    2888              $C$DW$T$33      .dwtag  DW_TAG_enumeration_type
    2889                      .dwattr $C$DW$T$33, DW_AT_byte_size(0x01)
    2890              $C$DW$213       .dwtag  DW_TAG_enumerator
    2891                      .dwattr $C$DW$213, DW_AT_name("GPIO_QUAL_SYNC")
    2892                      .dwattr $C$DW$213, DW_AT_const_value(0x00)
    2893                      .dwattr $C$DW$213, DW_AT_decl_file("C:/TI/C2000Ware_MotorControl_SDK_5_04_00_00/c2000ware/driverlib/f
    2894                      .dwattr $C$DW$213, DW_AT_decl_line(0x97)
    2895                      .dwattr $C$DW$213, DW_AT_decl_column(0x05)
    2896              
    2897              $C$DW$214       .dwtag  DW_TAG_enumerator
    2898                      .dwattr $C$DW$214, DW_AT_name("GPIO_QUAL_3SAMPLE")
    2899                      .dwattr $C$DW$214, DW_AT_const_value(0x01)
    2900                      .dwattr $C$DW$214, DW_AT_decl_file("C:/TI/C2000Ware_MotorControl_SDK_5_04_00_00/c2000ware/driverlib/f
    2901                      .dwattr $C$DW$214, DW_AT_decl_line(0x98)
    2902                      .dwattr $C$DW$214, DW_AT_decl_column(0x05)
    2903              
    2904              $C$DW$215       .dwtag  DW_TAG_enumerator
    2905                      .dwattr $C$DW$215, DW_AT_name("GPIO_QUAL_6SAMPLE")
    2906                      .dwattr $C$DW$215, DW_AT_const_value(0x02)
    2907                      .dwattr $C$DW$215, DW_AT_decl_file("C:/TI/C2000Ware_MotorControl_SDK_5_04_00_00/c2000ware/driverlib/f
    2908                      .dwattr $C$DW$215, DW_AT_decl_line(0x99)
    2909                      .dwattr $C$DW$215, DW_AT_decl_column(0x05)
    2910              
    2911              $C$DW$216       .dwtag  DW_TAG_enumerator
    2912                      .dwattr $C$DW$216, DW_AT_name("GPIO_QUAL_ASYNC")
    2913                      .dwattr $C$DW$216, DW_AT_const_value(0x03)
    2914                      .dwattr $C$DW$216, DW_AT_decl_file("C:/TI/C2000Ware_MotorControl_SDK_5_04_00_00/c2000ware/driverlib/f
    2915                      .dwattr $C$DW$216, DW_AT_decl_line(0x9a)
    2916                      .dwattr $C$DW$216, DW_AT_decl_column(0x05)
    2917              
    2918                      .dwattr $C$DW$T$33, DW_AT_decl_file("C:/TI/C2000Ware_MotorControl_SDK_5_04_00_00/c2000ware/driverlib/
    2919                      .dwattr $C$DW$T$33, DW_AT_decl_line(0x96)
    2920                      .dwattr $C$DW$T$33, DW_AT_decl_column(0x01)
    2921                      .dwendtag $C$DW$T$33
    2922              
    2923                      .dwendtag $C$DW$TU$33
    2924              
    2925              
    2926              $C$DW$TU$34     .dwtag  DW_TAG_type_unit
    2927                      .dwmtype  $C$DW$T$34
    2928              $C$DW$T$34      .dwtag  DW_TAG_typedef
    2929                      .dwattr $C$DW$T$34, DW_AT_name("GPIO_QualificationMode")
    2930                      .dwattr $C$DW$T$34, DW_AT_type(*$C$DW$T$33)
    2931                      .dwattr $C$DW$T$34, DW_AT_decl_file("C:/TI/C2000Ware_MotorControl_SDK_5_04_00_00/c2000ware/driverlib/
    2932                      .dwattr $C$DW$T$34, DW_AT_decl_line(0x9b)
    2933                      .dwattr $C$DW$T$34, DW_AT_decl_column(0x03)
    2934              
    2935                      .dwendtag $C$DW$TU$34
    2936              
    2937              
    2938              $C$DW$TU$35     .dwtag  DW_TAG_type_unit
    2939                      .dwmtype  $C$DW$T$35
    2940              
    2941              $C$DW$T$35      .dwtag  DW_TAG_enumeration_type
TMS320C2000 Assembler PC v22.6.2 Fri Mar 20 14:45:11 2026

Copyright (c) 1996-2018 Texas Instruments Incorporated
device.asm                                                           PAGE   58

    2942                      .dwattr $C$DW$T$35, DW_AT_byte_size(0x01)
    2943              $C$DW$217       .dwtag  DW_TAG_enumerator
    2944                      .dwattr $C$DW$217, DW_AT_name("GPIO_CORE_CPU1")
    2945                      .dwattr $C$DW$217, DW_AT_const_value(0x00)
    2946                      .dwattr $C$DW$217, DW_AT_decl_file("C:/TI/C2000Ware_MotorControl_SDK_5_04_00_00/c2000ware/driverlib/f
    2947                      .dwattr $C$DW$217, DW_AT_decl_line(0xb0)
    2948                      .dwattr $C$DW$217, DW_AT_decl_column(0x05)
    2949              
    2950              $C$DW$218       .dwtag  DW_TAG_enumerator
    2951                      .dwattr $C$DW$218, DW_AT_name("GPIO_CORE_CPU1_CLA1")
    2952                      .dwattr $C$DW$218, DW_AT_const_value(0x01)
    2953                      .dwattr $C$DW$218, DW_AT_decl_file("C:/TI/C2000Ware_MotorControl_SDK_5_04_00_00/c2000ware/driverlib/f
    2954                      .dwattr $C$DW$218, DW_AT_decl_line(0xb1)
    2955                      .dwattr $C$DW$218, DW_AT_decl_column(0x05)
    2956              
    2957              $C$DW$219       .dwtag  DW_TAG_enumerator
    2958                      .dwattr $C$DW$219, DW_AT_name("GPIO_CORE_CPU2")
    2959                      .dwattr $C$DW$219, DW_AT_const_value(0x02)
    2960                      .dwattr $C$DW$219, DW_AT_decl_file("C:/TI/C2000Ware_MotorControl_SDK_5_04_00_00/c2000ware/driverlib/f
    2961                      .dwattr $C$DW$219, DW_AT_decl_line(0xb2)
    2962                      .dwattr $C$DW$219, DW_AT_decl_column(0x05)
    2963              
    2964              $C$DW$220       .dwtag  DW_TAG_enumerator
    2965                      .dwattr $C$DW$220, DW_AT_name("GPIO_CORE_CPU2_CLA1")
    2966                      .dwattr $C$DW$220, DW_AT_const_value(0x03)
    2967                      .dwattr $C$DW$220, DW_AT_decl_file("C:/TI/C2000Ware_MotorControl_SDK_5_04_00_00/c2000ware/driverlib/f
    2968                      .dwattr $C$DW$220, DW_AT_decl_line(0xb3)
    2969                      .dwattr $C$DW$220, DW_AT_decl_column(0x05)
    2970              
    2971                      .dwattr $C$DW$T$35, DW_AT_decl_file("C:/TI/C2000Ware_MotorControl_SDK_5_04_00_00/c2000ware/driverlib/
    2972                      .dwattr $C$DW$T$35, DW_AT_decl_line(0xaf)
    2973                      .dwattr $C$DW$T$35, DW_AT_decl_column(0x01)
    2974                      .dwendtag $C$DW$T$35
    2975              
    2976                      .dwendtag $C$DW$TU$35
    2977              
    2978              
    2979              $C$DW$TU$36     .dwtag  DW_TAG_type_unit
    2980                      .dwmtype  $C$DW$T$36
    2981              $C$DW$T$36      .dwtag  DW_TAG_typedef
    2982                      .dwattr $C$DW$T$36, DW_AT_name("GPIO_CoreSelect")
    2983                      .dwattr $C$DW$T$36, DW_AT_type(*$C$DW$T$35)
    2984                      .dwattr $C$DW$T$36, DW_AT_decl_file("C:/TI/C2000Ware_MotorControl_SDK_5_04_00_00/c2000ware/driverlib/
    2985                      .dwattr $C$DW$T$36, DW_AT_decl_line(0xb4)
    2986                      .dwattr $C$DW$T$36, DW_AT_decl_column(0x03)
    2987              
    2988                      .dwendtag $C$DW$TU$36
    2989              
    2990              
    2991              $C$DW$TU$2      .dwtag  DW_TAG_type_unit
    2992                      .dwmtype  $C$DW$T$2
    2993              $C$DW$T$2       .dwtag  DW_TAG_unspecified_type
    2994                      .dwattr $C$DW$T$2, DW_AT_name("void")
    2995              
    2996                      .dwendtag $C$DW$TU$2
TMS320C2000 Assembler PC v22.6.2 Fri Mar 20 14:45:11 2026

Copyright (c) 1996-2018 Texas Instruments Incorporated
device.asm                                                           PAGE   59

    2997              
    2998              
    2999              $C$DW$TU$4      .dwtag  DW_TAG_type_unit
    3000                      .dwmtype  $C$DW$T$4
    3001              $C$DW$T$4       .dwtag  DW_TAG_base_type
    3002                      .dwattr $C$DW$T$4, DW_AT_encoding(DW_ATE_boolean)
    3003                      .dwattr $C$DW$T$4, DW_AT_name("bool")
    3004                      .dwattr $C$DW$T$4, DW_AT_byte_size(0x01)
    3005              
    3006                      .dwendtag $C$DW$TU$4
    3007              
    3008              
    3009              $C$DW$TU$5      .dwtag  DW_TAG_type_unit
    3010                      .dwmtype  $C$DW$T$5
    3011              $C$DW$T$5       .dwtag  DW_TAG_base_type
    3012                      .dwattr $C$DW$T$5, DW_AT_encoding(DW_ATE_signed_char)
    3013                      .dwattr $C$DW$T$5, DW_AT_name("signed char")
    3014                      .dwattr $C$DW$T$5, DW_AT_byte_size(0x01)
    3015              
    3016                      .dwendtag $C$DW$TU$5
    3017              
    3018              
    3019              $C$DW$TU$6      .dwtag  DW_TAG_type_unit
    3020                      .dwmtype  $C$DW$T$6
    3021              $C$DW$T$6       .dwtag  DW_TAG_base_type
    3022                      .dwattr $C$DW$T$6, DW_AT_encoding(DW_ATE_unsigned_char)
    3023                      .dwattr $C$DW$T$6, DW_AT_name("unsigned char")
    3024                      .dwattr $C$DW$T$6, DW_AT_byte_size(0x01)
    3025              
    3026                      .dwendtag $C$DW$TU$6
    3027              
    3028              
    3029              $C$DW$TU$7      .dwtag  DW_TAG_type_unit
    3030                      .dwmtype  $C$DW$T$7
    3031              $C$DW$T$7       .dwtag  DW_TAG_base_type
    3032                      .dwattr $C$DW$T$7, DW_AT_encoding(DW_ATE_signed_char)
    3033                      .dwattr $C$DW$T$7, DW_AT_name("wchar_t")
    3034                      .dwattr $C$DW$T$7, DW_AT_byte_size(0x02)
    3035              
    3036                      .dwendtag $C$DW$TU$7
    3037              
    3038              
    3039              $C$DW$TU$8      .dwtag  DW_TAG_type_unit
    3040                      .dwmtype  $C$DW$T$8
    3041              $C$DW$T$8       .dwtag  DW_TAG_base_type
    3042                      .dwattr $C$DW$T$8, DW_AT_encoding(DW_ATE_signed)
    3043                      .dwattr $C$DW$T$8, DW_AT_name("short")
    3044                      .dwattr $C$DW$T$8, DW_AT_byte_size(0x01)
    3045              
    3046                      .dwendtag $C$DW$TU$8
    3047              
    3048              
    3049              $C$DW$TU$9      .dwtag  DW_TAG_type_unit
    3050                      .dwmtype  $C$DW$T$9
    3051              $C$DW$T$9       .dwtag  DW_TAG_base_type
TMS320C2000 Assembler PC v22.6.2 Fri Mar 20 14:45:11 2026

Copyright (c) 1996-2018 Texas Instruments Incorporated
device.asm                                                           PAGE   60

    3052                      .dwattr $C$DW$T$9, DW_AT_encoding(DW_ATE_unsigned)
    3053                      .dwattr $C$DW$T$9, DW_AT_name("unsigned short")
    3054                      .dwattr $C$DW$T$9, DW_AT_byte_size(0x01)
    3055              
    3056                      .dwendtag $C$DW$TU$9
    3057              
    3058              
    3059              $C$DW$TU$10     .dwtag  DW_TAG_type_unit
    3060                      .dwmtype  $C$DW$T$10
    3061              $C$DW$T$10      .dwtag  DW_TAG_base_type
    3062                      .dwattr $C$DW$T$10, DW_AT_encoding(DW_ATE_signed)
    3063                      .dwattr $C$DW$T$10, DW_AT_name("int")
    3064                      .dwattr $C$DW$T$10, DW_AT_byte_size(0x01)
    3065              
    3066                      .dwendtag $C$DW$TU$10
    3067              
    3068              
    3069              $C$DW$TU$11     .dwtag  DW_TAG_type_unit
    3070                      .dwmtype  $C$DW$T$11
    3071              $C$DW$T$11      .dwtag  DW_TAG_base_type
    3072                      .dwattr $C$DW$T$11, DW_AT_encoding(DW_ATE_unsigned)
    3073                      .dwattr $C$DW$T$11, DW_AT_name("unsigned int")
    3074                      .dwattr $C$DW$T$11, DW_AT_byte_size(0x01)
    3075              
    3076                      .dwendtag $C$DW$TU$11
    3077              
    3078              
    3079              $C$DW$TU$43     .dwtag  DW_TAG_type_unit
    3080                      .dwmtype  $C$DW$T$43
    3081              $C$DW$T$43      .dwtag  DW_TAG_typedef
    3082                      .dwattr $C$DW$T$43, DW_AT_name("__uint16_t")
    3083                      .dwattr $C$DW$T$43, DW_AT_type(*$C$DW$T$11)
    3084                      .dwattr $C$DW$T$43, DW_AT_decl_file("D:/TI/ccs/ccs/tools/compiler/ti-cgt-c2000_22.6.2.LTS/include/mac
    3085                      .dwattr $C$DW$T$43, DW_AT_decl_line(0x41)
    3086                      .dwattr $C$DW$T$43, DW_AT_decl_column(0x1c)
    3087              
    3088                      .dwendtag $C$DW$TU$43
    3089              
    3090              
    3091              $C$DW$TU$44     .dwtag  DW_TAG_type_unit
    3092                      .dwmtype  $C$DW$T$44
    3093              $C$DW$T$44      .dwtag  DW_TAG_typedef
    3094                      .dwattr $C$DW$T$44, DW_AT_name("uint16_t")
    3095                      .dwattr $C$DW$T$44, DW_AT_type(*$C$DW$T$43)
    3096                      .dwattr $C$DW$T$44, DW_AT_decl_file("D:/TI/ccs/ccs/tools/compiler/ti-cgt-c2000_22.6.2.LTS/include/sys
    3097                      .dwattr $C$DW$T$44, DW_AT_decl_line(0x41)
    3098                      .dwattr $C$DW$T$44, DW_AT_decl_column(0x15)
    3099              
    3100                      .dwendtag $C$DW$TU$44
    3101              
    3102              
    3103              $C$DW$TU$12     .dwtag  DW_TAG_type_unit
    3104                      .dwmtype  $C$DW$T$12
    3105              $C$DW$T$12      .dwtag  DW_TAG_base_type
    3106                      .dwattr $C$DW$T$12, DW_AT_encoding(DW_ATE_signed)
TMS320C2000 Assembler PC v22.6.2 Fri Mar 20 14:45:11 2026

Copyright (c) 1996-2018 Texas Instruments Incorporated
device.asm                                                           PAGE   61

    3107                      .dwattr $C$DW$T$12, DW_AT_name("long")
    3108                      .dwattr $C$DW$T$12, DW_AT_byte_size(0x02)
    3109              
    3110                      .dwendtag $C$DW$TU$12
    3111              
    3112              
    3113              $C$DW$TU$13     .dwtag  DW_TAG_type_unit
    3114                      .dwmtype  $C$DW$T$13
    3115              $C$DW$T$13      .dwtag  DW_TAG_base_type
    3116                      .dwattr $C$DW$T$13, DW_AT_encoding(DW_ATE_unsigned)
    3117                      .dwattr $C$DW$T$13, DW_AT_name("unsigned long")
    3118                      .dwattr $C$DW$T$13, DW_AT_byte_size(0x02)
    3119              
    3120                      .dwendtag $C$DW$TU$13
    3121              
    3122              
    3123              $C$DW$TU$46     .dwtag  DW_TAG_type_unit
    3124                      .dwmtype  $C$DW$T$46
    3125              $C$DW$T$46      .dwtag  DW_TAG_typedef
    3126                      .dwattr $C$DW$T$46, DW_AT_name("__uint32_t")
    3127                      .dwattr $C$DW$T$46, DW_AT_type(*$C$DW$T$13)
    3128                      .dwattr $C$DW$T$46, DW_AT_decl_file("D:/TI/ccs/ccs/tools/compiler/ti-cgt-c2000_22.6.2.LTS/include/mac
    3129                      .dwattr $C$DW$T$46, DW_AT_decl_line(0x43)
    3130                      .dwattr $C$DW$T$46, DW_AT_decl_column(0x1c)
    3131              
    3132                      .dwendtag $C$DW$TU$46
    3133              
    3134              
    3135              $C$DW$TU$47     .dwtag  DW_TAG_type_unit
    3136                      .dwmtype  $C$DW$T$47
    3137              $C$DW$T$47      .dwtag  DW_TAG_typedef
    3138                      .dwattr $C$DW$T$47, DW_AT_name("uint32_t")
    3139                      .dwattr $C$DW$T$47, DW_AT_type(*$C$DW$T$46)
    3140                      .dwattr $C$DW$T$47, DW_AT_decl_file("D:/TI/ccs/ccs/tools/compiler/ti-cgt-c2000_22.6.2.LTS/include/sys
    3141                      .dwattr $C$DW$T$47, DW_AT_decl_line(0x46)
    3142                      .dwattr $C$DW$T$47, DW_AT_decl_column(0x15)
    3143              
    3144                      .dwendtag $C$DW$TU$47
    3145              
    3146              
    3147              $C$DW$TU$77     .dwtag  DW_TAG_type_unit
    3148                      .dwmtype  $C$DW$T$77
    3149              $C$DW$221       .dwtag  DW_TAG_TI_far_type
    3150                      .dwattr $C$DW$221, DW_AT_type(*$C$DW$T$47)
    3151              
    3152              $C$DW$T$77      .dwtag  DW_TAG_const_type
    3153                      .dwattr $C$DW$T$77, DW_AT_type(*$C$DW$221)
    3154              
    3155                      .dwendtag $C$DW$TU$77
    3156              
    3157              
    3158              $C$DW$TU$14     .dwtag  DW_TAG_type_unit
    3159                      .dwmtype  $C$DW$T$14
    3160              $C$DW$T$14      .dwtag  DW_TAG_base_type
    3161                      .dwattr $C$DW$T$14, DW_AT_encoding(DW_ATE_signed)
TMS320C2000 Assembler PC v22.6.2 Fri Mar 20 14:45:11 2026

Copyright (c) 1996-2018 Texas Instruments Incorporated
device.asm                                                           PAGE   62

    3162                      .dwattr $C$DW$T$14, DW_AT_name("long long")
    3163                      .dwattr $C$DW$T$14, DW_AT_byte_size(0x04)
    3164              
    3165                      .dwendtag $C$DW$TU$14
    3166              
    3167              
    3168              $C$DW$TU$15     .dwtag  DW_TAG_type_unit
    3169                      .dwmtype  $C$DW$T$15
    3170              $C$DW$T$15      .dwtag  DW_TAG_base_type
    3171                      .dwattr $C$DW$T$15, DW_AT_encoding(DW_ATE_unsigned)
    3172                      .dwattr $C$DW$T$15, DW_AT_name("unsigned long long")
    3173                      .dwattr $C$DW$T$15, DW_AT_byte_size(0x04)
    3174              
    3175                      .dwendtag $C$DW$TU$15
    3176              
    3177              
    3178              $C$DW$TU$16     .dwtag  DW_TAG_type_unit
    3179                      .dwmtype  $C$DW$T$16
    3180              $C$DW$T$16      .dwtag  DW_TAG_base_type
    3181                      .dwattr $C$DW$T$16, DW_AT_encoding(DW_ATE_float)
    3182                      .dwattr $C$DW$T$16, DW_AT_name("float")
    3183                      .dwattr $C$DW$T$16, DW_AT_byte_size(0x02)
    3184              
    3185                      .dwendtag $C$DW$TU$16
    3186              
    3187              
    3188              $C$DW$TU$17     .dwtag  DW_TAG_type_unit
    3189                      .dwmtype  $C$DW$T$17
    3190              $C$DW$T$17      .dwtag  DW_TAG_base_type
    3191                      .dwattr $C$DW$T$17, DW_AT_encoding(DW_ATE_float)
    3192                      .dwattr $C$DW$T$17, DW_AT_name("double")
    3193                      .dwattr $C$DW$T$17, DW_AT_byte_size(0x04)
    3194              
    3195                      .dwendtag $C$DW$TU$17
    3196              
    3197              
    3198              $C$DW$TU$18     .dwtag  DW_TAG_type_unit
    3199                      .dwmtype  $C$DW$T$18
    3200              $C$DW$T$18      .dwtag  DW_TAG_base_type
    3201                      .dwattr $C$DW$T$18, DW_AT_encoding(DW_ATE_float)
    3202                      .dwattr $C$DW$T$18, DW_AT_name("long double")
    3203                      .dwattr $C$DW$T$18, DW_AT_byte_size(0x04)
    3204              
    3205                      .dwendtag $C$DW$TU$18
    3206              
    3207              
    3208              $C$DW$TU$60     .dwtag  DW_TAG_type_unit
    3209                      .dwmtype  $C$DW$T$60
    3210              $C$DW$222       .dwtag  DW_TAG_TI_far_type
    3211                      .dwattr $C$DW$222, DW_AT_type(*$C$DW$T$5)
    3212              
    3213              $C$DW$T$60      .dwtag  DW_TAG_const_type
    3214                      .dwattr $C$DW$T$60, DW_AT_type(*$C$DW$222)
    3215              
    3216                      .dwendtag $C$DW$TU$60
TMS320C2000 Assembler PC v22.6.2 Fri Mar 20 14:45:11 2026

Copyright (c) 1996-2018 Texas Instruments Incorporated
device.asm                                                           PAGE   63

    3217              
    3218              
    3219              $C$DW$TU$61     .dwtag  DW_TAG_type_unit
    3220                      .dwmtype  $C$DW$T$61
    3221              $C$DW$T$61      .dwtag  DW_TAG_pointer_type
    3222                      .dwattr $C$DW$T$61, DW_AT_type(*$C$DW$T$60)
    3223                      .dwattr $C$DW$T$61, DW_AT_address_class(0x20)
    3224              
    3225                      .dwendtag $C$DW$TU$61
    3226              
    3227              
    3228              $C$DW$TU$78     .dwtag  DW_TAG_type_unit
    3229                      .dwmtype  $C$DW$T$78
    3230              $C$DW$T$78      .dwtag  DW_TAG_base_type
    3231                      .dwattr $C$DW$T$78, DW_AT_encoding(DW_ATE_unsigned_char)
    3232                      .dwattr $C$DW$T$78, DW_AT_name("unsigned char")
    3233                      .dwattr $C$DW$T$78, DW_AT_byte_size(0x01)
    3234              
    3235                      .dwendtag $C$DW$TU$78
    3236              

No Assembly Errors, No Assembly Warnings
