TMS320C2000 Assembler PC v22.6.2 Tue Mar  3 20:15:52 2026

Copyright (c) 1996-2018 Texas Instruments Incorporated
dual_axis_servo_drive_user.asm                                       PAGE    1

       1              ;***************************************************************
       2              ;* TMS320C2000 G3 C/C++ Codegen                               PC v22.6.2.LTS *
       3              ;* Date/Time created: Tue Mar  3 20:15:52 2026                 *
       4              ;***************************************************************
       5                      .compiler_opts --abi=eabi --cla_support=cla1 --diag_wrap=off --float_support=fpu32 --hll_source=on --
       6                      .asg    XAR2, FP
       7              
       8              $C$DW$CU        .dwtag  DW_TAG_compile_unit
       9                      .dwattr $C$DW$CU, DW_AT_name("../sources/dual_axis_servo_drive_user.c")
      10                      .dwattr $C$DW$CU, DW_AT_producer("TI TMS320C2000 G3 C/C++ Codegen PC v22.6.2.LTS Copyright (c) 1996-2
      11                      .dwattr $C$DW$CU, DW_AT_TI_version(0x01)
      12                      .dwattr $C$DW$CU, DW_AT_comp_dir("C:\Users\JUNLI\workspace_ccstheia\dual_axis_servo_drive_fcl_qep_f28
      13              
      14              $C$DW$1 .dwtag  DW_TAG_subprogram
      15                      .dwattr $C$DW$1, DW_AT_name("FCL_initADC_3I")
      16                      .dwattr $C$DW$1, DW_AT_linkage_name("FCL_initADC_3I")
      17                      .dwattr $C$DW$1, DW_AT_declaration
      18                      .dwattr $C$DW$1, DW_AT_external
      19                      .dwattr $C$DW$1, DW_AT_decl_file("C:/TI/C2000Ware_MotorControl_SDK_5_04_00_00/libraries/fcl/include/f
      20                      .dwattr $C$DW$1, DW_AT_decl_line(0x1b3)
      21                      .dwattr $C$DW$1, DW_AT_decl_column(0x0d)
      22              $C$DW$2 .dwtag  DW_TAG_formal_parameter
      23                      .dwattr $C$DW$2, DW_AT_type(*$C$DW$T$116)
      24              
      25              $C$DW$3 .dwtag  DW_TAG_formal_parameter
      26                      .dwattr $C$DW$3, DW_AT_type(*$C$DW$T$21)
      27              
      28              $C$DW$4 .dwtag  DW_TAG_formal_parameter
      29                      .dwattr $C$DW$4, DW_AT_type(*$C$DW$T$21)
      30              
      31              $C$DW$5 .dwtag  DW_TAG_formal_parameter
      32                      .dwattr $C$DW$5, DW_AT_type(*$C$DW$T$104)
      33              
      34              $C$DW$6 .dwtag  DW_TAG_formal_parameter
      35                      .dwattr $C$DW$6, DW_AT_type(*$C$DW$T$21)
      36              
      37              $C$DW$7 .dwtag  DW_TAG_formal_parameter
      38                      .dwattr $C$DW$7, DW_AT_type(*$C$DW$T$104)
      39              
      40              $C$DW$8 .dwtag  DW_TAG_formal_parameter
      41                      .dwattr $C$DW$8, DW_AT_type(*$C$DW$T$21)
      42              
      43              $C$DW$9 .dwtag  DW_TAG_formal_parameter
      44                      .dwattr $C$DW$9, DW_AT_type(*$C$DW$T$104)
      45              
      46                      .dwendtag $C$DW$1
      47              
      48              
      49              $C$DW$10        .dwtag  DW_TAG_subprogram
      50                      .dwattr $C$DW$10, DW_AT_name("FCL_initPWM")
      51                      .dwattr $C$DW$10, DW_AT_linkage_name("FCL_initPWM")
      52                      .dwattr $C$DW$10, DW_AT_declaration
      53                      .dwattr $C$DW$10, DW_AT_external
      54                      .dwattr $C$DW$10, DW_AT_decl_file("C:/TI/C2000Ware_MotorControl_SDK_5_04_00_00/libraries/fcl/include/
      55                      .dwattr $C$DW$10, DW_AT_decl_line(0x1a8)
TMS320C2000 Assembler PC v22.6.2 Tue Mar  3 20:15:52 2026

Copyright (c) 1996-2018 Texas Instruments Incorporated
dual_axis_servo_drive_user.asm                                       PAGE    2

      56                      .dwattr $C$DW$10, DW_AT_decl_column(0x0d)
      57              $C$DW$11        .dwtag  DW_TAG_formal_parameter
      58                      .dwattr $C$DW$11, DW_AT_type(*$C$DW$T$116)
      59              
      60              $C$DW$12        .dwtag  DW_TAG_formal_parameter
      61                      .dwattr $C$DW$12, DW_AT_type(*$C$DW$T$21)
      62              
      63              $C$DW$13        .dwtag  DW_TAG_formal_parameter
      64                      .dwattr $C$DW$13, DW_AT_type(*$C$DW$T$21)
      65              
      66              $C$DW$14        .dwtag  DW_TAG_formal_parameter
      67                      .dwattr $C$DW$14, DW_AT_type(*$C$DW$T$21)
      68              
      69                      .dwendtag $C$DW$10
      70              
      71              
      72              $C$DW$15        .dwtag  DW_TAG_subprogram
      73                      .dwattr $C$DW$15, DW_AT_name("FCL_initQEP")
      74                      .dwattr $C$DW$15, DW_AT_linkage_name("FCL_initQEP")
      75                      .dwattr $C$DW$15, DW_AT_declaration
      76                      .dwattr $C$DW$15, DW_AT_external
      77                      .dwattr $C$DW$15, DW_AT_decl_file("C:/TI/C2000Ware_MotorControl_SDK_5_04_00_00/libraries/fcl/include/
      78                      .dwattr $C$DW$15, DW_AT_decl_line(0x1b8)
      79                      .dwattr $C$DW$15, DW_AT_decl_column(0x0d)
      80              $C$DW$16        .dwtag  DW_TAG_formal_parameter
      81                      .dwattr $C$DW$16, DW_AT_type(*$C$DW$T$116)
      82              
      83              $C$DW$17        .dwtag  DW_TAG_formal_parameter
      84                      .dwattr $C$DW$17, DW_AT_type(*$C$DW$T$128)
      85              
      86                      .dwendtag $C$DW$15
      87              
      88                      .global ||offsetCalCounter||
      89 00000000               .data
      90                      .align  1
      91                      .elfsym ||offsetCalCounter||,SYM_SIZE(1),SYM_BLOCKED(1)
      92 00000000       ||offsetCalCounter||:
      93 00000000 0000          .bits           0,16
      94                                      ; offsetCalCounter @ 0
      95              
      96              $C$DW$18        .dwtag  DW_TAG_variable
      97                      .dwattr $C$DW$18, DW_AT_name("offsetCalCounter")
      98                      .dwattr $C$DW$18, DW_AT_linkage_name("offsetCalCounter")
      99                      .dwattr $C$DW$18, DW_AT_location[DW_OP_addr ||offsetCalCounter||]
     100                      .dwattr $C$DW$18, DW_AT_type(*$C$DW$T$40)
     101                      .dwattr $C$DW$18, DW_AT_external
     102                      .dwattr $C$DW$18, DW_AT_decl_file("../sources/dual_axis_servo_drive_user.c")
     103                      .dwattr $C$DW$18, DW_AT_decl_line(0x45)
     104                      .dwattr $C$DW$18, DW_AT_decl_column(0x0a)
     105              
     106                      .global ||K1||
     107 00000001               .data
     108                      .align  2
     109                      .elfsym ||K1||,SYM_SIZE(2),SYM_BLOCKED(1)
     110 00000002       ||K1||:
TMS320C2000 Assembler PC v22.6.2 Tue Mar  3 20:15:52 2026

Copyright (c) 1996-2018 Texas Instruments Incorporated
dual_axis_servo_drive_user.asm                                       PAGE    3

     111 00000002 7CEE          .xfloat $strtod("0x1.fef9dcp-1")                ; K1 @ 0
         00000003 3F7F 
     112              
     113              $C$DW$19        .dwtag  DW_TAG_variable
     114                      .dwattr $C$DW$19, DW_AT_name("K1")
     115                      .dwattr $C$DW$19, DW_AT_linkage_name("K1")
     116                      .dwattr $C$DW$19, DW_AT_location[DW_OP_addr ||K1||]
     117                      .dwattr $C$DW$19, DW_AT_type(*$C$DW$T$19)
     118                      .dwattr $C$DW$19, DW_AT_external
     119                      .dwattr $C$DW$19, DW_AT_decl_file("../sources/dual_axis_servo_drive_user.c")
     120                      .dwattr $C$DW$19, DW_AT_decl_line(0x3e)
     121                      .dwattr $C$DW$19, DW_AT_decl_column(0x0b)
     122              
     123                      .global ||K2||
     124 00000004               .data
     125                      .align  2
     126                      .elfsym ||K2||,SYM_SIZE(2),SYM_BLOCKED(1)
     127 00000004       ||K2||:
     128 00000004 01A8          .xfloat $strtod("0x1.06035p-9")         ; K2 @ 0
         00000005 3B03 
     129              
     130              $C$DW$20        .dwtag  DW_TAG_variable
     131                      .dwattr $C$DW$20, DW_AT_name("K2")
     132                      .dwattr $C$DW$20, DW_AT_linkage_name("K2")
     133                      .dwattr $C$DW$20, DW_AT_location[DW_OP_addr ||K2||]
     134                      .dwattr $C$DW$20, DW_AT_type(*$C$DW$T$19)
     135                      .dwattr $C$DW$20, DW_AT_external
     136                      .dwattr $C$DW$20, DW_AT_decl_file("../sources/dual_axis_servo_drive_user.c")
     137                      .dwattr $C$DW$20, DW_AT_decl_line(0x3f)
     138                      .dwattr $C$DW$20, DW_AT_decl_column(0x0b)
     139              
     140              $C$DW$21        .dwtag  DW_TAG_variable
     141                      .dwattr $C$DW$21, DW_AT_name("halMtr")
     142                      .dwattr $C$DW$21, DW_AT_linkage_name("halMtr")
     143                      .dwattr $C$DW$21, DW_AT_type(*$C$DW$T$109)
     144                      .dwattr $C$DW$21, DW_AT_declaration
     145                      .dwattr $C$DW$21, DW_AT_external
     146                      .dwattr $C$DW$21, DW_AT_decl_file("C:/TI/C2000Ware_MotorControl_SDK_5_04_00_00/solutions/boostxl_3phg
     147                      .dwattr $C$DW$21, DW_AT_decl_line(0xb6)
     148                      .dwattr $C$DW$21, DW_AT_decl_column(0x17)
     149              
     150              $C$DW$22        .dwtag  DW_TAG_variable
     151                      .dwattr $C$DW$22, DW_AT_name("fclVars")
     152                      .dwattr $C$DW$22, DW_AT_linkage_name("fclVars")
     153                      .dwattr $C$DW$22, DW_AT_type(*$C$DW$T$105)
     154                      .dwattr $C$DW$22, DW_AT_declaration
     155                      .dwattr $C$DW$22, DW_AT_external
     156                      .dwattr $C$DW$22, DW_AT_decl_file("C:\TI\C2000Ware_MotorControl_SDK_5_04_00_00\libraries\fcl\include\
     157                      .dwattr $C$DW$22, DW_AT_decl_line(0x8b)
     158                      .dwattr $C$DW$22, DW_AT_decl_column(0x13)
     159              
     160              $C$DW$23        .dwtag  DW_TAG_variable
     161                      .dwattr $C$DW$23, DW_AT_name("motorVars")
     162                      .dwattr $C$DW$23, DW_AT_linkage_name("motorVars")
     163                      .dwattr $C$DW$23, DW_AT_type(*$C$DW$T$118)
TMS320C2000 Assembler PC v22.6.2 Tue Mar  3 20:15:52 2026

Copyright (c) 1996-2018 Texas Instruments Incorporated
dual_axis_servo_drive_user.asm                                       PAGE    4

     164                      .dwattr $C$DW$23, DW_AT_declaration
     165                      .dwattr $C$DW$23, DW_AT_external
     166                      .dwattr $C$DW$23, DW_AT_decl_file("C:/TI/C2000Ware_MotorControl_SDK_5_04_00_00/libraries/fcl/include/
     167                      .dwattr $C$DW$23, DW_AT_decl_line(0x1a2)
     168                      .dwattr $C$DW$23, DW_AT_decl_column(0x15)
     169              
     170                      .sblock ".data"
     171              ;       D:\TI\ccs\ccs\tools\compiler\ti-cgt-c2000_22.6.2.LTS\bin\opt2000.exe C:\\Users\\JUNLI\\AppData\\Local
     172              ;       D:\TI\ccs\ccs\tools\compiler\ti-cgt-c2000_22.6.2.LTS\bin\acia2000.exe -@C:\\Users\\JUNLI\\AppData\\Lo
     173 00000000               .sect   ".text:runOffsetsCalculation"
     174                      .clink
     175                      .global ||runOffsetsCalculation||
     176              
     177              $C$DW$24        .dwtag  DW_TAG_subprogram
     178                      .dwattr $C$DW$24, DW_AT_name("runOffsetsCalculation")
     179                      .dwattr $C$DW$24, DW_AT_low_pc(||runOffsetsCalculation||)
     180                      .dwattr $C$DW$24, DW_AT_high_pc(0x00)
     181                      .dwattr $C$DW$24, DW_AT_linkage_name("runOffsetsCalculation")
     182                      .dwattr $C$DW$24, DW_AT_external
     183                      .dwattr $C$DW$24, DW_AT_decl_file("../sources/dual_axis_servo_drive_user.c")
     184                      .dwattr $C$DW$24, DW_AT_decl_line(0x196)
     185                      .dwattr $C$DW$24, DW_AT_decl_column(0x06)
     186                      .dwattr $C$DW$24, DW_AT_TI_max_frame_size(-6)
     187                      .dwpsn  file "../sources/dual_axis_servo_drive_user.c",line 407,column 1,is_stmt,address ||runOffsets
     188              
     189                      .dwfde $C$DW$CIE, ||runOffsetsCalculation||
     190              $C$DW$25        .dwtag  DW_TAG_formal_parameter
     191                      .dwattr $C$DW$25, DW_AT_name("pMotor")
     192                      .dwattr $C$DW$25, DW_AT_type(*$C$DW$T$116)
     193                      .dwattr $C$DW$25, DW_AT_location[DW_OP_reg12]
     194              
     195              
     196              ;***************************************************************
     197              ;* FNAME: runOffsetsCalculation         FR SIZE:   4           *
     198              ;*                                                             *
     199              ;* FUNCTION ENVIRONMENT                                        *
     200              ;*                                                             *
     201              ;* FUNCTION PROPERTIES                                         *
     202              ;*                            0 Parameter,  0 Auto,  4 SOE     *
     203              ;***************************************************************
     204              
     205              ||runOffsetsCalculation||:
     206              ;* R1    assigned to $O$v2
     207              ;* R1    assigned to $O$v2
     208              ;* R0    assigned to $O$v1
     209              ;* R0    assigned to $O$v1
     210              ;* AL    assigned to $O$K7
     211              ;* AL    assigned to $O$R2
     212              ;* AL    assigned to $O$R3
     213              ;* AL    assigned to $O$R4
     214              ;* AL    assigned to $O$R7
     215              ;* AL    assigned to $O$R8
     216              ;* AL    assigned to $O$R9
     217              ;* AR4   assigned to pMotor
     218              $C$DW$26        .dwtag  DW_TAG_variable
TMS320C2000 Assembler PC v22.6.2 Tue Mar  3 20:15:52 2026

Copyright (c) 1996-2018 Texas Instruments Incorporated
dual_axis_servo_drive_user.asm                                       PAGE    5

     219                      .dwattr $C$DW$26, DW_AT_name("pMotor")
     220                      .dwattr $C$DW$26, DW_AT_type(*$C$DW$T$117)
     221                      .dwattr $C$DW$26, DW_AT_location[DW_OP_reg12]
     222              
     223              ;* R0    assigned to vdc
     224              $C$DW$27        .dwtag  DW_TAG_variable
     225                      .dwattr $C$DW$27, DW_AT_name("vdc")
     226                      .dwattr $C$DW$27, DW_AT_type(*$C$DW$T$19)
     227                      .dwattr $C$DW$27, DW_AT_location[DW_OP_regx 0x2b]
     228              
     229              ;* R0    assigned to vdc
     230              $C$DW$28        .dwtag  DW_TAG_variable
     231                      .dwattr $C$DW$28, DW_AT_name("vdc")
     232                      .dwattr $C$DW$28, DW_AT_type(*$C$DW$T$19)
     233                      .dwattr $C$DW$28, DW_AT_location[DW_OP_regx 0x2b]
     234              
     235                      .dwcfi  cfa_offset, -2
     236                      .dwcfi  save_reg_to_mem, 26, 0
     237                      .dwpsn  file "../sources/dual_axis_servo_drive_user.c",line 414,column 5,is_stmt,isa 0
     238 00000000 8F40!         MOVL      XAR5,#||motorVars||   ; [CPU_ARAU] |414| 
         00000001 0000 
     239 00000002 B2BD          MOVL      *SP++,XAR1            ; [CPU_ALU] 
     240                      .dwcfi  save_reg_to_mem, 7, 2
     241                      .dwcfi  cfa_offset, -4
     242                      .dwpsn  file "../sources/dual_axis_servo_drive_user.c",line 409,column 5,is_stmt,isa 0
     243 00000003 D022          MOVB      XAR0,#34              ; [CPU_ALU] |409| 
     244 00000004 E590          ZERO      R0H                   ; [CPU_FPU] |409| 
     245                      .dwpsn  file "../sources/dual_axis_servo_drive_user.c",line 410,column 5,is_stmt,isa 0
     246 00000005 E591          ZERO      R1H                   ; [CPU_FPU] |410| 
     247                      .dwpsn  file "../sources/dual_axis_servo_drive_user.c",line 414,column 5,is_stmt,isa 0
     248 00000006 A0A9          MOVL      ACC,XAR5              ; [CPU_ALU] |414| 
     249                      .dwpsn  file "../sources/dual_axis_servo_drive_user.c",line 410,column 5,is_stmt,isa 0
     250 00000007 D124          MOVB      XAR1,#36              ; [CPU_ALU] |410| 
     251 00000008 E203          MOV32     *SP++,R4H             ; [CPU_FPU] 
         00000009 04BD 
     252                      .dwcfi  save_reg_to_mem, 59, 4
     253                      .dwcfi  cfa_offset, -6
     254                      .dwpsn  file "../sources/dual_axis_servo_drive_user.c",line 414,column 5,is_stmt,isa 0
     255 0000000a 0FA4          CMPL      ACC,XAR4              ; [CPU_ALU] |414| 
     256                      .dwpsn  file "../sources/dual_axis_servo_drive_user.c",line 409,column 5,is_stmt,isa 0
     257 0000000b E203          MOV32     *+XAR4[AR0],R0H       ; [CPU_FPU] |409| 
         0000000c 0094 
     258                      .dwpsn  file "../sources/dual_axis_servo_drive_user.c",line 411,column 5,is_stmt,isa 0
     259 0000000d D026          MOVB      XAR0,#38              ; [CPU_ALU] |411| 
     260                      .dwpsn  file "../sources/dual_axis_servo_drive_user.c",line 410,column 5,is_stmt,isa 0
     261 0000000e E203          MOV32     *+XAR4[AR1],R1H       ; [CPU_FPU] |410| 
         0000000f 019C 
     262                      .dwpsn  file "../sources/dual_axis_servo_drive_user.c",line 411,column 5,is_stmt,isa 0
     263 00000010 E203          MOV32     *+XAR4[AR0],R0H       ; [CPU_FPU] |411| 
         00000011 0094 
     264                      .dwpsn  file "../sources/dual_axis_servo_drive_user.c",line 414,column 5,is_stmt,isa 0
     265 00000012 FFE1          B         ||$C$L4||,EQ          ; [CPU_ALU] |414| 
         00000013 00A3 
     266                      ; branchcc occurs ; [] |414| 
     267                      .dwpsn  file "../sources/dual_axis_servo_drive_user.c",line 460,column 10,is_stmt,isa 0
TMS320C2000 Assembler PC v22.6.2 Tue Mar  3 20:15:52 2026

Copyright (c) 1996-2018 Texas Instruments Incorporated
dual_axis_servo_drive_user.asm                                       PAGE    6

     268 00000014 FF12          ADD       ACC,#83 << 2          ; [CPU_ALU] |460| 
         00000015 0053 
     269 00000016 0FA4          CMPL      ACC,XAR4              ; [CPU_ALU] |460| 
     270 00000017 FFE0          B         ||$C$L8||,NEQ         ; [CPU_ALU] |460| 
         00000018 0138 
     271                      ; branchcc occurs ; [] |460| 
     272 00000019 761F!         MOVW      DP,#||offsetCalCounter|| ; [CPU_ARAU] 
         0000001a 0000 
     273                      .dwpsn  file "../sources/dual_axis_servo_drive_user.c",line 463,column 13,is_stmt,isa 0
     274 0000001b 2B00!         MOV       @||offsetCalCounter||,#0 ; [CPU_ALU] |463| 
     275 0000001c       ||$C$L1||:    
     276                      .dwpsn  file "C:/TI/C2000Ware_MotorControl_SDK_5_04_00_00/c2000ware/driverlib/f2837xd/driverlib/epwm.
     277 0000001c 02AA          MOVB      ACC,#170              ; [CPU_ALU] |4872| 
     278 0000001d 761F!         MOVW      DP,#||halMtr||+18     ; [CPU_ARAU] 
         0000001e 0000 
     279 0000001f 0712!         ADDL      ACC,@||halMtr||+18    ; [CPU_ALU] |4872| 
     280 00000020 83A9          MOVL      XAR5,ACC              ; [CPU_ALU] |4872| 
     281 00000021 1AC5          OR        *+XAR5[0],#0x0001     ; [CPU_ALU] |4872| 
         00000022 0001 
     282 00000023       ||$C$L2||:    
     283                      .dwpsn  file "C:/TI/C2000Ware_MotorControl_SDK_5_04_00_00/c2000ware/driverlib/f2837xd/driverlib/epwm.
     284 00000023 02A8          MOVB      ACC,#168              ; [CPU_ALU] |4847| 
     285 00000024 0712!         ADDL      ACC,@||halMtr||+18    ; [CPU_ALU] |4847| 
     286 00000025 83A9          MOVL      XAR5,ACC              ; [CPU_ALU] |4847| 
     287 00000026 40C5          TBIT      *+XAR5[0],#0          ; [CPU_ALU] |4847| 
     288 00000027 6CFC          B         ||$C$L2||,NTC         ; [CPU_ALU] |4847| 
     289                      ; branchcc occurs ; [] |4847| 
     290 00000028 761F!         MOVW      DP,#||offsetCalCounter|| ; [CPU_ARAU] 
         00000029 0000 
     291                      .dwpsn  file "../sources/dual_axis_servo_drive_user.c",line 472,column 13,is_stmt,isa 0
     292 0000002a 1B00!         CMP       @||offsetCalCounter||,#1000 ; [CPU_ALU] |472| 
         0000002b 03E8 
     293 0000002c 694B          B         ||$C$L3||,LOS         ; [CPU_ALU] |472| 
     294                      ; branchcc occurs ; [] |472| 
     295                      .dwpsn  file "C:/TI/C2000Ware_MotorControl_SDK_5_04_00_00/c2000ware/driverlib/f2837xd/driverlib/adc.h
     296 0000002d F5A9          MOV       AL,*(0:0x0b41)        ; [CPU_ALU] |923| 
         0000002e 0B41 
     297                      .dwpsn  file "../sources/dual_axis_servo_drive_user.c",line 475,column 17,is_stmt,isa 0
     298 0000002f 0EA9          MOVU      ACC,AL                ; [CPU_ALU] |475| 
     299 00000030 BDA9          MOV32     R3H,ACC               ; [CPU_FPU] |475| 
         00000031 0F1E 
     300 00000032 7700          NOP       ; [CPU_ALU] 
     301 00000033 D022          MOVB      XAR0,#34              ; [CPU_ALU] |475| 
     302 00000034 E2AF!         MOV32     R1H,@||K2||           ; [CPU_FPU] |475| 
         00000035 0100 
     303 00000036 D132          MOVB      XAR1,#50              ; [CPU_ALU] |475| 
     304 00000037 E68B          UI32TOF32 R3H,R3H               ; [CPU_FPU] |475| 
         00000038 001B 
     305 00000039 E2AF!         MOV32     R0H,@||K1||           ; [CPU_FPU] |475| 
         0000003a 0000 
     306              
     307 0000003b E306          MPYF32    R3H,R1H,R3H           ; [CPU_FPU] |475| 
         0000003c 5A94 
     308              ||      MOV32     R2H,*+XAR4[AR0]       ; [CPU_FPU] |475| 
     309              
TMS320C2000 Assembler PC v22.6.2 Tue Mar  3 20:15:52 2026

Copyright (c) 1996-2018 Texas Instruments Incorporated
dual_axis_servo_drive_user.asm                                       PAGE    7

     310 0000003d E304          MPYF32    R2H,R0H,R2H           ; [CPU_FPU] |475| 
         0000003e 149C 
     311              ||      MOV32     R4H,*+XAR4[AR1]       ; [CPU_FPU] |475| 
     312              
     313 0000003f E700          MPYF32    R3H,R4H,R3H           ; [CPU_FPU] |475| 
         00000040 00E3 
     314 00000041 7700          NOP       ; [CPU_ALU] 
     315 00000042 E710          ADDF32    R2H,R2H,R3H           ; [CPU_FPU] |475| 
         00000043 00D2 
     316 00000044 D022          MOVB      XAR0,#34              ; [CPU_ALU] |475| 
     317 00000045 E203          MOV32     *+XAR4[AR0],R2H       ; [CPU_FPU] |475| 
         00000046 0294 
     318                      .dwpsn  file "C:/TI/C2000Ware_MotorControl_SDK_5_04_00_00/c2000ware/driverlib/f2837xd/driverlib/adc.h
     319 00000047 F5A9          MOV       AL,*(0:0x0b21)        ; [CPU_ALU] |923| 
         00000048 0B21 
     320                      .dwpsn  file "../sources/dual_axis_servo_drive_user.c",line 479,column 17,is_stmt,isa 0
     321 00000049 0EA9          MOVU      ACC,AL                ; [CPU_ALU] |479| 
     322 0000004a BDA9          MOV32     R3H,ACC               ; [CPU_FPU] |479| 
         0000004b 0F1E 
     323 0000004c 7700          NOP       ; [CPU_ALU] 
     324 0000004d 7700          NOP       ; [CPU_ALU] 
     325 0000004e 7700          NOP       ; [CPU_ALU] 
     326 0000004f D132          MOVB      XAR1,#50              ; [CPU_ALU] |479| 
     327 00000050 E68B          UI32TOF32 R3H,R3H               ; [CPU_FPU] |479| 
         00000051 001B 
     328 00000052 D024          MOVB      XAR0,#36              ; [CPU_ALU] |479| 
     329              
     330 00000053 E306          MPYF32    R3H,R1H,R3H           ; [CPU_FPU] |479| 
         00000054 5A94 
     331              ||      MOV32     R2H,*+XAR4[AR0]       ; [CPU_FPU] |479| 
     332              
     333 00000055 E304          MPYF32    R2H,R0H,R2H           ; [CPU_FPU] |479| 
         00000056 149C 
     334              ||      MOV32     R4H,*+XAR4[AR1]       ; [CPU_FPU] |479| 
     335              
     336 00000057 E700          MPYF32    R3H,R4H,R3H           ; [CPU_FPU] |479| 
         00000058 00E3 
     337 00000059 7700          NOP       ; [CPU_ALU] 
     338 0000005a E710          ADDF32    R2H,R2H,R3H           ; [CPU_FPU] |479| 
         0000005b 00D2 
     339 0000005c D024          MOVB      XAR0,#36              ; [CPU_ALU] |479| 
     340 0000005d E203          MOV32     *+XAR4[AR0],R2H       ; [CPU_FPU] |479| 
         0000005e 0294 
     341                      .dwpsn  file "C:/TI/C2000Ware_MotorControl_SDK_5_04_00_00/c2000ware/driverlib/f2837xd/driverlib/adc.h
     342 0000005f F5A9          MOV       AL,*(0:0x0b01)        ; [CPU_ALU] |923| 
         00000060 0B01 
     343                      .dwpsn  file "../sources/dual_axis_servo_drive_user.c",line 483,column 17,is_stmt,isa 0
     344 00000061 0EA9          MOVU      ACC,AL                ; [CPU_ALU] |483| 
     345 00000062 BDA9          MOV32     R3H,ACC               ; [CPU_FPU] |483| 
         00000063 0F1E 
     346 00000064 7700          NOP       ; [CPU_ALU] 
     347 00000065 7700          NOP       ; [CPU_ALU] 
     348 00000066 7700          NOP       ; [CPU_ALU] 
     349 00000067 D132          MOVB      XAR1,#50              ; [CPU_ALU] |483| 
     350 00000068 E68B          UI32TOF32 R3H,R3H               ; [CPU_FPU] |483| 
TMS320C2000 Assembler PC v22.6.2 Tue Mar  3 20:15:52 2026

Copyright (c) 1996-2018 Texas Instruments Incorporated
dual_axis_servo_drive_user.asm                                       PAGE    8

         00000069 001B 
     351 0000006a D026          MOVB      XAR0,#38              ; [CPU_ALU] |483| 
     352              
     353 0000006b E306          MPYF32    R1H,R1H,R3H           ; [CPU_FPU] |483| 
         0000006c 4A94 
     354              ||      MOV32     R2H,*+XAR4[AR0]       ; [CPU_FPU] |483| 
     355              
     356                      MOV32     R3H,*+XAR4[AR1]       ; [CPU_FPU] |483| 
     357 0000006d E304  ||      MPYF32    R0H,R0H,R2H           ; [CPU_FPU] |483| 
         0000006e 039C 
     358              
     359 0000006f E700          MPYF32    R1H,R3H,R1H           ; [CPU_FPU] |483| 
         00000070 0059 
     360 00000071 7700          NOP       ; [CPU_ALU] 
     361 00000072 E710          ADDF32    R0H,R0H,R1H           ; [CPU_FPU] |483| 
         00000073 0040 
     362 00000074 D026          MOVB      XAR0,#38              ; [CPU_ALU] |483| 
     363 00000075 E203          MOV32     *+XAR4[AR0],R0H       ; [CPU_FPU] |483| 
         00000076 0094 
     364 00000077       ||$C$L3||:    
     365                      .dwpsn  file "../sources/dual_axis_servo_drive_user.c",line 463,column 61,is_stmt,isa 0
     366 00000077 0A00!         INC       @||offsetCalCounter|| ; [CPU_ALU] |463| 
     367 00000078 1B00!         CMP       @||offsetCalCounter||,#20000 ; [CPU_ALU] |463| 
         00000079 4E20 
     368 0000007a 68A2          B         ||$C$L1||,LO          ; [CPU_ALU] |463| 
     369                      ; branchcc occurs ; [] |463| 
     370                      .dwpsn  file "C:/TI/C2000Ware_MotorControl_SDK_5_04_00_00/c2000ware/driverlib/f2837xd/driverlib/adc.h
     371 0000007b D022          MOVB      XAR0,#34              ; [CPU_ALU] |1545| 
     372 0000007c E2AF          MOV32     R0H,*+XAR4[AR0]       ; [CPU_FPU] |1545| 
         0000007d 0094 
     373                      .dwpsn  file "C:/TI/C2000Ware_MotorControl_SDK_5_04_00_00/solutions/common/sensored_foc/include/dual_
     374 0000007e D048          MOVB      XAR0,#72              ; [CPU_ALU] |223| 
     375 0000007f 8394          MOVL      XAR5,*+XAR4[AR0]      ; [CPU_ALU] |223| 
     376                      .dwpsn  file "C:/TI/C2000Ware_MotorControl_SDK_5_04_00_00/c2000ware/driverlib/f2837xd/driverlib/adc.h
     377 00000080 E851          MPYF32    R0H,R0H,#17792        ; [CPU_FPU] |1545| 
         00000081 6000 
     378                      .dwpsn  file "../sources/dual_axis_servo_drive_user.c",line 489,column 9,is_stmt,isa 0
     379 00000082 8D40          MOVL      XAR1,#274             ; [CPU_ALU] |489| 
         00000083 0112 
     380                      .dwpsn  file "C:/TI/C2000Ware_MotorControl_SDK_5_04_00_00/solutions/common/sensored_foc/include/dual_
     381 00000084 D030          MOVB      XAR0,#48              ; [CPU_ALU] |223| 
     382                      .dwpsn  file "C:/TI/C2000Ware_MotorControl_SDK_5_04_00_00/c2000ware/driverlib/f2837xd/driverlib/adc.h
     383 00000085 E68E          F32TOUI16 R0H,R0H               ; [CPU_FPU] |1545| 
         00000086 0000 
     384                      .dwpsn  file "C:/TI/C2000Ware_MotorControl_SDK_5_04_00_00/solutions/common/sensored_foc/include/dual_
     385 00000087 E2AF          MOV32     R4H,*+XAR4[AR0]       ; [CPU_FPU] |223| 
         00000088 0494 
     386 00000089 E2C4          UI16TOF32 R1H,*+XAR5[0]         ; [CPU_FPU] |223| 
         0000008a 01C5 
     387                      .dwpsn  file "C:/TI/C2000Ware_MotorControl_SDK_5_04_00_00/c2000ware/driverlib/f2837xd/driverlib/adc.h
     388 0000008b BFA9          MOV32     ACC,R0H               ; [CPU_FPU] |1545| 
         0000008c 0F12 
     389                      .dwpsn  file "C:/TI/C2000Ware_MotorControl_SDK_5_04_00_00/solutions/common/sensored_foc/include/dual_
     390 0000008d E700          MPYF32    R0H,R4H,R1H           ; [CPU_FPU] |223| 
         0000008e 0060 
TMS320C2000 Assembler PC v22.6.2 Tue Mar  3 20:15:52 2026

Copyright (c) 1996-2018 Texas Instruments Incorporated
dual_axis_servo_drive_user.asm                                       PAGE    9

     391                      .dwpsn  file "C:/TI/C2000Ware_MotorControl_SDK_5_04_00_00/c2000ware/driverlib/f2837xd/driverlib/adc.h
     392 0000008f D024          MOVB      XAR0,#36              ; [CPU_ALU] |1545| 
     393                      .dwpsn  file "C:/TI/C2000Ware_MotorControl_SDK_5_04_00_00/solutions/common/sensored_foc/include/dual_
     394 00000090 E821          MAXF32    R0H,#16256            ; [CPU_FPU] |227| 
         00000091 FC00 
     395                      .dwpsn  file "../sources/dual_axis_servo_drive_user.c",line 489,column 9,is_stmt,isa 0
     396 00000092 E203          MOV32     *+XAR4[AR1],R0H       ; [CPU_FPU] |489| 
         00000093 009C 
     397                      .dwpsn  file "C:/TI/C2000Ware_MotorControl_SDK_5_04_00_00/c2000ware/driverlib/f2837xd/driverlib/adc.h
     398 00000094 F4A9          MOV       *(0:0x754b),AL        ; [CPU_ALU] |1545| 
         00000095 754B 
     399 00000096 E2AF          MOV32     R0H,*+XAR4[AR0]       ; [CPU_FPU] |1545| 
         00000097 0094 
     400 00000098 E851          MPYF32    R0H,R0H,#17792        ; [CPU_FPU] |1545| 
         00000099 6000 
     401 0000009a 7700          NOP       ; [CPU_ALU] 
     402 0000009b E68E          F32TOUI16 R0H,R0H               ; [CPU_FPU] |1545| 
         0000009c 0000 
     403 0000009d 7700          NOP       ; [CPU_ALU] 
     404 0000009e D026          MOVB      XAR0,#38              ; [CPU_ALU] |1545| 
     405 0000009f BFA9          MOV32     ACC,R0H               ; [CPU_FPU] |1545| 
         000000a0 0F12 
     406 000000a1 F4A9          MOV       *(0:0x74cb),AL        ; [CPU_ALU] |1545| 
         000000a2 74CB 
     407 000000a3 E2AF          MOV32     R0H,*+XAR4[AR0]       ; [CPU_FPU] |1545| 
         000000a4 0094 
     408 000000a5 E851          MPYF32    R0H,R0H,#17792        ; [CPU_FPU] |1545| 
         000000a6 6000 
     409 000000a7 7700          NOP       ; [CPU_ALU] 
     410 000000a8 E68E          F32TOUI16 R0H,R0H               ; [CPU_FPU] |1545| 
         000000a9 0000 
     411 000000aa 7700          NOP       ; [CPU_ALU] 
     412 000000ab 7700          NOP       ; [CPU_ALU] 
     413 000000ac BFA9          MOV32     ACC,R0H               ; [CPU_FPU] |1545| 
         000000ad 0F12 
     414 000000ae 9B00          MOVB      AH,#0                 ; [CPU_ALU] |1545| 
     415 000000af F4A9          MOV       *(0:0x744b),AL        ; [CPU_ALU] |1545| 
         000000b0 744B 
     416 000000b1 F4A8          MOV       *(0:0x75cb),AH        ; [CPU_ALU] |1545| 
         000000b2 75CB 
     417                      .dwpsn  file "../sources/dual_axis_servo_drive_user.c",line 504,column 9,is_stmt,isa 0
     418 000000b3 FFEF          B         ||$C$L8||,UNC         ; [CPU_ALU] |504| 
         000000b4 009C 
     419                      ; branch occurs ; [] |504| 
     420 000000b5       ||$C$L4||:    
     421 000000b5 761F!         MOVW      DP,#||offsetCalCounter|| ; [CPU_ARAU] 
         000000b6 0000 
     422                      .dwpsn  file "../sources/dual_axis_servo_drive_user.c",line 417,column 13,is_stmt,isa 0
     423 000000b7 2B00!         MOV       @||offsetCalCounter||,#0 ; [CPU_ALU] |417| 
     424 000000b8       ||$C$L5||:    
     425                      .dwpsn  file "C:/TI/C2000Ware_MotorControl_SDK_5_04_00_00/c2000ware/driverlib/f2837xd/driverlib/epwm.
     426 000000b8 02AA          MOVB      ACC,#170              ; [CPU_ALU] |4872| 
     427 000000b9 761F!         MOVW      DP,#||halMtr||        ; [CPU_ARAU] 
         000000ba 0000 
     428 000000bb 0700!         ADDL      ACC,@||halMtr||       ; [CPU_ALU] |4872| 
TMS320C2000 Assembler PC v22.6.2 Tue Mar  3 20:15:52 2026

Copyright (c) 1996-2018 Texas Instruments Incorporated
dual_axis_servo_drive_user.asm                                       PAGE   10

     429 000000bc 83A9          MOVL      XAR5,ACC              ; [CPU_ALU] |4872| 
     430 000000bd 1AC5          OR        *+XAR5[0],#0x0001     ; [CPU_ALU] |4872| 
         000000be 0001 
     431 000000bf       ||$C$L6||:    
     432                      .dwpsn  file "C:/TI/C2000Ware_MotorControl_SDK_5_04_00_00/c2000ware/driverlib/f2837xd/driverlib/epwm.
     433 000000bf 02A8          MOVB      ACC,#168              ; [CPU_ALU] |4847| 
     434 000000c0 0700!         ADDL      ACC,@||halMtr||       ; [CPU_ALU] |4847| 
     435 000000c1 83A9          MOVL      XAR5,ACC              ; [CPU_ALU] |4847| 
     436 000000c2 40C5          TBIT      *+XAR5[0],#0          ; [CPU_ALU] |4847| 
     437 000000c3 6CFC          B         ||$C$L6||,NTC         ; [CPU_ALU] |4847| 
     438                      ; branchcc occurs ; [] |4847| 
     439 000000c4 761F!         MOVW      DP,#||offsetCalCounter|| ; [CPU_ARAU] 
         000000c5 0000 
     440                      .dwpsn  file "../sources/dual_axis_servo_drive_user.c",line 426,column 13,is_stmt,isa 0
     441 000000c6 1B00!         CMP       @||offsetCalCounter||,#1000 ; [CPU_ALU] |426| 
         000000c7 03E8 
     442 000000c8 694B          B         ||$C$L7||,LOS         ; [CPU_ALU] |426| 
     443                      ; branchcc occurs ; [] |426| 
     444                      .dwpsn  file "C:/TI/C2000Ware_MotorControl_SDK_5_04_00_00/c2000ware/driverlib/f2837xd/driverlib/adc.h
     445 000000c9 F5A9          MOV       AL,*(0:0x0b40)        ; [CPU_ALU] |923| 
         000000ca 0B40 
     446                      .dwpsn  file "../sources/dual_axis_servo_drive_user.c",line 429,column 17,is_stmt,isa 0
     447 000000cb 0EA9          MOVU      ACC,AL                ; [CPU_ALU] |429| 
     448 000000cc BDA9          MOV32     R3H,ACC               ; [CPU_FPU] |429| 
         000000cd 0F1E 
     449 000000ce 7700          NOP       ; [CPU_ALU] 
     450 000000cf D022          MOVB      XAR0,#34              ; [CPU_ALU] |429| 
     451 000000d0 E2AF!         MOV32     R1H,@||K2||           ; [CPU_FPU] |429| 
         000000d1 0100 
     452 000000d2 D132          MOVB      XAR1,#50              ; [CPU_ALU] |429| 
     453 000000d3 E68B          UI32TOF32 R3H,R3H               ; [CPU_FPU] |429| 
         000000d4 001B 
     454 000000d5 E2AF!         MOV32     R0H,@||K1||           ; [CPU_FPU] |429| 
         000000d6 0000 
     455              
     456 000000d7 E306          MPYF32    R3H,R1H,R3H           ; [CPU_FPU] |429| 
         000000d8 5A94 
     457              ||      MOV32     R2H,*+XAR4[AR0]       ; [CPU_FPU] |429| 
     458              
     459 000000d9 E304          MPYF32    R2H,R0H,R2H           ; [CPU_FPU] |429| 
         000000da 149C 
     460              ||      MOV32     R4H,*+XAR4[AR1]       ; [CPU_FPU] |429| 
     461              
     462 000000db E700          MPYF32    R3H,R4H,R3H           ; [CPU_FPU] |429| 
         000000dc 00E3 
     463 000000dd 7700          NOP       ; [CPU_ALU] 
     464 000000de E710          ADDF32    R2H,R2H,R3H           ; [CPU_FPU] |429| 
         000000df 00D2 
     465 000000e0 D022          MOVB      XAR0,#34              ; [CPU_ALU] |429| 
     466 000000e1 E203          MOV32     *+XAR4[AR0],R2H       ; [CPU_FPU] |429| 
         000000e2 0294 
     467                      .dwpsn  file "C:/TI/C2000Ware_MotorControl_SDK_5_04_00_00/c2000ware/driverlib/f2837xd/driverlib/adc.h
     468 000000e3 F5A9          MOV       AL,*(0:0x0b20)        ; [CPU_ALU] |923| 
         000000e4 0B20 
     469                      .dwpsn  file "../sources/dual_axis_servo_drive_user.c",line 433,column 17,is_stmt,isa 0
TMS320C2000 Assembler PC v22.6.2 Tue Mar  3 20:15:52 2026

Copyright (c) 1996-2018 Texas Instruments Incorporated
dual_axis_servo_drive_user.asm                                       PAGE   11

     470 000000e5 0EA9          MOVU      ACC,AL                ; [CPU_ALU] |433| 
     471 000000e6 BDA9          MOV32     R3H,ACC               ; [CPU_FPU] |433| 
         000000e7 0F1E 
     472 000000e8 7700          NOP       ; [CPU_ALU] 
     473 000000e9 7700          NOP       ; [CPU_ALU] 
     474 000000ea 7700          NOP       ; [CPU_ALU] 
     475 000000eb D132          MOVB      XAR1,#50              ; [CPU_ALU] |433| 
     476 000000ec E68B          UI32TOF32 R3H,R3H               ; [CPU_FPU] |433| 
         000000ed 001B 
     477 000000ee D024          MOVB      XAR0,#36              ; [CPU_ALU] |433| 
     478              
     479 000000ef E306          MPYF32    R3H,R1H,R3H           ; [CPU_FPU] |433| 
         000000f0 5A94 
     480              ||      MOV32     R2H,*+XAR4[AR0]       ; [CPU_FPU] |433| 
     481              
     482 000000f1 E304          MPYF32    R2H,R0H,R2H           ; [CPU_FPU] |433| 
         000000f2 149C 
     483              ||      MOV32     R4H,*+XAR4[AR1]       ; [CPU_FPU] |433| 
     484              
     485 000000f3 E700          MPYF32    R3H,R4H,R3H           ; [CPU_FPU] |433| 
         000000f4 00E3 
     486 000000f5 7700          NOP       ; [CPU_ALU] 
     487 000000f6 E710          ADDF32    R2H,R2H,R3H           ; [CPU_FPU] |433| 
         000000f7 00D2 
     488 000000f8 D024          MOVB      XAR0,#36              ; [CPU_ALU] |433| 
     489 000000f9 E203          MOV32     *+XAR4[AR0],R2H       ; [CPU_FPU] |433| 
         000000fa 0294 
     490                      .dwpsn  file "C:/TI/C2000Ware_MotorControl_SDK_5_04_00_00/c2000ware/driverlib/f2837xd/driverlib/adc.h
     491 000000fb F5A9          MOV       AL,*(0:0x0b00)        ; [CPU_ALU] |923| 
         000000fc 0B00 
     492                      .dwpsn  file "../sources/dual_axis_servo_drive_user.c",line 437,column 17,is_stmt,isa 0
     493 000000fd 0EA9          MOVU      ACC,AL                ; [CPU_ALU] |437| 
     494 000000fe BDA9          MOV32     R3H,ACC               ; [CPU_FPU] |437| 
         000000ff 0F1E 
     495 00000100 7700          NOP       ; [CPU_ALU] 
     496 00000101 7700          NOP       ; [CPU_ALU] 
     497 00000102 7700          NOP       ; [CPU_ALU] 
     498 00000103 D132          MOVB      XAR1,#50              ; [CPU_ALU] |437| 
     499 00000104 E68B          UI32TOF32 R3H,R3H               ; [CPU_FPU] |437| 
         00000105 001B 
     500 00000106 D026          MOVB      XAR0,#38              ; [CPU_ALU] |437| 
     501              
     502 00000107 E306          MPYF32    R1H,R1H,R3H           ; [CPU_FPU] |437| 
         00000108 4A94 
     503              ||      MOV32     R2H,*+XAR4[AR0]       ; [CPU_FPU] |437| 
     504              
     505                      MOV32     R3H,*+XAR4[AR1]       ; [CPU_FPU] |437| 
     506 00000109 E304  ||      MPYF32    R0H,R0H,R2H           ; [CPU_FPU] |437| 
         0000010a 039C 
     507              
     508 0000010b E700          MPYF32    R1H,R3H,R1H           ; [CPU_FPU] |437| 
         0000010c 0059 
     509 0000010d 7700          NOP       ; [CPU_ALU] 
     510 0000010e E710          ADDF32    R0H,R0H,R1H           ; [CPU_FPU] |437| 
         0000010f 0040 
TMS320C2000 Assembler PC v22.6.2 Tue Mar  3 20:15:52 2026

Copyright (c) 1996-2018 Texas Instruments Incorporated
dual_axis_servo_drive_user.asm                                       PAGE   12

     511 00000110 D026          MOVB      XAR0,#38              ; [CPU_ALU] |437| 
     512 00000111 E203          MOV32     *+XAR4[AR0],R0H       ; [CPU_FPU] |437| 
         00000112 0094 
     513 00000113       ||$C$L7||:    
     514                      .dwpsn  file "../sources/dual_axis_servo_drive_user.c",line 417,column 61,is_stmt,isa 0
     515 00000113 0A00!         INC       @||offsetCalCounter|| ; [CPU_ALU] |417| 
     516 00000114 1B00!         CMP       @||offsetCalCounter||,#20000 ; [CPU_ALU] |417| 
         00000115 4E20 
     517 00000116 68A2          B         ||$C$L5||,LO          ; [CPU_ALU] |417| 
     518                      ; branchcc occurs ; [] |417| 
     519                      .dwpsn  file "C:/TI/C2000Ware_MotorControl_SDK_5_04_00_00/c2000ware/driverlib/f2837xd/driverlib/adc.h
     520 00000117 D022          MOVB      XAR0,#34              ; [CPU_ALU] |1545| 
     521 00000118 E2AF          MOV32     R0H,*+XAR4[AR0]       ; [CPU_FPU] |1545| 
         00000119 0094 
     522                      .dwpsn  file "C:/TI/C2000Ware_MotorControl_SDK_5_04_00_00/solutions/common/sensored_foc/include/dual_
     523 0000011a D048          MOVB      XAR0,#72              ; [CPU_ALU] |223| 
     524 0000011b 8394          MOVL      XAR5,*+XAR4[AR0]      ; [CPU_ALU] |223| 
     525                      .dwpsn  file "C:/TI/C2000Ware_MotorControl_SDK_5_04_00_00/c2000ware/driverlib/f2837xd/driverlib/adc.h
     526 0000011c E851          MPYF32    R0H,R0H,#17792        ; [CPU_FPU] |1545| 
         0000011d 6000 
     527                      .dwpsn  file "../sources/dual_axis_servo_drive_user.c",line 443,column 9,is_stmt,isa 0
     528 0000011e 8D40          MOVL      XAR1,#274             ; [CPU_ALU] |443| 
         0000011f 0112 
     529                      .dwpsn  file "C:/TI/C2000Ware_MotorControl_SDK_5_04_00_00/solutions/common/sensored_foc/include/dual_
     530 00000120 D030          MOVB      XAR0,#48              ; [CPU_ALU] |223| 
     531                      .dwpsn  file "C:/TI/C2000Ware_MotorControl_SDK_5_04_00_00/c2000ware/driverlib/f2837xd/driverlib/adc.h
     532 00000121 E68E          F32TOUI16 R0H,R0H               ; [CPU_FPU] |1545| 
         00000122 0000 
     533                      .dwpsn  file "C:/TI/C2000Ware_MotorControl_SDK_5_04_00_00/solutions/common/sensored_foc/include/dual_
     534 00000123 E2AF          MOV32     R4H,*+XAR4[AR0]       ; [CPU_FPU] |223| 
         00000124 0494 
     535 00000125 E2C4          UI16TOF32 R1H,*+XAR5[0]         ; [CPU_FPU] |223| 
         00000126 01C5 
     536                      .dwpsn  file "C:/TI/C2000Ware_MotorControl_SDK_5_04_00_00/c2000ware/driverlib/f2837xd/driverlib/adc.h
     537 00000127 BFA9          MOV32     ACC,R0H               ; [CPU_FPU] |1545| 
         00000128 0F12 
     538                      .dwpsn  file "C:/TI/C2000Ware_MotorControl_SDK_5_04_00_00/solutions/common/sensored_foc/include/dual_
     539 00000129 E700          MPYF32    R0H,R4H,R1H           ; [CPU_FPU] |223| 
         0000012a 0060 
     540                      .dwpsn  file "C:/TI/C2000Ware_MotorControl_SDK_5_04_00_00/c2000ware/driverlib/f2837xd/driverlib/adc.h
     541 0000012b D024          MOVB      XAR0,#36              ; [CPU_ALU] |1545| 
     542                      .dwpsn  file "C:/TI/C2000Ware_MotorControl_SDK_5_04_00_00/solutions/common/sensored_foc/include/dual_
     543 0000012c E821          MAXF32    R0H,#16256            ; [CPU_FPU] |227| 
         0000012d FC00 
     544                      .dwpsn  file "../sources/dual_axis_servo_drive_user.c",line 443,column 9,is_stmt,isa 0
     545 0000012e E203          MOV32     *+XAR4[AR1],R0H       ; [CPU_FPU] |443| 
         0000012f 009C 
     546                      .dwpsn  file "C:/TI/C2000Ware_MotorControl_SDK_5_04_00_00/c2000ware/driverlib/f2837xd/driverlib/adc.h
     547 00000130 F4A9          MOV       *(0:0x7543),AL        ; [CPU_ALU] |1545| 
         00000131 7543 
     548 00000132 E2AF          MOV32     R0H,*+XAR4[AR0]       ; [CPU_FPU] |1545| 
         00000133 0094 
     549 00000134 E851          MPYF32    R0H,R0H,#17792        ; [CPU_FPU] |1545| 
         00000135 6000 
     550 00000136 7700          NOP       ; [CPU_ALU] 
TMS320C2000 Assembler PC v22.6.2 Tue Mar  3 20:15:52 2026

Copyright (c) 1996-2018 Texas Instruments Incorporated
dual_axis_servo_drive_user.asm                                       PAGE   13

     551 00000137 E68E          F32TOUI16 R0H,R0H               ; [CPU_FPU] |1545| 
         00000138 0000 
     552 00000139 7700          NOP       ; [CPU_ALU] 
     553 0000013a D026          MOVB      XAR0,#38              ; [CPU_ALU] |1545| 
     554 0000013b BFA9          MOV32     ACC,R0H               ; [CPU_FPU] |1545| 
         0000013c 0F12 
     555 0000013d F4A9          MOV       *(0:0x74c3),AL        ; [CPU_ALU] |1545| 
         0000013e 74C3 
     556 0000013f E2AF          MOV32     R0H,*+XAR4[AR0]       ; [CPU_FPU] |1545| 
         00000140 0094 
     557 00000141 E851          MPYF32    R0H,R0H,#17792        ; [CPU_FPU] |1545| 
         00000142 6000 
     558 00000143 7700          NOP       ; [CPU_ALU] 
     559 00000144 E68E          F32TOUI16 R0H,R0H               ; [CPU_FPU] |1545| 
         00000145 0000 
     560 00000146 7700          NOP       ; [CPU_ALU] 
     561 00000147 7700          NOP       ; [CPU_ALU] 
     562 00000148 BFA9          MOV32     ACC,R0H               ; [CPU_FPU] |1545| 
         00000149 0F12 
     563 0000014a 9B00          MOVB      AH,#0                 ; [CPU_ALU] |1545| 
     564 0000014b F4A9          MOV       *(0:0x7443),AL        ; [CPU_ALU] |1545| 
         0000014c 7443 
     565 0000014d F4A8          MOV       *(0:0x75c3),AH        ; [CPU_ALU] |1545| 
         0000014e 75C3 
     566 0000014f       ||$C$L8||:    
     567                      .dwpsn  file "../sources/dual_axis_servo_drive_user.c",line 508,column 5,is_stmt,isa 0
     568 0000014f 8D00          MOVL      XAR0,#330             ; [CPU_ALU] |508| 
         00000150 014A 
     569 00000151 56BF          MOVB      *+XAR4[AR0],#1,UNC    ; [CPU_ALU] |508| 
         00000152 0194 
     570 00000153 E2AF          MOV32     R4H,*--SP             ; [CPU_FPU] 
         00000154 04BE 
     571                      .dwcfi  cfa_offset, -4
     572                      .dwcfi  restore_reg, 59
     573 00000155 8BBE          MOVL      XAR1,*--SP            ; [CPU_ALU] 
     574                      .dwcfi  cfa_offset, -2
     575                      .dwcfi  restore_reg, 7
     576              $C$DW$29        .dwtag  DW_TAG_TI_branch
     577                      .dwattr $C$DW$29, DW_AT_low_pc(0x00)
     578                      .dwattr $C$DW$29, DW_AT_TI_return
     579              
     580 00000156 0006          LRETR     ; [CPU_ALU] 
     581                      ; return occurs ; [] 
     582                      .dwattr $C$DW$24, DW_AT_TI_end_file("../sources/dual_axis_servo_drive_user.c")
     583                      .dwattr $C$DW$24, DW_AT_TI_end_line(0x1ff)
     584                      .dwattr $C$DW$24, DW_AT_TI_end_column(0x01)
     585                      .dwendentry
     586                      .dwendtag $C$DW$24
     587              
     588 00000000               .sect   ".text:resetControlVars"
     589                      .clink
     590                      .global ||resetControlVars||
     591              
     592              $C$DW$30        .dwtag  DW_TAG_subprogram
     593                      .dwattr $C$DW$30, DW_AT_name("resetControlVars")
TMS320C2000 Assembler PC v22.6.2 Tue Mar  3 20:15:52 2026

Copyright (c) 1996-2018 Texas Instruments Incorporated
dual_axis_servo_drive_user.asm                                       PAGE   14

     594                      .dwattr $C$DW$30, DW_AT_low_pc(||resetControlVars||)
     595                      .dwattr $C$DW$30, DW_AT_high_pc(0x00)
     596                      .dwattr $C$DW$30, DW_AT_linkage_name("resetControlVars")
     597                      .dwattr $C$DW$30, DW_AT_external
     598                      .dwattr $C$DW$30, DW_AT_decl_file("../sources/dual_axis_servo_drive_user.c")
     599                      .dwattr $C$DW$30, DW_AT_decl_line(0x171)
     600                      .dwattr $C$DW$30, DW_AT_decl_column(0x06)
     601                      .dwattr $C$DW$30, DW_AT_TI_max_frame_size(-4)
     602                      .dwpsn  file "../sources/dual_axis_servo_drive_user.c",line 370,column 1,is_stmt,address ||resetContr
     603              
     604                      .dwfde $C$DW$CIE, ||resetControlVars||
     605              $C$DW$31        .dwtag  DW_TAG_formal_parameter
     606                      .dwattr $C$DW$31, DW_AT_name("pMotor")
     607                      .dwattr $C$DW$31, DW_AT_type(*$C$DW$T$116)
     608                      .dwattr $C$DW$31, DW_AT_location[DW_OP_reg12]
     609              
     610              
     611              ;***************************************************************
     612              ;* FNAME: resetControlVars              FR SIZE:   2           *
     613              ;*                                                             *
     614              ;* FUNCTION ENVIRONMENT                                        *
     615              ;*                                                             *
     616              ;* FUNCTION PROPERTIES                                         *
     617              ;*                            0 Parameter,  0 Auto,  2 SOE     *
     618              ;***************************************************************
     619              
     620              ||resetControlVars||:
     621              ;* AR4   assigned to pMotor
     622              $C$DW$32        .dwtag  DW_TAG_variable
     623                      .dwattr $C$DW$32, DW_AT_name("pMotor")
     624                      .dwattr $C$DW$32, DW_AT_type(*$C$DW$T$117)
     625                      .dwattr $C$DW$32, DW_AT_location[DW_OP_reg12]
     626              
     627                      .dwcfi  cfa_offset, -2
     628                      .dwcfi  save_reg_to_mem, 26, 0
     629 00000000 B2BD          MOVL      *SP++,XAR1            ; [CPU_ALU] 
     630                      .dwcfi  save_reg_to_mem, 7, 2
     631                      .dwcfi  cfa_offset, -4
     632                      .dwpsn  file "../sources/dual_axis_servo_drive_user.c",line 383,column 5,is_stmt,isa 0
     633 00000001 8D00          MOVL      XAR0,#280             ; [CPU_ALU] |383| 
         00000002 0118 
     634                      .dwpsn  file "../sources/dual_axis_servo_drive_user.c",line 374,column 5,is_stmt,isa 0
     635 00000003 E590          ZERO      R0H                   ; [CPU_FPU] |374| 
     636                      .dwpsn  file "../sources/dual_axis_servo_drive_user.c",line 383,column 5,is_stmt,isa 0
     637 00000004 8394          MOVL      XAR5,*+XAR4[AR0]      ; [CPU_ALU] |383| 
     638                      .dwpsn  file "../sources/dual_axis_servo_drive_user.c",line 374,column 5,is_stmt,isa 0
     639 00000005 D0AC          MOVB      XAR0,#172             ; [CPU_ALU] |374| 
     640                      .dwpsn  file "../sources/dual_axis_servo_drive_user.c",line 386,column 5,is_stmt,isa 0
     641 00000006 0228          MOVB      ACC,#40               ; [CPU_ALU] |386| 
     642                      .dwpsn  file "../sources/dual_axis_servo_drive_user.c",line 374,column 5,is_stmt,isa 0
     643 00000007 E203          MOV32     *+XAR4[AR0],R0H       ; [CPU_FPU] |374| 
         00000008 0094 
     644                      .dwpsn  file "../sources/dual_axis_servo_drive_user.c",line 375,column 5,is_stmt,isa 0
     645 00000009 D0AA          MOVB      XAR0,#170             ; [CPU_ALU] |375| 
     646 0000000a E203          MOV32     *+XAR4[AR0],R0H       ; [CPU_FPU] |375| 
TMS320C2000 Assembler PC v22.6.2 Tue Mar  3 20:15:52 2026

Copyright (c) 1996-2018 Texas Instruments Incorporated
dual_axis_servo_drive_user.asm                                       PAGE   15

         0000000b 0094 
     647                      .dwpsn  file "../sources/dual_axis_servo_drive_user.c",line 379,column 5,is_stmt,isa 0
     648 0000000c D054          MOVB      XAR0,#84              ; [CPU_ALU] |379| 
     649 0000000d E203          MOV32     *+XAR4[AR0],R0H       ; [CPU_FPU] |379| 
         0000000e 0094 
     650                      .dwpsn  file "../sources/dual_axis_servo_drive_user.c",line 378,column 5,is_stmt,isa 0
     651 0000000f D058          MOVB      XAR0,#88              ; [CPU_ALU] |378| 
     652 00000010 E203          MOV32     *+XAR4[AR0],R0H       ; [CPU_FPU] |378| 
         00000011 0094 
     653                      .dwpsn  file "../sources/dual_axis_servo_drive_user.c",line 380,column 5,is_stmt,isa 0
     654 00000012 D056          MOVB      XAR0,#86              ; [CPU_ALU] |380| 
     655 00000013 E203          MOV32     *+XAR4[AR0],R0H       ; [CPU_FPU] |380| 
         00000014 0094 
     656                      .dwpsn  file "../sources/dual_axis_servo_drive_user.c",line 386,column 5,is_stmt,isa 0
     657 00000015 8D00          MOVL      XAR0,#280             ; [CPU_ALU] |386| 
         00000016 0118 
     658                      .dwpsn  file "../sources/dual_axis_servo_drive_user.c",line 383,column 5,is_stmt,isa 0
     659 00000017 2BC5          MOV       *+XAR5[0],#0          ; [CPU_ALU] |383| 
     660                      .dwpsn  file "../sources/dual_axis_servo_drive_user.c",line 386,column 5,is_stmt,isa 0
     661 00000018 0794          ADDL      ACC,*+XAR4[AR0]       ; [CPU_ALU] |386| 
     662 00000019 83A9          MOVL      XAR5,ACC              ; [CPU_ALU] |386| 
     663                      .dwpsn  file "../sources/dual_axis_servo_drive_user.c",line 371,column 5,is_stmt,isa 0
     664 0000001a 8D40          MOVL      XAR1,#326             ; [CPU_ALU] |371| 
         0000001b 0146 
     665 0000001c 2B9C          MOV       *+XAR4[AR1],#0        ; [CPU_ALU] |371| 
     666                      .dwpsn  file "../sources/dual_axis_servo_drive_user.c",line 387,column 5,is_stmt,isa 0
     667 0000001d 0226          MOVB      ACC,#38               ; [CPU_ALU] |387| 
     668                      .dwpsn  file "../sources/dual_axis_servo_drive_user.c",line 386,column 5,is_stmt,isa 0
     669 0000001e E203          MOV32     *+XAR5[0],R0H         ; [CPU_FPU] |386| 
         0000001f 00C5 
     670                      .dwpsn  file "../sources/dual_axis_servo_drive_user.c",line 387,column 5,is_stmt,isa 0
     671 00000020 0794          ADDL      ACC,*+XAR4[AR0]       ; [CPU_ALU] |387| 
     672 00000021 83A9          MOVL      XAR5,ACC              ; [CPU_ALU] |387| 
     673                      .dwpsn  file "../sources/dual_axis_servo_drive_user.c",line 390,column 5,is_stmt,isa 0
     674 00000022 020E          MOVB      ACC,#14               ; [CPU_ALU] |390| 
     675                      .dwpsn  file "../sources/dual_axis_servo_drive_user.c",line 387,column 5,is_stmt,isa 0
     676 00000023 E203          MOV32     *+XAR5[0],R0H         ; [CPU_FPU] |387| 
         00000024 00C5 
     677                      .dwpsn  file "../sources/dual_axis_servo_drive_user.c",line 390,column 5,is_stmt,isa 0
     678 00000025 0794          ADDL      ACC,*+XAR4[AR0]       ; [CPU_ALU] |390| 
     679 00000026 83A9          MOVL      XAR5,ACC              ; [CPU_ALU] |390| 
     680                      .dwpsn  file "../sources/dual_axis_servo_drive_user.c",line 391,column 5,is_stmt,isa 0
     681 00000027 020A          MOVB      ACC,#10               ; [CPU_ALU] |391| 
     682                      .dwpsn  file "../sources/dual_axis_servo_drive_user.c",line 390,column 5,is_stmt,isa 0
     683 00000028 E203          MOV32     *+XAR5[0],R0H         ; [CPU_FPU] |390| 
         00000029 00C5 
     684                      .dwpsn  file "../sources/dual_axis_servo_drive_user.c",line 391,column 5,is_stmt,isa 0
     685 0000002a 0794          ADDL      ACC,*+XAR4[AR0]       ; [CPU_ALU] |391| 
     686 0000002b 83A9          MOVL      XAR5,ACC              ; [CPU_ALU] |391| 
     687                      .dwpsn  file "../sources/dual_axis_servo_drive_user.c",line 392,column 5,is_stmt,isa 0
     688 0000002c 020C          MOVB      ACC,#12               ; [CPU_ALU] |392| 
     689                      .dwpsn  file "../sources/dual_axis_servo_drive_user.c",line 391,column 5,is_stmt,isa 0
     690 0000002d E203          MOV32     *+XAR5[0],R0H         ; [CPU_FPU] |391| 
         0000002e 00C5 
     691                      .dwpsn  file "../sources/dual_axis_servo_drive_user.c",line 392,column 5,is_stmt,isa 0
TMS320C2000 Assembler PC v22.6.2 Tue Mar  3 20:15:52 2026

Copyright (c) 1996-2018 Texas Instruments Incorporated
dual_axis_servo_drive_user.asm                                       PAGE   16

     692 0000002f 0794          ADDL      ACC,*+XAR4[AR0]       ; [CPU_ALU] |392| 
     693 00000030 83A9          MOVL      XAR5,ACC              ; [CPU_ALU] |392| 
     694                      .dwpsn  file "../sources/dual_axis_servo_drive_user.c",line 395,column 5,is_stmt,isa 0
     695 00000031 0210          MOVB      ACC,#16               ; [CPU_ALU] |395| 
     696                      .dwpsn  file "../sources/dual_axis_servo_drive_user.c",line 392,column 5,is_stmt,isa 0
     697 00000032 E203          MOV32     *+XAR5[0],R0H         ; [CPU_FPU] |392| 
         00000033 00C5 
     698                      .dwpsn  file "../sources/dual_axis_servo_drive_user.c",line 395,column 5,is_stmt,isa 0
     699 00000034 0794          ADDL      ACC,*+XAR4[AR0]       ; [CPU_ALU] |395| 
     700 00000035 8AA9          MOVL      XAR4,ACC              ; [CPU_ALU] |395| 
     701 00000036 E203          MOV32     *+XAR4[0],R0H         ; [CPU_FPU] |395| 
         00000037 00C4 
     702 00000038 8BBE          MOVL      XAR1,*--SP            ; [CPU_ALU] 
     703                      .dwcfi  cfa_offset, -2
     704                      .dwcfi  restore_reg, 7
     705              $C$DW$33        .dwtag  DW_TAG_TI_branch
     706                      .dwattr $C$DW$33, DW_AT_low_pc(0x00)
     707                      .dwattr $C$DW$33, DW_AT_TI_return
     708              
     709 00000039 0006          LRETR     ; [CPU_ALU] 
     710                      ; return occurs ; [] 
     711                      .dwattr $C$DW$30, DW_AT_TI_end_file("../sources/dual_axis_servo_drive_user.c")
     712                      .dwattr $C$DW$30, DW_AT_TI_end_line(0x18e)
     713                      .dwattr $C$DW$30, DW_AT_TI_end_column(0x01)
     714                      .dwendentry
     715                      .dwendtag $C$DW$30
     716              
     717 00000000               .sect   ".text:initMotorParameters"
     718                      .clink
     719                      .global ||initMotorParameters||
     720              
     721              $C$DW$34        .dwtag  DW_TAG_subprogram
     722                      .dwattr $C$DW$34, DW_AT_name("initMotorParameters")
     723                      .dwattr $C$DW$34, DW_AT_low_pc(||initMotorParameters||)
     724                      .dwattr $C$DW$34, DW_AT_high_pc(0x00)
     725                      .dwattr $C$DW$34, DW_AT_linkage_name("initMotorParameters")
     726                      .dwattr $C$DW$34, DW_AT_external
     727                      .dwattr $C$DW$34, DW_AT_decl_file("../sources/dual_axis_servo_drive_user.c")
     728                      .dwattr $C$DW$34, DW_AT_decl_line(0x4e)
     729                      .dwattr $C$DW$34, DW_AT_decl_column(0x06)
     730                      .dwattr $C$DW$34, DW_AT_TI_max_frame_size(-18)
     731                      .dwpsn  file "../sources/dual_axis_servo_drive_user.c",line 79,column 1,is_stmt,address ||initMotorPa
     732              
     733                      .dwfde $C$DW$CIE, ||initMotorParameters||
     734              $C$DW$35        .dwtag  DW_TAG_formal_parameter
     735                      .dwattr $C$DW$35, DW_AT_name("pMotor")
     736                      .dwattr $C$DW$35, DW_AT_type(*$C$DW$T$116)
     737                      .dwattr $C$DW$35, DW_AT_location[DW_OP_reg12]
     738              
     739              $C$DW$36        .dwtag  DW_TAG_formal_parameter
     740                      .dwattr $C$DW$36, DW_AT_name("mtrHandle")
     741                      .dwattr $C$DW$36, DW_AT_type(*$C$DW$T$111)
     742                      .dwattr $C$DW$36, DW_AT_location[DW_OP_reg14]
     743              
     744              
TMS320C2000 Assembler PC v22.6.2 Tue Mar  3 20:15:52 2026

Copyright (c) 1996-2018 Texas Instruments Incorporated
dual_axis_servo_drive_user.asm                                       PAGE   17

     745              ;***************************************************************
     746              ;* FNAME: initMotorParameters           FR SIZE:  16           *
     747              ;*                                                             *
     748              ;* FUNCTION ENVIRONMENT                                        *
     749              ;*                                                             *
     750              ;* FUNCTION PROPERTIES                                         *
     751              ;*                            9 Parameter,  0 Auto,  6 SOE     *
     752              ;***************************************************************
     753              
     754              ||initMotorParameters||:
     755              ;* AR4   assigned to $O$C7
     756              ;* AR4   assigned to $O$C8
     757              ;* AL    assigned to $O$K3
     758              ;* AR2   assigned to pMotor
     759              $C$DW$37        .dwtag  DW_TAG_variable
     760                      .dwattr $C$DW$37, DW_AT_name("pMotor")
     761                      .dwattr $C$DW$37, DW_AT_type(*$C$DW$T$117)
     762                      .dwattr $C$DW$37, DW_AT_location[DW_OP_reg8]
     763              
     764              ;* AR3   assigned to mtrHandle
     765              $C$DW$38        .dwtag  DW_TAG_variable
     766                      .dwattr $C$DW$38, DW_AT_name("mtrHandle")
     767                      .dwattr $C$DW$38, DW_AT_type(*$C$DW$T$112)
     768                      .dwattr $C$DW$38, DW_AT_location[DW_OP_reg10]
     769              
     770                      .dwcfi  cfa_offset, -2
     771                      .dwcfi  save_reg_to_mem, 26, 0
     772 00000000 B2BD          MOVL      *SP++,XAR1            ; [CPU_ALU] 
     773                      .dwcfi  save_reg_to_mem, 7, 2
     774                      .dwcfi  cfa_offset, -4
     775 00000001 AABD          MOVL      *SP++,XAR2            ; [CPU_ALU] 
     776                      .dwcfi  save_reg_to_mem, 9, 4
     777                      .dwcfi  cfa_offset, -6
     778 00000002 A2BD          MOVL      *SP++,XAR3            ; [CPU_ALU] 
     779                      .dwcfi  save_reg_to_mem, 11, 6
     780                      .dwcfi  cfa_offset, -8
     781 00000003 FE0A          ADDB      SP,#10                ; [CPU_ARAU] 
     782                      .dwcfi  cfa_offset, -18
     783 00000004 86A4          MOVL      XAR2,XAR4             ; [CPU_ALU] |79| 
     784                      .dwpsn  file "../sources/dual_axis_servo_drive_user.c",line 83,column 5,is_stmt,isa 0
     785 00000005 8F00!         MOVL      XAR4,#||motorVars||   ; [CPU_ARAU] |83| 
         00000006 0000 
     786                      .dwpsn  file "../sources/dual_axis_servo_drive_user.c",line 79,column 1,is_stmt,isa 0
     787 00000007 82A5          MOVL      XAR3,XAR5             ; [CPU_ALU] |79| 
     788                      .dwpsn  file "../sources/dual_axis_servo_drive_user.c",line 83,column 5,is_stmt,isa 0
     789 00000008 A8A9          MOVL      ACC,XAR4              ; [CPU_ALU] |83| 
     790 00000009 0FA2          CMPL      ACC,XAR2              ; [CPU_ALU] |83| 
     791 0000000a FFE1          B         ||$C$L9||,EQ          ; [CPU_ALU] |83| 
         0000000b 0137 
     792                      ; branchcc occurs ; [] |83| 
     793                      .dwpsn  file "../sources/dual_axis_servo_drive_user.c",line 174,column 10,is_stmt,isa 0
     794 0000000c FF12          ADD       ACC,#83 << 2          ; [CPU_ALU] |174| 
         0000000d 0053 
     795 0000000e 0FA2          CMPL      ACC,XAR2              ; [CPU_ALU] |174| 
     796 0000000f FFE0          B         ||$C$L11||,NEQ        ; [CPU_ALU] |174| 
TMS320C2000 Assembler PC v22.6.2 Tue Mar  3 20:15:52 2026

Copyright (c) 1996-2018 Texas Instruments Incorporated
dual_axis_servo_drive_user.asm                                       PAGE   18

         00000010 0264 
     797                      ; branchcc occurs ; [] |174| 
     798                      .dwpsn  file "../sources/dual_axis_servo_drive_user.c",line 176,column 9,is_stmt,isa 0
     799 00000011 8D00          MOVL      XAR0,#280             ; [CPU_ALU] |176| 
         00000012 0118 
     800 00000013 8F00!         MOVL      XAR4,#||fclVars||+82  ; [CPU_ARAU] |176| 
         00000014 0052 
     801                      .dwpsn  file "../sources/dual_axis_servo_drive_user.c",line 187,column 9,is_stmt,isa 0
     802 00000015 E802          MOVIZ     R0H,#19737            ; [CPU_FPU] |187| 
         00000016 68C8 
     803                      .dwpsn  file "../sources/dual_axis_servo_drive_user.c",line 197,column 9,is_stmt,isa 0
     804 00000017 E801          MOVIZ     R3H,#16349            ; [CPU_FPU] |197| 
         00000018 FEEB 
     805                      .dwpsn  file "../sources/dual_axis_servo_drive_user.c",line 176,column 9,is_stmt,isa 0
     806 00000019 A892          MOVL      *+XAR2[AR0],XAR4      ; [CPU_ALU] |176| 
     807                      .dwpsn  file "../sources/dual_axis_servo_drive_user.c",line 187,column 9,is_stmt,isa 0
     808 0000001a E809          MOVXI     R0H,#8192             ; [CPU_FPU] |187| 
         0000001b 0000 
     809 0000001c D0FA          MOVB      XAR0,#250             ; [CPU_ALU] |187| 
     810                      .dwpsn  file "../sources/dual_axis_servo_drive_user.c",line 207,column 9,is_stmt,isa 0
     811 0000001d E802          MOVIZ     R2H,#16728            ; [CPU_FPU] |207| 
         0000001e 0AC2 
     812                      .dwpsn  file "../sources/dual_axis_servo_drive_user.c",line 197,column 9,is_stmt,isa 0
     813 0000001f E80D          MOVXI     R3H,#46039            ; [CPU_FPU] |197| 
         00000020 9EBB 
     814                      .dwpsn  file "../sources/dual_axis_servo_drive_user.c",line 187,column 9,is_stmt,isa 0
     815 00000021 E203          MOV32     *+XAR2[AR0],R0H       ; [CPU_FPU] |187| 
         00000022 0092 
     816                      .dwpsn  file "../sources/dual_axis_servo_drive_user.c",line 197,column 9,is_stmt,isa 0
     817 00000023 D0FA          MOVB      XAR0,#250             ; [CPU_ALU] |197| 
     818 00000024 E2AF          MOV32     R1H,*+XAR2[AR0]       ; [CPU_FPU] |197| 
         00000025 0192 
     819 00000026 E700          MPYF32    R0H,R3H,R1H           ; [CPU_FPU] |197| 
         00000027 0058 
     820 00000028 D0FE          MOVB      XAR0,#254             ; [CPU_ALU] |197| 
     821 00000029 E203          MOV32     *+XAR2[AR0],R0H       ; [CPU_FPU] |197| 
         0000002a 0092 
     822                      .dwpsn  file "../sources/dual_axis_servo_drive_user.c",line 180,column 9,is_stmt,isa 0
     823 0000002b E802          MOVIZ     R3H,#16912            ; [CPU_FPU] |180| 
         0000002c 1083 
     824                      .dwpsn  file "../sources/dual_axis_servo_drive_user.c",line 207,column 9,is_stmt,isa 0
     825 0000002d 8D00          MOVL      XAR0,#268             ; [CPU_ALU] |207| 
         0000002e 010C 
     826                      .dwpsn  file "../sources/dual_axis_servo_drive_user.c",line 181,column 9,is_stmt,isa 0
     827 0000002f E802          MOVIZ     R1H,#16544            ; [CPU_FPU] |181| 
         00000030 0501 
     828                      .dwpsn  file "../sources/dual_axis_servo_drive_user.c",line 207,column 9,is_stmt,isa 0
     829 00000031 E203          MOV32     *+XAR2[AR0],R2H       ; [CPU_FPU] |207| 
         00000032 0292 
     830                      .dwpsn  file "../sources/dual_axis_servo_drive_user.c",line 213,column 9,is_stmt,isa 0
     831 00000033 0242          MOVB      ACC,#66               ; [CPU_ALU] |213| 
     832                      .dwpsn  file "../sources/dual_axis_servo_drive_user.c",line 180,column 9,is_stmt,isa 0
     833 00000034 D00E          MOVB      XAR0,#14              ; [CPU_ALU] |180| 
     834 00000035 E203          MOV32     *+XAR2[AR0],R3H       ; [CPU_FPU] |180| 
         00000036 0392 
TMS320C2000 Assembler PC v22.6.2 Tue Mar  3 20:15:52 2026

Copyright (c) 1996-2018 Texas Instruments Incorporated
dual_axis_servo_drive_user.asm                                       PAGE   19

     835                      .dwpsn  file "../sources/dual_axis_servo_drive_user.c",line 195,column 9,is_stmt,isa 0
     836 00000037 E805          MOVIZ     R2H,#47616            ; [CPU_FPU] |195| 
         00000038 D002 
     837                      .dwpsn  file "../sources/dual_axis_servo_drive_user.c",line 181,column 9,is_stmt,isa 0
     838 00000039 D010          MOVB      XAR0,#16              ; [CPU_ALU] |181| 
     839                      .dwpsn  file "../sources/dual_axis_servo_drive_user.c",line 201,column 9,is_stmt,isa 0
     840 0000003a E801          MOVIZ     R3H,#14545            ; [CPU_FPU] |201| 
         0000003b C68B 
     841                      .dwpsn  file "../sources/dual_axis_servo_drive_user.c",line 181,column 9,is_stmt,isa 0
     842 0000003c E203          MOV32     *+XAR2[AR0],R1H       ; [CPU_FPU] |181| 
         0000003d 0192 
     843                      .dwpsn  file "../sources/dual_axis_servo_drive_user.c",line 195,column 9,is_stmt,isa 0
     844 0000003e D0FC          MOVB      XAR0,#252             ; [CPU_ALU] |195| 
     845                      .dwpsn  file "../sources/dual_axis_servo_drive_user.c",line 202,column 9,is_stmt,isa 0
     846 0000003f E801          MOVIZ     R1H,#16067            ; [CPU_FPU] |202| 
         00000040 F619 
     847                      .dwpsn  file "../sources/dual_axis_servo_drive_user.c",line 201,column 9,is_stmt,isa 0
     848 00000041 E80D          MOVXI     R3H,#46871            ; [CPU_FPU] |201| 
         00000042 B8BB 
     849                      .dwpsn  file "../sources/dual_axis_servo_drive_user.c",line 195,column 9,is_stmt,isa 0
     850 00000043 E203          MOV32     *+XAR2[AR0],R2H       ; [CPU_FPU] |195| 
         00000044 0292 
     851                      .dwpsn  file "../sources/dual_axis_servo_drive_user.c",line 201,column 9,is_stmt,isa 0
     852 00000045 8D00          MOVL      XAR0,#256             ; [CPU_ALU] |201| 
         00000046 0100 
     853                      .dwpsn  file "../sources/dual_axis_servo_drive_user.c",line 202,column 9,is_stmt,isa 0
     854 00000047 E809          MOVXI     R1H,#15953            ; [CPU_FPU] |202| 
         00000048 F289 
     855                      .dwpsn  file "../sources/dual_axis_servo_drive_user.c",line 203,column 9,is_stmt,isa 0
     856 00000049 E801          MOVIZ     R2H,#16067            ; [CPU_FPU] |203| 
         0000004a F61A 
     857                      .dwpsn  file "../sources/dual_axis_servo_drive_user.c",line 201,column 9,is_stmt,isa 0
     858 0000004b E203          MOV32     *+XAR2[AR0],R3H       ; [CPU_FPU] |201| 
         0000004c 0392 
     859                      .dwpsn  file "../sources/dual_axis_servo_drive_user.c",line 202,column 9,is_stmt,isa 0
     860 0000004d 8D00          MOVL      XAR0,#258             ; [CPU_ALU] |202| 
         0000004e 0102 
     861                      .dwpsn  file "../sources/dual_axis_servo_drive_user.c",line 204,column 9,is_stmt,isa 0
     862 0000004f E801          MOVIZ     R3H,#14642            ; [CPU_FPU] |204| 
         00000050 C993 
     863                      .dwpsn  file "../sources/dual_axis_servo_drive_user.c",line 203,column 9,is_stmt,isa 0
     864 00000051 E809          MOVXI     R2H,#15953            ; [CPU_FPU] |203| 
         00000052 F28A 
     865                      .dwpsn  file "../sources/dual_axis_servo_drive_user.c",line 202,column 9,is_stmt,isa 0
     866 00000053 E203          MOV32     *+XAR2[AR0],R1H       ; [CPU_FPU] |202| 
         00000054 0192 
     867                      .dwpsn  file "../sources/dual_axis_servo_drive_user.c",line 203,column 9,is_stmt,isa 0
     868 00000055 8D00          MOVL      XAR0,#260             ; [CPU_ALU] |203| 
         00000056 0104 
     869                      .dwpsn  file "../sources/dual_axis_servo_drive_user.c",line 204,column 9,is_stmt,isa 0
     870 00000057 E808          MOVXI     R3H,#2594             ; [CPU_FPU] |204| 
         00000058 5113 
     871                      .dwpsn  file "../sources/dual_axis_servo_drive_user.c",line 205,column 9,is_stmt,isa 0
     872 00000059 E801          MOVIZ     R1H,#14642            ; [CPU_FPU] |205| 
         0000005a C991 
TMS320C2000 Assembler PC v22.6.2 Tue Mar  3 20:15:52 2026

Copyright (c) 1996-2018 Texas Instruments Incorporated
dual_axis_servo_drive_user.asm                                       PAGE   20

     873                      .dwpsn  file "../sources/dual_axis_servo_drive_user.c",line 203,column 9,is_stmt,isa 0
     874 0000005b E203          MOV32     *+XAR2[AR0],R2H       ; [CPU_FPU] |203| 
         0000005c 0292 
     875                      .dwpsn  file "../sources/dual_axis_servo_drive_user.c",line 204,column 9,is_stmt,isa 0
     876 0000005d 8D00          MOVL      XAR0,#262             ; [CPU_ALU] |204| 
         0000005e 0106 
     877                      .dwpsn  file "../sources/dual_axis_servo_drive_user.c",line 206,column 9,is_stmt,isa 0
     878 0000005f E801          MOVIZ     R2H,#16204            ; [CPU_FPU] |206| 
         00000060 FA62 
     879                      .dwpsn  file "../sources/dual_axis_servo_drive_user.c",line 205,column 9,is_stmt,isa 0
     880 00000061 E808          MOVXI     R1H,#2594             ; [CPU_FPU] |205| 
         00000062 5111 
     881                      .dwpsn  file "../sources/dual_axis_servo_drive_user.c",line 204,column 9,is_stmt,isa 0
     882 00000063 E203          MOV32     *+XAR2[AR0],R3H       ; [CPU_FPU] |204| 
         00000064 0392 
     883                      .dwpsn  file "../sources/dual_axis_servo_drive_user.c",line 205,column 9,is_stmt,isa 0
     884 00000065 8D00          MOVL      XAR0,#264             ; [CPU_ALU] |205| 
         00000066 0108 
     885                      .dwpsn  file "../sources/dual_axis_servo_drive_user.c",line 206,column 9,is_stmt,isa 0
     886 00000067 E80E          MOVXI     R2H,#52429            ; [CPU_FPU] |206| 
         00000068 666A 
     887                      .dwpsn  file "../sources/dual_axis_servo_drive_user.c",line 208,column 9,is_stmt,isa 0
     888 00000069 E802          MOVIZ     R3H,#17604            ; [CPU_FPU] |208| 
         0000006a 2623 
     889                      .dwpsn  file "../sources/dual_axis_servo_drive_user.c",line 205,column 9,is_stmt,isa 0
     890 0000006b E203          MOV32     *+XAR2[AR0],R1H       ; [CPU_FPU] |205| 
         0000006c 0192 
     891                      .dwpsn  file "../sources/dual_axis_servo_drive_user.c",line 206,column 9,is_stmt,isa 0
     892 0000006d 8D00          MOVL      XAR0,#276             ; [CPU_ALU] |206| 
         0000006e 0114 
     893                      .dwpsn  file "../sources/dual_axis_servo_drive_user.c",line 209,column 9,is_stmt,isa 0
     894 0000006f E802          MOVIZ     R1H,#17437            ; [CPU_FPU] |209| 
         00000070 20E9 
     895                      .dwpsn  file "../sources/dual_axis_servo_drive_user.c",line 208,column 9,is_stmt,isa 0
     896 00000071 E80A          MOVXI     R3H,#22908            ; [CPU_FPU] |208| 
         00000072 CBE3 
     897                      .dwpsn  file "../sources/dual_axis_servo_drive_user.c",line 206,column 9,is_stmt,isa 0
     898 00000073 E203          MOV32     *+XAR2[AR0],R2H       ; [CPU_FPU] |206| 
         00000074 0292 
     899                      .dwpsn  file "../sources/dual_axis_servo_drive_user.c",line 208,column 9,is_stmt,isa 0
     900 00000075 8D00          MOVL      XAR0,#278             ; [CPU_ALU] |208| 
         00000076 0116 
     901                      .dwpsn  file "../sources/dual_axis_servo_drive_user.c",line 209,column 9,is_stmt,isa 0
     902 00000077 E808          MOVXI     R1H,#5219             ; [CPU_FPU] |209| 
         00000078 A319 
     903                      .dwpsn  file "../sources/dual_axis_servo_drive_user.c",line 210,column 9,is_stmt,isa 0
     904 00000079 E802          MOVIZ     R2H,#17437            ; [CPU_FPU] |210| 
         0000007a 20EA 
     905                      .dwpsn  file "../sources/dual_axis_servo_drive_user.c",line 208,column 9,is_stmt,isa 0
     906 0000007b E203          MOV32     *+XAR2[AR0],R3H       ; [CPU_FPU] |208| 
         0000007c 0392 
     907                      .dwpsn  file "../sources/dual_axis_servo_drive_user.c",line 209,column 9,is_stmt,isa 0
     908 0000007d 8D00          MOVL      XAR0,#270             ; [CPU_ALU] |209| 
         0000007e 010E 
     909                      .dwpsn  file "../sources/dual_axis_servo_drive_user.c",line 178,column 9,is_stmt,isa 0
TMS320C2000 Assembler PC v22.6.2 Tue Mar  3 20:15:52 2026

Copyright (c) 1996-2018 Texas Instruments Incorporated
dual_axis_servo_drive_user.asm                                       PAGE   21

     910 0000007f E801          MOVIZ     R3H,#14545            ; [CPU_FPU] |178| 
         00000080 C68B 
     911                      .dwpsn  file "../sources/dual_axis_servo_drive_user.c",line 210,column 9,is_stmt,isa 0
     912 00000081 E808          MOVXI     R2H,#5219             ; [CPU_FPU] |210| 
         00000082 A31A 
     913                      .dwpsn  file "../sources/dual_axis_servo_drive_user.c",line 209,column 9,is_stmt,isa 0
     914 00000083 E203          MOV32     *+XAR2[AR0],R1H       ; [CPU_FPU] |209| 
         00000084 0192 
     915                      .dwpsn  file "../sources/dual_axis_servo_drive_user.c",line 210,column 9,is_stmt,isa 0
     916 00000085 8D00          MOVL      XAR0,#272             ; [CPU_ALU] |210| 
         00000086 0110 
     917                      .dwpsn  file "../sources/dual_axis_servo_drive_user.c",line 178,column 9,is_stmt,isa 0
     918 00000087 E80D          MOVXI     R3H,#46871            ; [CPU_FPU] |178| 
         00000088 B8BB 
     919                      .dwpsn  file "../sources/dual_axis_servo_drive_user.c",line 185,column 9,is_stmt,isa 0
     920 00000089 E801          MOVIZ     R1H,#16250            ; [CPU_FPU] |185| 
         0000008a FBD1 
     921                      .dwpsn  file "../sources/dual_axis_servo_drive_user.c",line 210,column 9,is_stmt,isa 0
     922 0000008b E203          MOV32     *+XAR2[AR0],R2H       ; [CPU_FPU] |210| 
         0000008c 0292 
     923                      .dwpsn  file "../sources/dual_axis_servo_drive_user.c",line 178,column 9,is_stmt,isa 0
     924 0000008d D00A          MOVB      XAR0,#10              ; [CPU_ALU] |178| 
     925                      .dwpsn  file "../sources/dual_axis_servo_drive_user.c",line 185,column 9,is_stmt,isa 0
     926 0000008e E80F          MOVXI     R1H,#57672            ; [CPU_FPU] |185| 
         0000008f 0A41 
     927                      .dwpsn  file "../sources/dual_axis_servo_drive_user.c",line 178,column 9,is_stmt,isa 0
     928 00000090 E203          MOV32     *+XAR2[AR0],R3H       ; [CPU_FPU] |178| 
         00000091 0392 
     929                      .dwpsn  file "../sources/dual_axis_servo_drive_user.c",line 185,column 9,is_stmt,isa 0
     930 00000092 D00C          MOVB      XAR0,#12              ; [CPU_ALU] |185| 
     931 00000093 E203          MOV32     *+XAR2[AR0],R1H       ; [CPU_FPU] |185| 
         00000094 0192 
     932                      .dwpsn  file "../sources/dual_axis_servo_drive_user.c",line 213,column 9,is_stmt,isa 0
     933 00000095 8D00          MOVL      XAR0,#280             ; [CPU_ALU] |213| 
         00000096 0118 
     934 00000097 0792          ADDL      ACC,*+XAR2[AR0]       ; [CPU_ALU] |213| 
     935 00000098 8AA9          MOVL      XAR4,ACC              ; [CPU_ALU] |213| 
     936                      .dwpsn  file "../sources/dual_axis_servo_drive_user.c",line 214,column 9,is_stmt,isa 0
     937 00000099 8D40          MOVL      XAR1,#280             ; [CPU_ALU] |214| 
         0000009a 0118 
     938                      .dwpsn  file "../sources/dual_axis_servo_drive_user.c",line 213,column 9,is_stmt,isa 0
     939 0000009b 28C4          MOV       *+XAR4[0],#1000       ; [CPU_ALU] |213| 
         0000009c 03E8 
     940                      .dwpsn  file "../sources/dual_axis_servo_drive_user.c",line 214,column 9,is_stmt,isa 0
     941 0000009d 8A9A          MOVL      XAR4,*+XAR2[AR1]      ; [CPU_ALU] |214| 
     942 0000009e D042          MOVB      XAR0,#66              ; [CPU_ALU] |214| 
     943 0000009f E2C4          UI16TOF32 R0H,*+XAR4[AR0]       ; [CPU_FPU] |214| 
         000000a0 0094 
     944 000000a1 7700          NOP       ; [CPU_ALU] 
     945 000000a2 E801          MOVIZ     R2H,#16000            ; [CPU_FPU] |214| 
         000000a3 F402 
     946 000000a4 E274          DIVF32    R0H,R2H,R0H           ; [CPU_FPU] |214| 
         000000a5 0010 
     947 000000a6 7700          NOP       ; [CPU_ALU] 
     948 000000a7 7700          NOP       ; [CPU_ALU] 
TMS320C2000 Assembler PC v22.6.2 Tue Mar  3 20:15:52 2026

Copyright (c) 1996-2018 Texas Instruments Incorporated
dual_axis_servo_drive_user.asm                                       PAGE   22

     949                      .dwpsn  file "../sources/dual_axis_servo_drive_user.c",line 217,column 9,is_stmt,isa 0
     950 000000a8 0243          MOVB      ACC,#67               ; [CPU_ALU] |217| 
     951                      .dwpsn  file "../sources/dual_axis_servo_drive_user.c",line 214,column 9,is_stmt,isa 0
     952 000000a9 D040          MOVB      XAR0,#64              ; [CPU_ALU] |214| 
     953 000000aa E203          MOV32     *+XAR4[AR0],R0H       ; [CPU_FPU] |214| 
         000000ab 0094 
     954                      .dwpsn  file "../sources/dual_axis_servo_drive_user.c",line 217,column 9,is_stmt,isa 0
     955 000000ac 8D00          MOVL      XAR0,#280             ; [CPU_ALU] |217| 
         000000ad 0118 
     956 000000ae 0792          ADDL      ACC,*+XAR2[AR0]       ; [CPU_ALU] |217| 
     957 000000af 8AA9          MOVL      XAR4,ACC              ; [CPU_ALU] |217| 
     958                      .dwpsn  file "../sources/dual_axis_servo_drive_user.c",line 238,column 9,is_stmt,isa 0
     959 000000b0 E802          MOVIZ     R2H,#16672            ; [CPU_FPU] |238| 
         000000b1 0902 
     960                      .dwpsn  file "../sources/dual_axis_servo_drive_user.c",line 218,column 9,is_stmt,isa 0
     961 000000b2 0244          MOVB      ACC,#68               ; [CPU_ALU] |218| 
     962                      .dwpsn  file "../sources/dual_axis_servo_drive_user.c",line 217,column 9,is_stmt,isa 0
     963 000000b3 56BF          MOVB      *+XAR4[0],#4,UNC      ; [CPU_ALU] |217| 
         000000b4 04C4 
     964                      .dwpsn  file "../sources/dual_axis_servo_drive_user.c",line 218,column 9,is_stmt,isa 0
     965 000000b5 0792          ADDL      ACC,*+XAR2[AR0]       ; [CPU_ALU] |218| 
     966                      .dwpsn  file "../sources/dual_axis_servo_drive_user.c",line 226,column 9,is_stmt,isa 0
     967 000000b6 D098          MOVB      XAR0,#152             ; [CPU_ALU] |226| 
     968                      .dwpsn  file "../sources/dual_axis_servo_drive_user.c",line 218,column 9,is_stmt,isa 0
     969 000000b7 8AA9          MOVL      XAR4,ACC              ; [CPU_ALU] |218| 
     970                      .dwpsn  file "../sources/dual_axis_servo_drive_user.c",line 237,column 9,is_stmt,isa 0
     971 000000b8 E802          MOVIZ     R1H,#16968            ; [CPU_FPU] |237| 
         000000b9 1241 
     972                      .dwpsn  file "../sources/dual_axis_servo_drive_user.c",line 236,column 9,is_stmt,isa 0
     973 000000ba E802          MOVIZ     R3H,#16672            ; [CPU_FPU] |236| 
         000000bb 0903 
     974                      .dwpsn  file "../sources/dual_axis_servo_drive_user.c",line 218,column 9,is_stmt,isa 0
     975 000000bc BE00          MOVB      XAR6,#0               ; [CPU_ALU] |218| 
     976 000000bd C2C4          MOVL      *+XAR4[0],XAR6        ; [CPU_ALU] |218| 
     977                      .dwpsn  file "../sources/dual_axis_servo_drive_user.c",line 226,column 9,is_stmt,isa 0
     978 000000be 8F00          MOVL      XAR4,#3720            ; [CPU_ARAU] |226| 
         000000bf 0E88 
     979 000000c0 A892          MOVL      *+XAR2[AR0],XAR4      ; [CPU_ALU] |226| 
     980                      .dwpsn  file "../sources/dual_axis_servo_drive_user.c",line 236,column 9,is_stmt,isa 0
     981 000000c1 8D00          MOVL      XAR0,#300             ; [CPU_ALU] |236| 
         000000c2 012C 
     982 000000c3 E203          MOV32     *+XAR2[AR0],R3H       ; [CPU_FPU] |236| 
         000000c4 0392 
     983                      .dwpsn  file "../sources/dual_axis_servo_drive_user.c",line 237,column 9,is_stmt,isa 0
     984 000000c5 8D00          MOVL      XAR0,#302             ; [CPU_ALU] |237| 
         000000c6 012E 
     985                      .dwpsn  file "../sources/dual_axis_servo_drive_user.c",line 229,column 9,is_stmt,isa 0
     986 000000c7 E801          MOVIZ     R3H,#15320            ; [CPU_FPU] |229| 
         000000c8 DEC3 
     987                      .dwpsn  file "../sources/dual_axis_servo_drive_user.c",line 237,column 9,is_stmt,isa 0
     988 000000c9 E203          MOV32     *+XAR2[AR0],R1H       ; [CPU_FPU] |237| 
         000000ca 0192 
     989                      .dwpsn  file "../sources/dual_axis_servo_drive_user.c",line 238,column 9,is_stmt,isa 0
     990 000000cb 8D00          MOVL      XAR0,#304             ; [CPU_ALU] |238| 
         000000cc 0130 
TMS320C2000 Assembler PC v22.6.2 Tue Mar  3 20:15:52 2026

Copyright (c) 1996-2018 Texas Instruments Incorporated
dual_axis_servo_drive_user.asm                                       PAGE   23

     991                      .dwpsn  file "../sources/dual_axis_servo_drive_user.c",line 230,column 9,is_stmt,isa 0
     992 000000cd E801          MOVIZ     R1H,#15508            ; [CPU_FPU] |230| 
         000000ce E4A1 
     993 000000cf E809          MOVXI     R1H,#13107            ; [CPU_FPU] |230| 
         000000d0 9999 
     994                      .dwpsn  file "../sources/dual_axis_servo_drive_user.c",line 238,column 9,is_stmt,isa 0
     995 000000d1 E203          MOV32     *+XAR2[AR0],R2H       ; [CPU_FPU] |238| 
         000000d2 0292 
     996                      .dwpsn  file "../sources/dual_axis_servo_drive_user.c",line 229,column 9,is_stmt,isa 0
     997 000000d3 D02E          MOVB      XAR0,#46              ; [CPU_ALU] |229| 
     998                      .dwpsn  file "../sources/dual_axis_servo_drive_user.c",line 231,column 9,is_stmt,isa 0
     999 000000d4 E801          MOVIZ     R2H,#14720            ; [CPU_FPU] |231| 
         000000d5 CC02 
    1000                      .dwpsn  file "../sources/dual_axis_servo_drive_user.c",line 229,column 9,is_stmt,isa 0
    1001 000000d6 E203          MOV32     *+XAR2[AR0],R3H       ; [CPU_FPU] |229| 
         000000d7 0392 
    1002                      .dwpsn  file "../sources/dual_axis_servo_drive_user.c",line 230,column 9,is_stmt,isa 0
    1003 000000d8 D030          MOVB      XAR0,#48              ; [CPU_ALU] |230| 
    1004 000000d9 E203          MOV32     *+XAR2[AR0],R1H       ; [CPU_FPU] |230| 
         000000da 0192 
    1005                      .dwpsn  file "../sources/dual_axis_servo_drive_user.c",line 231,column 9,is_stmt,isa 0
    1006 000000db D032          MOVB      XAR0,#50              ; [CPU_ALU] |231| 
    1007 000000dc E203          MOV32     *+XAR2[AR0],R2H       ; [CPU_FPU] |231| 
         000000dd 0292 
    1008                      .dwpsn  file "../sources/dual_axis_servo_drive_user.c",line 221,column 9,is_stmt,isa 0
    1009 000000de D00A          MOVB      XAR0,#10              ; [CPU_ALU] |221| 
    1010 000000df E2AF          MOV32     R0H,*+XAR2[AR0]       ; [CPU_FPU] |221| 
         000000e0 0092 
    1011 000000e1 E850          MPYF32    R0H,R0H,#17274        ; [CPU_FPU] |221| 
         000000e2 DE80 
    1012 000000e3 7700          NOP       ; [CPU_ALU] 
    1013 000000e4 E801          MOVIZ     R3H,#16256            ; [CPU_FPU] |221| 
         000000e5 FC03 
    1014 000000e6 E274          DIVF32    R0H,R3H,R0H           ; [CPU_FPU] |221| 
         000000e7 0018 
    1015 000000e8 7700          NOP       ; [CPU_ALU] 
    1016                      .dwpsn  file "../sources/dual_axis_servo_drive_user.c",line 224,column 9,is_stmt,isa 0
    1017 000000e9 E802          MOVIZ     R2H,#16585            ; [CPU_FPU] |224| 
         000000ea 064A 
    1018 000000eb E808          MOVXI     R2H,#4059             ; [CPU_FPU] |224| 
         000000ec 7EDA 
    1019                      .dwpsn  file "../sources/dual_axis_servo_drive_user.c",line 221,column 9,is_stmt,isa 0
    1020 000000ed D09A          MOVB      XAR0,#154             ; [CPU_ALU] |221| 
    1021 000000ee E203          MOV32     *+XAR2[AR0],R0H       ; [CPU_FPU] |221| 
         000000ef 0092 
    1022                      .dwpsn  file "../sources/dual_axis_servo_drive_user.c",line 224,column 9,is_stmt,isa 0
    1023 000000f0 D00A          MOVB      XAR0,#10              ; [CPU_ALU] |224| 
    1024 000000f1 E2AF          MOV32     R1H,*+XAR2[AR0]       ; [CPU_FPU] |224| 
         000000f2 0192 
    1025 000000f3 E700          MPYF32    R0H,R2H,R1H           ; [CPU_FPU] |224| 
         000000f4 0050 
    1026                      .dwpsn  file "../sources/dual_axis_servo_drive_user.c",line 254,column 9,is_stmt,isa 0
    1027 000000f5 8F40          MOVL      XAR5,#2816            ; [CPU_ARAU] |254| 
         000000f6 0B00 
    1028                      .dwpsn  file "../sources/dual_axis_servo_drive_user.c",line 224,column 9,is_stmt,isa 0
TMS320C2000 Assembler PC v22.6.2 Tue Mar  3 20:15:52 2026

Copyright (c) 1996-2018 Texas Instruments Incorporated
dual_axis_servo_drive_user.asm                                       PAGE   24

    1029 000000f7 E850          MPYF32    R0H,R0H,#16544        ; [CPU_FPU] |224| 
         000000f8 2800 
    1030                      .dwpsn  file "../sources/dual_axis_servo_drive_user.c",line 254,column 9,is_stmt,isa 0
    1031 000000f9 FF20          MOV       ACC,#29696            ; [CPU_ALU] |254| 
         000000fa 7400 
    1032                      .dwpsn  file "../sources/dual_axis_servo_drive_user.c",line 224,column 9,is_stmt,isa 0
    1033 000000fb E88F          ADDF32    R0H,R0H,#16256        ; [CPU_FPU] |224| 
         000000fc E000 
    1034                      .dwpsn  file "../sources/dual_axis_servo_drive_user.c",line 254,column 9,is_stmt,isa 0
    1035 000000fd 7680          MOVL      XAR6,#2848            ; [CPU_ARAU] |254| 
         000000fe 0B20 
    1036                      .dwpsn  file "../sources/dual_axis_servo_drive_user.c",line 224,column 9,is_stmt,isa 0
    1037 000000ff E801          MOVIZ     R1H,#16256            ; [CPU_FPU] |224| 
         00000100 FC01 
    1038 00000101 E274          DIVF32    R0H,R1H,R0H           ; [CPU_FPU] |224| 
         00000102 0008 
    1039                      .dwpsn  file "../sources/dual_axis_servo_drive_user.c",line 254,column 9,is_stmt,isa 0
    1040 00000103 8F00          MOVL      XAR4,#2880            ; [CPU_ARAU] |254| 
         00000104 0B40 
    1041                      .dwpsn  file "../sources/dual_axis_servo_drive_user.c",line 232,column 9,is_stmt,isa 0
    1042 00000105 E802          MOVIZ     R3H,#17175            ; [CPU_FPU] |232| 
         00000106 18BB 
    1043 00000107 E80D          MOVXI     R3H,#46118            ; [CPU_FPU] |232| 
         00000108 A133 
    1044                      .dwpsn  file "../sources/dual_axis_servo_drive_user.c",line 224,column 9,is_stmt,isa 0
    1045 00000109 D09C          MOVB      XAR0,#156             ; [CPU_ALU] |224| 
    1046 0000010a E203          MOV32     *+XAR2[AR0],R0H       ; [CPU_FPU] |224| 
         0000010b 0092 
    1047                      .dwpsn  file "../sources/dual_axis_servo_drive_user.c",line 225,column 9,is_stmt,isa 0
    1048 0000010c D09C          MOVB      XAR0,#156             ; [CPU_ALU] |225| 
    1049 0000010d E2AF          MOV32     R0H,*+XAR2[AR0]       ; [CPU_FPU] |225| 
         0000010e 0092 
    1050 0000010f E8CF          SUBF32    R0H,#16256,R0H        ; [CPU_FPU] |225| 
         00000110 E000 
    1051 00000111 D09E          MOVB      XAR0,#158             ; [CPU_ALU] |225| 
    1052 00000112 E203          MOV32     *+XAR2[AR0],R0H       ; [CPU_FPU] |225| 
         00000113 0092 
    1053                      .dwpsn  file "../sources/dual_axis_servo_drive_user.c",line 241,column 9,is_stmt,isa 0
    1054 00000114 8D00          MOVL      XAR0,#320             ; [CPU_ALU] |241| 
         00000115 0140 
    1055                      .dwpsn  file "../sources/dual_axis_servo_drive_user.c",line 233,column 9,is_stmt,isa 0
    1056 00000116 E802          MOVIZ     R0H,#16989            ; [CPU_FPU] |233| 
         00000117 12E8 
    1057                      .dwpsn  file "../sources/dual_axis_servo_drive_user.c",line 241,column 9,is_stmt,isa 0
    1058 00000118 56BF          MOVB      *+XAR2[AR0],#26,UNC   ; [CPU_ALU] |241| 
         00000119 1A92 
    1059                      .dwpsn  file "../sources/dual_axis_servo_drive_user.c",line 242,column 9,is_stmt,isa 0
    1060 0000011a 8D00          MOVL      XAR0,#321             ; [CPU_ALU] |242| 
         0000011b 0141 
    1061                      .dwpsn  file "../sources/dual_axis_servo_drive_user.c",line 233,column 9,is_stmt,isa 0
    1062 0000011c E808          MOVXI     R0H,#6987             ; [CPU_FPU] |233| 
         0000011d DA58 
    1063                      .dwpsn  file "../sources/dual_axis_servo_drive_user.c",line 242,column 9,is_stmt,isa 0
    1064 0000011e 56BF          MOVB      *+XAR2[AR0],#14,UNC   ; [CPU_ALU] |242| 
         0000011f 0E92 
TMS320C2000 Assembler PC v22.6.2 Tue Mar  3 20:15:52 2026

Copyright (c) 1996-2018 Texas Instruments Incorporated
dual_axis_servo_drive_user.asm                                       PAGE   25

    1065                      .dwpsn  file "../sources/dual_axis_servo_drive_user.c",line 243,column 9,is_stmt,isa 0
    1066 00000120 8D00          MOVL      XAR0,#322             ; [CPU_ALU] |243| 
         00000121 0142 
    1067 00000122 56BF          MOVB      *+XAR2[AR0],#66,UNC   ; [CPU_ALU] |243| 
         00000123 4292 
    1068                      .dwpsn  file "../sources/dual_axis_servo_drive_user.c",line 246,column 9,is_stmt,isa 0
    1069 00000124 8D00          MOVL      XAR0,#318             ; [CPU_ALU] |246| 
         00000125 013E 
    1070 00000126 2892          MOV       *+XAR2[AR0],#2806     ; [CPU_ALU] |246| 
         00000127 0AF6 
    1071                      .dwpsn  file "../sources/dual_axis_servo_drive_user.c",line 249,column 9,is_stmt,isa 0
    1072 00000128 8D00          MOVL      XAR0,#319             ; [CPU_ALU] |249| 
         00000129 013F 
    1073 0000012a 2892          MOV       *+XAR2[AR0],#1290     ; [CPU_ALU] |249| 
         0000012b 050A 
    1074                      .dwpsn  file "../sources/dual_axis_servo_drive_user.c",line 232,column 9,is_stmt,isa 0
    1075 0000012c D034          MOVB      XAR0,#52              ; [CPU_ALU] |232| 
    1076 0000012d E203          MOV32     *+XAR2[AR0],R3H       ; [CPU_FPU] |232| 
         0000012e 0392 
    1077                      .dwpsn  file "../sources/dual_axis_servo_drive_user.c",line 233,column 9,is_stmt,isa 0
    1078 0000012f D036          MOVB      XAR0,#54              ; [CPU_ALU] |233| 
    1079 00000130 E203          MOV32     *+XAR2[AR0],R0H       ; [CPU_FPU] |233| 
         00000131 0092 
    1080                      .dwpsn  file "../sources/dual_axis_servo_drive_user.c",line 254,column 9,is_stmt,isa 0
    1081 00000132 C242          MOVL      *-SP[2],XAR6          ; [CPU_ALU] |254| 
    1082 00000133 A044          MOVL      *-SP[4],XAR5          ; [CPU_ALU] |254| 
    1083 00000134 D501          MOVB      XAR5,#1               ; [CPU_ALU] |254| 
    1084 00000135 56BF          MOVB      *-SP[5],#1,UNC        ; [CPU_ALU] |254| 
         00000136 0145 
    1085 00000137 A848          MOVL      *-SP[8],XAR4          ; [CPU_ALU] |254| 
    1086 00000138 8AA2          MOVL      XAR4,XAR2             ; [CPU_ALU] |254| 
    1087 00000139 56BF          MOVB      *-SP[9],#1,UNC        ; [CPU_ALU] |254| 
         0000013a 0149 
    1088              $C$DW$39        .dwtag  DW_TAG_TI_branch
    1089                      .dwattr $C$DW$39, DW_AT_low_pc(0x00)
    1090                      .dwattr $C$DW$39, DW_AT_name("FCL_initADC_3I")
    1091                      .dwattr $C$DW$39, DW_AT_TI_call
    1092              
    1093 0000013b 7640!         LCR       #||FCL_initADC_3I||   ; [CPU_ALU] |254| 
         0000013c 0000 
    1094                      ; call occurs [#||FCL_initADC_3I||] ; [] |254| 
    1095                      .dwpsn  file "../sources/dual_axis_servo_drive_user.c",line 260,column 9,is_stmt,isa 0
    1096 0000013d 8F00          MOVL      XAR4,#2930            ; [CPU_ARAU] |260| 
         0000013e 0B72 
    1097 0000013f FFEF          B         ||$C$L10||,UNC        ; [CPU_ALU] |260| 
         00000140 0132 
    1098                      ; branch occurs ; [] |260| 
    1099 00000141       ||$C$L9||:    
    1100                      .dwpsn  file "../sources/dual_axis_servo_drive_user.c",line 85,column 9,is_stmt,isa 0
    1101 00000141 8D00          MOVL      XAR0,#280             ; [CPU_ALU] |85| 
         00000142 0118 
    1102 00000143 8F00!         MOVL      XAR4,#||fclVars||     ; [CPU_ARAU] |85| 
         00000144 0000 
    1103                      .dwpsn  file "../sources/dual_axis_servo_drive_user.c",line 96,column 9,is_stmt,isa 0
    1104 00000145 E802          MOVIZ     R0H,#19737            ; [CPU_FPU] |96| 
TMS320C2000 Assembler PC v22.6.2 Tue Mar  3 20:15:52 2026

Copyright (c) 1996-2018 Texas Instruments Incorporated
dual_axis_servo_drive_user.asm                                       PAGE   26

         00000146 68C8 
    1105                      .dwpsn  file "../sources/dual_axis_servo_drive_user.c",line 106,column 9,is_stmt,isa 0
    1106 00000147 E801          MOVIZ     R3H,#16349            ; [CPU_FPU] |106| 
         00000148 FEEB 
    1107                      .dwpsn  file "../sources/dual_axis_servo_drive_user.c",line 85,column 9,is_stmt,isa 0
    1108 00000149 A892          MOVL      *+XAR2[AR0],XAR4      ; [CPU_ALU] |85| 
    1109                      .dwpsn  file "../sources/dual_axis_servo_drive_user.c",line 96,column 9,is_stmt,isa 0
    1110 0000014a E809          MOVXI     R0H,#8192             ; [CPU_FPU] |96| 
         0000014b 0000 
    1111 0000014c D0FA          MOVB      XAR0,#250             ; [CPU_ALU] |96| 
    1112                      .dwpsn  file "../sources/dual_axis_servo_drive_user.c",line 116,column 9,is_stmt,isa 0
    1113 0000014d E802          MOVIZ     R2H,#16800            ; [CPU_FPU] |116| 
         0000014e 0D02 
    1114                      .dwpsn  file "../sources/dual_axis_servo_drive_user.c",line 106,column 9,is_stmt,isa 0
    1115 0000014f E80D          MOVXI     R3H,#46039            ; [CPU_FPU] |106| 
         00000150 9EBB 
    1116                      .dwpsn  file "../sources/dual_axis_servo_drive_user.c",line 96,column 9,is_stmt,isa 0
    1117 00000151 E203          MOV32     *+XAR2[AR0],R0H       ; [CPU_FPU] |96| 
         00000152 0092 
    1118                      .dwpsn  file "../sources/dual_axis_servo_drive_user.c",line 106,column 9,is_stmt,isa 0
    1119 00000153 D0FA          MOVB      XAR0,#250             ; [CPU_ALU] |106| 
    1120 00000154 E2AF          MOV32     R1H,*+XAR2[AR0]       ; [CPU_FPU] |106| 
         00000155 0192 
    1121 00000156 E700          MPYF32    R0H,R3H,R1H           ; [CPU_FPU] |106| 
         00000157 0058 
    1122 00000158 D0FE          MOVB      XAR0,#254             ; [CPU_ALU] |106| 
    1123 00000159 E203          MOV32     *+XAR2[AR0],R0H       ; [CPU_FPU] |106| 
         0000015a 0092 
    1124                      .dwpsn  file "../sources/dual_axis_servo_drive_user.c",line 89,column 9,is_stmt,isa 0
    1125 0000015b E802          MOVIZ     R3H,#16832            ; [CPU_FPU] |89| 
         0000015c 0E03 
    1126                      .dwpsn  file "../sources/dual_axis_servo_drive_user.c",line 116,column 9,is_stmt,isa 0
    1127 0000015d 8D00          MOVL      XAR0,#268             ; [CPU_ALU] |116| 
         0000015e 010C 
    1128                      .dwpsn  file "../sources/dual_axis_servo_drive_user.c",line 104,column 9,is_stmt,isa 0
    1129 0000015f E805          MOVIZ     R1H,#47616            ; [CPU_FPU] |104| 
         00000160 D001 
    1130                      .dwpsn  file "../sources/dual_axis_servo_drive_user.c",line 116,column 9,is_stmt,isa 0
    1131 00000161 E203          MOV32     *+XAR2[AR0],R2H       ; [CPU_FPU] |116| 
         00000162 0292 
    1132                      .dwpsn  file "../sources/dual_axis_servo_drive_user.c",line 122,column 9,is_stmt,isa 0
    1133 00000163 0242          MOVB      ACC,#66               ; [CPU_ALU] |122| 
    1134                      .dwpsn  file "../sources/dual_axis_servo_drive_user.c",line 89,column 9,is_stmt,isa 0
    1135 00000164 D00E          MOVB      XAR0,#14              ; [CPU_ALU] |89| 
    1136                      .dwpsn  file "../sources/dual_axis_servo_drive_user.c",line 110,column 9,is_stmt,isa 0
    1137 00000165 E801          MOVIZ     R2H,#14545            ; [CPU_FPU] |110| 
         00000166 C68A 
    1138                      .dwpsn  file "../sources/dual_axis_servo_drive_user.c",line 89,column 9,is_stmt,isa 0
    1139 00000167 E203          MOV32     *+XAR2[AR0],R3H       ; [CPU_FPU] |89| 
         00000168 0392 
    1140                      .dwpsn  file "../sources/dual_axis_servo_drive_user.c",line 104,column 9,is_stmt,isa 0
    1141 00000169 D0FC          MOVB      XAR0,#252             ; [CPU_ALU] |104| 
    1142                      .dwpsn  file "../sources/dual_axis_servo_drive_user.c",line 110,column 9,is_stmt,isa 0
    1143 0000016a E80D          MOVXI     R2H,#46871            ; [CPU_FPU] |110| 
         0000016b B8BA 
TMS320C2000 Assembler PC v22.6.2 Tue Mar  3 20:15:52 2026

Copyright (c) 1996-2018 Texas Instruments Incorporated
dual_axis_servo_drive_user.asm                                       PAGE   27

    1144                      .dwpsn  file "../sources/dual_axis_servo_drive_user.c",line 111,column 9,is_stmt,isa 0
    1145 0000016c E801          MOVIZ     R3H,#16067            ; [CPU_FPU] |111| 
         0000016d F61B 
    1146                      .dwpsn  file "../sources/dual_axis_servo_drive_user.c",line 104,column 9,is_stmt,isa 0
    1147 0000016e E203          MOV32     *+XAR2[AR0],R1H       ; [CPU_FPU] |104| 
         0000016f 0192 
    1148                      .dwpsn  file "../sources/dual_axis_servo_drive_user.c",line 110,column 9,is_stmt,isa 0
    1149 00000170 8D00          MOVL      XAR0,#256             ; [CPU_ALU] |110| 
         00000171 0100 
    1150                      .dwpsn  file "../sources/dual_axis_servo_drive_user.c",line 112,column 9,is_stmt,isa 0
    1151 00000172 E801          MOVIZ     R1H,#16067            ; [CPU_FPU] |112| 
         00000173 F619 
    1152                      .dwpsn  file "../sources/dual_axis_servo_drive_user.c",line 111,column 9,is_stmt,isa 0
    1153 00000174 E809          MOVXI     R3H,#15953            ; [CPU_FPU] |111| 
         00000175 F28B 
    1154                      .dwpsn  file "../sources/dual_axis_servo_drive_user.c",line 110,column 9,is_stmt,isa 0
    1155 00000176 E203          MOV32     *+XAR2[AR0],R2H       ; [CPU_FPU] |110| 
         00000177 0292 
    1156                      .dwpsn  file "../sources/dual_axis_servo_drive_user.c",line 111,column 9,is_stmt,isa 0
    1157 00000178 8D00          MOVL      XAR0,#258             ; [CPU_ALU] |111| 
         00000179 0102 
    1158                      .dwpsn  file "../sources/dual_axis_servo_drive_user.c",line 112,column 9,is_stmt,isa 0
    1159 0000017a E809          MOVXI     R1H,#15953            ; [CPU_FPU] |112| 
         0000017b F289 
    1160                      .dwpsn  file "../sources/dual_axis_servo_drive_user.c",line 113,column 9,is_stmt,isa 0
    1161 0000017c E801          MOVIZ     R2H,#14642            ; [CPU_FPU] |113| 
         0000017d C992 
    1162                      .dwpsn  file "../sources/dual_axis_servo_drive_user.c",line 111,column 9,is_stmt,isa 0
    1163 0000017e E203          MOV32     *+XAR2[AR0],R3H       ; [CPU_FPU] |111| 
         0000017f 0392 
    1164                      .dwpsn  file "../sources/dual_axis_servo_drive_user.c",line 112,column 9,is_stmt,isa 0
    1165 00000180 8D00          MOVL      XAR0,#260             ; [CPU_ALU] |112| 
         00000181 0104 
    1166                      .dwpsn  file "../sources/dual_axis_servo_drive_user.c",line 114,column 9,is_stmt,isa 0
    1167 00000182 E801          MOVIZ     R3H,#14642            ; [CPU_FPU] |114| 
         00000183 C993 
    1168                      .dwpsn  file "../sources/dual_axis_servo_drive_user.c",line 113,column 9,is_stmt,isa 0
    1169 00000184 E808          MOVXI     R2H,#2594             ; [CPU_FPU] |113| 
         00000185 5112 
    1170                      .dwpsn  file "../sources/dual_axis_servo_drive_user.c",line 112,column 9,is_stmt,isa 0
    1171 00000186 E203          MOV32     *+XAR2[AR0],R1H       ; [CPU_FPU] |112| 
         00000187 0192 
    1172                      .dwpsn  file "../sources/dual_axis_servo_drive_user.c",line 113,column 9,is_stmt,isa 0
    1173 00000188 8D00          MOVL      XAR0,#262             ; [CPU_ALU] |113| 
         00000189 0106 
    1174                      .dwpsn  file "../sources/dual_axis_servo_drive_user.c",line 114,column 9,is_stmt,isa 0
    1175 0000018a E808          MOVXI     R3H,#2594             ; [CPU_FPU] |114| 
         0000018b 5113 
    1176                      .dwpsn  file "../sources/dual_axis_servo_drive_user.c",line 115,column 9,is_stmt,isa 0
    1177 0000018c E801          MOVIZ     R1H,#16204            ; [CPU_FPU] |115| 
         0000018d FA61 
    1178                      .dwpsn  file "../sources/dual_axis_servo_drive_user.c",line 113,column 9,is_stmt,isa 0
    1179 0000018e E203          MOV32     *+XAR2[AR0],R2H       ; [CPU_FPU] |113| 
         0000018f 0292 
    1180                      .dwpsn  file "../sources/dual_axis_servo_drive_user.c",line 114,column 9,is_stmt,isa 0
TMS320C2000 Assembler PC v22.6.2 Tue Mar  3 20:15:52 2026

Copyright (c) 1996-2018 Texas Instruments Incorporated
dual_axis_servo_drive_user.asm                                       PAGE   28

    1181 00000190 8D00          MOVL      XAR0,#264             ; [CPU_ALU] |114| 
         00000191 0108 
    1182                      .dwpsn  file "../sources/dual_axis_servo_drive_user.c",line 117,column 9,is_stmt,isa 0
    1183 00000192 E802          MOVIZ     R2H,#17604            ; [CPU_FPU] |117| 
         00000193 2622 
    1184                      .dwpsn  file "../sources/dual_axis_servo_drive_user.c",line 115,column 9,is_stmt,isa 0
    1185 00000194 E80E          MOVXI     R1H,#52429            ; [CPU_FPU] |115| 
         00000195 6669 
    1186                      .dwpsn  file "../sources/dual_axis_servo_drive_user.c",line 114,column 9,is_stmt,isa 0
    1187 00000196 E203          MOV32     *+XAR2[AR0],R3H       ; [CPU_FPU] |114| 
         00000197 0392 
    1188                      .dwpsn  file "../sources/dual_axis_servo_drive_user.c",line 115,column 9,is_stmt,isa 0
    1189 00000198 8D00          MOVL      XAR0,#276             ; [CPU_ALU] |115| 
         00000199 0114 
    1190                      .dwpsn  file "../sources/dual_axis_servo_drive_user.c",line 117,column 9,is_stmt,isa 0
    1191 0000019a E80A          MOVXI     R2H,#22908            ; [CPU_FPU] |117| 
         0000019b CBE2 
    1192                      .dwpsn  file "../sources/dual_axis_servo_drive_user.c",line 118,column 9,is_stmt,isa 0
    1193 0000019c E802          MOVIZ     R3H,#17437            ; [CPU_FPU] |118| 
         0000019d 20EB 
    1194                      .dwpsn  file "../sources/dual_axis_servo_drive_user.c",line 115,column 9,is_stmt,isa 0
    1195 0000019e E203          MOV32     *+XAR2[AR0],R1H       ; [CPU_FPU] |115| 
         0000019f 0192 
    1196                      .dwpsn  file "../sources/dual_axis_servo_drive_user.c",line 117,column 9,is_stmt,isa 0
    1197 000001a0 8D00          MOVL      XAR0,#278             ; [CPU_ALU] |117| 
         000001a1 0116 
    1198                      .dwpsn  file "../sources/dual_axis_servo_drive_user.c",line 119,column 9,is_stmt,isa 0
    1199 000001a2 E802          MOVIZ     R1H,#17437            ; [CPU_FPU] |119| 
         000001a3 20E9 
    1200                      .dwpsn  file "../sources/dual_axis_servo_drive_user.c",line 118,column 9,is_stmt,isa 0
    1201 000001a4 E808          MOVXI     R3H,#5219             ; [CPU_FPU] |118| 
         000001a5 A31B 
    1202                      .dwpsn  file "../sources/dual_axis_servo_drive_user.c",line 117,column 9,is_stmt,isa 0
    1203 000001a6 E203          MOV32     *+XAR2[AR0],R2H       ; [CPU_FPU] |117| 
         000001a7 0292 
    1204                      .dwpsn  file "../sources/dual_axis_servo_drive_user.c",line 118,column 9,is_stmt,isa 0
    1205 000001a8 8D00          MOVL      XAR0,#270             ; [CPU_ALU] |118| 
         000001a9 010E 
    1206                      .dwpsn  file "../sources/dual_axis_servo_drive_user.c",line 119,column 9,is_stmt,isa 0
    1207 000001aa E808          MOVXI     R1H,#5219             ; [CPU_FPU] |119| 
         000001ab A319 
    1208                      .dwpsn  file "../sources/dual_axis_servo_drive_user.c",line 87,column 9,is_stmt,isa 0
    1209 000001ac E801          MOVIZ     R2H,#14545            ; [CPU_FPU] |87| 
         000001ad C68A 
    1210                      .dwpsn  file "../sources/dual_axis_servo_drive_user.c",line 118,column 9,is_stmt,isa 0
    1211 000001ae E203          MOV32     *+XAR2[AR0],R3H       ; [CPU_FPU] |118| 
         000001af 0392 
    1212                      .dwpsn  file "../sources/dual_axis_servo_drive_user.c",line 119,column 9,is_stmt,isa 0
    1213 000001b0 8D00          MOVL      XAR0,#272             ; [CPU_ALU] |119| 
         000001b1 0110 
    1214                      .dwpsn  file "../sources/dual_axis_servo_drive_user.c",line 90,column 9,is_stmt,isa 0
    1215 000001b2 E802          MOVIZ     R3H,#16633            ; [CPU_FPU] |90| 
         000001b3 07CB 
    1216                      .dwpsn  file "../sources/dual_axis_servo_drive_user.c",line 87,column 9,is_stmt,isa 0
    1217 000001b4 E80D          MOVXI     R2H,#46871            ; [CPU_FPU] |87| 
TMS320C2000 Assembler PC v22.6.2 Tue Mar  3 20:15:52 2026

Copyright (c) 1996-2018 Texas Instruments Incorporated
dual_axis_servo_drive_user.asm                                       PAGE   29

         000001b5 B8BA 
    1218                      .dwpsn  file "../sources/dual_axis_servo_drive_user.c",line 119,column 9,is_stmt,isa 0
    1219 000001b6 E203          MOV32     *+XAR2[AR0],R1H       ; [CPU_FPU] |119| 
         000001b7 0192 
    1220                      .dwpsn  file "../sources/dual_axis_servo_drive_user.c",line 87,column 9,is_stmt,isa 0
    1221 000001b8 D00A          MOVB      XAR0,#10              ; [CPU_ALU] |87| 
    1222                      .dwpsn  file "../sources/dual_axis_servo_drive_user.c",line 90,column 9,is_stmt,isa 0
    1223 000001b9 E80C          MOVXI     R3H,#39322            ; [CPU_FPU] |90| 
         000001ba CCD3 
    1224                      .dwpsn  file "../sources/dual_axis_servo_drive_user.c",line 94,column 9,is_stmt,isa 0
    1225 000001bb E801          MOVIZ     R1H,#16250            ; [CPU_FPU] |94| 
         000001bc FBD1 
    1226                      .dwpsn  file "../sources/dual_axis_servo_drive_user.c",line 87,column 9,is_stmt,isa 0
    1227 000001bd E203          MOV32     *+XAR2[AR0],R2H       ; [CPU_FPU] |87| 
         000001be 0292 
    1228                      .dwpsn  file "../sources/dual_axis_servo_drive_user.c",line 90,column 9,is_stmt,isa 0
    1229 000001bf D010          MOVB      XAR0,#16              ; [CPU_ALU] |90| 
    1230                      .dwpsn  file "../sources/dual_axis_servo_drive_user.c",line 94,column 9,is_stmt,isa 0
    1231 000001c0 E80F          MOVXI     R1H,#57672            ; [CPU_FPU] |94| 
         000001c1 0A41 
    1232                      .dwpsn  file "../sources/dual_axis_servo_drive_user.c",line 90,column 9,is_stmt,isa 0
    1233 000001c2 E203          MOV32     *+XAR2[AR0],R3H       ; [CPU_FPU] |90| 
         000001c3 0392 
    1234                      .dwpsn  file "../sources/dual_axis_servo_drive_user.c",line 94,column 9,is_stmt,isa 0
    1235 000001c4 D00C          MOVB      XAR0,#12              ; [CPU_ALU] |94| 
    1236 000001c5 E203          MOV32     *+XAR2[AR0],R1H       ; [CPU_FPU] |94| 
         000001c6 0192 
    1237                      .dwpsn  file "../sources/dual_axis_servo_drive_user.c",line 122,column 9,is_stmt,isa 0
    1238 000001c7 8D00          MOVL      XAR0,#280             ; [CPU_ALU] |122| 
         000001c8 0118 
    1239 000001c9 0792          ADDL      ACC,*+XAR2[AR0]       ; [CPU_ALU] |122| 
    1240 000001ca 8AA9          MOVL      XAR4,ACC              ; [CPU_ALU] |122| 
    1241                      .dwpsn  file "../sources/dual_axis_servo_drive_user.c",line 123,column 9,is_stmt,isa 0
    1242 000001cb 8D40          MOVL      XAR1,#280             ; [CPU_ALU] |123| 
         000001cc 0118 
    1243                      .dwpsn  file "../sources/dual_axis_servo_drive_user.c",line 122,column 9,is_stmt,isa 0
    1244 000001cd 28C4          MOV       *+XAR4[0],#1000       ; [CPU_ALU] |122| 
         000001ce 03E8 
    1245                      .dwpsn  file "../sources/dual_axis_servo_drive_user.c",line 123,column 9,is_stmt,isa 0
    1246 000001cf 8A9A          MOVL      XAR4,*+XAR2[AR1]      ; [CPU_ALU] |123| 
    1247 000001d0 D042          MOVB      XAR0,#66              ; [CPU_ALU] |123| 
    1248 000001d1 E2C4          UI16TOF32 R0H,*+XAR4[AR0]       ; [CPU_FPU] |123| 
         000001d2 0094 
    1249 000001d3 7700          NOP       ; [CPU_ALU] 
    1250 000001d4 E801          MOVIZ     R2H,#16000            ; [CPU_FPU] |123| 
         000001d5 F402 
    1251 000001d6 E274          DIVF32    R0H,R2H,R0H           ; [CPU_FPU] |123| 
         000001d7 0010 
    1252 000001d8 7700          NOP       ; [CPU_ALU] 
    1253 000001d9 7700          NOP       ; [CPU_ALU] 
    1254                      .dwpsn  file "../sources/dual_axis_servo_drive_user.c",line 126,column 9,is_stmt,isa 0
    1255 000001da 0243          MOVB      ACC,#67               ; [CPU_ALU] |126| 
    1256                      .dwpsn  file "../sources/dual_axis_servo_drive_user.c",line 123,column 9,is_stmt,isa 0
    1257 000001db D040          MOVB      XAR0,#64              ; [CPU_ALU] |123| 
    1258 000001dc E203          MOV32     *+XAR4[AR0],R0H       ; [CPU_FPU] |123| 
TMS320C2000 Assembler PC v22.6.2 Tue Mar  3 20:15:52 2026

Copyright (c) 1996-2018 Texas Instruments Incorporated
dual_axis_servo_drive_user.asm                                       PAGE   30

         000001dd 0094 
    1259                      .dwpsn  file "../sources/dual_axis_servo_drive_user.c",line 126,column 9,is_stmt,isa 0
    1260 000001de 8D00          MOVL      XAR0,#280             ; [CPU_ALU] |126| 
         000001df 0118 
    1261 000001e0 0792          ADDL      ACC,*+XAR2[AR0]       ; [CPU_ALU] |126| 
    1262 000001e1 8AA9          MOVL      XAR4,ACC              ; [CPU_ALU] |126| 
    1263                      .dwpsn  file "../sources/dual_axis_servo_drive_user.c",line 147,column 9,is_stmt,isa 0
    1264 000001e2 E802          MOVIZ     R2H,#16752            ; [CPU_FPU] |147| 
         000001e3 0B82 
    1265                      .dwpsn  file "../sources/dual_axis_servo_drive_user.c",line 127,column 9,is_stmt,isa 0
    1266 000001e4 0244          MOVB      ACC,#68               ; [CPU_ALU] |127| 
    1267                      .dwpsn  file "../sources/dual_axis_servo_drive_user.c",line 126,column 9,is_stmt,isa 0
    1268 000001e5 56BF          MOVB      *+XAR4[0],#4,UNC      ; [CPU_ALU] |126| 
         000001e6 04C4 
    1269                      .dwpsn  file "../sources/dual_axis_servo_drive_user.c",line 127,column 9,is_stmt,isa 0
    1270 000001e7 0792          ADDL      ACC,*+XAR2[AR0]       ; [CPU_ALU] |127| 
    1271                      .dwpsn  file "../sources/dual_axis_servo_drive_user.c",line 135,column 9,is_stmt,isa 0
    1272 000001e8 D098          MOVB      XAR0,#152             ; [CPU_ALU] |135| 
    1273                      .dwpsn  file "../sources/dual_axis_servo_drive_user.c",line 127,column 9,is_stmt,isa 0
    1274 000001e9 8AA9          MOVL      XAR4,ACC              ; [CPU_ALU] |127| 
    1275                      .dwpsn  file "../sources/dual_axis_servo_drive_user.c",line 146,column 9,is_stmt,isa 0
    1276 000001ea E802          MOVIZ     R1H,#16864            ; [CPU_FPU] |146| 
         000001eb 0F01 
    1277                      .dwpsn  file "../sources/dual_axis_servo_drive_user.c",line 145,column 9,is_stmt,isa 0
    1278 000001ec E802          MOVIZ     R3H,#16752            ; [CPU_FPU] |145| 
         000001ed 0B83 
    1279                      .dwpsn  file "../sources/dual_axis_servo_drive_user.c",line 127,column 9,is_stmt,isa 0
    1280 000001ee BE00          MOVB      XAR6,#0               ; [CPU_ALU] |127| 
    1281 000001ef C2C4          MOVL      *+XAR4[0],XAR6        ; [CPU_ALU] |127| 
    1282                      .dwpsn  file "../sources/dual_axis_servo_drive_user.c",line 135,column 9,is_stmt,isa 0
    1283 000001f0 8F00          MOVL      XAR4,#3720            ; [CPU_ARAU] |135| 
         000001f1 0E88 
    1284 000001f2 A892          MOVL      *+XAR2[AR0],XAR4      ; [CPU_ALU] |135| 
    1285                      .dwpsn  file "../sources/dual_axis_servo_drive_user.c",line 145,column 9,is_stmt,isa 0
    1286 000001f3 8D00          MOVL      XAR0,#300             ; [CPU_ALU] |145| 
         000001f4 012C 
    1287 000001f5 E203          MOV32     *+XAR2[AR0],R3H       ; [CPU_FPU] |145| 
         000001f6 0392 
    1288                      .dwpsn  file "../sources/dual_axis_servo_drive_user.c",line 146,column 9,is_stmt,isa 0
    1289 000001f7 8D00          MOVL      XAR0,#302             ; [CPU_ALU] |146| 
         000001f8 012E 
    1290                      .dwpsn  file "../sources/dual_axis_servo_drive_user.c",line 138,column 9,is_stmt,isa 0
    1291 000001f9 E801          MOVIZ     R3H,#15413            ; [CPU_FPU] |138| 
         000001fa E1AB 
    1292                      .dwpsn  file "../sources/dual_axis_servo_drive_user.c",line 146,column 9,is_stmt,isa 0
    1293 000001fb E203          MOV32     *+XAR2[AR0],R1H       ; [CPU_FPU] |146| 
         000001fc 0192 
    1294                      .dwpsn  file "../sources/dual_axis_servo_drive_user.c",line 138,column 9,is_stmt,isa 0
    1295 000001fd E80E          MOVXI     R3H,#56518            ; [CPU_FPU] |138| 
         000001fe E633 
    1296                      .dwpsn  file "../sources/dual_axis_servo_drive_user.c",line 147,column 9,is_stmt,isa 0
    1297 000001ff 8D00          MOVL      XAR0,#304             ; [CPU_ALU] |147| 
         00000200 0130 
    1298                      .dwpsn  file "../sources/dual_axis_servo_drive_user.c",line 139,column 9,is_stmt,isa 0
    1299 00000201 E801          MOVIZ     R1H,#15492            ; [CPU_FPU] |139| 
TMS320C2000 Assembler PC v22.6.2 Tue Mar  3 20:15:52 2026

Copyright (c) 1996-2018 Texas Instruments Incorporated
dual_axis_servo_drive_user.asm                                       PAGE   31

         00000202 E421 
    1300 00000203 E80C          MOVXI     R1H,#39322            ; [CPU_FPU] |139| 
         00000204 CCD1 
    1301                      .dwpsn  file "../sources/dual_axis_servo_drive_user.c",line 147,column 9,is_stmt,isa 0
    1302 00000205 E203          MOV32     *+XAR2[AR0],R2H       ; [CPU_FPU] |147| 
         00000206 0292 
    1303                      .dwpsn  file "../sources/dual_axis_servo_drive_user.c",line 138,column 9,is_stmt,isa 0
    1304 00000207 D02E          MOVB      XAR0,#46              ; [CPU_ALU] |138| 
    1305                      .dwpsn  file "../sources/dual_axis_servo_drive_user.c",line 140,column 9,is_stmt,isa 0
    1306 00000208 E801          MOVIZ     R2H,#14720            ; [CPU_FPU] |140| 
         00000209 CC02 
    1307                      .dwpsn  file "../sources/dual_axis_servo_drive_user.c",line 138,column 9,is_stmt,isa 0
    1308 0000020a E203          MOV32     *+XAR2[AR0],R3H       ; [CPU_FPU] |138| 
         0000020b 0392 
    1309                      .dwpsn  file "../sources/dual_axis_servo_drive_user.c",line 139,column 9,is_stmt,isa 0
    1310 0000020c D030          MOVB      XAR0,#48              ; [CPU_ALU] |139| 
    1311 0000020d E203          MOV32     *+XAR2[AR0],R1H       ; [CPU_FPU] |139| 
         0000020e 0192 
    1312                      .dwpsn  file "../sources/dual_axis_servo_drive_user.c",line 140,column 9,is_stmt,isa 0
    1313 0000020f D032          MOVB      XAR0,#50              ; [CPU_ALU] |140| 
    1314 00000210 E203          MOV32     *+XAR2[AR0],R2H       ; [CPU_FPU] |140| 
         00000211 0292 
    1315                      .dwpsn  file "../sources/dual_axis_servo_drive_user.c",line 130,column 9,is_stmt,isa 0
    1316 00000212 D00A          MOVB      XAR0,#10              ; [CPU_ALU] |130| 
    1317 00000213 E2AF          MOV32     R0H,*+XAR2[AR0]       ; [CPU_FPU] |130| 
         00000214 0092 
    1318 00000215 E850          MPYF32    R0H,R0H,#17274        ; [CPU_FPU] |130| 
         00000216 DE80 
    1319 00000217 7700          NOP       ; [CPU_ALU] 
    1320 00000218 E801          MOVIZ     R3H,#16256            ; [CPU_FPU] |130| 
         00000219 FC03 
    1321 0000021a E274          DIVF32    R0H,R3H,R0H           ; [CPU_FPU] |130| 
         0000021b 0018 
    1322 0000021c 7700          NOP       ; [CPU_ALU] 
    1323                      .dwpsn  file "../sources/dual_axis_servo_drive_user.c",line 133,column 9,is_stmt,isa 0
    1324 0000021d E802          MOVIZ     R2H,#16585            ; [CPU_FPU] |133| 
         0000021e 064A 
    1325 0000021f E808          MOVXI     R2H,#4059             ; [CPU_FPU] |133| 
         00000220 7EDA 
    1326                      .dwpsn  file "../sources/dual_axis_servo_drive_user.c",line 130,column 9,is_stmt,isa 0
    1327 00000221 D09A          MOVB      XAR0,#154             ; [CPU_ALU] |130| 
    1328 00000222 E203          MOV32     *+XAR2[AR0],R0H       ; [CPU_FPU] |130| 
         00000223 0092 
    1329                      .dwpsn  file "../sources/dual_axis_servo_drive_user.c",line 133,column 9,is_stmt,isa 0
    1330 00000224 D00A          MOVB      XAR0,#10              ; [CPU_ALU] |133| 
    1331 00000225 E2AF          MOV32     R1H,*+XAR2[AR0]       ; [CPU_FPU] |133| 
         00000226 0192 
    1332 00000227 E700          MPYF32    R0H,R2H,R1H           ; [CPU_FPU] |133| 
         00000228 0050 
    1333                      .dwpsn  file "../sources/dual_axis_servo_drive_user.c",line 163,column 9,is_stmt,isa 0
    1334 00000229 8F40          MOVL      XAR5,#2816            ; [CPU_ARAU] |163| 
         0000022a 0B00 
    1335                      .dwpsn  file "../sources/dual_axis_servo_drive_user.c",line 133,column 9,is_stmt,isa 0
    1336 0000022b E850          MPYF32    R0H,R0H,#16544        ; [CPU_FPU] |133| 
         0000022c 2800 
TMS320C2000 Assembler PC v22.6.2 Tue Mar  3 20:15:52 2026

Copyright (c) 1996-2018 Texas Instruments Incorporated
dual_axis_servo_drive_user.asm                                       PAGE   32

    1337                      .dwpsn  file "../sources/dual_axis_servo_drive_user.c",line 163,column 9,is_stmt,isa 0
    1338 0000022d FF20          MOV       ACC,#29696            ; [CPU_ALU] |163| 
         0000022e 7400 
    1339                      .dwpsn  file "../sources/dual_axis_servo_drive_user.c",line 133,column 9,is_stmt,isa 0
    1340 0000022f E88F          ADDF32    R0H,R0H,#16256        ; [CPU_FPU] |133| 
         00000230 E000 
    1341                      .dwpsn  file "../sources/dual_axis_servo_drive_user.c",line 163,column 9,is_stmt,isa 0
    1342 00000231 7680          MOVL      XAR6,#2848            ; [CPU_ARAU] |163| 
         00000232 0B20 
    1343                      .dwpsn  file "../sources/dual_axis_servo_drive_user.c",line 133,column 9,is_stmt,isa 0
    1344 00000233 E801          MOVIZ     R1H,#16256            ; [CPU_FPU] |133| 
         00000234 FC01 
    1345 00000235 E274          DIVF32    R0H,R1H,R0H           ; [CPU_FPU] |133| 
         00000236 0008 
    1346                      .dwpsn  file "../sources/dual_axis_servo_drive_user.c",line 163,column 9,is_stmt,isa 0
    1347 00000237 8F00          MOVL      XAR4,#2880            ; [CPU_ARAU] |163| 
         00000238 0B40 
    1348                      .dwpsn  file "../sources/dual_axis_servo_drive_user.c",line 141,column 9,is_stmt,isa 0
    1349 00000239 E802          MOVIZ     R3H,#17076            ; [CPU_FPU] |141| 
         0000023a 15A3 
    1350 0000023b E809          MOVXI     R3H,#13107            ; [CPU_FPU] |141| 
         0000023c 999B 
    1351                      .dwpsn  file "../sources/dual_axis_servo_drive_user.c",line 133,column 9,is_stmt,isa 0
    1352 0000023d D09C          MOVB      XAR0,#156             ; [CPU_ALU] |133| 
    1353 0000023e E203          MOV32     *+XAR2[AR0],R0H       ; [CPU_FPU] |133| 
         0000023f 0092 
    1354                      .dwpsn  file "../sources/dual_axis_servo_drive_user.c",line 134,column 9,is_stmt,isa 0
    1355 00000240 D09C          MOVB      XAR0,#156             ; [CPU_ALU] |134| 
    1356 00000241 E2AF          MOV32     R0H,*+XAR2[AR0]       ; [CPU_FPU] |134| 
         00000242 0092 
    1357 00000243 E8CF          SUBF32    R0H,#16256,R0H        ; [CPU_FPU] |134| 
         00000244 E000 
    1358 00000245 D09E          MOVB      XAR0,#158             ; [CPU_ALU] |134| 
    1359 00000246 E203          MOV32     *+XAR2[AR0],R0H       ; [CPU_FPU] |134| 
         00000247 0092 
    1360                      .dwpsn  file "../sources/dual_axis_servo_drive_user.c",line 150,column 9,is_stmt,isa 0
    1361 00000248 8D00          MOVL      XAR0,#320             ; [CPU_ALU] |150| 
         00000249 0140 
    1362                      .dwpsn  file "../sources/dual_axis_servo_drive_user.c",line 142,column 9,is_stmt,isa 0
    1363 0000024a E802          MOVIZ     R0H,#17015            ; [CPU_FPU] |142| 
         0000024b 13B8 
    1364                      .dwpsn  file "../sources/dual_axis_servo_drive_user.c",line 150,column 9,is_stmt,isa 0
    1365 0000024c 56BF          MOVB      *+XAR2[AR0],#124,UNC  ; [CPU_ALU] |150| 
         0000024d 7C92 
    1366                      .dwpsn  file "../sources/dual_axis_servo_drive_user.c",line 151,column 9,is_stmt,isa 0
    1367 0000024e 8D00          MOVL      XAR0,#321             ; [CPU_ALU] |151| 
         0000024f 0141 
    1368                      .dwpsn  file "../sources/dual_axis_servo_drive_user.c",line 142,column 9,is_stmt,isa 0
    1369 00000250 E808          MOVXI     R0H,#7809             ; [CPU_FPU] |142| 
         00000251 F408 
    1370                      .dwpsn  file "../sources/dual_axis_servo_drive_user.c",line 151,column 9,is_stmt,isa 0
    1371 00000252 56BF          MOVB      *+XAR2[AR0],#24,UNC   ; [CPU_ALU] |151| 
         00000253 1892 
    1372                      .dwpsn  file "../sources/dual_axis_servo_drive_user.c",line 152,column 9,is_stmt,isa 0
    1373 00000254 8D00          MOVL      XAR0,#322             ; [CPU_ALU] |152| 
TMS320C2000 Assembler PC v22.6.2 Tue Mar  3 20:15:52 2026

Copyright (c) 1996-2018 Texas Instruments Incorporated
dual_axis_servo_drive_user.asm                                       PAGE   33

         00000255 0142 
    1374 00000256 56BF          MOVB      *+XAR2[AR0],#61,UNC   ; [CPU_ALU] |152| 
         00000257 3D92 
    1375                      .dwpsn  file "../sources/dual_axis_servo_drive_user.c",line 155,column 9,is_stmt,isa 0
    1376 00000258 8D00          MOVL      XAR0,#318             ; [CPU_ALU] |155| 
         00000259 013E 
    1377 0000025a 2892          MOV       *+XAR2[AR0],#2750     ; [CPU_ALU] |155| 
         0000025b 0ABE 
    1378                      .dwpsn  file "../sources/dual_axis_servo_drive_user.c",line 158,column 9,is_stmt,isa 0
    1379 0000025c 8D00          MOVL      XAR0,#319             ; [CPU_ALU] |158| 
         0000025d 013F 
    1380 0000025e 2892          MOV       *+XAR2[AR0],#1346     ; [CPU_ALU] |158| 
         0000025f 0542 
    1381                      .dwpsn  file "../sources/dual_axis_servo_drive_user.c",line 141,column 9,is_stmt,isa 0
    1382 00000260 D034          MOVB      XAR0,#52              ; [CPU_ALU] |141| 
    1383 00000261 E203          MOV32     *+XAR2[AR0],R3H       ; [CPU_FPU] |141| 
         00000262 0392 
    1384                      .dwpsn  file "../sources/dual_axis_servo_drive_user.c",line 142,column 9,is_stmt,isa 0
    1385 00000263 D036          MOVB      XAR0,#54              ; [CPU_ALU] |142| 
    1386 00000264 E203          MOV32     *+XAR2[AR0],R0H       ; [CPU_FPU] |142| 
         00000265 0092 
    1387                      .dwpsn  file "../sources/dual_axis_servo_drive_user.c",line 163,column 9,is_stmt,isa 0
    1388 00000266 C242          MOVL      *-SP[2],XAR6          ; [CPU_ALU] |163| 
    1389 00000267 A044          MOVL      *-SP[4],XAR5          ; [CPU_ALU] |163| 
    1390 00000268 D500          MOVB      XAR5,#0               ; [CPU_ALU] |163| 
    1391 00000269 2B45          MOV       *-SP[5],#0            ; [CPU_ALU] |163| 
    1392 0000026a A848          MOVL      *-SP[8],XAR4          ; [CPU_ALU] |163| 
    1393 0000026b 8AA2          MOVL      XAR4,XAR2             ; [CPU_ALU] |163| 
    1394 0000026c 2B49          MOV       *-SP[9],#0            ; [CPU_ALU] |163| 
    1395              $C$DW$40        .dwtag  DW_TAG_TI_branch
    1396                      .dwattr $C$DW$40, DW_AT_low_pc(0x00)
    1397                      .dwattr $C$DW$40, DW_AT_name("FCL_initADC_3I")
    1398                      .dwattr $C$DW$40, DW_AT_TI_call
    1399              
    1400 0000026d 7640!         LCR       #||FCL_initADC_3I||   ; [CPU_ALU] |163| 
         0000026e 0000 
    1401                      ; call occurs [#||FCL_initADC_3I||] ; [] |163| 
    1402                      .dwpsn  file "../sources/dual_axis_servo_drive_user.c",line 169,column 9,is_stmt,isa 0
    1403 0000026f 8F00          MOVL      XAR4,#2928            ; [CPU_ARAU] |169| 
         00000270 0B70 
    1404 00000271       ||$C$L10||:    
    1405 00000271 D048          MOVB      XAR0,#72              ; [CPU_ALU] |169| 
    1406 00000272 A892          MOVL      *+XAR2[AR0],XAR4      ; [CPU_ALU] |169| 
    1407 00000273       ||$C$L11||:    
    1408                      .dwpsn  file "../sources/dual_axis_servo_drive_user.c",line 266,column 5,is_stmt,isa 0
    1409 00000273 06D3          MOVL      ACC,*+XAR3[2]         ; [CPU_ALU] |266| 
    1410 00000274 1E42          MOVL      *-SP[2],ACC           ; [CPU_ALU] |266| 
    1411 00000275 8AA2          MOVL      XAR4,XAR2             ; [CPU_ALU] |266| 
    1412 00000276 06E3          MOVL      ACC,*+XAR3[4]         ; [CPU_ALU] |266| 
    1413 00000277 1E44          MOVL      *-SP[4],ACC           ; [CPU_ALU] |266| 
    1414 00000278 06C3          MOVL      ACC,*+XAR3[0]         ; [CPU_ALU] |266| 
    1415              $C$DW$41        .dwtag  DW_TAG_TI_branch
    1416                      .dwattr $C$DW$41, DW_AT_low_pc(0x00)
    1417                      .dwattr $C$DW$41, DW_AT_name("FCL_initPWM")
    1418                      .dwattr $C$DW$41, DW_AT_TI_call
TMS320C2000 Assembler PC v22.6.2 Tue Mar  3 20:15:52 2026

Copyright (c) 1996-2018 Texas Instruments Incorporated
dual_axis_servo_drive_user.asm                                       PAGE   34

    1419              
    1420 00000279 7640!         LCR       #||FCL_initPWM||      ; [CPU_ALU] |266| 
         0000027a 0000 
    1421                      ; call occurs [#||FCL_initPWM||] ; [] |266| 
    1422                      .dwpsn  file "../sources/dual_axis_servo_drive_user.c",line 271,column 5,is_stmt,isa 0
    1423 0000027b D00E          MOVB      XAR0,#14              ; [CPU_ALU] |271| 
    1424 0000027c 8AA2          MOVL      XAR4,XAR2             ; [CPU_ALU] |271| 
    1425 0000027d 0693          MOVL      ACC,*+XAR3[AR0]       ; [CPU_ALU] |271| 
    1426              $C$DW$42        .dwtag  DW_TAG_TI_branch
    1427                      .dwattr $C$DW$42, DW_AT_low_pc(0x00)
    1428                      .dwattr $C$DW$42, DW_AT_name("FCL_initQEP")
    1429                      .dwattr $C$DW$42, DW_AT_TI_call
    1430              
    1431 0000027e 7640!         LCR       #||FCL_initQEP||      ; [CPU_ALU] |271| 
         0000027f 0000 
    1432                      ; call occurs [#||FCL_initQEP||] ; [] |271| 
    1433                      .dwpsn  file "../sources/dual_axis_servo_drive_user.c",line 274,column 5,is_stmt,isa 0
    1434 00000280 8D00          MOVL      XAR0,#280             ; [CPU_ALU] |274| 
         00000281 0118 
    1435 00000282 024A          MOVB      ACC,#74               ; [CPU_ALU] |274| 
    1436 00000283 BE00          MOVB      XAR6,#0               ; [CPU_ALU] |274| 
    1437 00000284 0792          ADDL      ACC,*+XAR2[AR0]       ; [CPU_ALU] |274| 
    1438 00000285 8AA9          MOVL      XAR4,ACC              ; [CPU_ALU] |274| 
    1439                      .dwpsn  file "../sources/dual_axis_servo_drive_user.c",line 275,column 5,is_stmt,isa 0
    1440 00000286 024C          MOVB      ACC,#76               ; [CPU_ALU] |275| 
    1441                      .dwpsn  file "../sources/dual_axis_servo_drive_user.c",line 274,column 5,is_stmt,isa 0
    1442 00000287 C2C4          MOVL      *+XAR4[0],XAR6        ; [CPU_ALU] |274| 
    1443                      .dwpsn  file "../sources/dual_axis_servo_drive_user.c",line 275,column 5,is_stmt,isa 0
    1444 00000288 0792          ADDL      ACC,*+XAR2[AR0]       ; [CPU_ALU] |275| 
    1445 00000289 8AA9          MOVL      XAR4,ACC              ; [CPU_ALU] |275| 
    1446                      .dwpsn  file "../sources/dual_axis_servo_drive_user.c",line 276,column 5,is_stmt,isa 0
    1447 0000028a 024E          MOVB      ACC,#78               ; [CPU_ALU] |276| 
    1448                      .dwpsn  file "../sources/dual_axis_servo_drive_user.c",line 275,column 5,is_stmt,isa 0
    1449 0000028b C2C4          MOVL      *+XAR4[0],XAR6        ; [CPU_ALU] |275| 
    1450                      .dwpsn  file "../sources/dual_axis_servo_drive_user.c",line 276,column 5,is_stmt,isa 0
    1451 0000028c 0792          ADDL      ACC,*+XAR2[AR0]       ; [CPU_ALU] |276| 
    1452 0000028d 8AA9          MOVL      XAR4,ACC              ; [CPU_ALU] |276| 
    1453                      .dwpsn  file "../sources/dual_axis_servo_drive_user.c",line 277,column 5,is_stmt,isa 0
    1454 0000028e 0250          MOVB      ACC,#80               ; [CPU_ALU] |277| 
    1455                      .dwpsn  file "../sources/dual_axis_servo_drive_user.c",line 276,column 5,is_stmt,isa 0
    1456 0000028f C2C4          MOVL      *+XAR4[0],XAR6        ; [CPU_ALU] |276| 
    1457                      .dwpsn  file "../sources/dual_axis_servo_drive_user.c",line 277,column 5,is_stmt,isa 0
    1458 00000290 0792          ADDL      ACC,*+XAR2[AR0]       ; [CPU_ALU] |277| 
    1459 00000291 8AA9          MOVL      XAR4,ACC              ; [CPU_ALU] |277| 
    1460 00000292 FE8A          SUBB      SP,#10                ; [CPU_ARAU] 
    1461                      .dwcfi  cfa_offset, -8
    1462 00000293 C2C4          MOVL      *+XAR4[0],XAR6        ; [CPU_ALU] |277| 
    1463 00000294 82BE          MOVL      XAR3,*--SP            ; [CPU_ALU] 
    1464                      .dwcfi  cfa_offset, -6
    1465                      .dwcfi  restore_reg, 11
    1466 00000295 86BE          MOVL      XAR2,*--SP            ; [CPU_ALU] 
    1467                      .dwcfi  cfa_offset, -4
    1468                      .dwcfi  restore_reg, 9
    1469 00000296 8BBE          MOVL      XAR1,*--SP            ; [CPU_ALU] 
    1470                      .dwcfi  cfa_offset, -2
TMS320C2000 Assembler PC v22.6.2 Tue Mar  3 20:15:52 2026

Copyright (c) 1996-2018 Texas Instruments Incorporated
dual_axis_servo_drive_user.asm                                       PAGE   35

    1471                      .dwcfi  restore_reg, 7
    1472              $C$DW$43        .dwtag  DW_TAG_TI_branch
    1473                      .dwattr $C$DW$43, DW_AT_low_pc(0x00)
    1474                      .dwattr $C$DW$43, DW_AT_TI_return
    1475              
    1476 00000297 0006          LRETR     ; [CPU_ALU] 
    1477                      ; return occurs ; [] 
    1478                      .dwattr $C$DW$34, DW_AT_TI_end_file("../sources/dual_axis_servo_drive_user.c")
    1479                      .dwattr $C$DW$34, DW_AT_TI_end_line(0x118)
    1480                      .dwattr $C$DW$34, DW_AT_TI_end_column(0x01)
    1481                      .dwendentry
    1482                      .dwendtag $C$DW$34
    1483              
    1484 00000000               .sect   ".text:initControlVars"
    1485                      .clink
    1486                      .global ||initControlVars||
    1487              
    1488              $C$DW$44        .dwtag  DW_TAG_subprogram
    1489                      .dwattr $C$DW$44, DW_AT_name("initControlVars")
    1490                      .dwattr $C$DW$44, DW_AT_low_pc(||initControlVars||)
    1491                      .dwattr $C$DW$44, DW_AT_high_pc(0x00)
    1492                      .dwattr $C$DW$44, DW_AT_linkage_name("initControlVars")
    1493                      .dwattr $C$DW$44, DW_AT_external
    1494                      .dwattr $C$DW$44, DW_AT_decl_file("../sources/dual_axis_servo_drive_user.c")
    1495                      .dwattr $C$DW$44, DW_AT_decl_line(0x120)
    1496                      .dwattr $C$DW$44, DW_AT_decl_column(0x06)
    1497                      .dwattr $C$DW$44, DW_AT_TI_max_frame_size(-4)
    1498                      .dwpsn  file "../sources/dual_axis_servo_drive_user.c",line 289,column 1,is_stmt,address ||initContro
    1499              
    1500                      .dwfde $C$DW$CIE, ||initControlVars||
    1501              $C$DW$45        .dwtag  DW_TAG_formal_parameter
    1502                      .dwattr $C$DW$45, DW_AT_name("pMotor")
    1503                      .dwattr $C$DW$45, DW_AT_type(*$C$DW$T$116)
    1504                      .dwattr $C$DW$45, DW_AT_location[DW_OP_reg12]
    1505              
    1506              
    1507              ;***************************************************************
    1508              ;* FNAME: initControlVars               FR SIZE:   2           *
    1509              ;*                                                             *
    1510              ;* FUNCTION ENVIRONMENT                                        *
    1511              ;*                                                             *
    1512              ;* FUNCTION PROPERTIES                                         *
    1513              ;*                            0 Parameter,  0 Auto,  2 SOE     *
    1514              ;***************************************************************
    1515              
    1516              ||initControlVars||:
    1517              ;* AR5   assigned to $O$C1
    1518              ;* AR5   assigned to $O$C2
    1519              ;* AR4   assigned to pMotor
    1520              $C$DW$46        .dwtag  DW_TAG_variable
    1521                      .dwattr $C$DW$46, DW_AT_name("pMotor")
    1522                      .dwattr $C$DW$46, DW_AT_type(*$C$DW$T$117)
    1523                      .dwattr $C$DW$46, DW_AT_location[DW_OP_reg12]
    1524              
    1525                      .dwcfi  cfa_offset, -2
TMS320C2000 Assembler PC v22.6.2 Tue Mar  3 20:15:52 2026

Copyright (c) 1996-2018 Texas Instruments Incorporated
dual_axis_servo_drive_user.asm                                       PAGE   36

    1526                      .dwcfi  save_reg_to_mem, 26, 0
    1527 00000000 B2BD          MOVL      *SP++,XAR1            ; [CPU_ALU] 
    1528                      .dwcfi  save_reg_to_mem, 7, 2
    1529                      .dwcfi  cfa_offset, -4
    1530                      .dwpsn  file "../sources/dual_axis_servo_drive_user.c",line 310,column 5,is_stmt,isa 0
    1531 00000001 D00A          MOVB      XAR0,#10              ; [CPU_ALU] |310| 
    1532 00000002 E2AF          MOV32     R0H,*+XAR4[AR0]       ; [CPU_FPU] |310| 
         00000003 0094 
    1533                      .dwpsn  file "../sources/dual_axis_servo_drive_user.c",line 309,column 5,is_stmt,isa 0
    1534 00000004 E801          MOVIZ     R1H,#16256            ; [CPU_FPU] |309| 
         00000005 FC01 
    1535                      .dwpsn  file "../sources/dual_axis_servo_drive_user.c",line 310,column 5,is_stmt,isa 0
    1536 00000006 E850          MPYF32    R0H,R0H,#16840        ; [CPU_FPU] |310| 
         00000007 7200 
    1537 00000008 D0B0          MOVB      XAR0,#176             ; [CPU_ALU] |310| 
    1538 00000009 E203          MOV32     *+XAR4[AR0],R0H       ; [CPU_FPU] |310| 
         0000000a 0094 
    1539                      .dwpsn  file "../sources/dual_axis_servo_drive_user.c",line 311,column 5,is_stmt,isa 0
    1540 0000000b D0B0          MOVB      XAR0,#176             ; [CPU_ALU] |311| 
    1541 0000000c E2AF          MOV32     R0H,*+XAR4[AR0]       ; [CPU_FPU] |311| 
         0000000d 0094 
    1542                      .dwpsn  file "../sources/dual_axis_servo_drive_user.c",line 309,column 5,is_stmt,isa 0
    1543 0000000e D0AE          MOVB      XAR0,#174             ; [CPU_ALU] |309| 
    1544                      .dwpsn  file "../sources/dual_axis_servo_drive_user.c",line 311,column 5,is_stmt,isa 0
    1545 0000000f E84F          MPYF32    R0H,R0H,#16128        ; [CPU_FPU] |311| 
         00000010 C000 
    1546                      .dwpsn  file "../sources/dual_axis_servo_drive_user.c",line 309,column 5,is_stmt,isa 0
    1547 00000011 E203          MOV32     *+XAR4[AR0],R1H       ; [CPU_FPU] |309| 
         00000012 0194 
    1548                      .dwpsn  file "../sources/dual_axis_servo_drive_user.c",line 311,column 5,is_stmt,isa 0
    1549 00000013 D0AE          MOVB      XAR0,#174             ; [CPU_ALU] |311| 
    1550 00000014 E2AF          MOV32     R1H,*+XAR4[AR0]       ; [CPU_FPU] |311| 
         00000015 0194 
    1551                      .dwpsn  file "../sources/dual_axis_servo_drive_user.c",line 312,column 5,is_stmt,isa 0
    1552 00000016 D0B0          MOVB      XAR0,#176             ; [CPU_ALU] |312| 
    1553                      .dwpsn  file "../sources/dual_axis_servo_drive_user.c",line 311,column 5,is_stmt,isa 0
    1554              
    1555                      MOV32     R0H,*+XAR4[AR0]       ; [CPU_FPU] |312| 
    1556 00000017 E310  ||      ADDF32    R3H,R1H,R0H           ; [CPU_FPU] |311| 
         00000018 5894 
    1557              
    1558                      .dwpsn  file "../sources/dual_axis_servo_drive_user.c",line 312,column 5,is_stmt,isa 0
    1559 00000019 D0AE          MOVB      XAR0,#174             ; [CPU_ALU] |312| 
    1560 0000001a E84F          MPYF32    R1H,R0H,#16128        ; [CPU_FPU] |312| 
         0000001b C001 
    1561 0000001c E2AF          MOV32     R0H,*+XAR4[AR0]       ; [CPU_FPU] |312| 
         0000001d 0094 
    1562                      .dwpsn  file "../sources/dual_axis_servo_drive_user.c",line 320,column 5,is_stmt,isa 0
    1563 0000001e D00A          MOVB      XAR0,#10              ; [CPU_ALU] |320| 
    1564                      .dwpsn  file "../sources/dual_axis_servo_drive_user.c",line 312,column 5,is_stmt,isa 0
    1565              
    1566                      MOV32     R0H,*+XAR4[6]         ; [CPU_FPU] |320| 
    1567 0000001f E320  ||      SUBF32    R2H,R1H,R0H           ; [CPU_FPU] |312| 
         00000020 50F4 
    1568              
TMS320C2000 Assembler PC v22.6.2 Tue Mar  3 20:15:52 2026

Copyright (c) 1996-2018 Texas Instruments Incorporated
dual_axis_servo_drive_user.asm                                       PAGE   37

    1569                      .dwpsn  file "../sources/dual_axis_servo_drive_user.c",line 320,column 5,is_stmt,isa 0
    1570 00000021 E2AF          MOV32     R1H,*+XAR4[AR0]       ; [CPU_FPU] |320| 
         00000022 0194 
    1571 00000023 E700          MPYF32    R0H,R1H,R0H           ; [CPU_FPU] |320| 
         00000024 0008 
    1572 00000025 7700          NOP       ; [CPU_ALU] 
    1573 00000026 E801          MOVIZ     R1H,#16256            ; [CPU_FPU] |320| 
         00000027 FC01 
    1574 00000028 E274          DIVF32    R0H,R1H,R0H           ; [CPU_FPU] |320| 
         00000029 0008 
    1575 0000002a 7700          NOP       ; [CPU_ALU] 
    1576 0000002b 7700          NOP       ; [CPU_ALU] 
    1577 0000002c D09A          MOVB      XAR0,#154             ; [CPU_ALU] |320| 
    1578                      .dwpsn  file "../sources/dual_axis_servo_drive_user.c",line 325,column 5,is_stmt,isa 0
    1579 0000002d E2AF          MOV32     R1H,*+XAR4[6]         ; [CPU_FPU] |325| 
         0000002e 01F4 
    1580                      .dwpsn  file "../sources/dual_axis_servo_drive_user.c",line 320,column 5,is_stmt,isa 0
    1581 0000002f E203          MOV32     *+XAR4[AR0],R0H       ; [CPU_FPU] |320| 
         00000030 0094 
    1582                      .dwpsn  file "../sources/dual_axis_servo_drive_user.c",line 325,column 5,is_stmt,isa 0
    1583 00000031 D008          MOVB      XAR0,#8               ; [CPU_ALU] |325| 
    1584 00000032 E2AF          MOV32     R0H,*+XAR4[AR0]       ; [CPU_FPU] |325| 
         00000033 0094 
    1585 00000034 E274          DIVF32    R0H,R1H,R0H           ; [CPU_FPU] |325| 
         00000035 0008 
    1586 00000036 7700          NOP       ; [CPU_ALU] 
    1587 00000037 7700          NOP       ; [CPU_ALU] 
    1588 00000038 7700          NOP       ; [CPU_ALU] 
    1589 00000039 7700          NOP       ; [CPU_ALU] 
    1590 0000003a E850          MPYF32    R0H,R0H,#17136        ; [CPU_FPU] |325| 
         0000003b BC00 
    1591 0000003c 7700          NOP       ; [CPU_ALU] 
    1592 0000003d E68A          F32TOUI32 R0H,R0H               ; [CPU_FPU] |325| 
         0000003e 0000 
    1593 0000003f D098          MOVB      XAR0,#152             ; [CPU_ALU] |325| 
    1594 00000040 E203          MOV32     *+XAR4[AR0],R0H       ; [CPU_FPU] |325| 
         00000041 0094 
    1595                      .dwpsn  file "../sources/dual_axis_servo_drive_user.c",line 311,column 5,is_stmt,isa 0
    1596 00000042 D0B2          MOVB      XAR0,#178             ; [CPU_ALU] |311| 
    1597                      .dwpsn  file "../sources/dual_axis_servo_drive_user.c",line 323,column 5,is_stmt,isa 0
    1598 00000043 E802          MOVIZ     R0H,#16585            ; [CPU_FPU] |323| 
         00000044 0648 
    1599                      .dwpsn  file "../sources/dual_axis_servo_drive_user.c",line 311,column 5,is_stmt,isa 0
    1600 00000045 E203          MOV32     *+XAR4[AR0],R3H       ; [CPU_FPU] |311| 
         00000046 0394 
    1601                      .dwpsn  file "../sources/dual_axis_servo_drive_user.c",line 312,column 5,is_stmt,isa 0
    1602 00000047 D0B4          MOVB      XAR0,#180             ; [CPU_ALU] |312| 
    1603                      .dwpsn  file "../sources/dual_axis_servo_drive_user.c",line 323,column 5,is_stmt,isa 0
    1604 00000048 E808          MOVXI     R0H,#4059             ; [CPU_FPU] |323| 
         00000049 7ED8 
    1605                      .dwpsn  file "../sources/dual_axis_servo_drive_user.c",line 312,column 5,is_stmt,isa 0
    1606 0000004a E203          MOV32     *+XAR4[AR0],R2H       ; [CPU_FPU] |312| 
         0000004b 0294 
    1607                      .dwpsn  file "../sources/dual_axis_servo_drive_user.c",line 323,column 5,is_stmt,isa 0
    1608 0000004c D00A          MOVB      XAR0,#10              ; [CPU_ALU] |323| 
TMS320C2000 Assembler PC v22.6.2 Tue Mar  3 20:15:52 2026

Copyright (c) 1996-2018 Texas Instruments Incorporated
dual_axis_servo_drive_user.asm                                       PAGE   38

    1609 0000004d E2AF          MOV32     R1H,*+XAR4[AR0]       ; [CPU_FPU] |323| 
         0000004e 0194 
    1610 0000004f E700          MPYF32    R0H,R0H,R1H           ; [CPU_FPU] |323| 
         00000050 0040 
    1611 00000051 7700          NOP       ; [CPU_ALU] 
    1612 00000052 E850          MPYF32    R0H,R0H,#16544        ; [CPU_FPU] |323| 
         00000053 2800 
    1613 00000054 7700          NOP       ; [CPU_ALU] 
    1614 00000055 E88F          ADDF32    R0H,R0H,#16256        ; [CPU_FPU] |323| 
         00000056 E000 
    1615 00000057 7700          NOP       ; [CPU_ALU] 
    1616 00000058 E801          MOVIZ     R1H,#16256            ; [CPU_FPU] |323| 
         00000059 FC01 
    1617 0000005a E274          DIVF32    R0H,R1H,R0H           ; [CPU_FPU] |323| 
         0000005b 0008 
    1618 0000005c 7700          NOP       ; [CPU_ALU] 
    1619 0000005d 7700          NOP       ; [CPU_ALU] 
    1620                      .dwpsn  file "../sources/dual_axis_servo_drive_user.c",line 291,column 5,is_stmt,isa 0
    1621 0000005e 020A          MOVB      ACC,#10               ; [CPU_ALU] |291| 
    1622                      .dwpsn  file "../sources/dual_axis_servo_drive_user.c",line 323,column 5,is_stmt,isa 0
    1623 0000005f D09C          MOVB      XAR0,#156             ; [CPU_ALU] |323| 
    1624 00000060 E203          MOV32     *+XAR4[AR0],R0H       ; [CPU_FPU] |323| 
         00000061 0094 
    1625                      .dwpsn  file "../sources/dual_axis_servo_drive_user.c",line 324,column 5,is_stmt,isa 0
    1626 00000062 D09C          MOVB      XAR0,#156             ; [CPU_ALU] |324| 
    1627 00000063 E2AF          MOV32     R1H,*+XAR4[AR0]       ; [CPU_FPU] |324| 
         00000064 0194 
    1628                      .dwpsn  file "../sources/dual_axis_servo_drive_user.c",line 313,column 5,is_stmt,isa 0
    1629 00000065 D00C          MOVB      XAR0,#12              ; [CPU_ALU] |313| 
    1630 00000066 E2AF          MOV32     R0H,*+XAR4[AR0]       ; [CPU_FPU] |313| 
         00000067 0094 
    1631 00000068 E84F          MPYF32    R0H,R0H,#16128        ; [CPU_FPU] |313| 
         00000069 C000 
    1632 0000006a D0B6          MOVB      XAR0,#182             ; [CPU_ALU] |313| 
    1633 0000006b E203          MOV32     *+XAR4[AR0],R0H       ; [CPU_FPU] |313| 
         0000006c 0094 
    1634                      .dwpsn  file "../sources/dual_axis_servo_drive_user.c",line 314,column 5,is_stmt,isa 0
    1635 0000006d D00C          MOVB      XAR0,#12              ; [CPU_ALU] |314| 
    1636 0000006e E2AF          MOV32     R0H,*+XAR4[AR0]       ; [CPU_FPU] |314| 
         0000006f 0094 
    1637 00000070 E86F          MPYF32    R0H,R0H,#48896        ; [CPU_FPU] |314| 
         00000071 C000 
    1638 00000072 D0B8          MOVB      XAR0,#184             ; [CPU_ALU] |314| 
    1639 00000073 E203          MOV32     *+XAR4[AR0],R0H       ; [CPU_FPU] |314| 
         00000074 0094 
    1640                      .dwpsn  file "../sources/dual_axis_servo_drive_user.c",line 291,column 5,is_stmt,isa 0
    1641 00000075 D05C          MOVB      XAR0,#92              ; [CPU_ALU] |291| 
    1642                      .dwpsn  file "../sources/dual_axis_servo_drive_user.c",line 295,column 5,is_stmt,isa 0
    1643 00000076 E801          MOVIZ     R0H,#16128            ; [CPU_FPU] |295| 
         00000077 F800 
    1644                      .dwpsn  file "../sources/dual_axis_servo_drive_user.c",line 291,column 5,is_stmt,isa 0
    1645 00000078 1E94          MOVL      *+XAR4[AR0],ACC       ; [CPU_ALU] |291| 
    1646                      .dwpsn  file "../sources/dual_axis_servo_drive_user.c",line 328,column 5,is_stmt,isa 0
    1647 00000079 D0AE          MOVB      XAR0,#174             ; [CPU_ALU] |328| 
    1648 0000007a C494          MOVL      XAR6,*+XAR4[AR0]      ; [CPU_ALU] |328| 
TMS320C2000 Assembler PC v22.6.2 Tue Mar  3 20:15:52 2026

Copyright (c) 1996-2018 Texas Instruments Incorporated
dual_axis_servo_drive_user.asm                                       PAGE   39

    1649                      .dwpsn  file "../sources/dual_axis_servo_drive_user.c",line 295,column 5,is_stmt,isa 0
    1650 0000007b D0C0          MOVB      XAR0,#192             ; [CPU_ALU] |295| 
    1651 0000007c E203          MOV32     *+XAR4[AR0],R0H       ; [CPU_FPU] |295| 
         0000007d 0094 
    1652                      .dwpsn  file "../sources/dual_axis_servo_drive_user.c",line 297,column 5,is_stmt,isa 0
    1653 0000007e D0C4          MOVB      XAR0,#196             ; [CPU_ALU] |297| 
    1654 0000007f E801          MOVIZ     R0H,#16256            ; [CPU_FPU] |297| 
         00000080 FC00 
    1655 00000081 E203          MOV32     *+XAR4[AR0],R0H       ; [CPU_FPU] |297| 
         00000082 0094 
    1656                      .dwpsn  file "../sources/dual_axis_servo_drive_user.c",line 298,column 5,is_stmt,isa 0
    1657 00000083 D0C6          MOVB      XAR0,#198             ; [CPU_ALU] |298| 
    1658 00000084 E805          MOVIZ     R0H,#49024            ; [CPU_FPU] |298| 
         00000085 FC00 
    1659                      .dwpsn  file "../sources/dual_axis_servo_drive_user.c",line 328,column 5,is_stmt,isa 0
    1660 00000086 022A          MOVB      ACC,#42               ; [CPU_ALU] |328| 
    1661                      .dwpsn  file "../sources/dual_axis_servo_drive_user.c",line 298,column 5,is_stmt,isa 0
    1662 00000087 E203          MOV32     *+XAR4[AR0],R0H       ; [CPU_FPU] |298| 
         00000088 0094 
    1663                      .dwpsn  file "../sources/dual_axis_servo_drive_user.c",line 301,column 5,is_stmt,isa 0
    1664 00000089 D0DE          MOVB      XAR0,#222             ; [CPU_ALU] |301| 
    1665 0000008a E801          MOVIZ     R0H,#16128            ; [CPU_FPU] |301| 
         0000008b F800 
    1666 0000008c E203          MOV32     *+XAR4[AR0],R0H       ; [CPU_FPU] |301| 
         0000008d 0094 
    1667                      .dwpsn  file "../sources/dual_axis_servo_drive_user.c",line 303,column 5,is_stmt,isa 0
    1668 0000008e D0E2          MOVB      XAR0,#226             ; [CPU_ALU] |303| 
    1669 0000008f E590          ZERO      R0H                   ; [CPU_FPU] |303| 
    1670 00000090 E203          MOV32     *+XAR4[AR0],R0H       ; [CPU_FPU] |303| 
         00000091 0094 
    1671                      .dwpsn  file "../sources/dual_axis_servo_drive_user.c",line 304,column 5,is_stmt,isa 0
    1672 00000092 D0DC          MOVB      XAR0,#220             ; [CPU_ALU] |304| 
    1673 00000093 E801          MOVIZ     R0H,#16256            ; [CPU_FPU] |304| 
         00000094 FC00 
    1674 00000095 E203          MOV32     *+XAR4[AR0],R0H       ; [CPU_FPU] |304| 
         00000096 0094 
    1675                      .dwpsn  file "../sources/dual_axis_servo_drive_user.c",line 315,column 5,is_stmt,isa 0
    1676 00000097 D0A4          MOVB      XAR0,#164             ; [CPU_ALU] |315| 
    1677 00000098 E590          ZERO      R0H                   ; [CPU_FPU] |315| 
    1678 00000099 E203          MOV32     *+XAR4[AR0],R0H       ; [CPU_FPU] |315| 
         0000009a 0094 
    1679                      .dwpsn  file "../sources/dual_axis_servo_drive_user.c",line 316,column 5,is_stmt,isa 0
    1680 0000009b D0A8          MOVB      XAR0,#168             ; [CPU_ALU] |316| 
    1681 0000009c E203          MOV32     *+XAR4[AR0],R0H       ; [CPU_FPU] |316| 
         0000009d 0094 
    1682                      .dwpsn  file "../sources/dual_axis_servo_drive_user.c",line 317,column 5,is_stmt,isa 0
    1683 0000009e D0AA          MOVB      XAR0,#170             ; [CPU_ALU] |317| 
    1684 0000009f E203          MOV32     *+XAR4[AR0],R0H       ; [CPU_FPU] |317| 
         000000a0 0094 
    1685                      .dwpsn  file "../sources/dual_axis_servo_drive_user.c",line 296,column 5,is_stmt,isa 0
    1686 000000a1 D0C2          MOVB      XAR0,#194             ; [CPU_ALU] |296| 
    1687 000000a2 E801          MOVIZ     R0H,#14979            ; [CPU_FPU] |296| 
         000000a3 D418 
    1688 000000a4 E808          MOVXI     R0H,#4719             ; [CPU_FPU] |296| 
         000000a5 9378 
TMS320C2000 Assembler PC v22.6.2 Tue Mar  3 20:15:52 2026

Copyright (c) 1996-2018 Texas Instruments Incorporated
dual_axis_servo_drive_user.asm                                       PAGE   40

    1689 000000a6 E203          MOV32     *+XAR4[AR0],R0H       ; [CPU_FPU] |296| 
         000000a7 0094 
    1690                      .dwpsn  file "../sources/dual_axis_servo_drive_user.c",line 302,column 5,is_stmt,isa 0
    1691 000000a8 D0E0          MOVB      XAR0,#224             ; [CPU_ALU] |302| 
    1692 000000a9 E801          MOVIZ     R0H,#14979            ; [CPU_FPU] |302| 
         000000aa D418 
    1693 000000ab E808          MOVXI     R0H,#4719             ; [CPU_FPU] |302| 
         000000ac 9378 
    1694 000000ad E203          MOV32     *+XAR4[AR0],R0H       ; [CPU_FPU] |302| 
         000000ae 0094 
    1695                      .dwpsn  file "../sources/dual_axis_servo_drive_user.c",line 305,column 5,is_stmt,isa 0
    1696 000000af D0E6          MOVB      XAR0,#230             ; [CPU_ALU] |305| 
    1697 000000b0 E801          MOVIZ     R0H,#16243            ; [CPU_FPU] |305| 
         000000b1 FB98 
    1698 000000b2 E809          MOVXI     R0H,#13107            ; [CPU_FPU] |305| 
         000000b3 9998 
    1699 000000b4 E203          MOV32     *+XAR4[AR0],R0H       ; [CPU_FPU] |305| 
         000000b5 0094 
    1700                      .dwpsn  file "../sources/dual_axis_servo_drive_user.c",line 306,column 5,is_stmt,isa 0
    1701 000000b6 D0E8          MOVB      XAR0,#232             ; [CPU_ALU] |306| 
    1702 000000b7 E805          MOVIZ     R0H,#49011            ; [CPU_FPU] |306| 
         000000b8 FB98 
    1703 000000b9 E809          MOVXI     R0H,#13107            ; [CPU_FPU] |306| 
         000000ba 9998 
    1704 000000bb E203          MOV32     *+XAR4[AR0],R0H       ; [CPU_FPU] |306| 
         000000bc 0094 
    1705                      .dwpsn  file "../sources/dual_axis_servo_drive_user.c",line 324,column 5,is_stmt,isa 0
    1706 000000bd E8CF          SUBF32    R0H,#16256,R1H        ; [CPU_FPU] |324| 
         000000be E008 
    1707 000000bf D09E          MOVB      XAR0,#158             ; [CPU_ALU] |324| 
    1708 000000c0 E203          MOV32     *+XAR4[AR0],R0H       ; [CPU_FPU] |324| 
         000000c1 0094 
    1709                      .dwpsn  file "../sources/dual_axis_servo_drive_user.c",line 328,column 5,is_stmt,isa 0
    1710 000000c2 8D00          MOVL      XAR0,#280             ; [CPU_ALU] |328| 
         000000c3 0118 
    1711 000000c4 0794          ADDL      ACC,*+XAR4[AR0]       ; [CPU_ALU] |328| 
    1712 000000c5 83A9          MOVL      XAR5,ACC              ; [CPU_ALU] |328| 
    1713                      .dwpsn  file "../sources/dual_axis_servo_drive_user.c",line 329,column 5,is_stmt,isa 0
    1714 000000c6 022C          MOVB      ACC,#44               ; [CPU_ALU] |329| 
    1715                      .dwpsn  file "../sources/dual_axis_servo_drive_user.c",line 328,column 5,is_stmt,isa 0
    1716 000000c7 C2C5          MOVL      *+XAR5[0],XAR6        ; [CPU_ALU] |328| 
    1717                      .dwpsn  file "../sources/dual_axis_servo_drive_user.c",line 329,column 5,is_stmt,isa 0
    1718 000000c8 0794          ADDL      ACC,*+XAR4[AR0]       ; [CPU_ALU] |329| 
    1719 000000c9 83A9          MOVL      XAR5,ACC              ; [CPU_ALU] |329| 
    1720 000000ca D0B0          MOVB      XAR0,#176             ; [CPU_ALU] |329| 
    1721 000000cb C494          MOVL      XAR6,*+XAR4[AR0]      ; [CPU_ALU] |329| 
    1722                      .dwpsn  file "../sources/dual_axis_servo_drive_user.c",line 330,column 5,is_stmt,isa 0
    1723 000000cc 8D40          MOVL      XAR1,#280             ; [CPU_ALU] |330| 
         000000cd 0118 
    1724                      .dwpsn  file "../sources/dual_axis_servo_drive_user.c",line 329,column 5,is_stmt,isa 0
    1725 000000ce C2C5          MOVL      *+XAR5[0],XAR6        ; [CPU_ALU] |329| 
    1726                      .dwpsn  file "../sources/dual_axis_servo_drive_user.c",line 330,column 5,is_stmt,isa 0
    1727 000000cf 839C          MOVL      XAR5,*+XAR4[AR1]      ; [CPU_ALU] |330| 
    1728 000000d0 D02C          MOVB      XAR0,#44              ; [CPU_ALU] |330| 
    1729 000000d1 D12A          MOVB      XAR1,#42              ; [CPU_ALU] |330| 
TMS320C2000 Assembler PC v22.6.2 Tue Mar  3 20:15:52 2026

Copyright (c) 1996-2018 Texas Instruments Incorporated
dual_axis_servo_drive_user.asm                                       PAGE   41

    1730 000000d2 E2AF          MOV32     R0H,*+XAR5[AR0]       ; [CPU_FPU] |330| 
         000000d3 0095 
    1731 000000d4 E84F          MPYF32    R0H,R0H,#16128        ; [CPU_FPU] |330| 
         000000d5 C000 
    1732 000000d6 E2AF          MOV32     R1H,*+XAR5[AR1]       ; [CPU_FPU] |330| 
         000000d7 019D 
    1733 000000d8 E710          ADDF32    R0H,R0H,R1H           ; [CPU_FPU] |330| 
         000000d9 0040 
    1734 000000da D02E          MOVB      XAR0,#46              ; [CPU_ALU] |330| 
    1735 000000db E203          MOV32     *+XAR5[AR0],R0H       ; [CPU_FPU] |330| 
         000000dc 0095 
    1736                      .dwpsn  file "../sources/dual_axis_servo_drive_user.c",line 333,column 5,is_stmt,isa 0
    1737 000000dd 8D00          MOVL      XAR0,#280             ; [CPU_ALU] |333| 
         000000de 0118 
    1738 000000df 8394          MOVL      XAR5,*+XAR4[AR0]      ; [CPU_ALU] |333| 
    1739 000000e0 D12C          MOVB      XAR1,#44              ; [CPU_ALU] |333| 
    1740                      .dwpsn  file "../sources/dual_axis_servo_drive_user.c",line 336,column 5,is_stmt,isa 0
    1741 000000e1 0232          MOVB      ACC,#50               ; [CPU_ALU] |336| 
    1742                      .dwpsn  file "../sources/dual_axis_servo_drive_user.c",line 333,column 5,is_stmt,isa 0
    1743 000000e2 D02A          MOVB      XAR0,#42              ; [CPU_ALU] |333| 
    1744 000000e3 E2AF          MOV32     R0H,*+XAR5[AR1]       ; [CPU_FPU] |333| 
         000000e4 009D 
    1745 000000e5 E84F          MPYF32    R1H,R0H,#16128        ; [CPU_FPU] |333| 
         000000e6 C001 
    1746 000000e7 E2AF          MOV32     R0H,*+XAR5[AR0]       ; [CPU_FPU] |333| 
         000000e8 0095 
    1747 000000e9 E720          SUBF32    R0H,R1H,R0H           ; [CPU_FPU] |333| 
         000000ea 0008 
    1748 000000eb D030          MOVB      XAR0,#48              ; [CPU_ALU] |333| 
    1749 000000ec E203          MOV32     *+XAR5[AR0],R0H       ; [CPU_FPU] |333| 
         000000ed 0095 
    1750                      .dwpsn  file "../sources/dual_axis_servo_drive_user.c",line 336,column 5,is_stmt,isa 0
    1751 000000ee D00C          MOVB      XAR0,#12              ; [CPU_ALU] |336| 
    1752 000000ef E801          MOVIZ     R0H,#16204            ; [CPU_FPU] |336| 
         000000f0 FA60 
    1753 000000f1 E2AF          MOV32     R1H,*+XAR4[AR0]       ; [CPU_FPU] |336| 
         000000f2 0194 
    1754 000000f3 8D00          MOVL      XAR0,#280             ; [CPU_ALU] |336| 
         000000f4 0118 
    1755 000000f5 0794          ADDL      ACC,*+XAR4[AR0]       ; [CPU_ALU] |336| 
    1756                      .dwpsn  file "../sources/dual_axis_servo_drive_user.c",line 337,column 5,is_stmt,isa 0
    1757 000000f6 D00C          MOVB      XAR0,#12              ; [CPU_ALU] |337| 
    1758                      .dwpsn  file "../sources/dual_axis_servo_drive_user.c",line 336,column 5,is_stmt,isa 0
    1759 000000f7 83A9          MOVL      XAR5,ACC              ; [CPU_ALU] |336| 
    1760 000000f8 E80E          MOVXI     R0H,#52429            ; [CPU_FPU] |336| 
         000000f9 6668 
    1761 000000fa E700          MPYF32    R0H,R0H,R1H           ; [CPU_FPU] |336| 
         000000fb 0040 
    1762                      .dwpsn  file "../sources/dual_axis_servo_drive_user.c",line 337,column 5,is_stmt,isa 0
    1763 000000fc 0234          MOVB      ACC,#52               ; [CPU_ALU] |337| 
    1764                      .dwpsn  file "../sources/dual_axis_servo_drive_user.c",line 336,column 5,is_stmt,isa 0
    1765 000000fd E203          MOV32     *+XAR5[0],R0H         ; [CPU_FPU] |336| 
         000000fe 00C5 
    1766                      .dwpsn  file "../sources/dual_axis_servo_drive_user.c",line 337,column 5,is_stmt,isa 0
    1767 000000ff E805          MOVIZ     R0H,#48972            ; [CPU_FPU] |337| 
TMS320C2000 Assembler PC v22.6.2 Tue Mar  3 20:15:52 2026

Copyright (c) 1996-2018 Texas Instruments Incorporated
dual_axis_servo_drive_user.asm                                       PAGE   42

         00000100 FA60 
    1768 00000101 E2AF          MOV32     R1H,*+XAR4[AR0]       ; [CPU_FPU] |337| 
         00000102 0194 
    1769 00000103 8D00          MOVL      XAR0,#280             ; [CPU_ALU] |337| 
         00000104 0118 
    1770 00000105 0794          ADDL      ACC,*+XAR4[AR0]       ; [CPU_ALU] |337| 
    1771 00000106 83A9          MOVL      XAR5,ACC              ; [CPU_ALU] |337| 
    1772 00000107 E80E          MOVXI     R0H,#52429            ; [CPU_FPU] |337| 
         00000108 6668 
    1773 00000109 E700          MPYF32    R0H,R0H,R1H           ; [CPU_FPU] |337| 
         0000010a 0040 
    1774                      .dwpsn  file "../sources/dual_axis_servo_drive_user.c",line 338,column 5,is_stmt,isa 0
    1775 0000010b 0220          MOVB      ACC,#32               ; [CPU_ALU] |338| 
    1776                      .dwpsn  file "../sources/dual_axis_servo_drive_user.c",line 337,column 5,is_stmt,isa 0
    1777 0000010c E203          MOV32     *+XAR5[0],R0H         ; [CPU_FPU] |337| 
         0000010d 00C5 
    1778                      .dwpsn  file "../sources/dual_axis_servo_drive_user.c",line 338,column 5,is_stmt,isa 0
    1779 0000010e 0794          ADDL      ACC,*+XAR4[AR0]       ; [CPU_ALU] |338| 
    1780 0000010f 83A9          MOVL      XAR5,ACC              ; [CPU_ALU] |338| 
    1781 00000110 E590          ZERO      R0H                   ; [CPU_FPU] |338| 
    1782                      .dwpsn  file "../sources/dual_axis_servo_drive_user.c",line 339,column 5,is_stmt,isa 0
    1783 00000111 0224          MOVB      ACC,#36               ; [CPU_ALU] |339| 
    1784                      .dwpsn  file "../sources/dual_axis_servo_drive_user.c",line 338,column 5,is_stmt,isa 0
    1785 00000112 E203          MOV32     *+XAR5[0],R0H         ; [CPU_FPU] |338| 
         00000113 00C5 
    1786                      .dwpsn  file "../sources/dual_axis_servo_drive_user.c",line 339,column 5,is_stmt,isa 0
    1787 00000114 0794          ADDL      ACC,*+XAR4[AR0]       ; [CPU_ALU] |339| 
    1788 00000115 83A9          MOVL      XAR5,ACC              ; [CPU_ALU] |339| 
    1789                      .dwpsn  file "../sources/dual_axis_servo_drive_user.c",line 340,column 5,is_stmt,isa 0
    1790 00000116 0226          MOVB      ACC,#38               ; [CPU_ALU] |340| 
    1791                      .dwpsn  file "../sources/dual_axis_servo_drive_user.c",line 339,column 5,is_stmt,isa 0
    1792 00000117 E203          MOV32     *+XAR5[0],R0H         ; [CPU_FPU] |339| 
         00000118 00C5 
    1793                      .dwpsn  file "../sources/dual_axis_servo_drive_user.c",line 340,column 5,is_stmt,isa 0
    1794 00000119 0794          ADDL      ACC,*+XAR4[AR0]       ; [CPU_ALU] |340| 
    1795 0000011a 83A9          MOVL      XAR5,ACC              ; [CPU_ALU] |340| 
    1796                      .dwpsn  file "../sources/dual_axis_servo_drive_user.c",line 343,column 5,is_stmt,isa 0
    1797 0000011b D00A          MOVB      XAR0,#10              ; [CPU_ALU] |343| 
    1798 0000011c 0216          MOVB      ACC,#22               ; [CPU_ALU] |343| 
    1799                      .dwpsn  file "../sources/dual_axis_servo_drive_user.c",line 340,column 5,is_stmt,isa 0
    1800 0000011d E203          MOV32     *+XAR5[0],R0H         ; [CPU_FPU] |340| 
         0000011e 00C5 
    1801                      .dwpsn  file "../sources/dual_axis_servo_drive_user.c",line 343,column 5,is_stmt,isa 0
    1802 0000011f E2AF          MOV32     R1H,*+XAR4[AR0]       ; [CPU_FPU] |343| 
         00000120 0194 
    1803 00000121 8D00          MOVL      XAR0,#280             ; [CPU_ALU] |343| 
         00000122 0118 
    1804 00000123 0794          ADDL      ACC,*+XAR4[AR0]       ; [CPU_ALU] |343| 
    1805 00000124 83A9          MOVL      XAR5,ACC              ; [CPU_ALU] |343| 
    1806 00000125 E2AF          MOV32     R0H,*+XAR4[6]         ; [CPU_FPU] |343| 
         00000126 00F4 
    1807 00000127 E700          MPYF32    R0H,R1H,R0H           ; [CPU_FPU] |343| 
         00000128 0008 
    1808                      .dwpsn  file "../sources/dual_axis_servo_drive_user.c",line 344,column 5,is_stmt,isa 0
    1809 00000129 0218          MOVB      ACC,#24               ; [CPU_ALU] |344| 
TMS320C2000 Assembler PC v22.6.2 Tue Mar  3 20:15:52 2026

Copyright (c) 1996-2018 Texas Instruments Incorporated
dual_axis_servo_drive_user.asm                                       PAGE   43

    1810                      .dwpsn  file "../sources/dual_axis_servo_drive_user.c",line 343,column 5,is_stmt,isa 0
    1811 0000012a E203          MOV32     *+XAR5[0],R0H         ; [CPU_FPU] |343| 
         0000012b 00C5 
    1812                      .dwpsn  file "../sources/dual_axis_servo_drive_user.c",line 344,column 5,is_stmt,isa 0
    1813 0000012c 0794          ADDL      ACC,*+XAR4[AR0]       ; [CPU_ALU] |344| 
    1814 0000012d 83A9          MOVL      XAR5,ACC              ; [CPU_ALU] |344| 
    1815 0000012e E590          ZERO      R0H                   ; [CPU_FPU] |344| 
    1816                      .dwpsn  file "../sources/dual_axis_servo_drive_user.c",line 345,column 5,is_stmt,isa 0
    1817 0000012f 021C          MOVB      ACC,#28               ; [CPU_ALU] |345| 
    1818                      .dwpsn  file "../sources/dual_axis_servo_drive_user.c",line 344,column 5,is_stmt,isa 0
    1819 00000130 E203          MOV32     *+XAR5[0],R0H         ; [CPU_FPU] |344| 
         00000131 00C5 
    1820                      .dwpsn  file "../sources/dual_axis_servo_drive_user.c",line 345,column 5,is_stmt,isa 0
    1821 00000132 0794          ADDL      ACC,*+XAR4[AR0]       ; [CPU_ALU] |345| 
    1822 00000133 83A9          MOVL      XAR5,ACC              ; [CPU_ALU] |345| 
    1823                      .dwpsn  file "../sources/dual_axis_servo_drive_user.c",line 346,column 5,is_stmt,isa 0
    1824 00000134 021A          MOVB      ACC,#26               ; [CPU_ALU] |346| 
    1825                      .dwpsn  file "../sources/dual_axis_servo_drive_user.c",line 345,column 5,is_stmt,isa 0
    1826 00000135 E203          MOV32     *+XAR5[0],R0H         ; [CPU_FPU] |345| 
         00000136 00C5 
    1827                      .dwpsn  file "../sources/dual_axis_servo_drive_user.c",line 346,column 5,is_stmt,isa 0
    1828 00000137 0794          ADDL      ACC,*+XAR4[AR0]       ; [CPU_ALU] |346| 
    1829 00000138 83A9          MOVL      XAR5,ACC              ; [CPU_ALU] |346| 
    1830 00000139 E801          MOVIZ     R0H,#16256            ; [CPU_FPU] |346| 
         0000013a FC00 
    1831                      .dwpsn  file "../sources/dual_axis_servo_drive_user.c",line 347,column 5,is_stmt,isa 0
    1832 0000013b 021E          MOVB      ACC,#30               ; [CPU_ALU] |347| 
    1833                      .dwpsn  file "../sources/dual_axis_servo_drive_user.c",line 346,column 5,is_stmt,isa 0
    1834 0000013c E203          MOV32     *+XAR5[0],R0H         ; [CPU_FPU] |346| 
         0000013d 00C5 
    1835                      .dwpsn  file "../sources/dual_axis_servo_drive_user.c",line 347,column 5,is_stmt,isa 0
    1836 0000013e E801          MOVIZ     R0H,#16256            ; [CPU_FPU] |347| 
         0000013f FC00 
    1837 00000140 0794          ADDL      ACC,*+XAR4[AR0]       ; [CPU_ALU] |347| 
    1838                      .dwpsn  file "../sources/dual_axis_servo_drive_user.c",line 351,column 5,is_stmt,isa 0
    1839 00000141 D018          MOVB      XAR0,#24              ; [CPU_ALU] |351| 
    1840                      .dwpsn  file "../sources/dual_axis_servo_drive_user.c",line 347,column 5,is_stmt,isa 0
    1841 00000142 83A9          MOVL      XAR5,ACC              ; [CPU_ALU] |347| 
    1842                      .dwpsn  file "../sources/dual_axis_servo_drive_user.c",line 350,column 5,is_stmt,isa 0
    1843 00000143 E801          MOVIZ     R1H,#15820            ; [CPU_FPU] |350| 
         00000144 EE61 
    1844 00000145 E80E          MOVXI     R1H,#52429            ; [CPU_FPU] |350| 
         00000146 6669 
    1845 00000147 D11C          MOVB      XAR1,#28              ; [CPU_ALU] |350| 
    1846                      .dwpsn  file "../sources/dual_axis_servo_drive_user.c",line 347,column 5,is_stmt,isa 0
    1847 00000148 E203          MOV32     *+XAR5[0],R0H         ; [CPU_FPU] |347| 
         00000149 00C5 
    1848                      .dwpsn  file "../sources/dual_axis_servo_drive_user.c",line 351,column 5,is_stmt,isa 0
    1849 0000014a E590          ZERO      R0H                   ; [CPU_FPU] |351| 
    1850 0000014b E203          MOV32     *+XAR4[AR0],R0H       ; [CPU_FPU] |351| 
         0000014c 0094 
    1851                      .dwpsn  file "../sources/dual_axis_servo_drive_user.c",line 357,column 5,is_stmt,isa 0
    1852 0000014d D01A          MOVB      XAR0,#26              ; [CPU_ALU] |357| 
    1853 0000014e E801          MOVIZ     R0H,#15605            ; [CPU_FPU] |357| 
         0000014f E7A8 
TMS320C2000 Assembler PC v22.6.2 Tue Mar  3 20:15:52 2026

Copyright (c) 1996-2018 Texas Instruments Incorporated
dual_axis_servo_drive_user.asm                                       PAGE   44

    1854                      .dwpsn  file "../sources/dual_axis_servo_drive_user.c",line 350,column 5,is_stmt,isa 0
    1855 00000150 E203          MOV32     *+XAR4[AR1],R1H       ; [CPU_FPU] |350| 
         00000151 019C 
    1856                      .dwpsn  file "../sources/dual_axis_servo_drive_user.c",line 357,column 5,is_stmt,isa 0
    1857 00000152 E80E          MOVXI     R0H,#49807            ; [CPU_FPU] |357| 
         00000153 1478 
    1858 00000154 E203          MOV32     *+XAR4[AR0],R0H       ; [CPU_FPU] |357| 
         00000155 0094 
    1859 00000156 8BBE          MOVL      XAR1,*--SP            ; [CPU_ALU] 
    1860                      .dwcfi  cfa_offset, -2
    1861                      .dwcfi  restore_reg, 7
    1862              $C$DW$47        .dwtag  DW_TAG_TI_branch
    1863                      .dwattr $C$DW$47, DW_AT_low_pc(0x00)
    1864                      .dwattr $C$DW$47, DW_AT_TI_return
    1865              
    1866 00000157 0006          LRETR     ; [CPU_ALU] 
    1867                      ; return occurs ; [] 
    1868                      .dwattr $C$DW$44, DW_AT_TI_end_file("../sources/dual_axis_servo_drive_user.c")
    1869                      .dwattr $C$DW$44, DW_AT_TI_end_line(0x169)
    1870                      .dwattr $C$DW$44, DW_AT_TI_end_column(0x01)
    1871                      .dwendentry
    1872                      .dwendtag $C$DW$44
    1873              
    1874 00000000               .sect   ".text:__signbitl"
    1875                      .clink
    1876                      .global ||__signbitl||
    1877              
    1878              $C$DW$48        .dwtag  DW_TAG_subprogram
    1879                      .dwattr $C$DW$48, DW_AT_name("__signbitl")
    1880                      .dwattr $C$DW$48, DW_AT_low_pc(||__signbitl||)
    1881                      .dwattr $C$DW$48, DW_AT_high_pc(0x00)
    1882                      .dwattr $C$DW$48, DW_AT_linkage_name("__signbitl")
    1883                      .dwattr $C$DW$48, DW_AT_external
    1884                      .dwattr $C$DW$48, DW_AT_type(*$C$DW$T$10)
    1885                      .dwattr $C$DW$48, DW_AT_decl_file("D:/TI/ccs/ccs/tools/compiler/ti-cgt-c2000_22.6.2.LTS/include/_defs
    1886                      .dwattr $C$DW$48, DW_AT_decl_line(0x16f)
    1887                      .dwattr $C$DW$48, DW_AT_decl_column(0x18)
    1888                      .dwattr $C$DW$48, DW_AT_TI_max_frame_size(-6)
    1889                      .dwpsn  file "D:/TI/ccs/ccs/tools/compiler/ti-cgt-c2000_22.6.2.LTS/include/_defs.h",line 368,column 1
    1890              
    1891                      .dwfde $C$DW$CIE, ||__signbitl||
    1892              $C$DW$49        .dwtag  DW_TAG_formal_parameter
    1893                      .dwattr $C$DW$49, DW_AT_name("e")
    1894                      .dwattr $C$DW$49, DW_AT_type(*$C$DW$T$151)
    1895                      .dwattr $C$DW$49, DW_AT_location[DW_OP_reg12]
    1896              
    1897              
    1898              ;***************************************************************
    1899              ;* FNAME: __signbitl                    FR SIZE:   4           *
    1900              ;*                                                             *
    1901              ;* FUNCTION ENVIRONMENT                                        *
    1902              ;*                                                             *
    1903              ;* FUNCTION PROPERTIES                                         *
    1904              ;*                            4 Parameter,  0 Auto,  0 SOE     *
    1905              ;***************************************************************
TMS320C2000 Assembler PC v22.6.2 Tue Mar  3 20:15:52 2026

Copyright (c) 1996-2018 Texas Instruments Incorporated
dual_axis_servo_drive_user.asm                                       PAGE   45

    1906              
    1907              ||__signbitl||:
    1908              ;* AR4   assigned to e
    1909              $C$DW$50        .dwtag  DW_TAG_variable
    1910                      .dwattr $C$DW$50, DW_AT_name("e")
    1911                      .dwattr $C$DW$50, DW_AT_type(*$C$DW$T$152)
    1912                      .dwattr $C$DW$50, DW_AT_location[DW_OP_reg12]
    1913              
    1914                      .dwcfi  cfa_offset, -2
    1915                      .dwcfi  save_reg_to_mem, 26, 0
    1916 00000000 FE04          ADDB      SP,#4                 ; [CPU_ARAU] 
    1917                      .dwcfi  cfa_offset, -6
    1918                      .dwpsn  file "D:/TI/ccs/ccs/tools/compiler/ti-cgt-c2000_22.6.2.LTS/include/_defs.h",line 368,column 3
    1919 00000001 0200          MOVB      ACC,#0                ; [CPU_ALU] |368| 
    1920 00000002 1E44          MOVL      *-SP[4],ACC           ; [CPU_ALU] |368| 
    1921 00000003 2B42          MOV       *-SP[2],#0            ; [CPU_ALU] |368| 
    1922 00000004 2B41          MOV       *-SP[1],#0            ; [CPU_ALU] |368| 
    1923 00000005 A3C4          MOVL      P,*+XAR4[0]           ; [CPU_ALU] |368| 
    1924 00000006 06D4          MOVL      ACC,*+XAR4[2]         ; [CPU_ALU] |368| 
    1925 00000007 18AB          AND       PL,#0                 ; [CPU_ALU] |368| 
         00000008 0000 
    1926 00000009 18AA          AND       PH,#0                 ; [CPU_ALU] |368| 
         0000000a 0000 
    1927 0000000b 9000          ANDB      AL,#0                 ; [CPU_ALU] |368| 
    1928 0000000c 18A8          AND       AH,#32768             ; [CPU_ALU] |368| 
         0000000d 8000 
    1929              $C$DW$51        .dwtag  DW_TAG_TI_branch
    1930                      .dwattr $C$DW$51, DW_AT_low_pc(0x00)
    1931                      .dwattr $C$DW$51, DW_AT_name("__c28xabi_cmpull")
    1932                      .dwattr $C$DW$51, DW_AT_TI_call
    1933              
    1934 0000000e 7640!         LCR       #||__c28xabi_cmpull|| ; [CPU_ALU] |368| 
         0000000f 0000 
    1935                      ; call occurs [#||__c28xabi_cmpull||] ; [] |368| 
    1936 00000010 9B00          MOVB      AH,#0                 ; [CPU_ALU] |368| 
    1937 00000011 5200          CMPB      AL,#0                 ; [CPU_ALU] |368| 
    1938 00000012 56B0          MOVB      AH,#1,NEQ             ; [CPU_ALU] |368| 
         00000013 01A8 
    1939 00000014 92A8          MOV       AL,AH                 ; [CPU_ALU] |368| 
    1940 00000015 FE84          SUBB      SP,#4                 ; [CPU_ARAU] 
    1941                      .dwcfi  cfa_offset, -2
    1942              $C$DW$52        .dwtag  DW_TAG_TI_branch
    1943                      .dwattr $C$DW$52, DW_AT_low_pc(0x00)
    1944                      .dwattr $C$DW$52, DW_AT_TI_return
    1945              
    1946 00000016 0006          LRETR     ; [CPU_ALU] 
    1947                      ; return occurs ; [] 
    1948                      .dwattr $C$DW$48, DW_AT_TI_end_file("D:/TI/ccs/ccs/tools/compiler/ti-cgt-c2000_22.6.2.LTS/include/_de
    1949                      .dwattr $C$DW$48, DW_AT_TI_end_line(0x170)
    1950                      .dwattr $C$DW$48, DW_AT_TI_end_column(0x2b)
    1951                      .dwendentry
    1952                      .dwendtag $C$DW$48
    1953              
    1954 00000000               .sect   ".text:__signbitf"
    1955                      .clink
TMS320C2000 Assembler PC v22.6.2 Tue Mar  3 20:15:52 2026

Copyright (c) 1996-2018 Texas Instruments Incorporated
dual_axis_servo_drive_user.asm                                       PAGE   46

    1956                      .global ||__signbitf||
    1957              
    1958              $C$DW$53        .dwtag  DW_TAG_subprogram
    1959                      .dwattr $C$DW$53, DW_AT_name("__signbitf")
    1960                      .dwattr $C$DW$53, DW_AT_low_pc(||__signbitf||)
    1961                      .dwattr $C$DW$53, DW_AT_high_pc(0x00)
    1962                      .dwattr $C$DW$53, DW_AT_linkage_name("__signbitf")
    1963                      .dwattr $C$DW$53, DW_AT_external
    1964                      .dwattr $C$DW$53, DW_AT_type(*$C$DW$T$10)
    1965                      .dwattr $C$DW$53, DW_AT_decl_file("D:/TI/ccs/ccs/tools/compiler/ti-cgt-c2000_22.6.2.LTS/include/_defs
    1966                      .dwattr $C$DW$53, DW_AT_decl_line(0x16d)
    1967                      .dwattr $C$DW$53, DW_AT_decl_column(0x18)
    1968                      .dwattr $C$DW$53, DW_AT_TI_max_frame_size(-2)
    1969                      .dwpsn  file "D:/TI/ccs/ccs/tools/compiler/ti-cgt-c2000_22.6.2.LTS/include/_defs.h",line 366,column 1
    1970              
    1971                      .dwfde $C$DW$CIE, ||__signbitf||
    1972              $C$DW$54        .dwtag  DW_TAG_formal_parameter
    1973                      .dwattr $C$DW$54, DW_AT_name("f")
    1974                      .dwattr $C$DW$54, DW_AT_type(*$C$DW$T$16)
    1975                      .dwattr $C$DW$54, DW_AT_location[DW_OP_regx 0x2b]
    1976              
    1977              
    1978              ;***************************************************************
    1979              ;* FNAME: __signbitf                    FR SIZE:   0           *
    1980              ;*                                                             *
    1981              ;* FUNCTION ENVIRONMENT                                        *
    1982              ;*                                                             *
    1983              ;* FUNCTION PROPERTIES                                         *
    1984              ;*                            0 Parameter,  0 Auto,  0 SOE     *
    1985              ;***************************************************************
    1986              
    1987              ||__signbitf||:
    1988              ;* R0    assigned to f
    1989              $C$DW$55        .dwtag  DW_TAG_variable
    1990                      .dwattr $C$DW$55, DW_AT_name("f")
    1991                      .dwattr $C$DW$55, DW_AT_type(*$C$DW$T$147)
    1992                      .dwattr $C$DW$55, DW_AT_location[DW_OP_regx 0x2b]
    1993              
    1994                      .dwcfi  cfa_offset, -2
    1995                      .dwcfi  save_reg_to_mem, 26, 0
    1996                      .dwpsn  file "D:/TI/ccs/ccs/tools/compiler/ti-cgt-c2000_22.6.2.LTS/include/_defs.h",line 366,column 3
    1997 00000000 BFA9          MOV32     ACC,R0H               ; [CPU_FPU] |366| 
         00000001 0F12 
    1998 00000002 BE00          MOVB      XAR6,#0               ; [CPU_ALU] |366| 
    1999 00000003 9000          ANDB      AL,#0                 ; [CPU_ALU] |366| 
    2000 00000004 18A8          AND       AH,#32768             ; [CPU_ALU] |366| 
         00000005 8000 
    2001 00000006 FF58          TEST      ACC                   ; [CPU_ALU] |366| 
    2002 00000007 56B0          MOVB      XAR6,#1,NEQ           ; [CPU_ALU] |366| 
         00000008 01A6 
    2003 00000009 92A6          MOV       AL,AR6                ; [CPU_ALU] |366| 
    2004              $C$DW$56        .dwtag  DW_TAG_TI_branch
    2005                      .dwattr $C$DW$56, DW_AT_low_pc(0x00)
    2006                      .dwattr $C$DW$56, DW_AT_TI_return
    2007              
TMS320C2000 Assembler PC v22.6.2 Tue Mar  3 20:15:52 2026

Copyright (c) 1996-2018 Texas Instruments Incorporated
dual_axis_servo_drive_user.asm                                       PAGE   47

    2008 0000000a 0006          LRETR     ; [CPU_ALU] 
    2009                      ; return occurs ; [] 
    2010                      .dwattr $C$DW$53, DW_AT_TI_end_file("D:/TI/ccs/ccs/tools/compiler/ti-cgt-c2000_22.6.2.LTS/include/_de
    2011                      .dwattr $C$DW$53, DW_AT_TI_end_line(0x16e)
    2012                      .dwattr $C$DW$53, DW_AT_TI_end_column(0x29)
    2013                      .dwendentry
    2014                      .dwendtag $C$DW$53
    2015              
    2016 00000000               .sect   ".text:__signbit"
    2017                      .clink
    2018                      .global ||__signbit||
    2019              
    2020              $C$DW$57        .dwtag  DW_TAG_subprogram
    2021                      .dwattr $C$DW$57, DW_AT_name("__signbit")
    2022                      .dwattr $C$DW$57, DW_AT_low_pc(||__signbit||)
    2023                      .dwattr $C$DW$57, DW_AT_high_pc(0x00)
    2024                      .dwattr $C$DW$57, DW_AT_linkage_name("__signbit")
    2025                      .dwattr $C$DW$57, DW_AT_external
    2026                      .dwattr $C$DW$57, DW_AT_type(*$C$DW$T$10)
    2027                      .dwattr $C$DW$57, DW_AT_decl_file("D:/TI/ccs/ccs/tools/compiler/ti-cgt-c2000_22.6.2.LTS/include/_defs
    2028                      .dwattr $C$DW$57, DW_AT_decl_line(0x16b)
    2029                      .dwattr $C$DW$57, DW_AT_decl_column(0x18)
    2030                      .dwattr $C$DW$57, DW_AT_TI_max_frame_size(-6)
    2031                      .dwpsn  file "D:/TI/ccs/ccs/tools/compiler/ti-cgt-c2000_22.6.2.LTS/include/_defs.h",line 364,column 1
    2032              
    2033                      .dwfde $C$DW$CIE, ||__signbit||
    2034              $C$DW$58        .dwtag  DW_TAG_formal_parameter
    2035                      .dwattr $C$DW$58, DW_AT_name("d")
    2036                      .dwattr $C$DW$58, DW_AT_type(*$C$DW$T$149)
    2037                      .dwattr $C$DW$58, DW_AT_location[DW_OP_reg12]
    2038              
    2039              
    2040              ;***************************************************************
    2041              ;* FNAME: __signbit                     FR SIZE:   4           *
    2042              ;*                                                             *
    2043              ;* FUNCTION ENVIRONMENT                                        *
    2044              ;*                                                             *
    2045              ;* FUNCTION PROPERTIES                                         *
    2046              ;*                            4 Parameter,  0 Auto,  0 SOE     *
    2047              ;***************************************************************
    2048              
    2049              ||__signbit||:
    2050              ;* AR4   assigned to d
    2051              $C$DW$59        .dwtag  DW_TAG_variable
    2052                      .dwattr $C$DW$59, DW_AT_name("d")
    2053                      .dwattr $C$DW$59, DW_AT_type(*$C$DW$T$150)
    2054                      .dwattr $C$DW$59, DW_AT_location[DW_OP_reg12]
    2055              
    2056                      .dwcfi  cfa_offset, -2
    2057                      .dwcfi  save_reg_to_mem, 26, 0
    2058 00000000 FE04          ADDB      SP,#4                 ; [CPU_ARAU] 
    2059                      .dwcfi  cfa_offset, -6
    2060                      .dwpsn  file "D:/TI/ccs/ccs/tools/compiler/ti-cgt-c2000_22.6.2.LTS/include/_defs.h",line 364,column 3
    2061 00000001 0200          MOVB      ACC,#0                ; [CPU_ALU] |364| 
    2062 00000002 1E44          MOVL      *-SP[4],ACC           ; [CPU_ALU] |364| 
TMS320C2000 Assembler PC v22.6.2 Tue Mar  3 20:15:52 2026

Copyright (c) 1996-2018 Texas Instruments Incorporated
dual_axis_servo_drive_user.asm                                       PAGE   48

    2063 00000003 2B42          MOV       *-SP[2],#0            ; [CPU_ALU] |364| 
    2064 00000004 2B41          MOV       *-SP[1],#0            ; [CPU_ALU] |364| 
    2065 00000005 A3C4          MOVL      P,*+XAR4[0]           ; [CPU_ALU] |364| 
    2066 00000006 06D4          MOVL      ACC,*+XAR4[2]         ; [CPU_ALU] |364| 
    2067 00000007 18AB          AND       PL,#0                 ; [CPU_ALU] |364| 
         00000008 0000 
    2068 00000009 18AA          AND       PH,#0                 ; [CPU_ALU] |364| 
         0000000a 0000 
    2069 0000000b 9000          ANDB      AL,#0                 ; [CPU_ALU] |364| 
    2070 0000000c 18A8          AND       AH,#32768             ; [CPU_ALU] |364| 
         0000000d 8000 
    2071              $C$DW$60        .dwtag  DW_TAG_TI_branch
    2072                      .dwattr $C$DW$60, DW_AT_low_pc(0x00)
    2073                      .dwattr $C$DW$60, DW_AT_name("__c28xabi_cmpull")
    2074                      .dwattr $C$DW$60, DW_AT_TI_call
    2075              
    2076 0000000e 7640!         LCR       #||__c28xabi_cmpull|| ; [CPU_ALU] |364| 
         0000000f 0000 
    2077                      ; call occurs [#||__c28xabi_cmpull||] ; [] |364| 
    2078 00000010 9B00          MOVB      AH,#0                 ; [CPU_ALU] |364| 
    2079 00000011 5200          CMPB      AL,#0                 ; [CPU_ALU] |364| 
    2080 00000012 56B0          MOVB      AH,#1,NEQ             ; [CPU_ALU] |364| 
         00000013 01A8 
    2081 00000014 92A8          MOV       AL,AH                 ; [CPU_ALU] |364| 
    2082 00000015 FE84          SUBB      SP,#4                 ; [CPU_ARAU] 
    2083                      .dwcfi  cfa_offset, -2
    2084              $C$DW$61        .dwtag  DW_TAG_TI_branch
    2085                      .dwattr $C$DW$61, DW_AT_low_pc(0x00)
    2086                      .dwattr $C$DW$61, DW_AT_TI_return
    2087              
    2088 00000016 0006          LRETR     ; [CPU_ALU] 
    2089                      ; return occurs ; [] 
    2090                      .dwattr $C$DW$57, DW_AT_TI_end_file("D:/TI/ccs/ccs/tools/compiler/ti-cgt-c2000_22.6.2.LTS/include/_de
    2091                      .dwattr $C$DW$57, DW_AT_TI_end_line(0x16c)
    2092                      .dwattr $C$DW$57, DW_AT_TI_end_column(0x2a)
    2093                      .dwendentry
    2094                      .dwendtag $C$DW$57
    2095              
    2096 00000000               .sect   ".text:__relaxed_sinf"
    2097                      .clink
    2098                      .global ||__relaxed_sinf||
    2099              
    2100              $C$DW$62        .dwtag  DW_TAG_subprogram
    2101                      .dwattr $C$DW$62, DW_AT_name("__relaxed_sinf")
    2102                      .dwattr $C$DW$62, DW_AT_low_pc(||__relaxed_sinf||)
    2103                      .dwattr $C$DW$62, DW_AT_high_pc(0x00)
    2104                      .dwattr $C$DW$62, DW_AT_linkage_name("__relaxed_sinf")
    2105                      .dwattr $C$DW$62, DW_AT_external
    2106                      .dwattr $C$DW$62, DW_AT_type(*$C$DW$T$16)
    2107                      .dwattr $C$DW$62, DW_AT_decl_file("D:/TI/ccs/ccs/tools/compiler/ti-cgt-c2000_22.6.2.LTS/include/math.
    2108                      .dwattr $C$DW$62, DW_AT_decl_line(0x108)
    2109                      .dwattr $C$DW$62, DW_AT_decl_column(0x10)
    2110                      .dwattr $C$DW$62, DW_AT_TI_max_frame_size(-2)
    2111                      .dwpsn  file "D:/TI/ccs/ccs/tools/compiler/ti-cgt-c2000_22.6.2.LTS/include/math.h",line 265,column 1,
    2112              
TMS320C2000 Assembler PC v22.6.2 Tue Mar  3 20:15:52 2026

Copyright (c) 1996-2018 Texas Instruments Incorporated
dual_axis_servo_drive_user.asm                                       PAGE   49

    2113                      .dwfde $C$DW$CIE, ||__relaxed_sinf||
    2114              $C$DW$63        .dwtag  DW_TAG_formal_parameter
    2115                      .dwattr $C$DW$63, DW_AT_name("x")
    2116                      .dwattr $C$DW$63, DW_AT_type(*$C$DW$T$16)
    2117                      .dwattr $C$DW$63, DW_AT_location[DW_OP_regx 0x2b]
    2118              
    2119              
    2120              ;***************************************************************
    2121              ;* FNAME: __relaxed_sinf                FR SIZE:   0           *
    2122              ;*                                                             *
    2123              ;* FUNCTION ENVIRONMENT                                        *
    2124              ;*                                                             *
    2125              ;* FUNCTION PROPERTIES                                         *
    2126              ;*                            0 Parameter,  0 Auto,  0 SOE     *
    2127              ;***************************************************************
    2128              
    2129              ||__relaxed_sinf||:
    2130              ;* R0    assigned to x
    2131              $C$DW$64        .dwtag  DW_TAG_variable
    2132                      .dwattr $C$DW$64, DW_AT_name("x")
    2133                      .dwattr $C$DW$64, DW_AT_type(*$C$DW$T$147)
    2134                      .dwattr $C$DW$64, DW_AT_location[DW_OP_regx 0x2b]
    2135              
    2136                      .dwcfi  cfa_offset, -2
    2137                      .dwcfi  save_reg_to_mem, 26, 0
    2138                      .dwpsn  file "D:/TI/ccs/ccs/tools/compiler/ti-cgt-c2000_22.6.2.LTS/include/math.h",line 266,column 5,
    2139 00000000 E271          DIV2PIF32 R0H,R0H               ; [CPU_FPU] |266| 
         00000001 0000 
    2140 00000002 7700          NOP       ; [CPU_ALU] 
    2141 00000003 E278          SINPUF32  R0H,R0H               ; [CPU_FPU] |266| 
         00000004 0000 
    2142 00000005 7700          NOP       ; [CPU_ALU] 
    2143 00000006 7700          NOP       ; [CPU_ALU] 
    2144              $C$DW$65        .dwtag  DW_TAG_TI_branch
    2145                      .dwattr $C$DW$65, DW_AT_low_pc(0x00)
    2146                      .dwattr $C$DW$65, DW_AT_TI_return
    2147              
    2148 00000007 0006          LRETR     ; [CPU_ALU] 
    2149                      ; return occurs ; [] 
    2150                      .dwattr $C$DW$62, DW_AT_TI_end_file("D:/TI/ccs/ccs/tools/compiler/ti-cgt-c2000_22.6.2.LTS/include/mat
    2151                      .dwattr $C$DW$62, DW_AT_TI_end_line(0x10b)
    2152                      .dwattr $C$DW$62, DW_AT_TI_end_column(0x01)
    2153                      .dwendentry
    2154                      .dwendtag $C$DW$62
    2155              
    2156 00000000               .sect   ".text:__relaxed_fmodf"
    2157                      .clink
    2158                      .global ||__relaxed_fmodf||
    2159              
    2160              $C$DW$66        .dwtag  DW_TAG_subprogram
    2161                      .dwattr $C$DW$66, DW_AT_name("__relaxed_fmodf")
    2162                      .dwattr $C$DW$66, DW_AT_low_pc(||__relaxed_fmodf||)
    2163                      .dwattr $C$DW$66, DW_AT_high_pc(0x00)
    2164                      .dwattr $C$DW$66, DW_AT_linkage_name("__relaxed_fmodf")
    2165                      .dwattr $C$DW$66, DW_AT_external
TMS320C2000 Assembler PC v22.6.2 Tue Mar  3 20:15:52 2026

Copyright (c) 1996-2018 Texas Instruments Incorporated
dual_axis_servo_drive_user.asm                                       PAGE   50

    2166                      .dwattr $C$DW$66, DW_AT_type(*$C$DW$T$16)
    2167                      .dwattr $C$DW$66, DW_AT_decl_file("D:/TI/ccs/ccs/tools/compiler/ti-cgt-c2000_22.6.2.LTS/include/math.
    2168                      .dwattr $C$DW$66, DW_AT_decl_line(0x11c)
    2169                      .dwattr $C$DW$66, DW_AT_decl_column(0x10)
    2170                      .dwattr $C$DW$66, DW_AT_TI_max_frame_size(-2)
    2171                      .dwpsn  file "D:/TI/ccs/ccs/tools/compiler/ti-cgt-c2000_22.6.2.LTS/include/math.h",line 285,column 1,
    2172              
    2173                      .dwfde $C$DW$CIE, ||__relaxed_fmodf||
    2174              $C$DW$67        .dwtag  DW_TAG_formal_parameter
    2175                      .dwattr $C$DW$67, DW_AT_name("y")
    2176                      .dwattr $C$DW$67, DW_AT_type(*$C$DW$T$16)
    2177                      .dwattr $C$DW$67, DW_AT_location[DW_OP_regx 0x2b]
    2178              
    2179              $C$DW$68        .dwtag  DW_TAG_formal_parameter
    2180                      .dwattr $C$DW$68, DW_AT_name("x")
    2181                      .dwattr $C$DW$68, DW_AT_type(*$C$DW$T$16)
    2182                      .dwattr $C$DW$68, DW_AT_location[DW_OP_regx 0x2f]
    2183              
    2184              
    2185              ;***************************************************************
    2186              ;* FNAME: __relaxed_fmodf               FR SIZE:   0           *
    2187              ;*                                                             *
    2188              ;* FUNCTION ENVIRONMENT                                        *
    2189              ;*                                                             *
    2190              ;* FUNCTION PROPERTIES                                         *
    2191              ;*                            0 Parameter,  0 Auto,  0 SOE     *
    2192              ;***************************************************************
    2193              
    2194              ||__relaxed_fmodf||:
    2195              ;* R0    assigned to y
    2196              $C$DW$69        .dwtag  DW_TAG_variable
    2197                      .dwattr $C$DW$69, DW_AT_name("y")
    2198                      .dwattr $C$DW$69, DW_AT_type(*$C$DW$T$147)
    2199                      .dwattr $C$DW$69, DW_AT_location[DW_OP_regx 0x2b]
    2200              
    2201              ;* R1    assigned to x
    2202              $C$DW$70        .dwtag  DW_TAG_variable
    2203                      .dwattr $C$DW$70, DW_AT_name("x")
    2204                      .dwattr $C$DW$70, DW_AT_type(*$C$DW$T$147)
    2205                      .dwattr $C$DW$70, DW_AT_location[DW_OP_regx 0x2f]
    2206              
    2207                      .dwcfi  cfa_offset, -2
    2208                      .dwcfi  save_reg_to_mem, 26, 0
    2209                      .dwpsn  file "D:/TI/ccs/ccs/tools/compiler/ti-cgt-c2000_22.6.2.LTS/include/math.h",line 286,column 3,
    2210 00000000 E274          DIVF32    R2H,R0H,R1H           ; [CPU_FPU] |286| 
         00000001 0042 
    2211 00000002 7700          NOP       ; [CPU_ALU] 
    2212 00000003 7700          NOP       ; [CPU_ALU] 
    2213 00000004 7700          NOP       ; [CPU_ALU] 
    2214 00000005 7700          NOP       ; [CPU_ALU] 
    2215 00000006 E688          F32TOI32  R2H,R2H               ; [CPU_FPU] |286| 
         00000007 0012 
    2216 00000008 7700          NOP       ; [CPU_ALU] 
    2217 00000009 E689          I32TOF32  R2H,R2H               ; [CPU_FPU] |286| 
         0000000a 0012 
TMS320C2000 Assembler PC v22.6.2 Tue Mar  3 20:15:52 2026

Copyright (c) 1996-2018 Texas Instruments Incorporated
dual_axis_servo_drive_user.asm                                       PAGE   51

    2218 0000000b 7700          NOP       ; [CPU_ALU] 
    2219 0000000c E700          MPYF32    R1H,R1H,R2H           ; [CPU_FPU] |286| 
         0000000d 0089 
    2220 0000000e 7700          NOP       ; [CPU_ALU] 
    2221 0000000f E720          SUBF32    R0H,R0H,R1H           ; [CPU_FPU] |286| 
         00000010 0040 
    2222              $C$DW$71        .dwtag  DW_TAG_TI_branch
    2223                      .dwattr $C$DW$71, DW_AT_low_pc(0x00)
    2224                      .dwattr $C$DW$71, DW_AT_TI_return
    2225              
    2226 00000011 0006          LRETR     ; [CPU_ALU] 
    2227                      ; return occurs ; [] 
    2228                      .dwattr $C$DW$66, DW_AT_TI_end_file("D:/TI/ccs/ccs/tools/compiler/ti-cgt-c2000_22.6.2.LTS/include/mat
    2229                      .dwattr $C$DW$66, DW_AT_TI_end_line(0x11f)
    2230                      .dwattr $C$DW$66, DW_AT_TI_end_column(0x01)
    2231                      .dwendentry
    2232                      .dwendtag $C$DW$66
    2233              
    2234 00000000               .sect   ".text:__relaxed_fminf"
    2235                      .clink
    2236                      .global ||__relaxed_fminf||
    2237              
    2238              $C$DW$72        .dwtag  DW_TAG_subprogram
    2239                      .dwattr $C$DW$72, DW_AT_name("__relaxed_fminf")
    2240                      .dwattr $C$DW$72, DW_AT_low_pc(||__relaxed_fminf||)
    2241                      .dwattr $C$DW$72, DW_AT_high_pc(0x00)
    2242                      .dwattr $C$DW$72, DW_AT_linkage_name("__relaxed_fminf")
    2243                      .dwattr $C$DW$72, DW_AT_external
    2244                      .dwattr $C$DW$72, DW_AT_type(*$C$DW$T$16)
    2245                      .dwattr $C$DW$72, DW_AT_decl_file("D:/TI/ccs/ccs/tools/compiler/ti-cgt-c2000_22.6.2.LTS/include/math.
    2246                      .dwattr $C$DW$72, DW_AT_decl_line(0xee)
    2247                      .dwattr $C$DW$72, DW_AT_decl_column(0x10)
    2248                      .dwattr $C$DW$72, DW_AT_TI_max_frame_size(-2)
    2249                      .dwpsn  file "D:/TI/ccs/ccs/tools/compiler/ti-cgt-c2000_22.6.2.LTS/include/math.h",line 239,column 1,
    2250              
    2251                      .dwfde $C$DW$CIE, ||__relaxed_fminf||
    2252              $C$DW$73        .dwtag  DW_TAG_formal_parameter
    2253                      .dwattr $C$DW$73, DW_AT_name("x")
    2254                      .dwattr $C$DW$73, DW_AT_type(*$C$DW$T$16)
    2255                      .dwattr $C$DW$73, DW_AT_location[DW_OP_regx 0x2b]
    2256              
    2257              $C$DW$74        .dwtag  DW_TAG_formal_parameter
    2258                      .dwattr $C$DW$74, DW_AT_name("y")
    2259                      .dwattr $C$DW$74, DW_AT_type(*$C$DW$T$16)
    2260                      .dwattr $C$DW$74, DW_AT_location[DW_OP_regx 0x2f]
    2261              
    2262              
    2263              ;***************************************************************
    2264              ;* FNAME: __relaxed_fminf               FR SIZE:   0           *
    2265              ;*                                                             *
    2266              ;* FUNCTION ENVIRONMENT                                        *
    2267              ;*                                                             *
    2268              ;* FUNCTION PROPERTIES                                         *
    2269              ;*                            0 Parameter,  0 Auto,  0 SOE     *
    2270              ;***************************************************************
TMS320C2000 Assembler PC v22.6.2 Tue Mar  3 20:15:52 2026

Copyright (c) 1996-2018 Texas Instruments Incorporated
dual_axis_servo_drive_user.asm                                       PAGE   52

    2271              
    2272              ||__relaxed_fminf||:
    2273              ;* R1    assigned to y
    2274              $C$DW$75        .dwtag  DW_TAG_variable
    2275                      .dwattr $C$DW$75, DW_AT_name("y")
    2276                      .dwattr $C$DW$75, DW_AT_type(*$C$DW$T$147)
    2277                      .dwattr $C$DW$75, DW_AT_location[DW_OP_regx 0x2f]
    2278              
    2279                      .dwcfi  cfa_offset, -2
    2280                      .dwcfi  save_reg_to_mem, 26, 0
    2281                      .dwpsn  file "D:/TI/ccs/ccs/tools/compiler/ti-cgt-c2000_22.6.2.LTS/include/math.h",line 240,column 5,
    2282 00000000 E697          MINF32    R0H,R1H               ; [CPU_FPU] |240| 
         00000001 0008 
    2283              $C$DW$76        .dwtag  DW_TAG_TI_branch
    2284                      .dwattr $C$DW$76, DW_AT_low_pc(0x00)
    2285                      .dwattr $C$DW$76, DW_AT_TI_return
    2286              
    2287 00000002 0006          LRETR     ; [CPU_ALU] 
    2288                      ; return occurs ; [] 
    2289                      .dwattr $C$DW$72, DW_AT_TI_end_file("D:/TI/ccs/ccs/tools/compiler/ti-cgt-c2000_22.6.2.LTS/include/mat
    2290                      .dwattr $C$DW$72, DW_AT_TI_end_line(0xf1)
    2291                      .dwattr $C$DW$72, DW_AT_TI_end_column(0x01)
    2292                      .dwendentry
    2293                      .dwendtag $C$DW$72
    2294              
    2295 00000000               .sect   ".text:__relaxed_fmaxf"
    2296                      .clink
    2297                      .global ||__relaxed_fmaxf||
    2298              
    2299              $C$DW$77        .dwtag  DW_TAG_subprogram
    2300                      .dwattr $C$DW$77, DW_AT_name("__relaxed_fmaxf")
    2301                      .dwattr $C$DW$77, DW_AT_low_pc(||__relaxed_fmaxf||)
    2302                      .dwattr $C$DW$77, DW_AT_high_pc(0x00)
    2303                      .dwattr $C$DW$77, DW_AT_linkage_name("__relaxed_fmaxf")
    2304                      .dwattr $C$DW$77, DW_AT_external
    2305                      .dwattr $C$DW$77, DW_AT_type(*$C$DW$T$16)
    2306                      .dwattr $C$DW$77, DW_AT_decl_file("D:/TI/ccs/ccs/tools/compiler/ti-cgt-c2000_22.6.2.LTS/include/math.
    2307                      .dwattr $C$DW$77, DW_AT_decl_line(0xe8)
    2308                      .dwattr $C$DW$77, DW_AT_decl_column(0x10)
    2309                      .dwattr $C$DW$77, DW_AT_TI_max_frame_size(-2)
    2310                      .dwpsn  file "D:/TI/ccs/ccs/tools/compiler/ti-cgt-c2000_22.6.2.LTS/include/math.h",line 233,column 1,
    2311              
    2312                      .dwfde $C$DW$CIE, ||__relaxed_fmaxf||
    2313              $C$DW$78        .dwtag  DW_TAG_formal_parameter
    2314                      .dwattr $C$DW$78, DW_AT_name("x")
    2315                      .dwattr $C$DW$78, DW_AT_type(*$C$DW$T$16)
    2316                      .dwattr $C$DW$78, DW_AT_location[DW_OP_regx 0x2b]
    2317              
    2318              $C$DW$79        .dwtag  DW_TAG_formal_parameter
    2319                      .dwattr $C$DW$79, DW_AT_name("y")
    2320                      .dwattr $C$DW$79, DW_AT_type(*$C$DW$T$16)
    2321                      .dwattr $C$DW$79, DW_AT_location[DW_OP_regx 0x2f]
    2322              
    2323              
    2324              ;***************************************************************
TMS320C2000 Assembler PC v22.6.2 Tue Mar  3 20:15:52 2026

Copyright (c) 1996-2018 Texas Instruments Incorporated
dual_axis_servo_drive_user.asm                                       PAGE   53

    2325              ;* FNAME: __relaxed_fmaxf               FR SIZE:   0           *
    2326              ;*                                                             *
    2327              ;* FUNCTION ENVIRONMENT                                        *
    2328              ;*                                                             *
    2329              ;* FUNCTION PROPERTIES                                         *
    2330              ;*                            0 Parameter,  0 Auto,  0 SOE     *
    2331              ;***************************************************************
    2332              
    2333              ||__relaxed_fmaxf||:
    2334              ;* R1    assigned to y
    2335              $C$DW$80        .dwtag  DW_TAG_variable
    2336                      .dwattr $C$DW$80, DW_AT_name("y")
    2337                      .dwattr $C$DW$80, DW_AT_type(*$C$DW$T$147)
    2338                      .dwattr $C$DW$80, DW_AT_location[DW_OP_regx 0x2f]
    2339              
    2340                      .dwcfi  cfa_offset, -2
    2341                      .dwcfi  save_reg_to_mem, 26, 0
    2342                      .dwpsn  file "D:/TI/ccs/ccs/tools/compiler/ti-cgt-c2000_22.6.2.LTS/include/math.h",line 234,column 5,
    2343 00000000 E696          MAXF32    R0H,R1H               ; [CPU_FPU] |234| 
         00000001 0008 
    2344              $C$DW$81        .dwtag  DW_TAG_TI_branch
    2345                      .dwattr $C$DW$81, DW_AT_low_pc(0x00)
    2346                      .dwattr $C$DW$81, DW_AT_TI_return
    2347              
    2348 00000002 0006          LRETR     ; [CPU_ALU] 
    2349                      ; return occurs ; [] 
    2350                      .dwattr $C$DW$77, DW_AT_TI_end_file("D:/TI/ccs/ccs/tools/compiler/ti-cgt-c2000_22.6.2.LTS/include/mat
    2351                      .dwattr $C$DW$77, DW_AT_TI_end_line(0xeb)
    2352                      .dwattr $C$DW$77, DW_AT_TI_end_column(0x01)
    2353                      .dwendentry
    2354                      .dwendtag $C$DW$77
    2355              
    2356 00000000               .sect   ".text:__relaxed_cosf"
    2357                      .clink
    2358                      .global ||__relaxed_cosf||
    2359              
    2360              $C$DW$82        .dwtag  DW_TAG_subprogram
    2361                      .dwattr $C$DW$82, DW_AT_name("__relaxed_cosf")
    2362                      .dwattr $C$DW$82, DW_AT_low_pc(||__relaxed_cosf||)
    2363                      .dwattr $C$DW$82, DW_AT_high_pc(0x00)
    2364                      .dwattr $C$DW$82, DW_AT_linkage_name("__relaxed_cosf")
    2365                      .dwattr $C$DW$82, DW_AT_external
    2366                      .dwattr $C$DW$82, DW_AT_type(*$C$DW$T$16)
    2367                      .dwattr $C$DW$82, DW_AT_decl_file("D:/TI/ccs/ccs/tools/compiler/ti-cgt-c2000_22.6.2.LTS/include/math.
    2368                      .dwattr $C$DW$82, DW_AT_decl_line(0x10d)
    2369                      .dwattr $C$DW$82, DW_AT_decl_column(0x10)
    2370                      .dwattr $C$DW$82, DW_AT_TI_max_frame_size(-2)
    2371                      .dwpsn  file "D:/TI/ccs/ccs/tools/compiler/ti-cgt-c2000_22.6.2.LTS/include/math.h",line 270,column 1,
    2372              
    2373                      .dwfde $C$DW$CIE, ||__relaxed_cosf||
    2374              $C$DW$83        .dwtag  DW_TAG_formal_parameter
    2375                      .dwattr $C$DW$83, DW_AT_name("x")
    2376                      .dwattr $C$DW$83, DW_AT_type(*$C$DW$T$16)
    2377                      .dwattr $C$DW$83, DW_AT_location[DW_OP_regx 0x2b]
    2378              
TMS320C2000 Assembler PC v22.6.2 Tue Mar  3 20:15:52 2026

Copyright (c) 1996-2018 Texas Instruments Incorporated
dual_axis_servo_drive_user.asm                                       PAGE   54

    2379              
    2380              ;***************************************************************
    2381              ;* FNAME: __relaxed_cosf                FR SIZE:   0           *
    2382              ;*                                                             *
    2383              ;* FUNCTION ENVIRONMENT                                        *
    2384              ;*                                                             *
    2385              ;* FUNCTION PROPERTIES                                         *
    2386              ;*                            0 Parameter,  0 Auto,  0 SOE     *
    2387              ;***************************************************************
    2388              
    2389              ||__relaxed_cosf||:
    2390              ;* R0    assigned to x
    2391              $C$DW$84        .dwtag  DW_TAG_variable
    2392                      .dwattr $C$DW$84, DW_AT_name("x")
    2393                      .dwattr $C$DW$84, DW_AT_type(*$C$DW$T$147)
    2394                      .dwattr $C$DW$84, DW_AT_location[DW_OP_regx 0x2b]
    2395              
    2396                      .dwcfi  cfa_offset, -2
    2397                      .dwcfi  save_reg_to_mem, 26, 0
    2398                      .dwpsn  file "D:/TI/ccs/ccs/tools/compiler/ti-cgt-c2000_22.6.2.LTS/include/math.h",line 271,column 5,
    2399 00000000 E271          DIV2PIF32 R0H,R0H               ; [CPU_FPU] |271| 
         00000001 0000 
    2400 00000002 7700          NOP       ; [CPU_ALU] 
    2401 00000003 E279          COSPUF32  R0H,R0H               ; [CPU_FPU] |271| 
         00000004 0000 
    2402 00000005 7700          NOP       ; [CPU_ALU] 
    2403 00000006 7700          NOP       ; [CPU_ALU] 
    2404              $C$DW$85        .dwtag  DW_TAG_TI_branch
    2405                      .dwattr $C$DW$85, DW_AT_low_pc(0x00)
    2406                      .dwattr $C$DW$85, DW_AT_TI_return
    2407              
    2408 00000007 0006          LRETR     ; [CPU_ALU] 
    2409                      ; return occurs ; [] 
    2410                      .dwattr $C$DW$82, DW_AT_TI_end_file("D:/TI/ccs/ccs/tools/compiler/ti-cgt-c2000_22.6.2.LTS/include/mat
    2411                      .dwattr $C$DW$82, DW_AT_TI_end_line(0x110)
    2412                      .dwattr $C$DW$82, DW_AT_TI_end_column(0x01)
    2413                      .dwendentry
    2414                      .dwendtag $C$DW$82
    2415              
    2416 00000000               .sect   ".text:__relaxed_atanf"
    2417                      .clink
    2418                      .global ||__relaxed_atanf||
    2419              
    2420              $C$DW$86        .dwtag  DW_TAG_subprogram
    2421                      .dwattr $C$DW$86, DW_AT_name("__relaxed_atanf")
    2422                      .dwattr $C$DW$86, DW_AT_low_pc(||__relaxed_atanf||)
    2423                      .dwattr $C$DW$86, DW_AT_high_pc(0x00)
    2424                      .dwattr $C$DW$86, DW_AT_linkage_name("__relaxed_atanf")
    2425                      .dwattr $C$DW$86, DW_AT_external
    2426                      .dwattr $C$DW$86, DW_AT_type(*$C$DW$T$16)
    2427                      .dwattr $C$DW$86, DW_AT_decl_file("D:/TI/ccs/ccs/tools/compiler/ti-cgt-c2000_22.6.2.LTS/include/math.
    2428                      .dwattr $C$DW$86, DW_AT_decl_line(0x112)
    2429                      .dwattr $C$DW$86, DW_AT_decl_column(0x10)
    2430                      .dwattr $C$DW$86, DW_AT_TI_max_frame_size(-2)
    2431                      .dwpsn  file "D:/TI/ccs/ccs/tools/compiler/ti-cgt-c2000_22.6.2.LTS/include/math.h",line 275,column 1,
TMS320C2000 Assembler PC v22.6.2 Tue Mar  3 20:15:52 2026

Copyright (c) 1996-2018 Texas Instruments Incorporated
dual_axis_servo_drive_user.asm                                       PAGE   55

    2432              
    2433                      .dwfde $C$DW$CIE, ||__relaxed_atanf||
    2434              $C$DW$87        .dwtag  DW_TAG_formal_parameter
    2435                      .dwattr $C$DW$87, DW_AT_name("x")
    2436                      .dwattr $C$DW$87, DW_AT_type(*$C$DW$T$16)
    2437                      .dwattr $C$DW$87, DW_AT_location[DW_OP_regx 0x2b]
    2438              
    2439              
    2440              ;***************************************************************
    2441              ;* FNAME: __relaxed_atanf               FR SIZE:   0           *
    2442              ;*                                                             *
    2443              ;* FUNCTION ENVIRONMENT                                        *
    2444              ;*                                                             *
    2445              ;* FUNCTION PROPERTIES                                         *
    2446              ;*                            0 Parameter,  0 Auto,  0 SOE     *
    2447              ;***************************************************************
    2448              
    2449              ||__relaxed_atanf||:
    2450              ;* R0    assigned to x
    2451              $C$DW$88        .dwtag  DW_TAG_variable
    2452                      .dwattr $C$DW$88, DW_AT_name("x")
    2453                      .dwattr $C$DW$88, DW_AT_type(*$C$DW$T$147)
    2454                      .dwattr $C$DW$88, DW_AT_location[DW_OP_regx 0x2b]
    2455              
    2456                      .dwcfi  cfa_offset, -2
    2457                      .dwcfi  save_reg_to_mem, 26, 0
    2458                      .dwpsn  file "D:/TI/ccs/ccs/tools/compiler/ti-cgt-c2000_22.6.2.LTS/include/math.h",line 276,column 3,
    2459 00000000 E801          MOVIZ     R1H,#16256            ; [CPU_FPU] |276| 
         00000001 FC01 
    2460 00000002 E27C          QUADF32   R1H,R0H,R0H,R1H       ; [CPU_FPU] |276| 
         00000003 0201 
    2461 00000004 7700          NOP       ; [CPU_ALU] 
    2462 00000005 7700          NOP       ; [CPU_ALU] 
    2463 00000006 7700          NOP       ; [CPU_ALU] 
    2464 00000007 7700          NOP       ; [CPU_ALU] 
    2465 00000008 E27A          ATANPUF32 R0H,R0H               ; [CPU_FPU] |276| 
         00000009 0000 
    2466 0000000a 7700          NOP       ; [CPU_ALU] 
    2467 0000000b 7700          NOP       ; [CPU_ALU] 
    2468 0000000c 7700          NOP       ; [CPU_ALU] 
    2469 0000000d E710          ADDF32    R0H,R0H,R1H           ; [CPU_FPU] |276| 
         0000000e 0040 
    2470 0000000f 7700          NOP       ; [CPU_ALU] 
    2471 00000010 7700          NOP       ; [CPU_ALU] 
    2472 00000011 E270          MPY2PIF32 R0H,R0H               ; [CPU_FPU] |276| 
         00000012 0000 
    2473 00000013 7700          NOP       ; [CPU_ALU] 
    2474              $C$DW$89        .dwtag  DW_TAG_TI_branch
    2475                      .dwattr $C$DW$89, DW_AT_low_pc(0x00)
    2476                      .dwattr $C$DW$89, DW_AT_TI_return
    2477              
    2478 00000014 0006          LRETR     ; [CPU_ALU] 
    2479                      ; return occurs ; [] 
    2480                      .dwattr $C$DW$86, DW_AT_TI_end_file("D:/TI/ccs/ccs/tools/compiler/ti-cgt-c2000_22.6.2.LTS/include/mat
    2481                      .dwattr $C$DW$86, DW_AT_TI_end_line(0x115)
TMS320C2000 Assembler PC v22.6.2 Tue Mar  3 20:15:52 2026

Copyright (c) 1996-2018 Texas Instruments Incorporated
dual_axis_servo_drive_user.asm                                       PAGE   56

    2482                      .dwattr $C$DW$86, DW_AT_TI_end_column(0x01)
    2483                      .dwendentry
    2484                      .dwendtag $C$DW$86
    2485              
    2486 00000000               .sect   ".text:__relaxed_atan2f"
    2487                      .clink
    2488                      .global ||__relaxed_atan2f||
    2489              
    2490              $C$DW$90        .dwtag  DW_TAG_subprogram
    2491                      .dwattr $C$DW$90, DW_AT_name("__relaxed_atan2f")
    2492                      .dwattr $C$DW$90, DW_AT_low_pc(||__relaxed_atan2f||)
    2493                      .dwattr $C$DW$90, DW_AT_high_pc(0x00)
    2494                      .dwattr $C$DW$90, DW_AT_linkage_name("__relaxed_atan2f")
    2495                      .dwattr $C$DW$90, DW_AT_external
    2496                      .dwattr $C$DW$90, DW_AT_type(*$C$DW$T$16)
    2497                      .dwattr $C$DW$90, DW_AT_decl_file("D:/TI/ccs/ccs/tools/compiler/ti-cgt-c2000_22.6.2.LTS/include/math.
    2498                      .dwattr $C$DW$90, DW_AT_decl_line(0x117)
    2499                      .dwattr $C$DW$90, DW_AT_decl_column(0x10)
    2500                      .dwattr $C$DW$90, DW_AT_TI_max_frame_size(-2)
    2501                      .dwpsn  file "D:/TI/ccs/ccs/tools/compiler/ti-cgt-c2000_22.6.2.LTS/include/math.h",line 280,column 1,
    2502              
    2503                      .dwfde $C$DW$CIE, ||__relaxed_atan2f||
    2504              $C$DW$91        .dwtag  DW_TAG_formal_parameter
    2505                      .dwattr $C$DW$91, DW_AT_name("y")
    2506                      .dwattr $C$DW$91, DW_AT_type(*$C$DW$T$16)
    2507                      .dwattr $C$DW$91, DW_AT_location[DW_OP_regx 0x2b]
    2508              
    2509              $C$DW$92        .dwtag  DW_TAG_formal_parameter
    2510                      .dwattr $C$DW$92, DW_AT_name("x")
    2511                      .dwattr $C$DW$92, DW_AT_type(*$C$DW$T$16)
    2512                      .dwattr $C$DW$92, DW_AT_location[DW_OP_regx 0x2f]
    2513              
    2514              
    2515              ;***************************************************************
    2516              ;* FNAME: __relaxed_atan2f              FR SIZE:   0           *
    2517              ;*                                                             *
    2518              ;* FUNCTION ENVIRONMENT                                        *
    2519              ;*                                                             *
    2520              ;* FUNCTION PROPERTIES                                         *
    2521              ;*                            0 Parameter,  0 Auto,  0 SOE     *
    2522              ;***************************************************************
    2523              
    2524              ||__relaxed_atan2f||:
    2525              ;* R0    assigned to y
    2526              $C$DW$93        .dwtag  DW_TAG_variable
    2527                      .dwattr $C$DW$93, DW_AT_name("y")
    2528                      .dwattr $C$DW$93, DW_AT_type(*$C$DW$T$147)
    2529                      .dwattr $C$DW$93, DW_AT_location[DW_OP_regx 0x2b]
    2530              
    2531              ;* R1    assigned to x
    2532              $C$DW$94        .dwtag  DW_TAG_variable
    2533                      .dwattr $C$DW$94, DW_AT_name("x")
    2534                      .dwattr $C$DW$94, DW_AT_type(*$C$DW$T$147)
    2535                      .dwattr $C$DW$94, DW_AT_location[DW_OP_regx 0x2f]
    2536              
TMS320C2000 Assembler PC v22.6.2 Tue Mar  3 20:15:52 2026

Copyright (c) 1996-2018 Texas Instruments Incorporated
dual_axis_servo_drive_user.asm                                       PAGE   57

    2537                      .dwcfi  cfa_offset, -2
    2538                      .dwcfi  save_reg_to_mem, 26, 0
    2539                      .dwpsn  file "D:/TI/ccs/ccs/tools/compiler/ti-cgt-c2000_22.6.2.LTS/include/math.h",line 281,column 3,
    2540 00000000 E27C          QUADF32   R1H,R0H,R0H,R1H       ; [CPU_FPU] |281| 
         00000001 0201 
    2541 00000002 7700          NOP       ; [CPU_ALU] 
    2542 00000003 7700          NOP       ; [CPU_ALU] 
    2543 00000004 7700          NOP       ; [CPU_ALU] 
    2544 00000005 7700          NOP       ; [CPU_ALU] 
    2545 00000006 E27A          ATANPUF32 R0H,R0H               ; [CPU_FPU] |281| 
         00000007 0000 
    2546 00000008 7700          NOP       ; [CPU_ALU] 
    2547 00000009 7700          NOP       ; [CPU_ALU] 
    2548 0000000a 7700          NOP       ; [CPU_ALU] 
    2549 0000000b E710          ADDF32    R0H,R0H,R1H           ; [CPU_FPU] |281| 
         0000000c 0040 
    2550 0000000d 7700          NOP       ; [CPU_ALU] 
    2551 0000000e 7700          NOP       ; [CPU_ALU] 
    2552 0000000f E270          MPY2PIF32 R0H,R0H               ; [CPU_FPU] |281| 
         00000010 0000 
    2553 00000011 7700          NOP       ; [CPU_ALU] 
    2554              $C$DW$95        .dwtag  DW_TAG_TI_branch
    2555                      .dwattr $C$DW$95, DW_AT_low_pc(0x00)
    2556                      .dwattr $C$DW$95, DW_AT_TI_return
    2557              
    2558 00000012 0006          LRETR     ; [CPU_ALU] 
    2559                      ; return occurs ; [] 
    2560                      .dwattr $C$DW$90, DW_AT_TI_end_file("D:/TI/ccs/ccs/tools/compiler/ti-cgt-c2000_22.6.2.LTS/include/mat
    2561                      .dwattr $C$DW$90, DW_AT_TI_end_line(0x11a)
    2562                      .dwattr $C$DW$90, DW_AT_TI_end_column(0x01)
    2563                      .dwendentry
    2564                      .dwendtag $C$DW$90
    2565              
    2566 00000000               .sect   ".text:__isnormall"
    2567                      .clink
    2568                      .global ||__isnormall||
    2569              
    2570              $C$DW$96        .dwtag  DW_TAG_subprogram
    2571                      .dwattr $C$DW$96, DW_AT_name("__isnormall")
    2572                      .dwattr $C$DW$96, DW_AT_low_pc(||__isnormall||)
    2573                      .dwattr $C$DW$96, DW_AT_high_pc(0x00)
    2574                      .dwattr $C$DW$96, DW_AT_linkage_name("__isnormall")
    2575                      .dwattr $C$DW$96, DW_AT_external
    2576                      .dwattr $C$DW$96, DW_AT_type(*$C$DW$T$10)
    2577                      .dwattr $C$DW$96, DW_AT_decl_file("D:/TI/ccs/ccs/tools/compiler/ti-cgt-c2000_22.6.2.LTS/include/_defs
    2578                      .dwattr $C$DW$96, DW_AT_decl_line(0x167)
    2579                      .dwattr $C$DW$96, DW_AT_decl_column(0x18)
    2580                      .dwattr $C$DW$96, DW_AT_TI_max_frame_size(-6)
    2581                      .dwpsn  file "D:/TI/ccs/ccs/tools/compiler/ti-cgt-c2000_22.6.2.LTS/include/_defs.h",line 360,column 1
    2582              
    2583                      .dwfde $C$DW$CIE, ||__isnormall||
    2584              $C$DW$97        .dwtag  DW_TAG_formal_parameter
    2585                      .dwattr $C$DW$97, DW_AT_name("e")
    2586                      .dwattr $C$DW$97, DW_AT_type(*$C$DW$T$151)
    2587                      .dwattr $C$DW$97, DW_AT_location[DW_OP_reg12]
TMS320C2000 Assembler PC v22.6.2 Tue Mar  3 20:15:52 2026

Copyright (c) 1996-2018 Texas Instruments Incorporated
dual_axis_servo_drive_user.asm                                       PAGE   58

    2588              
    2589              
    2590              ;***************************************************************
    2591              ;* FNAME: __isnormall                   FR SIZE:   4           *
    2592              ;*                                                             *
    2593              ;* FUNCTION ENVIRONMENT                                        *
    2594              ;*                                                             *
    2595              ;* FUNCTION PROPERTIES                                         *
    2596              ;*                            4 Parameter,  0 Auto,  0 SOE     *
    2597              ;***************************************************************
    2598              
    2599              ||__isnormall||:
    2600              ;* AR5   assigned to $O$C2
    2601              ;* AR6   assigned to $O$S1
    2602              ;* AR4   assigned to e
    2603              $C$DW$98        .dwtag  DW_TAG_variable
    2604                      .dwattr $C$DW$98, DW_AT_name("e")
    2605                      .dwattr $C$DW$98, DW_AT_type(*$C$DW$T$152)
    2606                      .dwattr $C$DW$98, DW_AT_location[DW_OP_reg12]
    2607              
    2608                      .dwcfi  cfa_offset, -2
    2609                      .dwcfi  save_reg_to_mem, 26, 0
    2610 00000000 FE04          ADDB      SP,#4                 ; [CPU_ARAU] 
    2611                      .dwcfi  cfa_offset, -6
    2612                      .dwpsn  file "D:/TI/ccs/ccs/tools/compiler/ti-cgt-c2000_22.6.2.LTS/include/_defs.h",line 360,column 3
    2613 00000001 83C4          MOVL      XAR5,*+XAR4[0]        ; [CPU_ALU] |360| 
    2614 00000002 8AD4          MOVL      XAR4,*+XAR4[2]        ; [CPU_ALU] |360| 
    2615 00000003 BE00          MOVB      XAR6,#0               ; [CPU_ALU] |360| 
    2616 00000004 28AC          MOV       T,#52                 ; [CPU_ALU] |360| 
         00000005 0034 
    2617 00000006 A0AB          MOVL      P,XAR5                ; [CPU_ALU] |360| 
    2618 00000007 A8A9          MOVL      ACC,XAR4              ; [CPU_ALU] |360| 
    2619 00000008 C244          MOVL      *-SP[4],XAR6          ; [CPU_ALU] |360| 
    2620 00000009 2B42          MOV       *-SP[2],#0            ; [CPU_ALU] |360| 
    2621 0000000a 565B          LSR64     ACC:P,T               ; [CPU_ALU] |360| 
    2622 0000000b 2B41          MOV       *-SP[1],#0            ; [CPU_FPU] |360| 
    2623 0000000c 9000          ANDB      AL,#0                 ; [CPU_ALU] |360| 
    2624 0000000d 9100          ANDB      AH,#0                 ; [CPU_ALU] |360| 
    2625 0000000e 18AB          AND       PL,#2047              ; [CPU_ALU] |360| 
         0000000f 07FF 
    2626 00000010 18AA          AND       PH,#0                 ; [CPU_ALU] |360| 
         00000011 0000 
    2627              $C$DW$99        .dwtag  DW_TAG_TI_branch
    2628                      .dwattr $C$DW$99, DW_AT_low_pc(0x00)
    2629                      .dwattr $C$DW$99, DW_AT_name("__c28xabi_cmpull")
    2630                      .dwattr $C$DW$99, DW_AT_TI_call
    2631              
    2632 00000012 7640!         LCR       #||__c28xabi_cmpull|| ; [CPU_ALU] |360| 
         00000013 0000 
    2633                      ; call occurs [#||__c28xabi_cmpull||] ; [] |360| 
    2634 00000014 BE00          MOVB      XAR6,#0               ; [CPU_ALU] |360| 
    2635 00000015 5200          CMPB      AL,#0                 ; [CPU_ALU] |360| 
    2636 00000016 610E          B         ||$C$L12||,EQ         ; [CPU_ALU] |360| 
    2637                      ; branchcc occurs ; [] |360| 
    2638 00000017 A0AB          MOVL      P,XAR5                ; [CPU_ALU] |360| 
TMS320C2000 Assembler PC v22.6.2 Tue Mar  3 20:15:52 2026

Copyright (c) 1996-2018 Texas Instruments Incorporated
dual_axis_servo_drive_user.asm                                       PAGE   59

    2639 00000018 A8A9          MOVL      ACC,XAR4              ; [CPU_ALU] |360| 
    2640 00000019 28AC          MOV       T,#48                 ; [CPU_ALU] |360| 
         0000001a 0030 
    2641 0000001b 565B          LSR64     ACC:P,T               ; [CPU_ALU] |360| 
    2642 0000001c 18AB          AND       PL,#0x7ff0            ; [CPU_ALU] |360| 
         0000001d 7FF0 
    2643 0000001e 80AB          MOVZ      AR7,PL                ; [CPU_ALU] |360| 
    2644 0000001f FF20          MOV       ACC,#32752            ; [CPU_ALU] |360| 
         00000020 7FF0 
    2645 00000021 0FA7          CMPL      ACC,XAR7              ; [CPU_ALU] |360| 
    2646 00000022 56B0          MOVB      XAR6,#1,NEQ           ; [CPU_ALU] |360| 
         00000023 01A6 
    2647 00000024       ||$C$L12||:    
    2648 00000024 FE84          SUBB      SP,#4                 ; [CPU_ARAU] 
    2649                      .dwcfi  cfa_offset, -2
    2650 00000025 92A6          MOV       AL,AR6                ; [CPU_ALU] |360| 
    2651              $C$DW$100       .dwtag  DW_TAG_TI_branch
    2652                      .dwattr $C$DW$100, DW_AT_low_pc(0x00)
    2653                      .dwattr $C$DW$100, DW_AT_TI_return
    2654              
    2655 00000026 0006          LRETR     ; [CPU_ALU] 
    2656                      ; return occurs ; [] 
    2657                      .dwattr $C$DW$96, DW_AT_TI_end_file("D:/TI/ccs/ccs/tools/compiler/ti-cgt-c2000_22.6.2.LTS/include/_de
    2658                      .dwattr $C$DW$96, DW_AT_TI_end_line(0x169)
    2659                      .dwattr $C$DW$96, DW_AT_TI_end_column(0x31)
    2660                      .dwendentry
    2661                      .dwendtag $C$DW$96
    2662              
    2663 00000000               .sect   ".text:__isnormalf"
    2664                      .clink
    2665                      .global ||__isnormalf||
    2666              
    2667              $C$DW$101       .dwtag  DW_TAG_subprogram
    2668                      .dwattr $C$DW$101, DW_AT_name("__isnormalf")
    2669                      .dwattr $C$DW$101, DW_AT_low_pc(||__isnormalf||)
    2670                      .dwattr $C$DW$101, DW_AT_high_pc(0x00)
    2671                      .dwattr $C$DW$101, DW_AT_linkage_name("__isnormalf")
    2672                      .dwattr $C$DW$101, DW_AT_external
    2673                      .dwattr $C$DW$101, DW_AT_type(*$C$DW$T$10)
    2674                      .dwattr $C$DW$101, DW_AT_decl_file("D:/TI/ccs/ccs/tools/compiler/ti-cgt-c2000_22.6.2.LTS/include/_def
    2675                      .dwattr $C$DW$101, DW_AT_decl_line(0x163)
    2676                      .dwattr $C$DW$101, DW_AT_decl_column(0x18)
    2677                      .dwattr $C$DW$101, DW_AT_TI_max_frame_size(-2)
    2678                      .dwpsn  file "D:/TI/ccs/ccs/tools/compiler/ti-cgt-c2000_22.6.2.LTS/include/_defs.h",line 356,column 1
    2679              
    2680                      .dwfde $C$DW$CIE, ||__isnormalf||
    2681              $C$DW$102       .dwtag  DW_TAG_formal_parameter
    2682                      .dwattr $C$DW$102, DW_AT_name("f")
    2683                      .dwattr $C$DW$102, DW_AT_type(*$C$DW$T$16)
    2684                      .dwattr $C$DW$102, DW_AT_location[DW_OP_regx 0x2b]
    2685              
    2686              
    2687              ;***************************************************************
    2688              ;* FNAME: __isnormalf                   FR SIZE:   0           *
    2689              ;*                                                             *
TMS320C2000 Assembler PC v22.6.2 Tue Mar  3 20:15:52 2026

Copyright (c) 1996-2018 Texas Instruments Incorporated
dual_axis_servo_drive_user.asm                                       PAGE   60

    2690              ;* FUNCTION ENVIRONMENT                                        *
    2691              ;*                                                             *
    2692              ;* FUNCTION PROPERTIES                                         *
    2693              ;*                            0 Parameter,  0 Auto,  0 SOE     *
    2694              ;***************************************************************
    2695              
    2696              ||__isnormalf||:
    2697              ;* PL    assigned to $O$K3
    2698              ;* AR6   assigned to $O$S1
    2699              ;* R0    assigned to f
    2700              $C$DW$103       .dwtag  DW_TAG_variable
    2701                      .dwattr $C$DW$103, DW_AT_name("f")
    2702                      .dwattr $C$DW$103, DW_AT_type(*$C$DW$T$147)
    2703                      .dwattr $C$DW$103, DW_AT_location[DW_OP_regx 0x2b]
    2704              
    2705                      .dwcfi  cfa_offset, -2
    2706                      .dwcfi  save_reg_to_mem, 26, 0
    2707                      .dwpsn  file "D:/TI/ccs/ccs/tools/compiler/ti-cgt-c2000_22.6.2.LTS/include/_defs.h",line 356,column 3
    2708 00000000 BFAB          MOV32     P,R0H                 ; [CPU_FPU] |356| 
         00000001 0F12 
    2709 00000002 28AC          MOV       T,#23                 ; [CPU_ALU] |356| 
         00000003 0017 
    2710 00000004 A9A9          MOVL      ACC,P                 ; [CPU_ALU] |356| 
    2711 00000005 BE00          MOVB      XAR6,#0               ; [CPU_ALU] |356| 
    2712 00000006 5622          LSRL      ACC,T                 ; [CPU_ALU] |356| 
    2713 00000007 90FF          ANDB      AL,#0xff              ; [CPU_ALU] |356| 
    2714 00000008 6109          B         ||$C$L13||,EQ         ; [CPU_ALU] |356| 
    2715                      ; branchcc occurs ; [] |356| 
    2716 00000009 CCAA          AND       AL,PH,#0x7f80         ; [CPU_ALU] |356| 
         0000000a 7F80 
    2717 0000000b 80A9          MOVZ      AR7,AL                ; [CPU_ALU] |356| 
    2718 0000000c FF20          MOV       ACC,#32640            ; [CPU_ALU] |356| 
         0000000d 7F80 
    2719 0000000e 0FA7          CMPL      ACC,XAR7              ; [CPU_ALU] |356| 
    2720 0000000f 56B0          MOVB      XAR6,#1,NEQ           ; [CPU_ALU] |356| 
         00000010 01A6 
    2721 00000011       ||$C$L13||:    
    2722 00000011 92A6          MOV       AL,AR6                ; [CPU_ALU] |356| 
    2723              $C$DW$104       .dwtag  DW_TAG_TI_branch
    2724                      .dwattr $C$DW$104, DW_AT_low_pc(0x00)
    2725                      .dwattr $C$DW$104, DW_AT_TI_return
    2726              
    2727 00000012 0006          LRETR     ; [CPU_ALU] 
    2728                      ; return occurs ; [] 
    2729                      .dwattr $C$DW$101, DW_AT_TI_end_file("D:/TI/ccs/ccs/tools/compiler/ti-cgt-c2000_22.6.2.LTS/include/_d
    2730                      .dwattr $C$DW$101, DW_AT_TI_end_line(0x165)
    2731                      .dwattr $C$DW$101, DW_AT_TI_end_column(0x2f)
    2732                      .dwendentry
    2733                      .dwendtag $C$DW$101
    2734              
    2735 00000000               .sect   ".text:__isnormal"
    2736                      .clink
    2737                      .global ||__isnormal||
    2738              
    2739              $C$DW$105       .dwtag  DW_TAG_subprogram
TMS320C2000 Assembler PC v22.6.2 Tue Mar  3 20:15:52 2026

Copyright (c) 1996-2018 Texas Instruments Incorporated
dual_axis_servo_drive_user.asm                                       PAGE   61

    2740                      .dwattr $C$DW$105, DW_AT_name("__isnormal")
    2741                      .dwattr $C$DW$105, DW_AT_low_pc(||__isnormal||)
    2742                      .dwattr $C$DW$105, DW_AT_high_pc(0x00)
    2743                      .dwattr $C$DW$105, DW_AT_linkage_name("__isnormal")
    2744                      .dwattr $C$DW$105, DW_AT_external
    2745                      .dwattr $C$DW$105, DW_AT_type(*$C$DW$T$10)
    2746                      .dwattr $C$DW$105, DW_AT_decl_file("D:/TI/ccs/ccs/tools/compiler/ti-cgt-c2000_22.6.2.LTS/include/_def
    2747                      .dwattr $C$DW$105, DW_AT_decl_line(0x15f)
    2748                      .dwattr $C$DW$105, DW_AT_decl_column(0x18)
    2749                      .dwattr $C$DW$105, DW_AT_TI_max_frame_size(-6)
    2750                      .dwpsn  file "D:/TI/ccs/ccs/tools/compiler/ti-cgt-c2000_22.6.2.LTS/include/_defs.h",line 352,column 1
    2751              
    2752                      .dwfde $C$DW$CIE, ||__isnormal||
    2753              $C$DW$106       .dwtag  DW_TAG_formal_parameter
    2754                      .dwattr $C$DW$106, DW_AT_name("d")
    2755                      .dwattr $C$DW$106, DW_AT_type(*$C$DW$T$149)
    2756                      .dwattr $C$DW$106, DW_AT_location[DW_OP_reg12]
    2757              
    2758              
    2759              ;***************************************************************
    2760              ;* FNAME: __isnormal                    FR SIZE:   4           *
    2761              ;*                                                             *
    2762              ;* FUNCTION ENVIRONMENT                                        *
    2763              ;*                                                             *
    2764              ;* FUNCTION PROPERTIES                                         *
    2765              ;*                            4 Parameter,  0 Auto,  0 SOE     *
    2766              ;***************************************************************
    2767              
    2768              ||__isnormal||:
    2769              ;* AR5   assigned to $O$C2
    2770              ;* AR6   assigned to $O$S1
    2771              ;* AR4   assigned to d
    2772              $C$DW$107       .dwtag  DW_TAG_variable
    2773                      .dwattr $C$DW$107, DW_AT_name("d")
    2774                      .dwattr $C$DW$107, DW_AT_type(*$C$DW$T$150)
    2775                      .dwattr $C$DW$107, DW_AT_location[DW_OP_reg12]
    2776              
    2777                      .dwcfi  cfa_offset, -2
    2778                      .dwcfi  save_reg_to_mem, 26, 0
    2779 00000000 FE04          ADDB      SP,#4                 ; [CPU_ARAU] 
    2780                      .dwcfi  cfa_offset, -6
    2781                      .dwpsn  file "D:/TI/ccs/ccs/tools/compiler/ti-cgt-c2000_22.6.2.LTS/include/_defs.h",line 352,column 3
    2782 00000001 83C4          MOVL      XAR5,*+XAR4[0]        ; [CPU_ALU] |352| 
    2783 00000002 8AD4          MOVL      XAR4,*+XAR4[2]        ; [CPU_ALU] |352| 
    2784 00000003 BE00          MOVB      XAR6,#0               ; [CPU_ALU] |352| 
    2785 00000004 28AC          MOV       T,#52                 ; [CPU_ALU] |352| 
         00000005 0034 
    2786 00000006 A0AB          MOVL      P,XAR5                ; [CPU_ALU] |352| 
    2787 00000007 A8A9          MOVL      ACC,XAR4              ; [CPU_ALU] |352| 
    2788 00000008 C244          MOVL      *-SP[4],XAR6          ; [CPU_ALU] |352| 
    2789 00000009 2B42          MOV       *-SP[2],#0            ; [CPU_ALU] |352| 
    2790 0000000a 565B          LSR64     ACC:P,T               ; [CPU_ALU] |352| 
    2791 0000000b 2B41          MOV       *-SP[1],#0            ; [CPU_FPU] |352| 
    2792 0000000c 9000          ANDB      AL,#0                 ; [CPU_ALU] |352| 
    2793 0000000d 9100          ANDB      AH,#0                 ; [CPU_ALU] |352| 
TMS320C2000 Assembler PC v22.6.2 Tue Mar  3 20:15:52 2026

Copyright (c) 1996-2018 Texas Instruments Incorporated
dual_axis_servo_drive_user.asm                                       PAGE   62

    2794 0000000e 18AB          AND       PL,#2047              ; [CPU_ALU] |352| 
         0000000f 07FF 
    2795 00000010 18AA          AND       PH,#0                 ; [CPU_ALU] |352| 
         00000011 0000 
    2796              $C$DW$108       .dwtag  DW_TAG_TI_branch
    2797                      .dwattr $C$DW$108, DW_AT_low_pc(0x00)
    2798                      .dwattr $C$DW$108, DW_AT_name("__c28xabi_cmpull")
    2799                      .dwattr $C$DW$108, DW_AT_TI_call
    2800              
    2801 00000012 7640!         LCR       #||__c28xabi_cmpull|| ; [CPU_ALU] |352| 
         00000013 0000 
    2802                      ; call occurs [#||__c28xabi_cmpull||] ; [] |352| 
    2803 00000014 BE00          MOVB      XAR6,#0               ; [CPU_ALU] |352| 
    2804 00000015 5200          CMPB      AL,#0                 ; [CPU_ALU] |352| 
    2805 00000016 610E          B         ||$C$L14||,EQ         ; [CPU_ALU] |352| 
    2806                      ; branchcc occurs ; [] |352| 
    2807 00000017 A0AB          MOVL      P,XAR5                ; [CPU_ALU] |352| 
    2808 00000018 A8A9          MOVL      ACC,XAR4              ; [CPU_ALU] |352| 
    2809 00000019 28AC          MOV       T,#48                 ; [CPU_ALU] |352| 
         0000001a 0030 
    2810 0000001b 565B          LSR64     ACC:P,T               ; [CPU_ALU] |352| 
    2811 0000001c 18AB          AND       PL,#0x7ff0            ; [CPU_ALU] |352| 
         0000001d 7FF0 
    2812 0000001e 80AB          MOVZ      AR7,PL                ; [CPU_ALU] |352| 
    2813 0000001f FF20          MOV       ACC,#32752            ; [CPU_ALU] |352| 
         00000020 7FF0 
    2814 00000021 0FA7          CMPL      ACC,XAR7              ; [CPU_ALU] |352| 
    2815 00000022 56B0          MOVB      XAR6,#1,NEQ           ; [CPU_ALU] |352| 
         00000023 01A6 
    2816 00000024       ||$C$L14||:    
    2817 00000024 FE84          SUBB      SP,#4                 ; [CPU_ARAU] 
    2818                      .dwcfi  cfa_offset, -2
    2819 00000025 92A6          MOV       AL,AR6                ; [CPU_ALU] |352| 
    2820              $C$DW$109       .dwtag  DW_TAG_TI_branch
    2821                      .dwattr $C$DW$109, DW_AT_low_pc(0x00)
    2822                      .dwattr $C$DW$109, DW_AT_TI_return
    2823              
    2824 00000026 0006          LRETR     ; [CPU_ALU] 
    2825                      ; return occurs ; [] 
    2826                      .dwattr $C$DW$105, DW_AT_TI_end_file("D:/TI/ccs/ccs/tools/compiler/ti-cgt-c2000_22.6.2.LTS/include/_d
    2827                      .dwattr $C$DW$105, DW_AT_TI_end_line(0x161)
    2828                      .dwattr $C$DW$105, DW_AT_TI_end_column(0x30)
    2829                      .dwendentry
    2830                      .dwendtag $C$DW$105
    2831              
    2832 00000000               .sect   ".text:__isnanl"
    2833                      .clink
    2834                      .global ||__isnanl||
    2835              
    2836              $C$DW$110       .dwtag  DW_TAG_subprogram
    2837                      .dwattr $C$DW$110, DW_AT_name("__isnanl")
    2838                      .dwattr $C$DW$110, DW_AT_low_pc(||__isnanl||)
    2839                      .dwattr $C$DW$110, DW_AT_high_pc(0x00)
    2840                      .dwattr $C$DW$110, DW_AT_linkage_name("__isnanl")
    2841                      .dwattr $C$DW$110, DW_AT_external
TMS320C2000 Assembler PC v22.6.2 Tue Mar  3 20:15:52 2026

Copyright (c) 1996-2018 Texas Instruments Incorporated
dual_axis_servo_drive_user.asm                                       PAGE   63

    2842                      .dwattr $C$DW$110, DW_AT_type(*$C$DW$T$10)
    2843                      .dwattr $C$DW$110, DW_AT_decl_file("D:/TI/ccs/ccs/tools/compiler/ti-cgt-c2000_22.6.2.LTS/include/_def
    2844                      .dwattr $C$DW$110, DW_AT_decl_line(0x15b)
    2845                      .dwattr $C$DW$110, DW_AT_decl_column(0x18)
    2846                      .dwattr $C$DW$110, DW_AT_TI_max_frame_size(-6)
    2847                      .dwpsn  file "D:/TI/ccs/ccs/tools/compiler/ti-cgt-c2000_22.6.2.LTS/include/_defs.h",line 348,column 1
    2848              
    2849                      .dwfde $C$DW$CIE, ||__isnanl||
    2850              $C$DW$111       .dwtag  DW_TAG_formal_parameter
    2851                      .dwattr $C$DW$111, DW_AT_name("e")
    2852                      .dwattr $C$DW$111, DW_AT_type(*$C$DW$T$151)
    2853                      .dwattr $C$DW$111, DW_AT_location[DW_OP_reg12]
    2854              
    2855              
    2856              ;***************************************************************
    2857              ;* FNAME: __isnanl                      FR SIZE:   4           *
    2858              ;*                                                             *
    2859              ;* FUNCTION ENVIRONMENT                                        *
    2860              ;*                                                             *
    2861              ;* FUNCTION PROPERTIES                                         *
    2862              ;*                            4 Parameter,  0 Auto,  0 SOE     *
    2863              ;***************************************************************
    2864              
    2865              ||__isnanl||:
    2866              ;* AR7   assigned to $O$C2
    2867              ;* AR4   assigned to $O$S1
    2868              ;* AR4   assigned to e
    2869              $C$DW$112       .dwtag  DW_TAG_variable
    2870                      .dwattr $C$DW$112, DW_AT_name("e")
    2871                      .dwattr $C$DW$112, DW_AT_type(*$C$DW$T$152)
    2872                      .dwattr $C$DW$112, DW_AT_location[DW_OP_reg12]
    2873              
    2874                      .dwcfi  cfa_offset, -2
    2875                      .dwcfi  save_reg_to_mem, 26, 0
    2876 00000000 FE04          ADDB      SP,#4                 ; [CPU_ARAU] 
    2877                      .dwcfi  cfa_offset, -6
    2878                      .dwpsn  file "D:/TI/ccs/ccs/tools/compiler/ti-cgt-c2000_22.6.2.LTS/include/_defs.h",line 348,column 3
    2879 00000001 C5C4          MOVL      XAR7,*+XAR4[0]        ; [CPU_ALU] |348| 
    2880 00000002 06D4          MOVL      ACC,*+XAR4[2]         ; [CPU_ALU] |348| 
    2881 00000003 28AC          MOV       T,#48                 ; [CPU_ALU] |348| 
         00000004 0030 
    2882 00000005 1EA6          MOVL      XAR6,ACC              ; [CPU_ALU] |348| 
    2883 00000006 A3A7          MOVL      P,XAR7                ; [CPU_ALU] |348| 
    2884 00000007 D400          MOVB      XAR4,#0               ; [CPU_ALU] |348| 
    2885 00000008 565B          LSR64     ACC:P,T               ; [CPU_ALU] |348| 
    2886 00000009 2BAA          MOV       PH,#0                 ; [CPU_ALU] |348| 
    2887 0000000a 18AB          AND       PL,#0x7ff0            ; [CPU_ALU] |348| 
         0000000b 7FF0 
    2888 0000000c FF20          MOV       ACC,#32752            ; [CPU_ALU] |348| 
         0000000d 7FF0 
    2889 0000000e 0FAB          CMPL      ACC,P                 ; [CPU_ALU] |348| 
    2890 0000000f 6013          B         ||$C$L15||,NEQ        ; [CPU_ALU] |348| 
    2891                      ; branchcc occurs ; [] |348| 
    2892 00000010 06A6          MOVL      ACC,XAR6              ; [CPU_ALU] |348| 
    2893 00000011 A3A7          MOVL      P,XAR7                ; [CPU_ALU] |348| 
TMS320C2000 Assembler PC v22.6.2 Tue Mar  3 20:15:52 2026

Copyright (c) 1996-2018 Texas Instruments Incorporated
dual_axis_servo_drive_user.asm                                       PAGE   64

    2894 00000012 BE00          MOVB      XAR6,#0               ; [CPU_ALU] |348| 
    2895 00000013 18A9          AND       AL,#65535             ; [CPU_ALU] |348| 
         00000014 FFFF 
    2896 00000015 910F          ANDB      AH,#15                ; [CPU_ALU] |348| 
    2897 00000016 18AB          AND       PL,#65535             ; [CPU_ALU] |348| 
         00000017 FFFF 
    2898 00000018 18AA          AND       PH,#65535             ; [CPU_ALU] |348| 
         00000019 FFFF 
    2899 0000001a C244          MOVL      *-SP[4],XAR6          ; [CPU_FPU] |348| 
    2900 0000001b 2B42          MOV       *-SP[2],#0            ; [CPU_FPU] |348| 
    2901 0000001c 2B41          MOV       *-SP[1],#0            ; [CPU_FPU] |348| 
    2902              $C$DW$113       .dwtag  DW_TAG_TI_branch
    2903                      .dwattr $C$DW$113, DW_AT_low_pc(0x00)
    2904                      .dwattr $C$DW$113, DW_AT_name("__c28xabi_cmpull")
    2905                      .dwattr $C$DW$113, DW_AT_TI_call
    2906              
    2907 0000001d 7640!         LCR       #||__c28xabi_cmpull|| ; [CPU_ALU] |348| 
         0000001e 0000 
    2908                      ; call occurs [#||__c28xabi_cmpull||] ; [] |348| 
    2909 0000001f 5200          CMPB      AL,#0                 ; [CPU_ALU] |348| 
    2910 00000020 56B0          MOVB      XAR4,#1,NEQ           ; [CPU_ALU] |348| 
         00000021 01A4 
    2911 00000022       ||$C$L15||:    
    2912 00000022 FE84          SUBB      SP,#4                 ; [CPU_ARAU] 
    2913                      .dwcfi  cfa_offset, -2
    2914 00000023 92A4          MOV       AL,AR4                ; [CPU_ALU] |348| 
    2915              $C$DW$114       .dwtag  DW_TAG_TI_branch
    2916                      .dwattr $C$DW$114, DW_AT_low_pc(0x00)
    2917                      .dwattr $C$DW$114, DW_AT_TI_return
    2918              
    2919 00000024 0006          LRETR     ; [CPU_ALU] 
    2920                      ; return occurs ; [] 
    2921                      .dwattr $C$DW$110, DW_AT_TI_end_file("D:/TI/ccs/ccs/tools/compiler/ti-cgt-c2000_22.6.2.LTS/include/_d
    2922                      .dwattr $C$DW$110, DW_AT_TI_end_line(0x15d)
    2923                      .dwattr $C$DW$110, DW_AT_TI_end_column(0x30)
    2924                      .dwendentry
    2925                      .dwendtag $C$DW$110
    2926              
    2927 00000000               .sect   ".text:__isnanf"
    2928                      .clink
    2929                      .global ||__isnanf||
    2930              
    2931              $C$DW$115       .dwtag  DW_TAG_subprogram
    2932                      .dwattr $C$DW$115, DW_AT_name("__isnanf")
    2933                      .dwattr $C$DW$115, DW_AT_low_pc(||__isnanf||)
    2934                      .dwattr $C$DW$115, DW_AT_high_pc(0x00)
    2935                      .dwattr $C$DW$115, DW_AT_linkage_name("__isnanf")
    2936                      .dwattr $C$DW$115, DW_AT_external
    2937                      .dwattr $C$DW$115, DW_AT_type(*$C$DW$T$10)
    2938                      .dwattr $C$DW$115, DW_AT_decl_file("D:/TI/ccs/ccs/tools/compiler/ti-cgt-c2000_22.6.2.LTS/include/_def
    2939                      .dwattr $C$DW$115, DW_AT_decl_line(0x158)
    2940                      .dwattr $C$DW$115, DW_AT_decl_column(0x18)
    2941                      .dwattr $C$DW$115, DW_AT_TI_max_frame_size(-2)
    2942                      .dwpsn  file "D:/TI/ccs/ccs/tools/compiler/ti-cgt-c2000_22.6.2.LTS/include/_defs.h",line 345,column 1
    2943              
TMS320C2000 Assembler PC v22.6.2 Tue Mar  3 20:15:52 2026

Copyright (c) 1996-2018 Texas Instruments Incorporated
dual_axis_servo_drive_user.asm                                       PAGE   65

    2944                      .dwfde $C$DW$CIE, ||__isnanf||
    2945              $C$DW$116       .dwtag  DW_TAG_formal_parameter
    2946                      .dwattr $C$DW$116, DW_AT_name("f")
    2947                      .dwattr $C$DW$116, DW_AT_type(*$C$DW$T$16)
    2948                      .dwattr $C$DW$116, DW_AT_location[DW_OP_regx 0x2b]
    2949              
    2950              
    2951              ;***************************************************************
    2952              ;* FNAME: __isnanf                      FR SIZE:   0           *
    2953              ;*                                                             *
    2954              ;* FUNCTION ENVIRONMENT                                        *
    2955              ;*                                                             *
    2956              ;* FUNCTION PROPERTIES                                         *
    2957              ;*                            0 Parameter,  0 Auto,  0 SOE     *
    2958              ;***************************************************************
    2959              
    2960              ||__isnanf||:
    2961              ;* PL    assigned to $O$K3
    2962              ;* AR6   assigned to $O$S1
    2963              ;* R0    assigned to f
    2964              $C$DW$117       .dwtag  DW_TAG_variable
    2965                      .dwattr $C$DW$117, DW_AT_name("f")
    2966                      .dwattr $C$DW$117, DW_AT_type(*$C$DW$T$147)
    2967                      .dwattr $C$DW$117, DW_AT_location[DW_OP_regx 0x2b]
    2968              
    2969                      .dwcfi  cfa_offset, -2
    2970                      .dwcfi  save_reg_to_mem, 26, 0
    2971                      .dwpsn  file "D:/TI/ccs/ccs/tools/compiler/ti-cgt-c2000_22.6.2.LTS/include/_defs.h",line 345,column 3
    2972 00000000 BFAB          MOV32     P,R0H                 ; [CPU_FPU] |345| 
         00000001 0F12 
    2973 00000002 CCAA          AND       AL,PH,#0x7f80         ; [CPU_ALU] |345| 
         00000003 7F80 
    2974 00000004 80A9          MOVZ      AR7,AL                ; [CPU_ALU] |345| 
    2975 00000005 BE00          MOVB      XAR6,#0               ; [CPU_ALU] |345| 
    2976 00000006 FF20          MOV       ACC,#32640            ; [CPU_ALU] |345| 
         00000007 7F80 
    2977 00000008 0FA7          CMPL      ACC,XAR7              ; [CPU_ALU] |345| 
    2978 00000009 6006          B         ||$C$L16||,NEQ        ; [CPU_ALU] |345| 
    2979                      ; branchcc occurs ; [] |345| 
    2980 0000000a A9A9          MOVL      ACC,P                 ; [CPU_ALU] |345| 
    2981 0000000b 917F          ANDB      AH,#127               ; [CPU_ALU] |345| 
    2982 0000000c FF58          TEST      ACC                   ; [CPU_ALU] |345| 
    2983 0000000d 56B0          MOVB      XAR6,#1,NEQ           ; [CPU_ALU] |345| 
         0000000e 01A6 
    2984 0000000f       ||$C$L16||:    
    2985 0000000f 92A6          MOV       AL,AR6                ; [CPU_ALU] |345| 
    2986              $C$DW$118       .dwtag  DW_TAG_TI_branch
    2987                      .dwattr $C$DW$118, DW_AT_low_pc(0x00)
    2988                      .dwattr $C$DW$118, DW_AT_TI_return
    2989              
    2990 00000010 0006          LRETR     ; [CPU_ALU] 
    2991                      ; return occurs ; [] 
    2992                      .dwattr $C$DW$115, DW_AT_TI_end_file("D:/TI/ccs/ccs/tools/compiler/ti-cgt-c2000_22.6.2.LTS/include/_d
    2993                      .dwattr $C$DW$115, DW_AT_TI_end_line(0x15a)
    2994                      .dwattr $C$DW$115, DW_AT_TI_end_column(0x2e)
TMS320C2000 Assembler PC v22.6.2 Tue Mar  3 20:15:52 2026

Copyright (c) 1996-2018 Texas Instruments Incorporated
dual_axis_servo_drive_user.asm                                       PAGE   66

    2995                      .dwendentry
    2996                      .dwendtag $C$DW$115
    2997              
    2998 00000000               .sect   ".text:__isnan"
    2999                      .clink
    3000                      .global ||__isnan||
    3001              
    3002              $C$DW$119       .dwtag  DW_TAG_subprogram
    3003                      .dwattr $C$DW$119, DW_AT_name("__isnan")
    3004                      .dwattr $C$DW$119, DW_AT_low_pc(||__isnan||)
    3005                      .dwattr $C$DW$119, DW_AT_high_pc(0x00)
    3006                      .dwattr $C$DW$119, DW_AT_linkage_name("__isnan")
    3007                      .dwattr $C$DW$119, DW_AT_external
    3008                      .dwattr $C$DW$119, DW_AT_type(*$C$DW$T$10)
    3009                      .dwattr $C$DW$119, DW_AT_decl_file("D:/TI/ccs/ccs/tools/compiler/ti-cgt-c2000_22.6.2.LTS/include/_def
    3010                      .dwattr $C$DW$119, DW_AT_decl_line(0x155)
    3011                      .dwattr $C$DW$119, DW_AT_decl_column(0x18)
    3012                      .dwattr $C$DW$119, DW_AT_TI_max_frame_size(-6)
    3013                      .dwpsn  file "D:/TI/ccs/ccs/tools/compiler/ti-cgt-c2000_22.6.2.LTS/include/_defs.h",line 342,column 1
    3014              
    3015                      .dwfde $C$DW$CIE, ||__isnan||
    3016              $C$DW$120       .dwtag  DW_TAG_formal_parameter
    3017                      .dwattr $C$DW$120, DW_AT_name("d")
    3018                      .dwattr $C$DW$120, DW_AT_type(*$C$DW$T$149)
    3019                      .dwattr $C$DW$120, DW_AT_location[DW_OP_reg12]
    3020              
    3021              
    3022              ;***************************************************************
    3023              ;* FNAME: __isnan                       FR SIZE:   4           *
    3024              ;*                                                             *
    3025              ;* FUNCTION ENVIRONMENT                                        *
    3026              ;*                                                             *
    3027              ;* FUNCTION PROPERTIES                                         *
    3028              ;*                            4 Parameter,  0 Auto,  0 SOE     *
    3029              ;***************************************************************
    3030              
    3031              ||__isnan||:
    3032              ;* AR7   assigned to $O$C2
    3033              ;* AR4   assigned to $O$S1
    3034              ;* AR4   assigned to d
    3035              $C$DW$121       .dwtag  DW_TAG_variable
    3036                      .dwattr $C$DW$121, DW_AT_name("d")
    3037                      .dwattr $C$DW$121, DW_AT_type(*$C$DW$T$150)
    3038                      .dwattr $C$DW$121, DW_AT_location[DW_OP_reg12]
    3039              
    3040                      .dwcfi  cfa_offset, -2
    3041                      .dwcfi  save_reg_to_mem, 26, 0
    3042 00000000 FE04          ADDB      SP,#4                 ; [CPU_ARAU] 
    3043                      .dwcfi  cfa_offset, -6
    3044                      .dwpsn  file "D:/TI/ccs/ccs/tools/compiler/ti-cgt-c2000_22.6.2.LTS/include/_defs.h",line 342,column 3
    3045 00000001 C5C4          MOVL      XAR7,*+XAR4[0]        ; [CPU_ALU] |342| 
    3046 00000002 06D4          MOVL      ACC,*+XAR4[2]         ; [CPU_ALU] |342| 
    3047 00000003 28AC          MOV       T,#48                 ; [CPU_ALU] |342| 
         00000004 0030 
    3048 00000005 1EA6          MOVL      XAR6,ACC              ; [CPU_ALU] |342| 
TMS320C2000 Assembler PC v22.6.2 Tue Mar  3 20:15:52 2026

Copyright (c) 1996-2018 Texas Instruments Incorporated
dual_axis_servo_drive_user.asm                                       PAGE   67

    3049 00000006 A3A7          MOVL      P,XAR7                ; [CPU_ALU] |342| 
    3050 00000007 D400          MOVB      XAR4,#0               ; [CPU_ALU] |342| 
    3051 00000008 565B          LSR64     ACC:P,T               ; [CPU_ALU] |342| 
    3052 00000009 2BAA          MOV       PH,#0                 ; [CPU_ALU] |342| 
    3053 0000000a 18AB          AND       PL,#0x7ff0            ; [CPU_ALU] |342| 
         0000000b 7FF0 
    3054 0000000c FF20          MOV       ACC,#32752            ; [CPU_ALU] |342| 
         0000000d 7FF0 
    3055 0000000e 0FAB          CMPL      ACC,P                 ; [CPU_ALU] |342| 
    3056 0000000f 6013          B         ||$C$L17||,NEQ        ; [CPU_ALU] |342| 
    3057                      ; branchcc occurs ; [] |342| 
    3058 00000010 06A6          MOVL      ACC,XAR6              ; [CPU_ALU] |342| 
    3059 00000011 A3A7          MOVL      P,XAR7                ; [CPU_ALU] |342| 
    3060 00000012 BE00          MOVB      XAR6,#0               ; [CPU_ALU] |342| 
    3061 00000013 18A9          AND       AL,#65535             ; [CPU_ALU] |342| 
         00000014 FFFF 
    3062 00000015 910F          ANDB      AH,#15                ; [CPU_ALU] |342| 
    3063 00000016 18AB          AND       PL,#65535             ; [CPU_ALU] |342| 
         00000017 FFFF 
    3064 00000018 18AA          AND       PH,#65535             ; [CPU_ALU] |342| 
         00000019 FFFF 
    3065 0000001a C244          MOVL      *-SP[4],XAR6          ; [CPU_FPU] |342| 
    3066 0000001b 2B42          MOV       *-SP[2],#0            ; [CPU_FPU] |342| 
    3067 0000001c 2B41          MOV       *-SP[1],#0            ; [CPU_FPU] |342| 
    3068              $C$DW$122       .dwtag  DW_TAG_TI_branch
    3069                      .dwattr $C$DW$122, DW_AT_low_pc(0x00)
    3070                      .dwattr $C$DW$122, DW_AT_name("__c28xabi_cmpull")
    3071                      .dwattr $C$DW$122, DW_AT_TI_call
    3072              
    3073 0000001d 7640!         LCR       #||__c28xabi_cmpull|| ; [CPU_ALU] |342| 
         0000001e 0000 
    3074                      ; call occurs [#||__c28xabi_cmpull||] ; [] |342| 
    3075 0000001f 5200          CMPB      AL,#0                 ; [CPU_ALU] |342| 
    3076 00000020 56B0          MOVB      XAR4,#1,NEQ           ; [CPU_ALU] |342| 
         00000021 01A4 
    3077 00000022       ||$C$L17||:    
    3078 00000022 FE84          SUBB      SP,#4                 ; [CPU_ARAU] 
    3079                      .dwcfi  cfa_offset, -2
    3080 00000023 92A4          MOV       AL,AR4                ; [CPU_ALU] |342| 
    3081              $C$DW$123       .dwtag  DW_TAG_TI_branch
    3082                      .dwattr $C$DW$123, DW_AT_low_pc(0x00)
    3083                      .dwattr $C$DW$123, DW_AT_TI_return
    3084              
    3085 00000024 0006          LRETR     ; [CPU_ALU] 
    3086                      ; return occurs ; [] 
    3087                      .dwattr $C$DW$119, DW_AT_TI_end_file("D:/TI/ccs/ccs/tools/compiler/ti-cgt-c2000_22.6.2.LTS/include/_d
    3088                      .dwattr $C$DW$119, DW_AT_TI_end_line(0x157)
    3089                      .dwattr $C$DW$119, DW_AT_TI_end_column(0x2f)
    3090                      .dwendentry
    3091                      .dwendtag $C$DW$119
    3092              
    3093 00000000               .sect   ".text:__isinfl"
    3094                      .clink
    3095                      .global ||__isinfl||
    3096              
TMS320C2000 Assembler PC v22.6.2 Tue Mar  3 20:15:52 2026

Copyright (c) 1996-2018 Texas Instruments Incorporated
dual_axis_servo_drive_user.asm                                       PAGE   68

    3097              $C$DW$124       .dwtag  DW_TAG_subprogram
    3098                      .dwattr $C$DW$124, DW_AT_name("__isinfl")
    3099                      .dwattr $C$DW$124, DW_AT_low_pc(||__isinfl||)
    3100                      .dwattr $C$DW$124, DW_AT_high_pc(0x00)
    3101                      .dwattr $C$DW$124, DW_AT_linkage_name("__isinfl")
    3102                      .dwattr $C$DW$124, DW_AT_external
    3103                      .dwattr $C$DW$124, DW_AT_type(*$C$DW$T$10)
    3104                      .dwattr $C$DW$124, DW_AT_decl_file("D:/TI/ccs/ccs/tools/compiler/ti-cgt-c2000_22.6.2.LTS/include/_def
    3105                      .dwattr $C$DW$124, DW_AT_decl_line(0x17a)
    3106                      .dwattr $C$DW$124, DW_AT_decl_column(0x18)
    3107                      .dwattr $C$DW$124, DW_AT_TI_max_frame_size(-6)
    3108                      .dwpsn  file "D:/TI/ccs/ccs/tools/compiler/ti-cgt-c2000_22.6.2.LTS/include/_defs.h",line 379,column 1
    3109              
    3110                      .dwfde $C$DW$CIE, ||__isinfl||
    3111              $C$DW$125       .dwtag  DW_TAG_formal_parameter
    3112                      .dwattr $C$DW$125, DW_AT_name("e")
    3113                      .dwattr $C$DW$125, DW_AT_type(*$C$DW$T$151)
    3114                      .dwattr $C$DW$125, DW_AT_location[DW_OP_reg12]
    3115              
    3116              
    3117              ;***************************************************************
    3118              ;* FNAME: __isinfl                      FR SIZE:   4           *
    3119              ;*                                                             *
    3120              ;* FUNCTION ENVIRONMENT                                        *
    3121              ;*                                                             *
    3122              ;* FUNCTION PROPERTIES                                         *
    3123              ;*                            4 Parameter,  0 Auto,  0 SOE     *
    3124              ;***************************************************************
    3125              
    3126              ||__isinfl||:
    3127              ;* AR7   assigned to $O$C2
    3128              ;* AR4   assigned to $O$S1
    3129              ;* AR4   assigned to e
    3130              $C$DW$126       .dwtag  DW_TAG_variable
    3131                      .dwattr $C$DW$126, DW_AT_name("e")
    3132                      .dwattr $C$DW$126, DW_AT_type(*$C$DW$T$152)
    3133                      .dwattr $C$DW$126, DW_AT_location[DW_OP_reg12]
    3134              
    3135                      .dwcfi  cfa_offset, -2
    3136                      .dwcfi  save_reg_to_mem, 26, 0
    3137 00000000 FE04          ADDB      SP,#4                 ; [CPU_ARAU] 
    3138                      .dwcfi  cfa_offset, -6
    3139                      .dwpsn  file "D:/TI/ccs/ccs/tools/compiler/ti-cgt-c2000_22.6.2.LTS/include/_defs.h",line 379,column 3
    3140 00000001 C5C4          MOVL      XAR7,*+XAR4[0]        ; [CPU_ALU] |379| 
    3141 00000002 06D4          MOVL      ACC,*+XAR4[2]         ; [CPU_ALU] |379| 
    3142 00000003 28AC          MOV       T,#48                 ; [CPU_ALU] |379| 
         00000004 0030 
    3143 00000005 1EA6          MOVL      XAR6,ACC              ; [CPU_ALU] |379| 
    3144 00000006 A3A7          MOVL      P,XAR7                ; [CPU_ALU] |379| 
    3145 00000007 D400          MOVB      XAR4,#0               ; [CPU_ALU] |379| 
    3146 00000008 565B          LSR64     ACC:P,T               ; [CPU_ALU] |379| 
    3147 00000009 2BAA          MOV       PH,#0                 ; [CPU_ALU] |379| 
    3148 0000000a 18AB          AND       PL,#0x7ff0            ; [CPU_ALU] |379| 
         0000000b 7FF0 
    3149 0000000c FF20          MOV       ACC,#32752            ; [CPU_ALU] |379| 
TMS320C2000 Assembler PC v22.6.2 Tue Mar  3 20:15:52 2026

Copyright (c) 1996-2018 Texas Instruments Incorporated
dual_axis_servo_drive_user.asm                                       PAGE   69

         0000000d 7FF0 
    3150 0000000e 0FAB          CMPL      ACC,P                 ; [CPU_ALU] |379| 
    3151 0000000f 6013          B         ||$C$L18||,NEQ        ; [CPU_ALU] |379| 
    3152                      ; branchcc occurs ; [] |379| 
    3153 00000010 06A6          MOVL      ACC,XAR6              ; [CPU_ALU] |379| 
    3154 00000011 A3A7          MOVL      P,XAR7                ; [CPU_ALU] |379| 
    3155 00000012 BE00          MOVB      XAR6,#0               ; [CPU_ALU] |379| 
    3156 00000013 18A9          AND       AL,#65535             ; [CPU_ALU] |379| 
         00000014 FFFF 
    3157 00000015 910F          ANDB      AH,#15                ; [CPU_ALU] |379| 
    3158 00000016 18AB          AND       PL,#65535             ; [CPU_ALU] |379| 
         00000017 FFFF 
    3159 00000018 18AA          AND       PH,#65535             ; [CPU_ALU] |379| 
         00000019 FFFF 
    3160 0000001a C244          MOVL      *-SP[4],XAR6          ; [CPU_FPU] |379| 
    3161 0000001b 2B42          MOV       *-SP[2],#0            ; [CPU_FPU] |379| 
    3162 0000001c 2B41          MOV       *-SP[1],#0            ; [CPU_FPU] |379| 
    3163              $C$DW$127       .dwtag  DW_TAG_TI_branch
    3164                      .dwattr $C$DW$127, DW_AT_low_pc(0x00)
    3165                      .dwattr $C$DW$127, DW_AT_name("__c28xabi_cmpull")
    3166                      .dwattr $C$DW$127, DW_AT_TI_call
    3167              
    3168 0000001d 7640!         LCR       #||__c28xabi_cmpull|| ; [CPU_ALU] |379| 
         0000001e 0000 
    3169                      ; call occurs [#||__c28xabi_cmpull||] ; [] |379| 
    3170 0000001f 5200          CMPB      AL,#0                 ; [CPU_ALU] |379| 
    3171 00000020 56B1          MOVB      XAR4,#1,EQ            ; [CPU_ALU] |379| 
         00000021 01A4 
    3172 00000022       ||$C$L18||:    
    3173 00000022 FE84          SUBB      SP,#4                 ; [CPU_ARAU] 
    3174                      .dwcfi  cfa_offset, -2
    3175 00000023 92A4          MOV       AL,AR4                ; [CPU_ALU] |379| 
    3176              $C$DW$128       .dwtag  DW_TAG_TI_branch
    3177                      .dwattr $C$DW$128, DW_AT_low_pc(0x00)
    3178                      .dwattr $C$DW$128, DW_AT_TI_return
    3179              
    3180 00000024 0006          LRETR     ; [CPU_ALU] 
    3181                      ; return occurs ; [] 
    3182                      .dwattr $C$DW$124, DW_AT_TI_end_file("D:/TI/ccs/ccs/tools/compiler/ti-cgt-c2000_22.6.2.LTS/include/_d
    3183                      .dwattr $C$DW$124, DW_AT_TI_end_line(0x17b)
    3184                      .dwattr $C$DW$124, DW_AT_TI_end_column(0x4c)
    3185                      .dwendentry
    3186                      .dwendtag $C$DW$124
    3187              
    3188 00000000               .sect   ".text:__isinff"
    3189                      .clink
    3190                      .global ||__isinff||
    3191              
    3192              $C$DW$129       .dwtag  DW_TAG_subprogram
    3193                      .dwattr $C$DW$129, DW_AT_name("__isinff")
    3194                      .dwattr $C$DW$129, DW_AT_low_pc(||__isinff||)
    3195                      .dwattr $C$DW$129, DW_AT_high_pc(0x00)
    3196                      .dwattr $C$DW$129, DW_AT_linkage_name("__isinff")
    3197                      .dwattr $C$DW$129, DW_AT_external
    3198                      .dwattr $C$DW$129, DW_AT_type(*$C$DW$T$10)
TMS320C2000 Assembler PC v22.6.2 Tue Mar  3 20:15:52 2026

Copyright (c) 1996-2018 Texas Instruments Incorporated
dual_axis_servo_drive_user.asm                                       PAGE   70

    3199                      .dwattr $C$DW$129, DW_AT_decl_file("D:/TI/ccs/ccs/tools/compiler/ti-cgt-c2000_22.6.2.LTS/include/_def
    3200                      .dwattr $C$DW$129, DW_AT_decl_line(0x176)
    3201                      .dwattr $C$DW$129, DW_AT_decl_column(0x18)
    3202                      .dwattr $C$DW$129, DW_AT_TI_max_frame_size(-2)
    3203                      .dwpsn  file "D:/TI/ccs/ccs/tools/compiler/ti-cgt-c2000_22.6.2.LTS/include/_defs.h",line 375,column 1
    3204              
    3205                      .dwfde $C$DW$CIE, ||__isinff||
    3206              $C$DW$130       .dwtag  DW_TAG_formal_parameter
    3207                      .dwattr $C$DW$130, DW_AT_name("f")
    3208                      .dwattr $C$DW$130, DW_AT_type(*$C$DW$T$16)
    3209                      .dwattr $C$DW$130, DW_AT_location[DW_OP_regx 0x2b]
    3210              
    3211              
    3212              ;***************************************************************
    3213              ;* FNAME: __isinff                      FR SIZE:   0           *
    3214              ;*                                                             *
    3215              ;* FUNCTION ENVIRONMENT                                        *
    3216              ;*                                                             *
    3217              ;* FUNCTION PROPERTIES                                         *
    3218              ;*                            0 Parameter,  0 Auto,  0 SOE     *
    3219              ;***************************************************************
    3220              
    3221              ||__isinff||:
    3222              ;* PL    assigned to $O$K3
    3223              ;* AR6   assigned to $O$S1
    3224              ;* R0    assigned to f
    3225              $C$DW$131       .dwtag  DW_TAG_variable
    3226                      .dwattr $C$DW$131, DW_AT_name("f")
    3227                      .dwattr $C$DW$131, DW_AT_type(*$C$DW$T$147)
    3228                      .dwattr $C$DW$131, DW_AT_location[DW_OP_regx 0x2b]
    3229              
    3230                      .dwcfi  cfa_offset, -2
    3231                      .dwcfi  save_reg_to_mem, 26, 0
    3232                      .dwpsn  file "D:/TI/ccs/ccs/tools/compiler/ti-cgt-c2000_22.6.2.LTS/include/_defs.h",line 375,column 3
    3233 00000000 BFAB          MOV32     P,R0H                 ; [CPU_FPU] |375| 
         00000001 0F12 
    3234 00000002 CCAA          AND       AL,PH,#0x7f80         ; [CPU_ALU] |375| 
         00000003 7F80 
    3235 00000004 80A9          MOVZ      AR7,AL                ; [CPU_ALU] |375| 
    3236 00000005 BE00          MOVB      XAR6,#0               ; [CPU_ALU] |375| 
    3237 00000006 FF20          MOV       ACC,#32640            ; [CPU_ALU] |375| 
         00000007 7F80 
    3238 00000008 0FA7          CMPL      ACC,XAR7              ; [CPU_ALU] |375| 
    3239 00000009 6006          B         ||$C$L19||,NEQ        ; [CPU_ALU] |375| 
    3240                      ; branchcc occurs ; [] |375| 
    3241 0000000a A9A9          MOVL      ACC,P                 ; [CPU_ALU] |375| 
    3242 0000000b 917F          ANDB      AH,#127               ; [CPU_ALU] |375| 
    3243 0000000c FF58          TEST      ACC                   ; [CPU_ALU] |375| 
    3244 0000000d 56B1          MOVB      XAR6,#1,EQ            ; [CPU_ALU] |375| 
         0000000e 01A6 
    3245 0000000f       ||$C$L19||:    
    3246 0000000f 92A6          MOV       AL,AR6                ; [CPU_ALU] |375| 
    3247              $C$DW$132       .dwtag  DW_TAG_TI_branch
    3248                      .dwattr $C$DW$132, DW_AT_low_pc(0x00)
    3249                      .dwattr $C$DW$132, DW_AT_TI_return
TMS320C2000 Assembler PC v22.6.2 Tue Mar  3 20:15:52 2026

Copyright (c) 1996-2018 Texas Instruments Incorporated
dual_axis_servo_drive_user.asm                                       PAGE   71

    3250              
    3251 00000010 0006          LRETR     ; [CPU_ALU] 
    3252                      ; return occurs ; [] 
    3253                      .dwattr $C$DW$129, DW_AT_TI_end_file("D:/TI/ccs/ccs/tools/compiler/ti-cgt-c2000_22.6.2.LTS/include/_d
    3254                      .dwattr $C$DW$129, DW_AT_TI_end_line(0x177)
    3255                      .dwattr $C$DW$129, DW_AT_TI_end_column(0x48)
    3256                      .dwendentry
    3257                      .dwendtag $C$DW$129
    3258              
    3259 00000000               .sect   ".text:__isinf"
    3260                      .clink
    3261                      .global ||__isinf||
    3262              
    3263              $C$DW$133       .dwtag  DW_TAG_subprogram
    3264                      .dwattr $C$DW$133, DW_AT_name("__isinf")
    3265                      .dwattr $C$DW$133, DW_AT_low_pc(||__isinf||)
    3266                      .dwattr $C$DW$133, DW_AT_high_pc(0x00)
    3267                      .dwattr $C$DW$133, DW_AT_linkage_name("__isinf")
    3268                      .dwattr $C$DW$133, DW_AT_external
    3269                      .dwattr $C$DW$133, DW_AT_type(*$C$DW$T$10)
    3270                      .dwattr $C$DW$133, DW_AT_decl_file("D:/TI/ccs/ccs/tools/compiler/ti-cgt-c2000_22.6.2.LTS/include/_def
    3271                      .dwattr $C$DW$133, DW_AT_decl_line(0x178)
    3272                      .dwattr $C$DW$133, DW_AT_decl_column(0x18)
    3273                      .dwattr $C$DW$133, DW_AT_TI_max_frame_size(-6)
    3274                      .dwpsn  file "D:/TI/ccs/ccs/tools/compiler/ti-cgt-c2000_22.6.2.LTS/include/_defs.h",line 377,column 1
    3275              
    3276                      .dwfde $C$DW$CIE, ||__isinf||
    3277              $C$DW$134       .dwtag  DW_TAG_formal_parameter
    3278                      .dwattr $C$DW$134, DW_AT_name("d")
    3279                      .dwattr $C$DW$134, DW_AT_type(*$C$DW$T$149)
    3280                      .dwattr $C$DW$134, DW_AT_location[DW_OP_reg12]
    3281              
    3282              
    3283              ;***************************************************************
    3284              ;* FNAME: __isinf                       FR SIZE:   4           *
    3285              ;*                                                             *
    3286              ;* FUNCTION ENVIRONMENT                                        *
    3287              ;*                                                             *
    3288              ;* FUNCTION PROPERTIES                                         *
    3289              ;*                            4 Parameter,  0 Auto,  0 SOE     *
    3290              ;***************************************************************
    3291              
    3292              ||__isinf||:
    3293              ;* AR7   assigned to $O$C2
    3294              ;* AR4   assigned to $O$S1
    3295              ;* AR4   assigned to d
    3296              $C$DW$135       .dwtag  DW_TAG_variable
    3297                      .dwattr $C$DW$135, DW_AT_name("d")
    3298                      .dwattr $C$DW$135, DW_AT_type(*$C$DW$T$150)
    3299                      .dwattr $C$DW$135, DW_AT_location[DW_OP_reg12]
    3300              
    3301                      .dwcfi  cfa_offset, -2
    3302                      .dwcfi  save_reg_to_mem, 26, 0
    3303 00000000 FE04          ADDB      SP,#4                 ; [CPU_ARAU] 
    3304                      .dwcfi  cfa_offset, -6
TMS320C2000 Assembler PC v22.6.2 Tue Mar  3 20:15:52 2026

Copyright (c) 1996-2018 Texas Instruments Incorporated
dual_axis_servo_drive_user.asm                                       PAGE   72

    3305                      .dwpsn  file "D:/TI/ccs/ccs/tools/compiler/ti-cgt-c2000_22.6.2.LTS/include/_defs.h",line 377,column 3
    3306 00000001 C5C4          MOVL      XAR7,*+XAR4[0]        ; [CPU_ALU] |377| 
    3307 00000002 06D4          MOVL      ACC,*+XAR4[2]         ; [CPU_ALU] |377| 
    3308 00000003 28AC          MOV       T,#48                 ; [CPU_ALU] |377| 
         00000004 0030 
    3309 00000005 1EA6          MOVL      XAR6,ACC              ; [CPU_ALU] |377| 
    3310 00000006 A3A7          MOVL      P,XAR7                ; [CPU_ALU] |377| 
    3311 00000007 D400          MOVB      XAR4,#0               ; [CPU_ALU] |377| 
    3312 00000008 565B          LSR64     ACC:P,T               ; [CPU_ALU] |377| 
    3313 00000009 2BAA          MOV       PH,#0                 ; [CPU_ALU] |377| 
    3314 0000000a 18AB          AND       PL,#0x7ff0            ; [CPU_ALU] |377| 
         0000000b 7FF0 
    3315 0000000c FF20          MOV       ACC,#32752            ; [CPU_ALU] |377| 
         0000000d 7FF0 
    3316 0000000e 0FAB          CMPL      ACC,P                 ; [CPU_ALU] |377| 
    3317 0000000f 6013          B         ||$C$L20||,NEQ        ; [CPU_ALU] |377| 
    3318                      ; branchcc occurs ; [] |377| 
    3319 00000010 06A6          MOVL      ACC,XAR6              ; [CPU_ALU] |377| 
    3320 00000011 A3A7          MOVL      P,XAR7                ; [CPU_ALU] |377| 
    3321 00000012 BE00          MOVB      XAR6,#0               ; [CPU_ALU] |377| 
    3322 00000013 18A9          AND       AL,#65535             ; [CPU_ALU] |377| 
         00000014 FFFF 
    3323 00000015 910F          ANDB      AH,#15                ; [CPU_ALU] |377| 
    3324 00000016 18AB          AND       PL,#65535             ; [CPU_ALU] |377| 
         00000017 FFFF 
    3325 00000018 18AA          AND       PH,#65535             ; [CPU_ALU] |377| 
         00000019 FFFF 
    3326 0000001a C244          MOVL      *-SP[4],XAR6          ; [CPU_FPU] |377| 
    3327 0000001b 2B42          MOV       *-SP[2],#0            ; [CPU_FPU] |377| 
    3328 0000001c 2B41          MOV       *-SP[1],#0            ; [CPU_FPU] |377| 
    3329              $C$DW$136       .dwtag  DW_TAG_TI_branch
    3330                      .dwattr $C$DW$136, DW_AT_low_pc(0x00)
    3331                      .dwattr $C$DW$136, DW_AT_name("__c28xabi_cmpull")
    3332                      .dwattr $C$DW$136, DW_AT_TI_call
    3333              
    3334 0000001d 7640!         LCR       #||__c28xabi_cmpull|| ; [CPU_ALU] |377| 
         0000001e 0000 
    3335                      ; call occurs [#||__c28xabi_cmpull||] ; [] |377| 
    3336 0000001f 5200          CMPB      AL,#0                 ; [CPU_ALU] |377| 
    3337 00000020 56B1          MOVB      XAR4,#1,EQ            ; [CPU_ALU] |377| 
         00000021 01A4 
    3338 00000022       ||$C$L20||:    
    3339 00000022 FE84          SUBB      SP,#4                 ; [CPU_ARAU] 
    3340                      .dwcfi  cfa_offset, -2
    3341 00000023 92A4          MOV       AL,AR4                ; [CPU_ALU] |377| 
    3342              $C$DW$137       .dwtag  DW_TAG_TI_branch
    3343                      .dwattr $C$DW$137, DW_AT_low_pc(0x00)
    3344                      .dwattr $C$DW$137, DW_AT_TI_return
    3345              
    3346 00000024 0006          LRETR     ; [CPU_ALU] 
    3347                      ; return occurs ; [] 
    3348                      .dwattr $C$DW$133, DW_AT_TI_end_file("D:/TI/ccs/ccs/tools/compiler/ti-cgt-c2000_22.6.2.LTS/include/_d
    3349                      .dwattr $C$DW$133, DW_AT_TI_end_line(0x179)
    3350                      .dwattr $C$DW$133, DW_AT_TI_end_column(0x4a)
    3351                      .dwendentry
TMS320C2000 Assembler PC v22.6.2 Tue Mar  3 20:15:52 2026

Copyright (c) 1996-2018 Texas Instruments Incorporated
dual_axis_servo_drive_user.asm                                       PAGE   73

    3352                      .dwendtag $C$DW$133
    3353              
    3354 00000000               .sect   ".text:__isfinitel"
    3355                      .clink
    3356                      .global ||__isfinitel||
    3357              
    3358              $C$DW$138       .dwtag  DW_TAG_subprogram
    3359                      .dwattr $C$DW$138, DW_AT_name("__isfinitel")
    3360                      .dwattr $C$DW$138, DW_AT_low_pc(||__isfinitel||)
    3361                      .dwattr $C$DW$138, DW_AT_high_pc(0x00)
    3362                      .dwattr $C$DW$138, DW_AT_linkage_name("__isfinitel")
    3363                      .dwattr $C$DW$138, DW_AT_external
    3364                      .dwattr $C$DW$138, DW_AT_type(*$C$DW$T$10)
    3365                      .dwattr $C$DW$138, DW_AT_decl_file("D:/TI/ccs/ccs/tools/compiler/ti-cgt-c2000_22.6.2.LTS/include/_def
    3366                      .dwattr $C$DW$138, DW_AT_decl_line(0x152)
    3367                      .dwattr $C$DW$138, DW_AT_decl_column(0x18)
    3368                      .dwattr $C$DW$138, DW_AT_TI_max_frame_size(-2)
    3369                      .dwpsn  file "D:/TI/ccs/ccs/tools/compiler/ti-cgt-c2000_22.6.2.LTS/include/_defs.h",line 339,column 1
    3370              
    3371                      .dwfde $C$DW$CIE, ||__isfinitel||
    3372              $C$DW$139       .dwtag  DW_TAG_formal_parameter
    3373                      .dwattr $C$DW$139, DW_AT_name("e")
    3374                      .dwattr $C$DW$139, DW_AT_type(*$C$DW$T$151)
    3375                      .dwattr $C$DW$139, DW_AT_location[DW_OP_reg12]
    3376              
    3377              
    3378              ;***************************************************************
    3379              ;* FNAME: __isfinitel                   FR SIZE:   0           *
    3380              ;*                                                             *
    3381              ;* FUNCTION ENVIRONMENT                                        *
    3382              ;*                                                             *
    3383              ;* FUNCTION PROPERTIES                                         *
    3384              ;*                            0 Parameter,  0 Auto,  0 SOE     *
    3385              ;***************************************************************
    3386              
    3387              ||__isfinitel||:
    3388              ;* AR4   assigned to e
    3389              $C$DW$140       .dwtag  DW_TAG_variable
    3390                      .dwattr $C$DW$140, DW_AT_name("e")
    3391                      .dwattr $C$DW$140, DW_AT_type(*$C$DW$T$152)
    3392                      .dwattr $C$DW$140, DW_AT_location[DW_OP_reg12]
    3393              
    3394                      .dwcfi  cfa_offset, -2
    3395                      .dwcfi  save_reg_to_mem, 26, 0
    3396                      .dwpsn  file "D:/TI/ccs/ccs/tools/compiler/ti-cgt-c2000_22.6.2.LTS/include/_defs.h",line 339,column 3
    3397 00000000 A3C4          MOVL      P,*+XAR4[0]           ; [CPU_ALU] |339| 
    3398 00000001 06D4          MOVL      ACC,*+XAR4[2]         ; [CPU_ALU] |339| 
    3399 00000002 28AC          MOV       T,#48                 ; [CPU_ALU] |339| 
         00000003 0030 
    3400 00000004 565B          LSR64     ACC:P,T               ; [CPU_ALU] |339| 
    3401 00000005 18AB          AND       PL,#0x7ff0            ; [CPU_ALU] |339| 
         00000006 7FF0 
    3402 00000007 80AB          MOVZ      AR7,PL                ; [CPU_ALU] |339| 
    3403 00000008 FF20          MOV       ACC,#32752            ; [CPU_ALU] |339| 
         00000009 7FF0 
TMS320C2000 Assembler PC v22.6.2 Tue Mar  3 20:15:52 2026

Copyright (c) 1996-2018 Texas Instruments Incorporated
dual_axis_servo_drive_user.asm                                       PAGE   74

    3404 0000000a BE00          MOVB      XAR6,#0               ; [CPU_ALU] |339| 
    3405 0000000b 0FA7          CMPL      ACC,XAR7              ; [CPU_ALU] |339| 
    3406 0000000c 56B0          MOVB      XAR6,#1,NEQ           ; [CPU_ALU] |339| 
         0000000d 01A6 
    3407 0000000e 92A6          MOV       AL,AR6                ; [CPU_ALU] |339| 
    3408              $C$DW$141       .dwtag  DW_TAG_TI_branch
    3409                      .dwattr $C$DW$141, DW_AT_low_pc(0x00)
    3410                      .dwattr $C$DW$141, DW_AT_TI_return
    3411              
    3412 0000000f 0006          LRETR     ; [CPU_ALU] 
    3413                      ; return occurs ; [] 
    3414                      .dwattr $C$DW$138, DW_AT_TI_end_file("D:/TI/ccs/ccs/tools/compiler/ti-cgt-c2000_22.6.2.LTS/include/_d
    3415                      .dwattr $C$DW$138, DW_AT_TI_end_line(0x153)
    3416                      .dwattr $C$DW$138, DW_AT_TI_end_column(0x2f)
    3417                      .dwendentry
    3418                      .dwendtag $C$DW$138
    3419              
    3420 00000000               .sect   ".text:__isfinitef"
    3421                      .clink
    3422                      .global ||__isfinitef||
    3423              
    3424              $C$DW$142       .dwtag  DW_TAG_subprogram
    3425                      .dwattr $C$DW$142, DW_AT_name("__isfinitef")
    3426                      .dwattr $C$DW$142, DW_AT_low_pc(||__isfinitef||)
    3427                      .dwattr $C$DW$142, DW_AT_high_pc(0x00)
    3428                      .dwattr $C$DW$142, DW_AT_linkage_name("__isfinitef")
    3429                      .dwattr $C$DW$142, DW_AT_external
    3430                      .dwattr $C$DW$142, DW_AT_type(*$C$DW$T$10)
    3431                      .dwattr $C$DW$142, DW_AT_decl_file("D:/TI/ccs/ccs/tools/compiler/ti-cgt-c2000_22.6.2.LTS/include/_def
    3432                      .dwattr $C$DW$142, DW_AT_decl_line(0x150)
    3433                      .dwattr $C$DW$142, DW_AT_decl_column(0x18)
    3434                      .dwattr $C$DW$142, DW_AT_TI_max_frame_size(-2)
    3435                      .dwpsn  file "D:/TI/ccs/ccs/tools/compiler/ti-cgt-c2000_22.6.2.LTS/include/_defs.h",line 337,column 1
    3436              
    3437                      .dwfde $C$DW$CIE, ||__isfinitef||
    3438              $C$DW$143       .dwtag  DW_TAG_formal_parameter
    3439                      .dwattr $C$DW$143, DW_AT_name("f")
    3440                      .dwattr $C$DW$143, DW_AT_type(*$C$DW$T$16)
    3441                      .dwattr $C$DW$143, DW_AT_location[DW_OP_regx 0x2b]
    3442              
    3443              
    3444              ;***************************************************************
    3445              ;* FNAME: __isfinitef                   FR SIZE:   0           *
    3446              ;*                                                             *
    3447              ;* FUNCTION ENVIRONMENT                                        *
    3448              ;*                                                             *
    3449              ;* FUNCTION PROPERTIES                                         *
    3450              ;*                            0 Parameter,  0 Auto,  0 SOE     *
    3451              ;***************************************************************
    3452              
    3453              ||__isfinitef||:
    3454              ;* R0    assigned to f
    3455              $C$DW$144       .dwtag  DW_TAG_variable
    3456                      .dwattr $C$DW$144, DW_AT_name("f")
    3457                      .dwattr $C$DW$144, DW_AT_type(*$C$DW$T$147)
TMS320C2000 Assembler PC v22.6.2 Tue Mar  3 20:15:52 2026

Copyright (c) 1996-2018 Texas Instruments Incorporated
dual_axis_servo_drive_user.asm                                       PAGE   75

    3458                      .dwattr $C$DW$144, DW_AT_location[DW_OP_regx 0x2b]
    3459              
    3460                      .dwcfi  cfa_offset, -2
    3461                      .dwcfi  save_reg_to_mem, 26, 0
    3462                      .dwpsn  file "D:/TI/ccs/ccs/tools/compiler/ti-cgt-c2000_22.6.2.LTS/include/_defs.h",line 337,column 3
    3463 00000000 BFAB          MOV32     P,R0H                 ; [CPU_FPU] |337| 
         00000001 0F12 
    3464 00000002 18AA          AND       PH,#0x7f80            ; [CPU_ALU] |337| 
         00000003 7F80 
    3465 00000004 80AA          MOVZ      AR7,PH                ; [CPU_ALU] |337| 
    3466 00000005 FF20          MOV       ACC,#32640            ; [CPU_ALU] |337| 
         00000006 7F80 
    3467 00000007 BE00          MOVB      XAR6,#0               ; [CPU_ALU] |337| 
    3468 00000008 0FA7          CMPL      ACC,XAR7              ; [CPU_ALU] |337| 
    3469 00000009 56B0          MOVB      XAR6,#1,NEQ           ; [CPU_ALU] |337| 
         0000000a 01A6 
    3470 0000000b 92A6          MOV       AL,AR6                ; [CPU_ALU] |337| 
    3471              $C$DW$145       .dwtag  DW_TAG_TI_branch
    3472                      .dwattr $C$DW$145, DW_AT_low_pc(0x00)
    3473                      .dwattr $C$DW$145, DW_AT_TI_return
    3474              
    3475 0000000c 0006          LRETR     ; [CPU_ALU] 
    3476                      ; return occurs ; [] 
    3477                      .dwattr $C$DW$142, DW_AT_TI_end_file("D:/TI/ccs/ccs/tools/compiler/ti-cgt-c2000_22.6.2.LTS/include/_d
    3478                      .dwattr $C$DW$142, DW_AT_TI_end_line(0x151)
    3479                      .dwattr $C$DW$142, DW_AT_TI_end_column(0x2d)
    3480                      .dwendentry
    3481                      .dwendtag $C$DW$142
    3482              
    3483 00000000               .sect   ".text:__isfinite"
    3484                      .clink
    3485                      .global ||__isfinite||
    3486              
    3487              $C$DW$146       .dwtag  DW_TAG_subprogram
    3488                      .dwattr $C$DW$146, DW_AT_name("__isfinite")
    3489                      .dwattr $C$DW$146, DW_AT_low_pc(||__isfinite||)
    3490                      .dwattr $C$DW$146, DW_AT_high_pc(0x00)
    3491                      .dwattr $C$DW$146, DW_AT_linkage_name("__isfinite")
    3492                      .dwattr $C$DW$146, DW_AT_external
    3493                      .dwattr $C$DW$146, DW_AT_type(*$C$DW$T$10)
    3494                      .dwattr $C$DW$146, DW_AT_decl_file("D:/TI/ccs/ccs/tools/compiler/ti-cgt-c2000_22.6.2.LTS/include/_def
    3495                      .dwattr $C$DW$146, DW_AT_decl_line(0x14e)
    3496                      .dwattr $C$DW$146, DW_AT_decl_column(0x18)
    3497                      .dwattr $C$DW$146, DW_AT_TI_max_frame_size(-2)
    3498                      .dwpsn  file "D:/TI/ccs/ccs/tools/compiler/ti-cgt-c2000_22.6.2.LTS/include/_defs.h",line 335,column 1
    3499              
    3500                      .dwfde $C$DW$CIE, ||__isfinite||
    3501              $C$DW$147       .dwtag  DW_TAG_formal_parameter
    3502                      .dwattr $C$DW$147, DW_AT_name("d")
    3503                      .dwattr $C$DW$147, DW_AT_type(*$C$DW$T$149)
    3504                      .dwattr $C$DW$147, DW_AT_location[DW_OP_reg12]
    3505              
    3506              
    3507              ;***************************************************************
    3508              ;* FNAME: __isfinite                    FR SIZE:   0           *
TMS320C2000 Assembler PC v22.6.2 Tue Mar  3 20:15:52 2026

Copyright (c) 1996-2018 Texas Instruments Incorporated
dual_axis_servo_drive_user.asm                                       PAGE   76

    3509              ;*                                                             *
    3510              ;* FUNCTION ENVIRONMENT                                        *
    3511              ;*                                                             *
    3512              ;* FUNCTION PROPERTIES                                         *
    3513              ;*                            0 Parameter,  0 Auto,  0 SOE     *
    3514              ;***************************************************************
    3515              
    3516              ||__isfinite||:
    3517              ;* AR4   assigned to d
    3518              $C$DW$148       .dwtag  DW_TAG_variable
    3519                      .dwattr $C$DW$148, DW_AT_name("d")
    3520                      .dwattr $C$DW$148, DW_AT_type(*$C$DW$T$150)
    3521                      .dwattr $C$DW$148, DW_AT_location[DW_OP_reg12]
    3522              
    3523                      .dwcfi  cfa_offset, -2
    3524                      .dwcfi  save_reg_to_mem, 26, 0
    3525                      .dwpsn  file "D:/TI/ccs/ccs/tools/compiler/ti-cgt-c2000_22.6.2.LTS/include/_defs.h",line 335,column 3
    3526 00000000 A3C4          MOVL      P,*+XAR4[0]           ; [CPU_ALU] |335| 
    3527 00000001 06D4          MOVL      ACC,*+XAR4[2]         ; [CPU_ALU] |335| 
    3528 00000002 28AC          MOV       T,#48                 ; [CPU_ALU] |335| 
         00000003 0030 
    3529 00000004 565B          LSR64     ACC:P,T               ; [CPU_ALU] |335| 
    3530 00000005 18AB          AND       PL,#0x7ff0            ; [CPU_ALU] |335| 
         00000006 7FF0 
    3531 00000007 80AB          MOVZ      AR7,PL                ; [CPU_ALU] |335| 
    3532 00000008 FF20          MOV       ACC,#32752            ; [CPU_ALU] |335| 
         00000009 7FF0 
    3533 0000000a BE00          MOVB      XAR6,#0               ; [CPU_ALU] |335| 
    3534 0000000b 0FA7          CMPL      ACC,XAR7              ; [CPU_ALU] |335| 
    3535 0000000c 56B0          MOVB      XAR6,#1,NEQ           ; [CPU_ALU] |335| 
         0000000d 01A6 
    3536 0000000e 92A6          MOV       AL,AR6                ; [CPU_ALU] |335| 
    3537              $C$DW$149       .dwtag  DW_TAG_TI_branch
    3538                      .dwattr $C$DW$149, DW_AT_low_pc(0x00)
    3539                      .dwattr $C$DW$149, DW_AT_TI_return
    3540              
    3541 0000000f 0006          LRETR     ; [CPU_ALU] 
    3542                      ; return occurs ; [] 
    3543                      .dwattr $C$DW$146, DW_AT_TI_end_file("D:/TI/ccs/ccs/tools/compiler/ti-cgt-c2000_22.6.2.LTS/include/_d
    3544                      .dwattr $C$DW$146, DW_AT_TI_end_line(0x14f)
    3545                      .dwattr $C$DW$146, DW_AT_TI_end_column(0x2e)
    3546                      .dwendentry
    3547                      .dwendtag $C$DW$146
    3548              
    3549 00000000               .sect   ".text:__fpclassifyl"
    3550                      .clink
    3551                      .global ||__fpclassifyl||
    3552              
    3553              $C$DW$150       .dwtag  DW_TAG_subprogram
    3554                      .dwattr $C$DW$150, DW_AT_name("__fpclassifyl")
    3555                      .dwattr $C$DW$150, DW_AT_low_pc(||__fpclassifyl||)
    3556                      .dwattr $C$DW$150, DW_AT_high_pc(0x00)
    3557                      .dwattr $C$DW$150, DW_AT_linkage_name("__fpclassifyl")
    3558                      .dwattr $C$DW$150, DW_AT_external
    3559                      .dwattr $C$DW$150, DW_AT_type(*$C$DW$T$10)
TMS320C2000 Assembler PC v22.6.2 Tue Mar  3 20:15:52 2026

Copyright (c) 1996-2018 Texas Instruments Incorporated
dual_axis_servo_drive_user.asm                                       PAGE   77

    3560                      .dwattr $C$DW$150, DW_AT_decl_file("D:/TI/ccs/ccs/tools/compiler/ti-cgt-c2000_22.6.2.LTS/include/_def
    3561                      .dwattr $C$DW$150, DW_AT_decl_line(0x1ae)
    3562                      .dwattr $C$DW$150, DW_AT_decl_column(0x18)
    3563                      .dwattr $C$DW$150, DW_AT_TI_max_frame_size(-10)
    3564                      .dwpsn  file "D:/TI/ccs/ccs/tools/compiler/ti-cgt-c2000_22.6.2.LTS/include/_defs.h",line 431,column 1
    3565              
    3566                      .dwfde $C$DW$CIE, ||__fpclassifyl||
    3567              $C$DW$151       .dwtag  DW_TAG_formal_parameter
    3568                      .dwattr $C$DW$151, DW_AT_name("e")
    3569                      .dwattr $C$DW$151, DW_AT_type(*$C$DW$T$151)
    3570                      .dwattr $C$DW$151, DW_AT_location[DW_OP_reg12]
    3571              
    3572              
    3573              ;***************************************************************
    3574              ;* FNAME: __fpclassifyl                 FR SIZE:   8           *
    3575              ;*                                                             *
    3576              ;* FUNCTION ENVIRONMENT                                        *
    3577              ;*                                                             *
    3578              ;* FUNCTION PROPERTIES                                         *
    3579              ;*                            4 Parameter,  4 Auto,  0 SOE     *
    3580              ;***************************************************************
    3581              
    3582              ||__fpclassifyl||:
    3583              $C$DW$152       .dwtag  DW_TAG_variable
    3584                      .dwattr $C$DW$152, DW_AT_name("e")
    3585                      .dwattr $C$DW$152, DW_AT_type(*$C$DW$T$18)
    3586                      .dwattr $C$DW$152, DW_AT_location[DW_OP_breg20 -8]
    3587              
    3588              ;* AR5   assigned to $O$C1
    3589              ;* AR4   assigned to e
    3590              $C$DW$153       .dwtag  DW_TAG_variable
    3591                      .dwattr $C$DW$153, DW_AT_name("e")
    3592                      .dwattr $C$DW$153, DW_AT_type(*$C$DW$T$152)
    3593                      .dwattr $C$DW$153, DW_AT_location[DW_OP_reg12]
    3594              
    3595                      .dwcfi  cfa_offset, -2
    3596                      .dwcfi  save_reg_to_mem, 26, 0
    3597 00000000 FE08          ADDB      SP,#8                 ; [CPU_ARAU] 
    3598                      .dwcfi  cfa_offset, -10
    3599 00000001 C4D4          MOVL      XAR6,*+XAR4[2]        ; [CPU_ALU] |431| 
    3600 00000002 06C4          MOVL      ACC,*+XAR4[0]         ; [CPU_ALU] |431| 
    3601 00000003 1E48          MOVL      *-SP[8],ACC           ; [CPU_ALU] |431| 
    3602 00000004 C246          MOVL      *-SP[6],XAR6          ; [CPU_ALU] |431| 
    3603                      .dwpsn  file "D:/TI/ccs/ccs/tools/compiler/ti-cgt-c2000_22.6.2.LTS/include/_defs.h",line 432,column 5
    3604 00000005 8348          MOVL      XAR5,*-SP[8]          ; [CPU_ALU] |432| 
    3605 00000006 8A46          MOVL      XAR4,*-SP[6]          ; [CPU_ALU] |432| 
    3606                      .dwpsn  file "D:/TI/ccs/ccs/tools/compiler/ti-cgt-c2000_22.6.2.LTS/include/_defs.h",line 436,column 1
    3607 00000007 28AC          MOV       T,#48                 ; [CPU_ALU] |436| 
         00000008 0030 
    3608 00000009 A0AB          MOVL      P,XAR5                ; [CPU_ALU] |436| 
    3609 0000000a A8A9          MOVL      ACC,XAR4              ; [CPU_ALU] |436| 
    3610 0000000b 565B          LSR64     ACC:P,T               ; [CPU_ALU] |436| 
    3611 0000000c 18AB          AND       PL,#0x7ff0            ; [CPU_ALU] |436| 
         0000000d 7FF0 
    3612 0000000e 88AB          MOVZ      AR6,PL                ; [CPU_ALU] |436| 
TMS320C2000 Assembler PC v22.6.2 Tue Mar  3 20:15:52 2026

Copyright (c) 1996-2018 Texas Instruments Incorporated
dual_axis_servo_drive_user.asm                                       PAGE   78

    3613 0000000f FF20          MOV       ACC,#32752            ; [CPU_ALU] |436| 
         00000010 7FF0 
    3614 00000011 0FA6          CMPL      ACC,XAR6              ; [CPU_ALU] |436| 
    3615 00000012 6016          B         ||$C$L22||,NEQ        ; [CPU_ALU] |436| 
    3616                      ; branchcc occurs ; [] |436| 
    3617 00000013 0200          MOVB      ACC,#0                ; [CPU_ALU] |436| 
    3618 00000014 1E44          MOVL      *-SP[4],ACC           ; [CPU_ALU] |436| 
    3619 00000015 2B42          MOV       *-SP[2],#0            ; [CPU_ALU] |436| 
    3620 00000016 2B41          MOV       *-SP[1],#0            ; [CPU_ALU] |436| 
    3621 00000017 A348          MOVL      P,*-SP[8]             ; [CPU_ALU] |436| 
    3622 00000018 0646          MOVL      ACC,*-SP[6]           ; [CPU_ALU] |436| 
    3623 00000019 18AB          AND       PL,#65535             ; [CPU_ALU] |436| 
         0000001a FFFF 
    3624 0000001b 18AA          AND       PH,#65535             ; [CPU_ALU] |436| 
         0000001c FFFF 
    3625 0000001d 18A9          AND       AL,#65535             ; [CPU_ALU] |436| 
         0000001e FFFF 
    3626 0000001f 910F          ANDB      AH,#15                ; [CPU_ALU] |436| 
    3627              $C$DW$154       .dwtag  DW_TAG_TI_branch
    3628                      .dwattr $C$DW$154, DW_AT_low_pc(0x00)
    3629                      .dwattr $C$DW$154, DW_AT_name("__c28xabi_cmpull")
    3630                      .dwattr $C$DW$154, DW_AT_TI_call
    3631              
    3632 00000020 7640!         LCR       #||__c28xabi_cmpull|| ; [CPU_ALU] |436| 
         00000021 0000 
    3633                      ; call occurs [#||__c28xabi_cmpull||] ; [] |436| 
    3634 00000022 5200          CMPB      AL,#0                 ; [CPU_ALU] |436| 
    3635 00000023 6103          B         ||$C$L21||,EQ         ; [CPU_ALU] |436| 
    3636                      ; branchcc occurs ; [] |436| 
    3637 00000024 9A02          MOVB      AL,#2                 ; [CPU_ALU] |436| 
    3638 00000025 6F2D          B         ||$C$L25||,UNC        ; [CPU_ALU] |436| 
    3639                      ; branch occurs ; [] |436| 
    3640 00000026       ||$C$L21||:    
    3641 00000026 9A01          MOVB      AL,#1                 ; [CPU_ALU] |436| 
    3642 00000027 6F2B          B         ||$C$L25||,UNC        ; [CPU_ALU] |436| 
    3643                      ; branch occurs ; [] |436| 
    3644 00000028       ||$C$L22||:    
    3645 00000028 BE00          MOVB      XAR6,#0               ; [CPU_ALU] |436| 
    3646 00000029 A0AB          MOVL      P,XAR5                ; [CPU_ALU] |436| 
    3647 0000002a A8A9          MOVL      ACC,XAR4              ; [CPU_ALU] |436| 
    3648 0000002b 28AC          MOV       T,#52                 ; [CPU_ALU] |436| 
         0000002c 0034 
    3649 0000002d C244          MOVL      *-SP[4],XAR6          ; [CPU_ALU] |436| 
    3650 0000002e 2B42          MOV       *-SP[2],#0            ; [CPU_ALU] |436| 
    3651 0000002f 565B          LSR64     ACC:P,T               ; [CPU_ALU] |436| 
    3652 00000030 2B41          MOV       *-SP[1],#0            ; [CPU_FPU] |436| 
    3653 00000031 9000          ANDB      AL,#0                 ; [CPU_ALU] |436| 
    3654 00000032 9100          ANDB      AH,#0                 ; [CPU_ALU] |436| 
    3655 00000033 18AB          AND       PL,#2047              ; [CPU_ALU] |436| 
         00000034 07FF 
    3656 00000035 18AA          AND       PH,#0                 ; [CPU_ALU] |436| 
         00000036 0000 
    3657              $C$DW$155       .dwtag  DW_TAG_TI_branch
    3658                      .dwattr $C$DW$155, DW_AT_low_pc(0x00)
    3659                      .dwattr $C$DW$155, DW_AT_name("__c28xabi_cmpull")
TMS320C2000 Assembler PC v22.6.2 Tue Mar  3 20:15:52 2026

Copyright (c) 1996-2018 Texas Instruments Incorporated
dual_axis_servo_drive_user.asm                                       PAGE   79

    3660                      .dwattr $C$DW$155, DW_AT_TI_call
    3661              
    3662 00000037 7640!         LCR       #||__c28xabi_cmpull|| ; [CPU_ALU] |436| 
         00000038 0000 
    3663                      ; call occurs [#||__c28xabi_cmpull||] ; [] |436| 
    3664 00000039 5200          CMPB      AL,#0                 ; [CPU_ALU] |436| 
    3665 0000003a 6104          B         ||$C$L23||,EQ         ; [CPU_ALU] |436| 
    3666                      ; branchcc occurs ; [] |436| 
    3667 0000003b 28A9          MOV       AL,#-1                ; [CPU_ALU] |436| 
         0000003c FFFF 
    3668 0000003d 6F15          B         ||$C$L25||,UNC        ; [CPU_ALU] |436| 
    3669                      ; branch occurs ; [] |436| 
    3670 0000003e       ||$C$L23||:    
    3671 0000003e C244          MOVL      *-SP[4],XAR6          ; [CPU_ALU] |436| 
    3672 0000003f A8A9          MOVL      ACC,XAR4              ; [CPU_ALU] |436| 
    3673 00000040 A0AB          MOVL      P,XAR5                ; [CPU_ALU] |436| 
    3674 00000041 2B42          MOV       *-SP[2],#0            ; [CPU_ALU] |436| 
    3675 00000042 18A9          AND       AL,#65535             ; [CPU_ALU] |436| 
         00000043 FFFF 
    3676 00000044 910F          ANDB      AH,#15                ; [CPU_ALU] |436| 
    3677 00000045 18AB          AND       PL,#65535             ; [CPU_ALU] |436| 
         00000046 FFFF 
    3678 00000047 18AA          AND       PH,#65535             ; [CPU_ALU] |436| 
         00000048 FFFF 
    3679 00000049 2B41          MOV       *-SP[1],#0            ; [CPU_FPU] |436| 
    3680              $C$DW$156       .dwtag  DW_TAG_TI_branch
    3681                      .dwattr $C$DW$156, DW_AT_low_pc(0x00)
    3682                      .dwattr $C$DW$156, DW_AT_name("__c28xabi_cmpull")
    3683                      .dwattr $C$DW$156, DW_AT_TI_call
    3684              
    3685 0000004a 7640!         LCR       #||__c28xabi_cmpull|| ; [CPU_ALU] |436| 
         0000004b 0000 
    3686                      ; call occurs [#||__c28xabi_cmpull||] ; [] |436| 
    3687 0000004c 5200          CMPB      AL,#0                 ; [CPU_ALU] |436| 
    3688 0000004d 6104          B         ||$C$L24||,EQ         ; [CPU_ALU] |436| 
    3689                      ; branchcc occurs ; [] |436| 
    3690 0000004e 28A9          MOV       AL,#-2                ; [CPU_ALU] |436| 
         0000004f FFFE 
    3691 00000050 6F02          B         ||$C$L25||,UNC        ; [CPU_ALU] |436| 
    3692                      ; branch occurs ; [] |436| 
    3693 00000051       ||$C$L24||:    
    3694 00000051 9A00          MOVB      AL,#0                 ; [CPU_ALU] |436| 
    3695 00000052       ||$C$L25||:    
    3696 00000052 FE88          SUBB      SP,#8                 ; [CPU_ARAU] 
    3697                      .dwcfi  cfa_offset, -2
    3698              $C$DW$157       .dwtag  DW_TAG_TI_branch
    3699                      .dwattr $C$DW$157, DW_AT_low_pc(0x00)
    3700                      .dwattr $C$DW$157, DW_AT_TI_return
    3701              
    3702 00000053 0006          LRETR     ; [CPU_ALU] 
    3703                      ; return occurs ; [] 
    3704                      .dwattr $C$DW$150, DW_AT_TI_end_file("D:/TI/ccs/ccs/tools/compiler/ti-cgt-c2000_22.6.2.LTS/include/_d
    3705                      .dwattr $C$DW$150, DW_AT_TI_end_line(0x1bd)
    3706                      .dwattr $C$DW$150, DW_AT_TI_end_column(0x01)
    3707                      .dwendentry
TMS320C2000 Assembler PC v22.6.2 Tue Mar  3 20:15:52 2026

Copyright (c) 1996-2018 Texas Instruments Incorporated
dual_axis_servo_drive_user.asm                                       PAGE   80

    3708                      .dwendtag $C$DW$150
    3709              
    3710 00000000               .sect   ".text:__fpclassifyf"
    3711                      .clink
    3712                      .global ||__fpclassifyf||
    3713              
    3714              $C$DW$158       .dwtag  DW_TAG_subprogram
    3715                      .dwattr $C$DW$158, DW_AT_name("__fpclassifyf")
    3716                      .dwattr $C$DW$158, DW_AT_low_pc(||__fpclassifyf||)
    3717                      .dwattr $C$DW$158, DW_AT_high_pc(0x00)
    3718                      .dwattr $C$DW$158, DW_AT_linkage_name("__fpclassifyf")
    3719                      .dwattr $C$DW$158, DW_AT_external
    3720                      .dwattr $C$DW$158, DW_AT_type(*$C$DW$T$10)
    3721                      .dwattr $C$DW$158, DW_AT_decl_file("D:/TI/ccs/ccs/tools/compiler/ti-cgt-c2000_22.6.2.LTS/include/_def
    3722                      .dwattr $C$DW$158, DW_AT_decl_line(0x18c)
    3723                      .dwattr $C$DW$158, DW_AT_decl_column(0x18)
    3724                      .dwattr $C$DW$158, DW_AT_TI_max_frame_size(-2)
    3725                      .dwpsn  file "D:/TI/ccs/ccs/tools/compiler/ti-cgt-c2000_22.6.2.LTS/include/_defs.h",line 397,column 1
    3726              
    3727                      .dwfde $C$DW$CIE, ||__fpclassifyf||
    3728              $C$DW$159       .dwtag  DW_TAG_formal_parameter
    3729                      .dwattr $C$DW$159, DW_AT_name("f")
    3730                      .dwattr $C$DW$159, DW_AT_type(*$C$DW$T$16)
    3731                      .dwattr $C$DW$159, DW_AT_location[DW_OP_regx 0x2b]
    3732              
    3733              
    3734              ;***************************************************************
    3735              ;* FNAME: __fpclassifyf                 FR SIZE:   0           *
    3736              ;*                                                             *
    3737              ;* FUNCTION ENVIRONMENT                                        *
    3738              ;*                                                             *
    3739              ;* FUNCTION PROPERTIES                                         *
    3740              ;*                            0 Parameter,  0 Auto,  0 SOE     *
    3741              ;***************************************************************
    3742              
    3743              ||__fpclassifyf||:
    3744              ;* PL    assigned to $O$K1
    3745              ;* R0    assigned to f
    3746              $C$DW$160       .dwtag  DW_TAG_variable
    3747                      .dwattr $C$DW$160, DW_AT_name("f")
    3748                      .dwattr $C$DW$160, DW_AT_type(*$C$DW$T$147)
    3749                      .dwattr $C$DW$160, DW_AT_location[DW_OP_regx 0x2b]
    3750              
    3751                      .dwcfi  cfa_offset, -2
    3752                      .dwcfi  save_reg_to_mem, 26, 0
    3753                      .dwpsn  file "D:/TI/ccs/ccs/tools/compiler/ti-cgt-c2000_22.6.2.LTS/include/_defs.h",line 398,column 5
    3754 00000000 BFAB          MOV32     P,R0H                 ; [CPU_FPU] |398| 
         00000001 0F12 
    3755                      .dwpsn  file "D:/TI/ccs/ccs/tools/compiler/ti-cgt-c2000_22.6.2.LTS/include/_defs.h",line 402,column 1
    3756 00000002 CCAA          AND       AL,PH,#0x7f80         ; [CPU_ALU] |402| 
         00000003 7F80 
    3757 00000004 88A9          MOVZ      AR6,AL                ; [CPU_ALU] |402| 
    3758 00000005 FF20          MOV       ACC,#32640            ; [CPU_ALU] |402| 
         00000006 7F80 
    3759 00000007 0FA6          CMPL      ACC,XAR6              ; [CPU_ALU] |402| 
TMS320C2000 Assembler PC v22.6.2 Tue Mar  3 20:15:52 2026

Copyright (c) 1996-2018 Texas Instruments Incorporated
dual_axis_servo_drive_user.asm                                       PAGE   81

    3760 00000008 6009          B         ||$C$L27||,NEQ        ; [CPU_ALU] |402| 
    3761                      ; branchcc occurs ; [] |402| 
    3762 00000009 A9A9          MOVL      ACC,P                 ; [CPU_ALU] |402| 
    3763 0000000a 917F          ANDB      AH,#127               ; [CPU_ALU] |402| 
    3764 0000000b FF58          TEST      ACC                   ; [CPU_ALU] |402| 
    3765 0000000c 6103          B         ||$C$L26||,EQ         ; [CPU_ALU] |402| 
    3766                      ; branchcc occurs ; [] |402| 
    3767                      .dwcfi  remember_state
    3768 0000000d 9A02          MOVB      AL,#2                 ; [CPU_ALU] |402| 
    3769              $C$DW$161       .dwtag  DW_TAG_TI_branch
    3770                      .dwattr $C$DW$161, DW_AT_low_pc(0x00)
    3771                      .dwattr $C$DW$161, DW_AT_TI_return
    3772              
    3773 0000000e 0006          LRETR     ; [CPU_ALU] 
    3774                      ; return occurs ; [] 
    3775                      .dwcfi  restore_state
    3776 0000000f       ||$C$L26||:    
    3777                      .dwcfi  remember_state
    3778 0000000f 9A01          MOVB      AL,#1                 ; [CPU_ALU] |402| 
    3779              $C$DW$162       .dwtag  DW_TAG_TI_branch
    3780                      .dwattr $C$DW$162, DW_AT_low_pc(0x00)
    3781                      .dwattr $C$DW$162, DW_AT_TI_return
    3782              
    3783 00000010 0006          LRETR     ; [CPU_ALU] 
    3784                      ; return occurs ; [] 
    3785                      .dwcfi  restore_state
    3786 00000011       ||$C$L27||:    
    3787 00000011 A9A9          MOVL      ACC,P                 ; [CPU_ALU] |402| 
    3788 00000012 28AC          MOV       T,#23                 ; [CPU_ALU] |402| 
         00000013 0017 
    3789 00000014 5622          LSRL      ACC,T                 ; [CPU_ALU] |402| 
    3790 00000015 90FF          ANDB      AL,#0xff              ; [CPU_ALU] |402| 
    3791 00000016 6104          B         ||$C$L28||,EQ         ; [CPU_ALU] |402| 
    3792                      ; branchcc occurs ; [] |402| 
    3793                      .dwcfi  remember_state
    3794 00000017 28A9          MOV       AL,#-1                ; [CPU_ALU] |402| 
         00000018 FFFF 
    3795              $C$DW$163       .dwtag  DW_TAG_TI_branch
    3796                      .dwattr $C$DW$163, DW_AT_low_pc(0x00)
    3797                      .dwattr $C$DW$163, DW_AT_TI_return
    3798              
    3799 00000019 0006          LRETR     ; [CPU_ALU] 
    3800                      ; return occurs ; [] 
    3801                      .dwcfi  restore_state
    3802 0000001a       ||$C$L28||:    
    3803 0000001a A9A9          MOVL      ACC,P                 ; [CPU_ALU] |402| 
    3804 0000001b 917F          ANDB      AH,#127               ; [CPU_ALU] |402| 
    3805 0000001c FF58          TEST      ACC                   ; [CPU_ALU] |402| 
    3806 0000001d 6104          B         ||$C$L29||,EQ         ; [CPU_ALU] |402| 
    3807                      ; branchcc occurs ; [] |402| 
    3808                      .dwcfi  remember_state
    3809 0000001e 28A9          MOV       AL,#-2                ; [CPU_ALU] |402| 
         0000001f FFFE 
    3810              $C$DW$164       .dwtag  DW_TAG_TI_branch
    3811                      .dwattr $C$DW$164, DW_AT_low_pc(0x00)
TMS320C2000 Assembler PC v22.6.2 Tue Mar  3 20:15:52 2026

Copyright (c) 1996-2018 Texas Instruments Incorporated
dual_axis_servo_drive_user.asm                                       PAGE   82

    3812                      .dwattr $C$DW$164, DW_AT_TI_return
    3813              
    3814 00000020 0006          LRETR     ; [CPU_ALU] 
    3815                      ; return occurs ; [] 
    3816                      .dwcfi  restore_state
    3817 00000021       ||$C$L29||:    
    3818 00000021 9A00          MOVB      AL,#0                 ; [CPU_ALU] |402| 
    3819              $C$DW$165       .dwtag  DW_TAG_TI_branch
    3820                      .dwattr $C$DW$165, DW_AT_low_pc(0x00)
    3821                      .dwattr $C$DW$165, DW_AT_TI_return
    3822              
    3823 00000022 0006          LRETR     ; [CPU_ALU] 
    3824                      ; return occurs ; [] 
    3825                      .dwattr $C$DW$158, DW_AT_TI_end_file("D:/TI/ccs/ccs/tools/compiler/ti-cgt-c2000_22.6.2.LTS/include/_d
    3826                      .dwattr $C$DW$158, DW_AT_TI_end_line(0x19b)
    3827                      .dwattr $C$DW$158, DW_AT_TI_end_column(0x01)
    3828                      .dwendentry
    3829                      .dwendtag $C$DW$158
    3830              
    3831 00000000               .sect   ".text:__fpclassify"
    3832                      .clink
    3833                      .global ||__fpclassify||
    3834              
    3835              $C$DW$166       .dwtag  DW_TAG_subprogram
    3836                      .dwattr $C$DW$166, DW_AT_name("__fpclassify")
    3837                      .dwattr $C$DW$166, DW_AT_low_pc(||__fpclassify||)
    3838                      .dwattr $C$DW$166, DW_AT_high_pc(0x00)
    3839                      .dwattr $C$DW$166, DW_AT_linkage_name("__fpclassify")
    3840                      .dwattr $C$DW$166, DW_AT_external
    3841                      .dwattr $C$DW$166, DW_AT_type(*$C$DW$T$10)
    3842                      .dwattr $C$DW$166, DW_AT_decl_file("D:/TI/ccs/ccs/tools/compiler/ti-cgt-c2000_22.6.2.LTS/include/_def
    3843                      .dwattr $C$DW$166, DW_AT_decl_line(0x19d)
    3844                      .dwattr $C$DW$166, DW_AT_decl_column(0x18)
    3845                      .dwattr $C$DW$166, DW_AT_TI_max_frame_size(-10)
    3846                      .dwpsn  file "D:/TI/ccs/ccs/tools/compiler/ti-cgt-c2000_22.6.2.LTS/include/_defs.h",line 414,column 1
    3847              
    3848                      .dwfde $C$DW$CIE, ||__fpclassify||
    3849              $C$DW$167       .dwtag  DW_TAG_formal_parameter
    3850                      .dwattr $C$DW$167, DW_AT_name("d")
    3851                      .dwattr $C$DW$167, DW_AT_type(*$C$DW$T$149)
    3852                      .dwattr $C$DW$167, DW_AT_location[DW_OP_reg12]
    3853              
    3854              
    3855              ;***************************************************************
    3856              ;* FNAME: __fpclassify                  FR SIZE:   8           *
    3857              ;*                                                             *
    3858              ;* FUNCTION ENVIRONMENT                                        *
    3859              ;*                                                             *
    3860              ;* FUNCTION PROPERTIES                                         *
    3861              ;*                            4 Parameter,  4 Auto,  0 SOE     *
    3862              ;***************************************************************
    3863              
    3864              ||__fpclassify||:
    3865              $C$DW$168       .dwtag  DW_TAG_variable
    3866                      .dwattr $C$DW$168, DW_AT_name("d")
TMS320C2000 Assembler PC v22.6.2 Tue Mar  3 20:15:52 2026

Copyright (c) 1996-2018 Texas Instruments Incorporated
dual_axis_servo_drive_user.asm                                       PAGE   83

    3867                      .dwattr $C$DW$168, DW_AT_type(*$C$DW$T$17)
    3868                      .dwattr $C$DW$168, DW_AT_location[DW_OP_breg20 -8]
    3869              
    3870              ;* AR5   assigned to $O$C1
    3871              ;* AR4   assigned to d
    3872              $C$DW$169       .dwtag  DW_TAG_variable
    3873                      .dwattr $C$DW$169, DW_AT_name("d")
    3874                      .dwattr $C$DW$169, DW_AT_type(*$C$DW$T$150)
    3875                      .dwattr $C$DW$169, DW_AT_location[DW_OP_reg12]
    3876              
    3877                      .dwcfi  cfa_offset, -2
    3878                      .dwcfi  save_reg_to_mem, 26, 0
    3879 00000000 FE08          ADDB      SP,#8                 ; [CPU_ARAU] 
    3880                      .dwcfi  cfa_offset, -10
    3881 00000001 C4D4          MOVL      XAR6,*+XAR4[2]        ; [CPU_ALU] |414| 
    3882 00000002 06C4          MOVL      ACC,*+XAR4[0]         ; [CPU_ALU] |414| 
    3883 00000003 1E48          MOVL      *-SP[8],ACC           ; [CPU_ALU] |414| 
    3884 00000004 C246          MOVL      *-SP[6],XAR6          ; [CPU_ALU] |414| 
    3885                      .dwpsn  file "D:/TI/ccs/ccs/tools/compiler/ti-cgt-c2000_22.6.2.LTS/include/_defs.h",line 415,column 5
    3886 00000005 8348          MOVL      XAR5,*-SP[8]          ; [CPU_ALU] |415| 
    3887 00000006 8A46          MOVL      XAR4,*-SP[6]          ; [CPU_ALU] |415| 
    3888                      .dwpsn  file "D:/TI/ccs/ccs/tools/compiler/ti-cgt-c2000_22.6.2.LTS/include/_defs.h",line 419,column 1
    3889 00000007 28AC          MOV       T,#48                 ; [CPU_ALU] |419| 
         00000008 0030 
    3890 00000009 A0AB          MOVL      P,XAR5                ; [CPU_ALU] |419| 
    3891 0000000a A8A9          MOVL      ACC,XAR4              ; [CPU_ALU] |419| 
    3892 0000000b 565B          LSR64     ACC:P,T               ; [CPU_ALU] |419| 
    3893 0000000c 18AB          AND       PL,#0x7ff0            ; [CPU_ALU] |419| 
         0000000d 7FF0 
    3894 0000000e 88AB          MOVZ      AR6,PL                ; [CPU_ALU] |419| 
    3895 0000000f FF20          MOV       ACC,#32752            ; [CPU_ALU] |419| 
         00000010 7FF0 
    3896 00000011 0FA6          CMPL      ACC,XAR6              ; [CPU_ALU] |419| 
    3897 00000012 6016          B         ||$C$L31||,NEQ        ; [CPU_ALU] |419| 
    3898                      ; branchcc occurs ; [] |419| 
    3899 00000013 0200          MOVB      ACC,#0                ; [CPU_ALU] |419| 
    3900 00000014 1E44          MOVL      *-SP[4],ACC           ; [CPU_ALU] |419| 
    3901 00000015 2B42          MOV       *-SP[2],#0            ; [CPU_ALU] |419| 
    3902 00000016 2B41          MOV       *-SP[1],#0            ; [CPU_ALU] |419| 
    3903 00000017 A348          MOVL      P,*-SP[8]             ; [CPU_ALU] |419| 
    3904 00000018 0646          MOVL      ACC,*-SP[6]           ; [CPU_ALU] |419| 
    3905 00000019 18AB          AND       PL,#65535             ; [CPU_ALU] |419| 
         0000001a FFFF 
    3906 0000001b 18AA          AND       PH,#65535             ; [CPU_ALU] |419| 
         0000001c FFFF 
    3907 0000001d 18A9          AND       AL,#65535             ; [CPU_ALU] |419| 
         0000001e FFFF 
    3908 0000001f 910F          ANDB      AH,#15                ; [CPU_ALU] |419| 
    3909              $C$DW$170       .dwtag  DW_TAG_TI_branch
    3910                      .dwattr $C$DW$170, DW_AT_low_pc(0x00)
    3911                      .dwattr $C$DW$170, DW_AT_name("__c28xabi_cmpull")
    3912                      .dwattr $C$DW$170, DW_AT_TI_call
    3913              
    3914 00000020 7640!         LCR       #||__c28xabi_cmpull|| ; [CPU_ALU] |419| 
         00000021 0000 
TMS320C2000 Assembler PC v22.6.2 Tue Mar  3 20:15:52 2026

Copyright (c) 1996-2018 Texas Instruments Incorporated
dual_axis_servo_drive_user.asm                                       PAGE   84

    3915                      ; call occurs [#||__c28xabi_cmpull||] ; [] |419| 
    3916 00000022 5200          CMPB      AL,#0                 ; [CPU_ALU] |419| 
    3917 00000023 6103          B         ||$C$L30||,EQ         ; [CPU_ALU] |419| 
    3918                      ; branchcc occurs ; [] |419| 
    3919 00000024 9A02          MOVB      AL,#2                 ; [CPU_ALU] |419| 
    3920 00000025 6F2D          B         ||$C$L34||,UNC        ; [CPU_ALU] |419| 
    3921                      ; branch occurs ; [] |419| 
    3922 00000026       ||$C$L30||:    
    3923 00000026 9A01          MOVB      AL,#1                 ; [CPU_ALU] |419| 
    3924 00000027 6F2B          B         ||$C$L34||,UNC        ; [CPU_ALU] |419| 
    3925                      ; branch occurs ; [] |419| 
    3926 00000028       ||$C$L31||:    
    3927 00000028 BE00          MOVB      XAR6,#0               ; [CPU_ALU] |419| 
    3928 00000029 A0AB          MOVL      P,XAR5                ; [CPU_ALU] |419| 
    3929 0000002a A8A9          MOVL      ACC,XAR4              ; [CPU_ALU] |419| 
    3930 0000002b 28AC          MOV       T,#52                 ; [CPU_ALU] |419| 
         0000002c 0034 
    3931 0000002d C244          MOVL      *-SP[4],XAR6          ; [CPU_ALU] |419| 
    3932 0000002e 2B42          MOV       *-SP[2],#0            ; [CPU_ALU] |419| 
    3933 0000002f 565B          LSR64     ACC:P,T               ; [CPU_ALU] |419| 
    3934 00000030 2B41          MOV       *-SP[1],#0            ; [CPU_FPU] |419| 
    3935 00000031 9000          ANDB      AL,#0                 ; [CPU_ALU] |419| 
    3936 00000032 9100          ANDB      AH,#0                 ; [CPU_ALU] |419| 
    3937 00000033 18AB          AND       PL,#2047              ; [CPU_ALU] |419| 
         00000034 07FF 
    3938 00000035 18AA          AND       PH,#0                 ; [CPU_ALU] |419| 
         00000036 0000 
    3939              $C$DW$171       .dwtag  DW_TAG_TI_branch
    3940                      .dwattr $C$DW$171, DW_AT_low_pc(0x00)
    3941                      .dwattr $C$DW$171, DW_AT_name("__c28xabi_cmpull")
    3942                      .dwattr $C$DW$171, DW_AT_TI_call
    3943              
    3944 00000037 7640!         LCR       #||__c28xabi_cmpull|| ; [CPU_ALU] |419| 
         00000038 0000 
    3945                      ; call occurs [#||__c28xabi_cmpull||] ; [] |419| 
    3946 00000039 5200          CMPB      AL,#0                 ; [CPU_ALU] |419| 
    3947 0000003a 6104          B         ||$C$L32||,EQ         ; [CPU_ALU] |419| 
    3948                      ; branchcc occurs ; [] |419| 
    3949 0000003b 28A9          MOV       AL,#-1                ; [CPU_ALU] |419| 
         0000003c FFFF 
    3950 0000003d 6F15          B         ||$C$L34||,UNC        ; [CPU_ALU] |419| 
    3951                      ; branch occurs ; [] |419| 
    3952 0000003e       ||$C$L32||:    
    3953 0000003e C244          MOVL      *-SP[4],XAR6          ; [CPU_ALU] |419| 
    3954 0000003f A8A9          MOVL      ACC,XAR4              ; [CPU_ALU] |419| 
    3955 00000040 A0AB          MOVL      P,XAR5                ; [CPU_ALU] |419| 
    3956 00000041 2B42          MOV       *-SP[2],#0            ; [CPU_ALU] |419| 
    3957 00000042 18A9          AND       AL,#65535             ; [CPU_ALU] |419| 
         00000043 FFFF 
    3958 00000044 910F          ANDB      AH,#15                ; [CPU_ALU] |419| 
    3959 00000045 18AB          AND       PL,#65535             ; [CPU_ALU] |419| 
         00000046 FFFF 
    3960 00000047 18AA          AND       PH,#65535             ; [CPU_ALU] |419| 
         00000048 FFFF 
    3961 00000049 2B41          MOV       *-SP[1],#0            ; [CPU_FPU] |419| 
TMS320C2000 Assembler PC v22.6.2 Tue Mar  3 20:15:52 2026

Copyright (c) 1996-2018 Texas Instruments Incorporated
dual_axis_servo_drive_user.asm                                       PAGE   85

    3962              $C$DW$172       .dwtag  DW_TAG_TI_branch
    3963                      .dwattr $C$DW$172, DW_AT_low_pc(0x00)
    3964                      .dwattr $C$DW$172, DW_AT_name("__c28xabi_cmpull")
    3965                      .dwattr $C$DW$172, DW_AT_TI_call
    3966              
    3967 0000004a 7640!         LCR       #||__c28xabi_cmpull|| ; [CPU_ALU] |419| 
         0000004b 0000 
    3968                      ; call occurs [#||__c28xabi_cmpull||] ; [] |419| 
    3969 0000004c 5200          CMPB      AL,#0                 ; [CPU_ALU] |419| 
    3970 0000004d 6104          B         ||$C$L33||,EQ         ; [CPU_ALU] |419| 
    3971                      ; branchcc occurs ; [] |419| 
    3972 0000004e 28A9          MOV       AL,#-2                ; [CPU_ALU] |419| 
         0000004f FFFE 
    3973 00000050 6F02          B         ||$C$L34||,UNC        ; [CPU_ALU] |419| 
    3974                      ; branch occurs ; [] |419| 
    3975 00000051       ||$C$L33||:    
    3976 00000051 9A00          MOVB      AL,#0                 ; [CPU_ALU] |419| 
    3977 00000052       ||$C$L34||:    
    3978 00000052 FE88          SUBB      SP,#8                 ; [CPU_ARAU] 
    3979                      .dwcfi  cfa_offset, -2
    3980              $C$DW$173       .dwtag  DW_TAG_TI_branch
    3981                      .dwattr $C$DW$173, DW_AT_low_pc(0x00)
    3982                      .dwattr $C$DW$173, DW_AT_TI_return
    3983              
    3984 00000053 0006          LRETR     ; [CPU_ALU] 
    3985                      ; return occurs ; [] 
    3986                      .dwattr $C$DW$166, DW_AT_TI_end_file("D:/TI/ccs/ccs/tools/compiler/ti-cgt-c2000_22.6.2.LTS/include/_d
    3987                      .dwattr $C$DW$166, DW_AT_TI_end_line(0x1ac)
    3988                      .dwattr $C$DW$166, DW_AT_TI_end_column(0x01)
    3989                      .dwendentry
    3990                      .dwendtag $C$DW$166
    3991              
    3992              ;**************************************************************
    3993              ;* UNDEFINED EXTERNAL REFERENCES                              *
    3994              ;**************************************************************
    3995                      .global ||FCL_initADC_3I||
    3996                      .global ||FCL_initPWM||
    3997                      .global ||FCL_initQEP||
    3998                      .global ||halMtr||
    3999                      .global ||fclVars||
    4000                      .global ||motorVars||
    4001                      .global ||__c28xabi_cmpull||
    4002              ;**************************************************************
    4003              ;* SECTION GROUPS                                             *
    4004              ;**************************************************************
    4005                      .group    "__fpclassify", 1
    4006                      .gmember  ".text:__fpclassify"
    4007                      .endgroup
    4008                      .group    "__fpclassifyf", 1
    4009                      .gmember  ".text:__fpclassifyf"
    4010                      .endgroup
    4011                      .group    "__fpclassifyl", 1
    4012                      .gmember  ".text:__fpclassifyl"
    4013                      .endgroup
    4014                      .group    "__isfinite", 1
TMS320C2000 Assembler PC v22.6.2 Tue Mar  3 20:15:52 2026

Copyright (c) 1996-2018 Texas Instruments Incorporated
dual_axis_servo_drive_user.asm                                       PAGE   86

    4015                      .gmember  ".text:__isfinite"
    4016                      .endgroup
    4017                      .group    "__isfinitef", 1
    4018                      .gmember  ".text:__isfinitef"
    4019                      .endgroup
    4020                      .group    "__isfinitel", 1
    4021                      .gmember  ".text:__isfinitel"
    4022                      .endgroup
    4023                      .group    "__isinf", 1
    4024                      .gmember  ".text:__isinf"
    4025                      .endgroup
    4026                      .group    "__isinff", 1
    4027                      .gmember  ".text:__isinff"
    4028                      .endgroup
    4029                      .group    "__isinfl", 1
    4030                      .gmember  ".text:__isinfl"
    4031                      .endgroup
    4032                      .group    "__isnan", 1
    4033                      .gmember  ".text:__isnan"
    4034                      .endgroup
    4035                      .group    "__isnanf", 1
    4036                      .gmember  ".text:__isnanf"
    4037                      .endgroup
    4038                      .group    "__isnanl", 1
    4039                      .gmember  ".text:__isnanl"
    4040                      .endgroup
    4041                      .group    "__isnormal", 1
    4042                      .gmember  ".text:__isnormal"
    4043                      .endgroup
    4044                      .group    "__isnormalf", 1
    4045                      .gmember  ".text:__isnormalf"
    4046                      .endgroup
    4047                      .group    "__isnormall", 1
    4048                      .gmember  ".text:__isnormall"
    4049                      .endgroup
    4050                      .group    "__relaxed_atan2f", 1
    4051                      .gmember  ".text:__relaxed_atan2f"
    4052                      .endgroup
    4053                      .group    "__relaxed_atanf", 1
    4054                      .gmember  ".text:__relaxed_atanf"
    4055                      .endgroup
    4056                      .group    "__relaxed_cosf", 1
    4057                      .gmember  ".text:__relaxed_cosf"
    4058                      .endgroup
    4059                      .group    "__relaxed_fmaxf", 1
    4060                      .gmember  ".text:__relaxed_fmaxf"
    4061                      .endgroup
    4062                      .group    "__relaxed_fminf", 1
    4063                      .gmember  ".text:__relaxed_fminf"
    4064                      .endgroup
    4065                      .group    "__relaxed_fmodf", 1
    4066                      .gmember  ".text:__relaxed_fmodf"
    4067                      .endgroup
    4068                      .group    "__relaxed_sinf", 1
    4069                      .gmember  ".text:__relaxed_sinf"
TMS320C2000 Assembler PC v22.6.2 Tue Mar  3 20:15:52 2026

Copyright (c) 1996-2018 Texas Instruments Incorporated
dual_axis_servo_drive_user.asm                                       PAGE   87

    4070                      .endgroup
    4071                      .group    "__signbit", 1
    4072                      .gmember  ".text:__signbit"
    4073                      .endgroup
    4074                      .group    "__signbitf", 1
    4075                      .gmember  ".text:__signbitf"
    4076                      .endgroup
    4077                      .group    "__signbitl", 1
    4078                      .gmember  ".text:__signbitl"
    4079                      .endgroup
    4080              
    4081              
    4082              ;***************************************************************
    4083              ;* BUILD ATTRIBUTES                                            *
    4084              ;***************************************************************
    4085                      .battr "c28xabi", Tag_File, 1, Tag_float_args(1)
    4086                      .battr "c28xabi", Tag_File, 1, Tag_double_args(1)
    4087                      .dwattr $C$DW$CU, DW_AT_language(DW_LANG_C)
    4088              
    4089              ;***************************************************************
    4090              ;* DWARF CIE ENTRIES                                           *
    4091              ;***************************************************************
    4092              
    4093              $C$DW$CIE       .dwcie 26
    4094                      .dwcfi  cfa_register, 20
    4095                      .dwcfi  cfa_offset, 0
    4096                      .dwcfi  same_value, 28
    4097                      .dwcfi  same_value, 6
    4098                      .dwcfi  same_value, 7
    4099                      .dwcfi  same_value, 8
    4100                      .dwcfi  same_value, 9
    4101                      .dwcfi  same_value, 10
    4102                      .dwcfi  same_value, 11
    4103                      .dwcfi  same_value, 59
    4104                      .dwcfi  same_value, 63
    4105                      .dwcfi  same_value, 67
    4106                      .dwcfi  same_value, 71
    4107                      .dwendentry
    4108                      .dwendtag $C$DW$CU
    4109              
    4110              
    4111              ;***************************************************************
    4112              ;* TYPE INFORMATION                                            *
    4113              ;***************************************************************
    4114              
    4115              $C$DW$TU$67     .dwtag  DW_TAG_type_unit
    4116                      .dwmtype  $C$DW$T$67
    4117              
    4118              $C$DW$T$67      .dwtag  DW_TAG_enumeration_type
    4119                      .dwattr $C$DW$T$67, DW_AT_byte_size(0x01)
    4120              $C$DW$174       .dwtag  DW_TAG_enumerator
    4121                      .dwattr $C$DW$174, DW_AT_name("ENC_ALIGNMENT")
    4122                      .dwattr $C$DW$174, DW_AT_const_value(0x00)
    4123                      .dwattr $C$DW$174, DW_AT_decl_file("C:/TI/C2000Ware_MotorControl_SDK_5_04_00_00/libraries/position_se
    4124                      .dwattr $C$DW$174, DW_AT_decl_line(0x40)
TMS320C2000 Assembler PC v22.6.2 Tue Mar  3 20:15:52 2026

Copyright (c) 1996-2018 Texas Instruments Incorporated
dual_axis_servo_drive_user.asm                                       PAGE   88

    4125                      .dwattr $C$DW$174, DW_AT_decl_column(0x05)
    4126              
    4127              $C$DW$175       .dwtag  DW_TAG_enumerator
    4128                      .dwattr $C$DW$175, DW_AT_name("ENC_WAIT_FOR_INDEX")
    4129                      .dwattr $C$DW$175, DW_AT_const_value(0x01)
    4130                      .dwattr $C$DW$175, DW_AT_decl_file("C:/TI/C2000Ware_MotorControl_SDK_5_04_00_00/libraries/position_se
    4131                      .dwattr $C$DW$175, DW_AT_decl_line(0x41)
    4132                      .dwattr $C$DW$175, DW_AT_decl_column(0x05)
    4133              
    4134              $C$DW$176       .dwtag  DW_TAG_enumerator
    4135                      .dwattr $C$DW$176, DW_AT_name("ENC_CALIBRATION_DONE")
    4136                      .dwattr $C$DW$176, DW_AT_const_value(0x02)
    4137                      .dwattr $C$DW$176, DW_AT_decl_file("C:/TI/C2000Ware_MotorControl_SDK_5_04_00_00/libraries/position_se
    4138                      .dwattr $C$DW$176, DW_AT_decl_line(0x42)
    4139                      .dwattr $C$DW$176, DW_AT_decl_column(0x05)
    4140              
    4141                      .dwattr $C$DW$T$67, DW_AT_decl_file("C:/TI/C2000Ware_MotorControl_SDK_5_04_00_00/libraries/position_s
    4142                      .dwattr $C$DW$T$67, DW_AT_decl_line(0x3f)
    4143                      .dwattr $C$DW$T$67, DW_AT_decl_column(0x01)
    4144                      .dwendtag $C$DW$T$67
    4145              
    4146                      .dwendtag $C$DW$TU$67
    4147              
    4148              
    4149              $C$DW$TU$68     .dwtag  DW_TAG_type_unit
    4150                      .dwmtype  $C$DW$T$68
    4151              $C$DW$T$68      .dwtag  DW_TAG_typedef
    4152                      .dwattr $C$DW$T$68, DW_AT_name("ENC_Status_e")
    4153                      .dwattr $C$DW$T$68, DW_AT_type(*$C$DW$T$67)
    4154                      .dwattr $C$DW$T$68, DW_AT_decl_file("C:/TI/C2000Ware_MotorControl_SDK_5_04_00_00/libraries/position_s
    4155                      .dwattr $C$DW$T$68, DW_AT_decl_line(0x43)
    4156                      .dwattr $C$DW$T$68, DW_AT_decl_column(0x03)
    4157              
    4158                      .dwendtag $C$DW$TU$68
    4159              
    4160              
    4161              $C$DW$TU$95     .dwtag  DW_TAG_type_unit
    4162                      .dwmtype  $C$DW$T$95
    4163              
    4164              $C$DW$T$95      .dwtag  DW_TAG_enumeration_type
    4165                      .dwattr $C$DW$T$95, DW_AT_byte_size(0x01)
    4166              $C$DW$177       .dwtag  DW_TAG_enumerator
    4167                      .dwattr $C$DW$177, DW_AT_name("MOTOR_STOP")
    4168                      .dwattr $C$DW$177, DW_AT_const_value(0x00)
    4169                      .dwattr $C$DW$177, DW_AT_decl_file("C:\TI\C2000Ware_MotorControl_SDK_5_04_00_00\solutions\common\sens
    4170                      .dwattr $C$DW$177, DW_AT_decl_line(0x4a)
    4171                      .dwattr $C$DW$177, DW_AT_decl_column(0x05)
    4172              
    4173              $C$DW$178       .dwtag  DW_TAG_enumerator
    4174                      .dwattr $C$DW$178, DW_AT_name("MOTOR_RUN")
    4175                      .dwattr $C$DW$178, DW_AT_const_value(0x01)
    4176                      .dwattr $C$DW$178, DW_AT_decl_file("C:\TI\C2000Ware_MotorControl_SDK_5_04_00_00\solutions\common\sens
    4177                      .dwattr $C$DW$178, DW_AT_decl_line(0x4b)
    4178                      .dwattr $C$DW$178, DW_AT_decl_column(0x05)
    4179              
TMS320C2000 Assembler PC v22.6.2 Tue Mar  3 20:15:52 2026

Copyright (c) 1996-2018 Texas Instruments Incorporated
dual_axis_servo_drive_user.asm                                       PAGE   89

    4180                      .dwattr $C$DW$T$95, DW_AT_decl_file("C:\TI\C2000Ware_MotorControl_SDK_5_04_00_00\solutions\common\sen
    4181                      .dwattr $C$DW$T$95, DW_AT_decl_line(0x49)
    4182                      .dwattr $C$DW$T$95, DW_AT_decl_column(0x01)
    4183                      .dwendtag $C$DW$T$95
    4184              
    4185                      .dwendtag $C$DW$TU$95
    4186              
    4187              
    4188              $C$DW$TU$96     .dwtag  DW_TAG_type_unit
    4189                      .dwmtype  $C$DW$T$96
    4190              $C$DW$T$96      .dwtag  DW_TAG_typedef
    4191                      .dwattr $C$DW$T$96, DW_AT_name("MotorRunStop_e")
    4192                      .dwattr $C$DW$T$96, DW_AT_type(*$C$DW$T$95)
    4193                      .dwattr $C$DW$T$96, DW_AT_decl_file("C:\TI\C2000Ware_MotorControl_SDK_5_04_00_00\solutions\common\sen
    4194                      .dwattr $C$DW$T$96, DW_AT_decl_line(0x4c)
    4195                      .dwattr $C$DW$T$96, DW_AT_decl_column(0x03)
    4196              
    4197                      .dwendtag $C$DW$TU$96
    4198              
    4199              
    4200              $C$DW$TU$97     .dwtag  DW_TAG_type_unit
    4201                      .dwmtype  $C$DW$T$97
    4202              
    4203              $C$DW$T$97      .dwtag  DW_TAG_enumeration_type
    4204                      .dwattr $C$DW$T$97, DW_AT_byte_size(0x01)
    4205              $C$DW$179       .dwtag  DW_TAG_enumerator
    4206                      .dwattr $C$DW$179, DW_AT_name("CTRL_STOP")
    4207                      .dwattr $C$DW$179, DW_AT_const_value(0x00)
    4208                      .dwattr $C$DW$179, DW_AT_decl_file("C:\TI\C2000Ware_MotorControl_SDK_5_04_00_00\solutions\common\sens
    4209                      .dwattr $C$DW$179, DW_AT_decl_line(0x64)
    4210                      .dwattr $C$DW$179, DW_AT_decl_column(0x05)
    4211              
    4212              $C$DW$180       .dwtag  DW_TAG_enumerator
    4213                      .dwattr $C$DW$180, DW_AT_name("CTRL_RUN")
    4214                      .dwattr $C$DW$180, DW_AT_const_value(0x01)
    4215                      .dwattr $C$DW$180, DW_AT_decl_file("C:\TI\C2000Ware_MotorControl_SDK_5_04_00_00\solutions\common\sens
    4216                      .dwattr $C$DW$180, DW_AT_decl_line(0x65)
    4217                      .dwattr $C$DW$180, DW_AT_decl_column(0x05)
    4218              
    4219              $C$DW$181       .dwtag  DW_TAG_enumerator
    4220                      .dwattr $C$DW$181, DW_AT_name("CTRL_BRAKE")
    4221                      .dwattr $C$DW$181, DW_AT_const_value(0x02)
    4222                      .dwattr $C$DW$181, DW_AT_decl_file("C:\TI\C2000Ware_MotorControl_SDK_5_04_00_00\solutions\common\sens
    4223                      .dwattr $C$DW$181, DW_AT_decl_line(0x66)
    4224                      .dwattr $C$DW$181, DW_AT_decl_column(0x05)
    4225              
    4226              $C$DW$182       .dwtag  DW_TAG_enumerator
    4227                      .dwattr $C$DW$182, DW_AT_name("CTRL_RESET")
    4228                      .dwattr $C$DW$182, DW_AT_const_value(0x03)
    4229                      .dwattr $C$DW$182, DW_AT_decl_file("C:\TI\C2000Ware_MotorControl_SDK_5_04_00_00\solutions\common\sens
    4230                      .dwattr $C$DW$182, DW_AT_decl_line(0x67)
    4231                      .dwattr $C$DW$182, DW_AT_decl_column(0x05)
    4232              
    4233              $C$DW$183       .dwtag  DW_TAG_enumerator
    4234                      .dwattr $C$DW$183, DW_AT_name("CTRL_FAULT")
TMS320C2000 Assembler PC v22.6.2 Tue Mar  3 20:15:52 2026

Copyright (c) 1996-2018 Texas Instruments Incorporated
dual_axis_servo_drive_user.asm                                       PAGE   90

    4235                      .dwattr $C$DW$183, DW_AT_const_value(0x04)
    4236                      .dwattr $C$DW$183, DW_AT_decl_file("C:\TI\C2000Ware_MotorControl_SDK_5_04_00_00\solutions\common\sens
    4237                      .dwattr $C$DW$183, DW_AT_decl_line(0x68)
    4238                      .dwattr $C$DW$183, DW_AT_decl_column(0x05)
    4239              
    4240                      .dwattr $C$DW$T$97, DW_AT_decl_file("C:\TI\C2000Ware_MotorControl_SDK_5_04_00_00\solutions\common\sen
    4241                      .dwattr $C$DW$T$97, DW_AT_decl_line(0x63)
    4242                      .dwattr $C$DW$T$97, DW_AT_decl_column(0x01)
    4243                      .dwendtag $C$DW$T$97
    4244              
    4245                      .dwendtag $C$DW$TU$97
    4246              
    4247              
    4248              $C$DW$TU$98     .dwtag  DW_TAG_type_unit
    4249                      .dwmtype  $C$DW$T$98
    4250              $C$DW$T$98      .dwtag  DW_TAG_typedef
    4251                      .dwattr $C$DW$T$98, DW_AT_name("CtrlState_e")
    4252                      .dwattr $C$DW$T$98, DW_AT_type(*$C$DW$T$97)
    4253                      .dwattr $C$DW$T$98, DW_AT_decl_file("C:\TI\C2000Ware_MotorControl_SDK_5_04_00_00\solutions\common\sen
    4254                      .dwattr $C$DW$T$98, DW_AT_decl_line(0x69)
    4255                      .dwattr $C$DW$T$98, DW_AT_decl_column(0x03)
    4256              
    4257                      .dwendtag $C$DW$TU$98
    4258              
    4259              
    4260              $C$DW$TU$101    .dwtag  DW_TAG_type_unit
    4261                      .dwmtype  $C$DW$T$101
    4262              
    4263              $C$DW$T$101     .dwtag  DW_TAG_enumeration_type
    4264                      .dwattr $C$DW$T$101, DW_AT_byte_size(0x01)
    4265              $C$DW$184       .dwtag  DW_TAG_enumerator
    4266                      .dwattr $C$DW$184, DW_AT_name("ADC_SOC_NUMBER0")
    4267                      .dwattr $C$DW$184, DW_AT_const_value(0x00)
    4268                      .dwattr $C$DW$184, DW_AT_decl_file("C:/TI/C2000Ware_MotorControl_SDK_5_04_00_00/c2000ware/driverlib/f
    4269                      .dwattr $C$DW$184, DW_AT_decl_line(0x145)
    4270                      .dwattr $C$DW$184, DW_AT_decl_column(0x05)
    4271              
    4272              $C$DW$185       .dwtag  DW_TAG_enumerator
    4273                      .dwattr $C$DW$185, DW_AT_name("ADC_SOC_NUMBER1")
    4274                      .dwattr $C$DW$185, DW_AT_const_value(0x01)
    4275                      .dwattr $C$DW$185, DW_AT_decl_file("C:/TI/C2000Ware_MotorControl_SDK_5_04_00_00/c2000ware/driverlib/f
    4276                      .dwattr $C$DW$185, DW_AT_decl_line(0x146)
    4277                      .dwattr $C$DW$185, DW_AT_decl_column(0x05)
    4278              
    4279              $C$DW$186       .dwtag  DW_TAG_enumerator
    4280                      .dwattr $C$DW$186, DW_AT_name("ADC_SOC_NUMBER2")
    4281                      .dwattr $C$DW$186, DW_AT_const_value(0x02)
    4282                      .dwattr $C$DW$186, DW_AT_decl_file("C:/TI/C2000Ware_MotorControl_SDK_5_04_00_00/c2000ware/driverlib/f
    4283                      .dwattr $C$DW$186, DW_AT_decl_line(0x147)
    4284                      .dwattr $C$DW$186, DW_AT_decl_column(0x05)
    4285              
    4286              $C$DW$187       .dwtag  DW_TAG_enumerator
    4287                      .dwattr $C$DW$187, DW_AT_name("ADC_SOC_NUMBER3")
    4288                      .dwattr $C$DW$187, DW_AT_const_value(0x03)
    4289                      .dwattr $C$DW$187, DW_AT_decl_file("C:/TI/C2000Ware_MotorControl_SDK_5_04_00_00/c2000ware/driverlib/f
TMS320C2000 Assembler PC v22.6.2 Tue Mar  3 20:15:52 2026

Copyright (c) 1996-2018 Texas Instruments Incorporated
dual_axis_servo_drive_user.asm                                       PAGE   91

    4290                      .dwattr $C$DW$187, DW_AT_decl_line(0x148)
    4291                      .dwattr $C$DW$187, DW_AT_decl_column(0x05)
    4292              
    4293              $C$DW$188       .dwtag  DW_TAG_enumerator
    4294                      .dwattr $C$DW$188, DW_AT_name("ADC_SOC_NUMBER4")
    4295                      .dwattr $C$DW$188, DW_AT_const_value(0x04)
    4296                      .dwattr $C$DW$188, DW_AT_decl_file("C:/TI/C2000Ware_MotorControl_SDK_5_04_00_00/c2000ware/driverlib/f
    4297                      .dwattr $C$DW$188, DW_AT_decl_line(0x149)
    4298                      .dwattr $C$DW$188, DW_AT_decl_column(0x05)
    4299              
    4300              $C$DW$189       .dwtag  DW_TAG_enumerator
    4301                      .dwattr $C$DW$189, DW_AT_name("ADC_SOC_NUMBER5")
    4302                      .dwattr $C$DW$189, DW_AT_const_value(0x05)
    4303                      .dwattr $C$DW$189, DW_AT_decl_file("C:/TI/C2000Ware_MotorControl_SDK_5_04_00_00/c2000ware/driverlib/f
    4304                      .dwattr $C$DW$189, DW_AT_decl_line(0x14a)
    4305                      .dwattr $C$DW$189, DW_AT_decl_column(0x05)
    4306              
    4307              $C$DW$190       .dwtag  DW_TAG_enumerator
    4308                      .dwattr $C$DW$190, DW_AT_name("ADC_SOC_NUMBER6")
    4309                      .dwattr $C$DW$190, DW_AT_const_value(0x06)
    4310                      .dwattr $C$DW$190, DW_AT_decl_file("C:/TI/C2000Ware_MotorControl_SDK_5_04_00_00/c2000ware/driverlib/f
    4311                      .dwattr $C$DW$190, DW_AT_decl_line(0x14b)
    4312                      .dwattr $C$DW$190, DW_AT_decl_column(0x05)
    4313              
    4314              $C$DW$191       .dwtag  DW_TAG_enumerator
    4315                      .dwattr $C$DW$191, DW_AT_name("ADC_SOC_NUMBER7")
    4316                      .dwattr $C$DW$191, DW_AT_const_value(0x07)
    4317                      .dwattr $C$DW$191, DW_AT_decl_file("C:/TI/C2000Ware_MotorControl_SDK_5_04_00_00/c2000ware/driverlib/f
    4318                      .dwattr $C$DW$191, DW_AT_decl_line(0x14c)
    4319                      .dwattr $C$DW$191, DW_AT_decl_column(0x05)
    4320              
    4321              $C$DW$192       .dwtag  DW_TAG_enumerator
    4322                      .dwattr $C$DW$192, DW_AT_name("ADC_SOC_NUMBER8")
    4323                      .dwattr $C$DW$192, DW_AT_const_value(0x08)
    4324                      .dwattr $C$DW$192, DW_AT_decl_file("C:/TI/C2000Ware_MotorControl_SDK_5_04_00_00/c2000ware/driverlib/f
    4325                      .dwattr $C$DW$192, DW_AT_decl_line(0x14d)
    4326                      .dwattr $C$DW$192, DW_AT_decl_column(0x05)
    4327              
    4328              $C$DW$193       .dwtag  DW_TAG_enumerator
    4329                      .dwattr $C$DW$193, DW_AT_name("ADC_SOC_NUMBER9")
    4330                      .dwattr $C$DW$193, DW_AT_const_value(0x09)
    4331                      .dwattr $C$DW$193, DW_AT_decl_file("C:/TI/C2000Ware_MotorControl_SDK_5_04_00_00/c2000ware/driverlib/f
    4332                      .dwattr $C$DW$193, DW_AT_decl_line(0x14e)
    4333                      .dwattr $C$DW$193, DW_AT_decl_column(0x05)
    4334              
    4335              $C$DW$194       .dwtag  DW_TAG_enumerator
    4336                      .dwattr $C$DW$194, DW_AT_name("ADC_SOC_NUMBER10")
    4337                      .dwattr $C$DW$194, DW_AT_const_value(0x0a)
    4338                      .dwattr $C$DW$194, DW_AT_decl_file("C:/TI/C2000Ware_MotorControl_SDK_5_04_00_00/c2000ware/driverlib/f
    4339                      .dwattr $C$DW$194, DW_AT_decl_line(0x14f)
    4340                      .dwattr $C$DW$194, DW_AT_decl_column(0x05)
    4341              
    4342              $C$DW$195       .dwtag  DW_TAG_enumerator
    4343                      .dwattr $C$DW$195, DW_AT_name("ADC_SOC_NUMBER11")
    4344                      .dwattr $C$DW$195, DW_AT_const_value(0x0b)
TMS320C2000 Assembler PC v22.6.2 Tue Mar  3 20:15:52 2026

Copyright (c) 1996-2018 Texas Instruments Incorporated
dual_axis_servo_drive_user.asm                                       PAGE   92

    4345                      .dwattr $C$DW$195, DW_AT_decl_file("C:/TI/C2000Ware_MotorControl_SDK_5_04_00_00/c2000ware/driverlib/f
    4346                      .dwattr $C$DW$195, DW_AT_decl_line(0x150)
    4347                      .dwattr $C$DW$195, DW_AT_decl_column(0x05)
    4348              
    4349              $C$DW$196       .dwtag  DW_TAG_enumerator
    4350                      .dwattr $C$DW$196, DW_AT_name("ADC_SOC_NUMBER12")
    4351                      .dwattr $C$DW$196, DW_AT_const_value(0x0c)
    4352                      .dwattr $C$DW$196, DW_AT_decl_file("C:/TI/C2000Ware_MotorControl_SDK_5_04_00_00/c2000ware/driverlib/f
    4353                      .dwattr $C$DW$196, DW_AT_decl_line(0x151)
    4354                      .dwattr $C$DW$196, DW_AT_decl_column(0x05)
    4355              
    4356              $C$DW$197       .dwtag  DW_TAG_enumerator
    4357                      .dwattr $C$DW$197, DW_AT_name("ADC_SOC_NUMBER13")
    4358                      .dwattr $C$DW$197, DW_AT_const_value(0x0d)
    4359                      .dwattr $C$DW$197, DW_AT_decl_file("C:/TI/C2000Ware_MotorControl_SDK_5_04_00_00/c2000ware/driverlib/f
    4360                      .dwattr $C$DW$197, DW_AT_decl_line(0x152)
    4361                      .dwattr $C$DW$197, DW_AT_decl_column(0x05)
    4362              
    4363              $C$DW$198       .dwtag  DW_TAG_enumerator
    4364                      .dwattr $C$DW$198, DW_AT_name("ADC_SOC_NUMBER14")
    4365                      .dwattr $C$DW$198, DW_AT_const_value(0x0e)
    4366                      .dwattr $C$DW$198, DW_AT_decl_file("C:/TI/C2000Ware_MotorControl_SDK_5_04_00_00/c2000ware/driverlib/f
    4367                      .dwattr $C$DW$198, DW_AT_decl_line(0x153)
    4368                      .dwattr $C$DW$198, DW_AT_decl_column(0x05)
    4369              
    4370              $C$DW$199       .dwtag  DW_TAG_enumerator
    4371                      .dwattr $C$DW$199, DW_AT_name("ADC_SOC_NUMBER15")
    4372                      .dwattr $C$DW$199, DW_AT_const_value(0x0f)
    4373                      .dwattr $C$DW$199, DW_AT_decl_file("C:/TI/C2000Ware_MotorControl_SDK_5_04_00_00/c2000ware/driverlib/f
    4374                      .dwattr $C$DW$199, DW_AT_decl_line(0x154)
    4375                      .dwattr $C$DW$199, DW_AT_decl_column(0x05)
    4376              
    4377                      .dwattr $C$DW$T$101, DW_AT_decl_file("C:/TI/C2000Ware_MotorControl_SDK_5_04_00_00/c2000ware/driverlib
    4378                      .dwattr $C$DW$T$101, DW_AT_decl_line(0x144)
    4379                      .dwattr $C$DW$T$101, DW_AT_decl_column(0x01)
    4380                      .dwendtag $C$DW$T$101
    4381              
    4382                      .dwendtag $C$DW$TU$101
    4383              
    4384              
    4385              $C$DW$TU$102    .dwtag  DW_TAG_type_unit
    4386                      .dwmtype  $C$DW$T$102
    4387              $C$DW$T$102     .dwtag  DW_TAG_typedef
    4388                      .dwattr $C$DW$T$102, DW_AT_name("ADC_SOCNumber")
    4389                      .dwattr $C$DW$T$102, DW_AT_type(*$C$DW$T$101)
    4390                      .dwattr $C$DW$T$102, DW_AT_decl_file("C:/TI/C2000Ware_MotorControl_SDK_5_04_00_00/c2000ware/driverlib
    4391                      .dwattr $C$DW$T$102, DW_AT_decl_line(0x155)
    4392                      .dwattr $C$DW$T$102, DW_AT_decl_column(0x03)
    4393              
    4394                      .dwendtag $C$DW$TU$102
    4395              
    4396              
    4397              $C$DW$TU$103    .dwtag  DW_TAG_type_unit
    4398                      .dwmtype  $C$DW$T$103
    4399              
TMS320C2000 Assembler PC v22.6.2 Tue Mar  3 20:15:52 2026

Copyright (c) 1996-2018 Texas Instruments Incorporated
dual_axis_servo_drive_user.asm                                       PAGE   93

    4400              $C$DW$T$103     .dwtag  DW_TAG_enumeration_type
    4401                      .dwattr $C$DW$T$103, DW_AT_byte_size(0x01)
    4402              $C$DW$200       .dwtag  DW_TAG_enumerator
    4403                      .dwattr $C$DW$200, DW_AT_name("ADC_PPB_NUMBER1")
    4404                      .dwattr $C$DW$200, DW_AT_const_value(0x00)
    4405                      .dwattr $C$DW$200, DW_AT_decl_file("C:/TI/C2000Ware_MotorControl_SDK_5_04_00_00/c2000ware/driverlib/f
    4406                      .dwattr $C$DW$200, DW_AT_decl_line(0x134)
    4407                      .dwattr $C$DW$200, DW_AT_decl_column(0x05)
    4408              
    4409              $C$DW$201       .dwtag  DW_TAG_enumerator
    4410                      .dwattr $C$DW$201, DW_AT_name("ADC_PPB_NUMBER2")
    4411                      .dwattr $C$DW$201, DW_AT_const_value(0x01)
    4412                      .dwattr $C$DW$201, DW_AT_decl_file("C:/TI/C2000Ware_MotorControl_SDK_5_04_00_00/c2000ware/driverlib/f
    4413                      .dwattr $C$DW$201, DW_AT_decl_line(0x135)
    4414                      .dwattr $C$DW$201, DW_AT_decl_column(0x05)
    4415              
    4416              $C$DW$202       .dwtag  DW_TAG_enumerator
    4417                      .dwattr $C$DW$202, DW_AT_name("ADC_PPB_NUMBER3")
    4418                      .dwattr $C$DW$202, DW_AT_const_value(0x02)
    4419                      .dwattr $C$DW$202, DW_AT_decl_file("C:/TI/C2000Ware_MotorControl_SDK_5_04_00_00/c2000ware/driverlib/f
    4420                      .dwattr $C$DW$202, DW_AT_decl_line(0x136)
    4421                      .dwattr $C$DW$202, DW_AT_decl_column(0x05)
    4422              
    4423              $C$DW$203       .dwtag  DW_TAG_enumerator
    4424                      .dwattr $C$DW$203, DW_AT_name("ADC_PPB_NUMBER4")
    4425                      .dwattr $C$DW$203, DW_AT_const_value(0x03)
    4426                      .dwattr $C$DW$203, DW_AT_decl_file("C:/TI/C2000Ware_MotorControl_SDK_5_04_00_00/c2000ware/driverlib/f
    4427                      .dwattr $C$DW$203, DW_AT_decl_line(0x137)
    4428                      .dwattr $C$DW$203, DW_AT_decl_column(0x05)
    4429              
    4430                      .dwattr $C$DW$T$103, DW_AT_decl_file("C:/TI/C2000Ware_MotorControl_SDK_5_04_00_00/c2000ware/driverlib
    4431                      .dwattr $C$DW$T$103, DW_AT_decl_line(0x133)
    4432                      .dwattr $C$DW$T$103, DW_AT_decl_column(0x01)
    4433                      .dwendtag $C$DW$T$103
    4434              
    4435                      .dwendtag $C$DW$TU$103
    4436              
    4437              
    4438              $C$DW$TU$104    .dwtag  DW_TAG_type_unit
    4439                      .dwmtype  $C$DW$T$104
    4440              $C$DW$T$104     .dwtag  DW_TAG_typedef
    4441                      .dwattr $C$DW$T$104, DW_AT_name("ADC_PPBNumber")
    4442                      .dwattr $C$DW$T$104, DW_AT_type(*$C$DW$T$103)
    4443                      .dwattr $C$DW$T$104, DW_AT_decl_file("C:/TI/C2000Ware_MotorControl_SDK_5_04_00_00/c2000ware/driverlib
    4444                      .dwattr $C$DW$T$104, DW_AT_decl_line(0x138)
    4445                      .dwattr $C$DW$T$104, DW_AT_decl_column(0x03)
    4446              
    4447                      .dwendtag $C$DW$TU$104
    4448              
    4449              
    4450              $C$DW$TU$22     .dwtag  DW_TAG_type_unit
    4451                      .dwmtype  $C$DW$T$22
    4452              
    4453              $C$DW$T$22      .dwtag  DW_TAG_structure_type
    4454                      .dwattr $C$DW$T$22, DW_AT_byte_size(0x10)
TMS320C2000 Assembler PC v22.6.2 Tue Mar  3 20:15:52 2026

Copyright (c) 1996-2018 Texas Instruments Incorporated
dual_axis_servo_drive_user.asm                                       PAGE   94

    4455              $C$DW$204       .dwtag  DW_TAG_member
    4456                      .dwattr $C$DW$204, DW_AT_type(*$C$DW$T$19)
    4457                      .dwattr $C$DW$204, DW_AT_name("TargetValue")
    4458                      .dwattr $C$DW$204, DW_AT_accessibility(DW_ACCESS_public)
    4459                      .dwattr $C$DW$204, DW_AT_decl_file("C:/TI/C2000Ware_MotorControl_SDK_5_04_00_00/libraries/utilities/m
    4460                      .dwattr $C$DW$204, DW_AT_decl_line(0x2b)
    4461                      .dwattr $C$DW$204, DW_AT_decl_column(0x0f)
    4462              
    4463              $C$DW$205       .dwtag  DW_TAG_member
    4464                      .dwattr $C$DW$205, DW_AT_type(*$C$DW$T$21)
    4465                      .dwattr $C$DW$205, DW_AT_name("RampDelayMax")
    4466                      .dwattr $C$DW$205, DW_AT_data_member_location[DW_OP_plus_uconst 0x2]
    4467                      .dwattr $C$DW$205, DW_AT_accessibility(DW_ACCESS_public)
    4468                      .dwattr $C$DW$205, DW_AT_decl_file("C:/TI/C2000Ware_MotorControl_SDK_5_04_00_00/libraries/utilities/m
    4469                      .dwattr $C$DW$205, DW_AT_decl_line(0x2c)
    4470                      .dwattr $C$DW$205, DW_AT_decl_column(0x0f)
    4471              
    4472              $C$DW$206       .dwtag  DW_TAG_member
    4473                      .dwattr $C$DW$206, DW_AT_type(*$C$DW$T$19)
    4474                      .dwattr $C$DW$206, DW_AT_name("RampLowLimit")
    4475                      .dwattr $C$DW$206, DW_AT_data_member_location[DW_OP_plus_uconst 0x4]
    4476                      .dwattr $C$DW$206, DW_AT_accessibility(DW_ACCESS_public)
    4477                      .dwattr $C$DW$206, DW_AT_decl_file("C:/TI/C2000Ware_MotorControl_SDK_5_04_00_00/libraries/utilities/m
    4478                      .dwattr $C$DW$206, DW_AT_decl_line(0x2d)
    4479                      .dwattr $C$DW$206, DW_AT_decl_column(0x0f)
    4480              
    4481              $C$DW$207       .dwtag  DW_TAG_member
    4482                      .dwattr $C$DW$207, DW_AT_type(*$C$DW$T$19)
    4483                      .dwattr $C$DW$207, DW_AT_name("RampHighLimit")
    4484                      .dwattr $C$DW$207, DW_AT_data_member_location[DW_OP_plus_uconst 0x6]
    4485                      .dwattr $C$DW$207, DW_AT_accessibility(DW_ACCESS_public)
    4486                      .dwattr $C$DW$207, DW_AT_decl_file("C:/TI/C2000Ware_MotorControl_SDK_5_04_00_00/libraries/utilities/m
    4487                      .dwattr $C$DW$207, DW_AT_decl_line(0x2e)
    4488                      .dwattr $C$DW$207, DW_AT_decl_column(0x0f)
    4489              
    4490              $C$DW$208       .dwtag  DW_TAG_member
    4491                      .dwattr $C$DW$208, DW_AT_type(*$C$DW$T$21)
    4492                      .dwattr $C$DW$208, DW_AT_name("RampDelayCount")
    4493                      .dwattr $C$DW$208, DW_AT_data_member_location[DW_OP_plus_uconst 0x8]
    4494                      .dwattr $C$DW$208, DW_AT_accessibility(DW_ACCESS_public)
    4495                      .dwattr $C$DW$208, DW_AT_decl_file("C:/TI/C2000Ware_MotorControl_SDK_5_04_00_00/libraries/utilities/m
    4496                      .dwattr $C$DW$208, DW_AT_decl_line(0x2f)
    4497                      .dwattr $C$DW$208, DW_AT_decl_column(0x0c)
    4498              
    4499              $C$DW$209       .dwtag  DW_TAG_member
    4500                      .dwattr $C$DW$209, DW_AT_type(*$C$DW$T$19)
    4501                      .dwattr $C$DW$209, DW_AT_name("SetpointValue")
    4502                      .dwattr $C$DW$209, DW_AT_data_member_location[DW_OP_plus_uconst 0xa]
    4503                      .dwattr $C$DW$209, DW_AT_accessibility(DW_ACCESS_public)
    4504                      .dwattr $C$DW$209, DW_AT_decl_file("C:/TI/C2000Ware_MotorControl_SDK_5_04_00_00/libraries/utilities/m
    4505                      .dwattr $C$DW$209, DW_AT_decl_line(0x30)
    4506                      .dwattr $C$DW$209, DW_AT_decl_column(0x0c)
    4507              
    4508              $C$DW$210       .dwtag  DW_TAG_member
    4509                      .dwattr $C$DW$210, DW_AT_type(*$C$DW$T$21)
TMS320C2000 Assembler PC v22.6.2 Tue Mar  3 20:15:52 2026

Copyright (c) 1996-2018 Texas Instruments Incorporated
dual_axis_servo_drive_user.asm                                       PAGE   95

    4510                      .dwattr $C$DW$210, DW_AT_name("EqualFlag")
    4511                      .dwattr $C$DW$210, DW_AT_data_member_location[DW_OP_plus_uconst 0xc]
    4512                      .dwattr $C$DW$210, DW_AT_accessibility(DW_ACCESS_public)
    4513                      .dwattr $C$DW$210, DW_AT_decl_file("C:/TI/C2000Ware_MotorControl_SDK_5_04_00_00/libraries/utilities/m
    4514                      .dwattr $C$DW$210, DW_AT_decl_line(0x31)
    4515                      .dwattr $C$DW$210, DW_AT_decl_column(0x0c)
    4516              
    4517              $C$DW$211       .dwtag  DW_TAG_member
    4518                      .dwattr $C$DW$211, DW_AT_type(*$C$DW$T$19)
    4519                      .dwattr $C$DW$211, DW_AT_name("Tmp")
    4520                      .dwattr $C$DW$211, DW_AT_data_member_location[DW_OP_plus_uconst 0xe]
    4521                      .dwattr $C$DW$211, DW_AT_accessibility(DW_ACCESS_public)
    4522                      .dwattr $C$DW$211, DW_AT_decl_file("C:/TI/C2000Ware_MotorControl_SDK_5_04_00_00/libraries/utilities/m
    4523                      .dwattr $C$DW$211, DW_AT_decl_line(0x32)
    4524                      .dwattr $C$DW$211, DW_AT_decl_column(0x0c)
    4525              
    4526                      .dwattr $C$DW$T$22, DW_AT_decl_file("C:/TI/C2000Ware_MotorControl_SDK_5_04_00_00/libraries/utilities/
    4527                      .dwattr $C$DW$T$22, DW_AT_decl_line(0x2a)
    4528                      .dwattr $C$DW$T$22, DW_AT_decl_column(0x10)
    4529                      .dwendtag $C$DW$T$22
    4530              
    4531                      .dwendtag $C$DW$TU$22
    4532              
    4533              
    4534              $C$DW$TU$84     .dwtag  DW_TAG_type_unit
    4535                      .dwmtype  $C$DW$T$84
    4536              $C$DW$T$84      .dwtag  DW_TAG_typedef
    4537                      .dwattr $C$DW$T$84, DW_AT_name("RMPCNTL")
    4538                      .dwattr $C$DW$T$84, DW_AT_type(*$C$DW$T$22)
    4539                      .dwattr $C$DW$T$84, DW_AT_decl_file("C:/TI/C2000Ware_MotorControl_SDK_5_04_00_00/libraries/utilities/
    4540                      .dwattr $C$DW$T$84, DW_AT_decl_line(0x33)
    4541                      .dwattr $C$DW$T$84, DW_AT_decl_column(0x03)
    4542              
    4543                      .dwendtag $C$DW$TU$84
    4544              
    4545              
    4546              $C$DW$TU$23     .dwtag  DW_TAG_type_unit
    4547                      .dwmtype  $C$DW$T$23
    4548              
    4549              $C$DW$T$23      .dwtag  DW_TAG_structure_type
    4550                      .dwattr $C$DW$T$23, DW_AT_byte_size(0x0a)
    4551              $C$DW$212       .dwtag  DW_TAG_member
    4552                      .dwattr $C$DW$212, DW_AT_type(*$C$DW$T$19)
    4553                      .dwattr $C$DW$212, DW_AT_name("As")
    4554                      .dwattr $C$DW$212, DW_AT_accessibility(DW_ACCESS_public)
    4555                      .dwattr $C$DW$212, DW_AT_decl_file("C:/TI/C2000Ware_MotorControl_SDK_5_04_00_00/libraries/utilities/m
    4556                      .dwattr $C$DW$212, DW_AT_decl_line(0x2a)
    4557                      .dwattr $C$DW$212, DW_AT_decl_column(0x1e)
    4558              
    4559              $C$DW$213       .dwtag  DW_TAG_member
    4560                      .dwattr $C$DW$213, DW_AT_type(*$C$DW$T$19)
    4561                      .dwattr $C$DW$213, DW_AT_name("Bs")
    4562                      .dwattr $C$DW$213, DW_AT_data_member_location[DW_OP_plus_uconst 0x2]
    4563                      .dwattr $C$DW$213, DW_AT_accessibility(DW_ACCESS_public)
    4564                      .dwattr $C$DW$213, DW_AT_decl_file("C:/TI/C2000Ware_MotorControl_SDK_5_04_00_00/libraries/utilities/m
TMS320C2000 Assembler PC v22.6.2 Tue Mar  3 20:15:52 2026

Copyright (c) 1996-2018 Texas Instruments Incorporated
dual_axis_servo_drive_user.asm                                       PAGE   96

    4565                      .dwattr $C$DW$213, DW_AT_decl_line(0x2b)
    4566                      .dwattr $C$DW$213, DW_AT_decl_column(0x12)
    4567              
    4568              $C$DW$214       .dwtag  DW_TAG_member
    4569                      .dwattr $C$DW$214, DW_AT_type(*$C$DW$T$19)
    4570                      .dwattr $C$DW$214, DW_AT_name("Cs")
    4571                      .dwattr $C$DW$214, DW_AT_data_member_location[DW_OP_plus_uconst 0x4]
    4572                      .dwattr $C$DW$214, DW_AT_accessibility(DW_ACCESS_public)
    4573                      .dwattr $C$DW$214, DW_AT_decl_file("C:/TI/C2000Ware_MotorControl_SDK_5_04_00_00/libraries/utilities/m
    4574                      .dwattr $C$DW$214, DW_AT_decl_line(0x2c)
    4575                      .dwattr $C$DW$214, DW_AT_decl_column(0x12)
    4576              
    4577              $C$DW$215       .dwtag  DW_TAG_member
    4578                      .dwattr $C$DW$215, DW_AT_type(*$C$DW$T$19)
    4579                      .dwattr $C$DW$215, DW_AT_name("Alpha")
    4580                      .dwattr $C$DW$215, DW_AT_data_member_location[DW_OP_plus_uconst 0x6]
    4581                      .dwattr $C$DW$215, DW_AT_accessibility(DW_ACCESS_public)
    4582                      .dwattr $C$DW$215, DW_AT_decl_file("C:/TI/C2000Ware_MotorControl_SDK_5_04_00_00/libraries/utilities/m
    4583                      .dwattr $C$DW$215, DW_AT_decl_line(0x2d)
    4584                      .dwattr $C$DW$215, DW_AT_decl_column(0x12)
    4585              
    4586              $C$DW$216       .dwtag  DW_TAG_member
    4587                      .dwattr $C$DW$216, DW_AT_type(*$C$DW$T$19)
    4588                      .dwattr $C$DW$216, DW_AT_name("Beta")
    4589                      .dwattr $C$DW$216, DW_AT_data_member_location[DW_OP_plus_uconst 0x8]
    4590                      .dwattr $C$DW$216, DW_AT_accessibility(DW_ACCESS_public)
    4591                      .dwattr $C$DW$216, DW_AT_decl_file("C:/TI/C2000Ware_MotorControl_SDK_5_04_00_00/libraries/utilities/m
    4592                      .dwattr $C$DW$216, DW_AT_decl_line(0x2e)
    4593                      .dwattr $C$DW$216, DW_AT_decl_column(0x12)
    4594              
    4595                      .dwattr $C$DW$T$23, DW_AT_decl_file("C:/TI/C2000Ware_MotorControl_SDK_5_04_00_00/libraries/utilities/
    4596                      .dwattr $C$DW$T$23, DW_AT_decl_line(0x2a)
    4597                      .dwattr $C$DW$T$23, DW_AT_decl_column(0x10)
    4598                      .dwendtag $C$DW$T$23
    4599              
    4600                      .dwendtag $C$DW$TU$23
    4601              
    4602              
    4603              $C$DW$TU$85     .dwtag  DW_TAG_type_unit
    4604                      .dwmtype  $C$DW$T$85
    4605              $C$DW$T$85      .dwtag  DW_TAG_typedef
    4606                      .dwattr $C$DW$T$85, DW_AT_name("CLARKE")
    4607                      .dwattr $C$DW$T$85, DW_AT_type(*$C$DW$T$23)
    4608                      .dwattr $C$DW$T$85, DW_AT_decl_file("C:/TI/C2000Ware_MotorControl_SDK_5_04_00_00/libraries/utilities/
    4609                      .dwattr $C$DW$T$85, DW_AT_decl_line(0x2f)
    4610                      .dwattr $C$DW$T$85, DW_AT_decl_column(0x09)
    4611              
    4612                      .dwendtag $C$DW$TU$85
    4613              
    4614              
    4615              $C$DW$TU$24     .dwtag  DW_TAG_type_unit
    4616                      .dwmtype  $C$DW$T$24
    4617              
    4618              $C$DW$T$24      .dwtag  DW_TAG_structure_type
    4619                      .dwattr $C$DW$T$24, DW_AT_byte_size(0x0e)
TMS320C2000 Assembler PC v22.6.2 Tue Mar  3 20:15:52 2026

Copyright (c) 1996-2018 Texas Instruments Incorporated
dual_axis_servo_drive_user.asm                                       PAGE   97

    4620              $C$DW$217       .dwtag  DW_TAG_member
    4621                      .dwattr $C$DW$217, DW_AT_type(*$C$DW$T$19)
    4622                      .dwattr $C$DW$217, DW_AT_name("Alpha")
    4623                      .dwattr $C$DW$217, DW_AT_accessibility(DW_ACCESS_public)
    4624                      .dwattr $C$DW$217, DW_AT_decl_file("C:/TI/C2000Ware_MotorControl_SDK_5_04_00_00/libraries/utilities/m
    4625                      .dwattr $C$DW$217, DW_AT_decl_line(0x29)
    4626                      .dwattr $C$DW$217, DW_AT_decl_column(0x1e)
    4627              
    4628              $C$DW$218       .dwtag  DW_TAG_member
    4629                      .dwattr $C$DW$218, DW_AT_type(*$C$DW$T$19)
    4630                      .dwattr $C$DW$218, DW_AT_name("Beta")
    4631                      .dwattr $C$DW$218, DW_AT_data_member_location[DW_OP_plus_uconst 0x2]
    4632                      .dwattr $C$DW$218, DW_AT_accessibility(DW_ACCESS_public)
    4633                      .dwattr $C$DW$218, DW_AT_decl_file("C:/TI/C2000Ware_MotorControl_SDK_5_04_00_00/libraries/utilities/m
    4634                      .dwattr $C$DW$218, DW_AT_decl_line(0x2a)
    4635                      .dwattr $C$DW$218, DW_AT_decl_column(0x12)
    4636              
    4637              $C$DW$219       .dwtag  DW_TAG_member
    4638                      .dwattr $C$DW$219, DW_AT_type(*$C$DW$T$19)
    4639                      .dwattr $C$DW$219, DW_AT_name("Angle")
    4640                      .dwattr $C$DW$219, DW_AT_data_member_location[DW_OP_plus_uconst 0x4]
    4641                      .dwattr $C$DW$219, DW_AT_accessibility(DW_ACCESS_public)
    4642                      .dwattr $C$DW$219, DW_AT_decl_file("C:/TI/C2000Ware_MotorControl_SDK_5_04_00_00/libraries/utilities/m
    4643                      .dwattr $C$DW$219, DW_AT_decl_line(0x2b)
    4644                      .dwattr $C$DW$219, DW_AT_decl_column(0x12)
    4645              
    4646              $C$DW$220       .dwtag  DW_TAG_member
    4647                      .dwattr $C$DW$220, DW_AT_type(*$C$DW$T$19)
    4648                      .dwattr $C$DW$220, DW_AT_name("Ds")
    4649                      .dwattr $C$DW$220, DW_AT_data_member_location[DW_OP_plus_uconst 0x6]
    4650                      .dwattr $C$DW$220, DW_AT_accessibility(DW_ACCESS_public)
    4651                      .dwattr $C$DW$220, DW_AT_decl_file("C:/TI/C2000Ware_MotorControl_SDK_5_04_00_00/libraries/utilities/m
    4652                      .dwattr $C$DW$220, DW_AT_decl_line(0x2c)
    4653                      .dwattr $C$DW$220, DW_AT_decl_column(0x12)
    4654              
    4655              $C$DW$221       .dwtag  DW_TAG_member
    4656                      .dwattr $C$DW$221, DW_AT_type(*$C$DW$T$19)
    4657                      .dwattr $C$DW$221, DW_AT_name("Qs")
    4658                      .dwattr $C$DW$221, DW_AT_data_member_location[DW_OP_plus_uconst 0x8]
    4659                      .dwattr $C$DW$221, DW_AT_accessibility(DW_ACCESS_public)
    4660                      .dwattr $C$DW$221, DW_AT_decl_file("C:/TI/C2000Ware_MotorControl_SDK_5_04_00_00/libraries/utilities/m
    4661                      .dwattr $C$DW$221, DW_AT_decl_line(0x2d)
    4662                      .dwattr $C$DW$221, DW_AT_decl_column(0x12)
    4663              
    4664              $C$DW$222       .dwtag  DW_TAG_member
    4665                      .dwattr $C$DW$222, DW_AT_type(*$C$DW$T$19)
    4666                      .dwattr $C$DW$222, DW_AT_name("Sine")
    4667                      .dwattr $C$DW$222, DW_AT_data_member_location[DW_OP_plus_uconst 0xa]
    4668                      .dwattr $C$DW$222, DW_AT_accessibility(DW_ACCESS_public)
    4669                      .dwattr $C$DW$222, DW_AT_decl_file("C:/TI/C2000Ware_MotorControl_SDK_5_04_00_00/libraries/utilities/m
    4670                      .dwattr $C$DW$222, DW_AT_decl_line(0x2e)
    4671                      .dwattr $C$DW$222, DW_AT_decl_column(0x12)
    4672              
    4673              $C$DW$223       .dwtag  DW_TAG_member
    4674                      .dwattr $C$DW$223, DW_AT_type(*$C$DW$T$19)
TMS320C2000 Assembler PC v22.6.2 Tue Mar  3 20:15:52 2026

Copyright (c) 1996-2018 Texas Instruments Incorporated
dual_axis_servo_drive_user.asm                                       PAGE   98

    4675                      .dwattr $C$DW$223, DW_AT_name("Cosine")
    4676                      .dwattr $C$DW$223, DW_AT_data_member_location[DW_OP_plus_uconst 0xc]
    4677                      .dwattr $C$DW$223, DW_AT_accessibility(DW_ACCESS_public)
    4678                      .dwattr $C$DW$223, DW_AT_decl_file("C:/TI/C2000Ware_MotorControl_SDK_5_04_00_00/libraries/utilities/m
    4679                      .dwattr $C$DW$223, DW_AT_decl_line(0x2f)
    4680                      .dwattr $C$DW$223, DW_AT_decl_column(0x12)
    4681              
    4682                      .dwattr $C$DW$T$24, DW_AT_decl_file("C:/TI/C2000Ware_MotorControl_SDK_5_04_00_00/libraries/utilities/
    4683                      .dwattr $C$DW$T$24, DW_AT_decl_line(0x29)
    4684                      .dwattr $C$DW$T$24, DW_AT_decl_column(0x10)
    4685                      .dwendtag $C$DW$T$24
    4686              
    4687                      .dwendtag $C$DW$TU$24
    4688              
    4689              
    4690              $C$DW$TU$86     .dwtag  DW_TAG_type_unit
    4691                      .dwmtype  $C$DW$T$86
    4692              $C$DW$T$86      .dwtag  DW_TAG_typedef
    4693                      .dwattr $C$DW$T$86, DW_AT_name("PARK")
    4694                      .dwattr $C$DW$T$86, DW_AT_type(*$C$DW$T$24)
    4695                      .dwattr $C$DW$T$86, DW_AT_decl_file("C:/TI/C2000Ware_MotorControl_SDK_5_04_00_00/libraries/utilities/
    4696                      .dwattr $C$DW$T$86, DW_AT_decl_line(0x30)
    4697                      .dwattr $C$DW$T$86, DW_AT_decl_column(0x09)
    4698              
    4699                      .dwendtag $C$DW$TU$86
    4700              
    4701              
    4702              $C$DW$TU$25     .dwtag  DW_TAG_type_unit
    4703                      .dwmtype  $C$DW$T$25
    4704              
    4705              $C$DW$T$25      .dwtag  DW_TAG_structure_type
    4706                      .dwattr $C$DW$T$25, DW_AT_byte_size(0x0e)
    4707              $C$DW$224       .dwtag  DW_TAG_member
    4708                      .dwattr $C$DW$224, DW_AT_type(*$C$DW$T$19)
    4709                      .dwattr $C$DW$224, DW_AT_name("Alpha")
    4710                      .dwattr $C$DW$224, DW_AT_accessibility(DW_ACCESS_public)
    4711                      .dwattr $C$DW$224, DW_AT_decl_file("C:/TI/C2000Ware_MotorControl_SDK_5_04_00_00/libraries/utilities/m
    4712                      .dwattr $C$DW$224, DW_AT_decl_line(0x29)
    4713                      .dwattr $C$DW$224, DW_AT_decl_column(0x1e)
    4714              
    4715              $C$DW$225       .dwtag  DW_TAG_member
    4716                      .dwattr $C$DW$225, DW_AT_type(*$C$DW$T$19)
    4717                      .dwattr $C$DW$225, DW_AT_name("Beta")
    4718                      .dwattr $C$DW$225, DW_AT_data_member_location[DW_OP_plus_uconst 0x2]
    4719                      .dwattr $C$DW$225, DW_AT_accessibility(DW_ACCESS_public)
    4720                      .dwattr $C$DW$225, DW_AT_decl_file("C:/TI/C2000Ware_MotorControl_SDK_5_04_00_00/libraries/utilities/m
    4721                      .dwattr $C$DW$225, DW_AT_decl_line(0x2a)
    4722                      .dwattr $C$DW$225, DW_AT_decl_column(0x12)
    4723              
    4724              $C$DW$226       .dwtag  DW_TAG_member
    4725                      .dwattr $C$DW$226, DW_AT_type(*$C$DW$T$19)
    4726                      .dwattr $C$DW$226, DW_AT_name("Angle")
    4727                      .dwattr $C$DW$226, DW_AT_data_member_location[DW_OP_plus_uconst 0x4]
    4728                      .dwattr $C$DW$226, DW_AT_accessibility(DW_ACCESS_public)
    4729                      .dwattr $C$DW$226, DW_AT_decl_file("C:/TI/C2000Ware_MotorControl_SDK_5_04_00_00/libraries/utilities/m
TMS320C2000 Assembler PC v22.6.2 Tue Mar  3 20:15:52 2026

Copyright (c) 1996-2018 Texas Instruments Incorporated
dual_axis_servo_drive_user.asm                                       PAGE   99

    4730                      .dwattr $C$DW$226, DW_AT_decl_line(0x2b)
    4731                      .dwattr $C$DW$226, DW_AT_decl_column(0x12)
    4732              
    4733              $C$DW$227       .dwtag  DW_TAG_member
    4734                      .dwattr $C$DW$227, DW_AT_type(*$C$DW$T$19)
    4735                      .dwattr $C$DW$227, DW_AT_name("Ds")
    4736                      .dwattr $C$DW$227, DW_AT_data_member_location[DW_OP_plus_uconst 0x6]
    4737                      .dwattr $C$DW$227, DW_AT_accessibility(DW_ACCESS_public)
    4738                      .dwattr $C$DW$227, DW_AT_decl_file("C:/TI/C2000Ware_MotorControl_SDK_5_04_00_00/libraries/utilities/m
    4739                      .dwattr $C$DW$227, DW_AT_decl_line(0x2c)
    4740                      .dwattr $C$DW$227, DW_AT_decl_column(0x12)
    4741              
    4742              $C$DW$228       .dwtag  DW_TAG_member
    4743                      .dwattr $C$DW$228, DW_AT_type(*$C$DW$T$19)
    4744                      .dwattr $C$DW$228, DW_AT_name("Qs")
    4745                      .dwattr $C$DW$228, DW_AT_data_member_location[DW_OP_plus_uconst 0x8]
    4746                      .dwattr $C$DW$228, DW_AT_accessibility(DW_ACCESS_public)
    4747                      .dwattr $C$DW$228, DW_AT_decl_file("C:/TI/C2000Ware_MotorControl_SDK_5_04_00_00/libraries/utilities/m
    4748                      .dwattr $C$DW$228, DW_AT_decl_line(0x2d)
    4749                      .dwattr $C$DW$228, DW_AT_decl_column(0x12)
    4750              
    4751              $C$DW$229       .dwtag  DW_TAG_member
    4752                      .dwattr $C$DW$229, DW_AT_type(*$C$DW$T$19)
    4753                      .dwattr $C$DW$229, DW_AT_name("Sine")
    4754                      .dwattr $C$DW$229, DW_AT_data_member_location[DW_OP_plus_uconst 0xa]
    4755                      .dwattr $C$DW$229, DW_AT_accessibility(DW_ACCESS_public)
    4756                      .dwattr $C$DW$229, DW_AT_decl_file("C:/TI/C2000Ware_MotorControl_SDK_5_04_00_00/libraries/utilities/m
    4757                      .dwattr $C$DW$229, DW_AT_decl_line(0x2e)
    4758                      .dwattr $C$DW$229, DW_AT_decl_column(0x12)
    4759              
    4760              $C$DW$230       .dwtag  DW_TAG_member
    4761                      .dwattr $C$DW$230, DW_AT_type(*$C$DW$T$19)
    4762                      .dwattr $C$DW$230, DW_AT_name("Cosine")
    4763                      .dwattr $C$DW$230, DW_AT_data_member_location[DW_OP_plus_uconst 0xc]
    4764                      .dwattr $C$DW$230, DW_AT_accessibility(DW_ACCESS_public)
    4765                      .dwattr $C$DW$230, DW_AT_decl_file("C:/TI/C2000Ware_MotorControl_SDK_5_04_00_00/libraries/utilities/m
    4766                      .dwattr $C$DW$230, DW_AT_decl_line(0x2f)
    4767                      .dwattr $C$DW$230, DW_AT_decl_column(0x12)
    4768              
    4769                      .dwattr $C$DW$T$25, DW_AT_decl_file("C:/TI/C2000Ware_MotorControl_SDK_5_04_00_00/libraries/utilities/
    4770                      .dwattr $C$DW$T$25, DW_AT_decl_line(0x29)
    4771                      .dwattr $C$DW$T$25, DW_AT_decl_column(0x10)
    4772                      .dwendtag $C$DW$T$25
    4773              
    4774                      .dwendtag $C$DW$TU$25
    4775              
    4776              
    4777              $C$DW$TU$87     .dwtag  DW_TAG_type_unit
    4778                      .dwmtype  $C$DW$T$87
    4779              $C$DW$T$87      .dwtag  DW_TAG_typedef
    4780                      .dwattr $C$DW$T$87, DW_AT_name("IPARK")
    4781                      .dwattr $C$DW$T$87, DW_AT_type(*$C$DW$T$25)
    4782                      .dwattr $C$DW$T$87, DW_AT_decl_file("C:/TI/C2000Ware_MotorControl_SDK_5_04_00_00/libraries/utilities/
    4783                      .dwattr $C$DW$T$87, DW_AT_decl_line(0x30)
    4784                      .dwattr $C$DW$T$87, DW_AT_decl_column(0x0b)
TMS320C2000 Assembler PC v22.6.2 Tue Mar  3 20:15:52 2026

Copyright (c) 1996-2018 Texas Instruments Incorporated
dual_axis_servo_drive_user.asm                                       PAGE  100

    4785              
    4786                      .dwendtag $C$DW$TU$87
    4787              
    4788              
    4789              $C$DW$TU$28     .dwtag  DW_TAG_type_unit
    4790                      .dwmtype  $C$DW$T$28
    4791              
    4792              $C$DW$T$28      .dwtag  DW_TAG_structure_type
    4793                      .dwattr $C$DW$T$28, DW_AT_byte_size(0x14)
    4794              $C$DW$231       .dwtag  DW_TAG_member
    4795                      .dwattr $C$DW$231, DW_AT_type(*$C$DW$T$19)
    4796                      .dwattr $C$DW$231, DW_AT_name("ElecTheta")
    4797                      .dwattr $C$DW$231, DW_AT_accessibility(DW_ACCESS_public)
    4798                      .dwattr $C$DW$231, DW_AT_decl_file("C:/TI/C2000Ware_MotorControl_SDK_5_04_00_00/libraries/utilities/m
    4799                      .dwattr $C$DW$231, DW_AT_decl_line(0x2b)
    4800                      .dwattr $C$DW$231, DW_AT_decl_column(0x12)
    4801              
    4802              $C$DW$232       .dwtag  DW_TAG_member
    4803                      .dwattr $C$DW$232, DW_AT_type(*$C$DW$T$21)
    4804                      .dwattr $C$DW$232, DW_AT_name("DirectionQep")
    4805                      .dwattr $C$DW$232, DW_AT_data_member_location[DW_OP_plus_uconst 0x2]
    4806                      .dwattr $C$DW$232, DW_AT_accessibility(DW_ACCESS_public)
    4807                      .dwattr $C$DW$232, DW_AT_decl_file("C:/TI/C2000Ware_MotorControl_SDK_5_04_00_00/libraries/utilities/m
    4808                      .dwattr $C$DW$232, DW_AT_decl_line(0x2c)
    4809                      .dwattr $C$DW$232, DW_AT_decl_column(0x11)
    4810              
    4811              $C$DW$233       .dwtag  DW_TAG_member
    4812                      .dwattr $C$DW$233, DW_AT_type(*$C$DW$T$19)
    4813                      .dwattr $C$DW$233, DW_AT_name("OldElecTheta")
    4814                      .dwattr $C$DW$233, DW_AT_data_member_location[DW_OP_plus_uconst 0x4]
    4815                      .dwattr $C$DW$233, DW_AT_accessibility(DW_ACCESS_public)
    4816                      .dwattr $C$DW$233, DW_AT_decl_file("C:/TI/C2000Ware_MotorControl_SDK_5_04_00_00/libraries/utilities/m
    4817                      .dwattr $C$DW$233, DW_AT_decl_line(0x2d)
    4818                      .dwattr $C$DW$233, DW_AT_decl_column(0x12)
    4819              
    4820              $C$DW$234       .dwtag  DW_TAG_member
    4821                      .dwattr $C$DW$234, DW_AT_type(*$C$DW$T$19)
    4822                      .dwattr $C$DW$234, DW_AT_name("Speed")
    4823                      .dwattr $C$DW$234, DW_AT_data_member_location[DW_OP_plus_uconst 0x6]
    4824                      .dwattr $C$DW$234, DW_AT_accessibility(DW_ACCESS_public)
    4825                      .dwattr $C$DW$234, DW_AT_decl_file("C:/TI/C2000Ware_MotorControl_SDK_5_04_00_00/libraries/utilities/m
    4826                      .dwattr $C$DW$234, DW_AT_decl_line(0x2e)
    4827                      .dwattr $C$DW$234, DW_AT_decl_column(0x12)
    4828              
    4829              $C$DW$235       .dwtag  DW_TAG_member
    4830                      .dwattr $C$DW$235, DW_AT_type(*$C$DW$T$21)
    4831                      .dwattr $C$DW$235, DW_AT_name("BaseRpm")
    4832                      .dwattr $C$DW$235, DW_AT_data_member_location[DW_OP_plus_uconst 0x8]
    4833                      .dwattr $C$DW$235, DW_AT_accessibility(DW_ACCESS_public)
    4834                      .dwattr $C$DW$235, DW_AT_decl_file("C:/TI/C2000Ware_MotorControl_SDK_5_04_00_00/libraries/utilities/m
    4835                      .dwattr $C$DW$235, DW_AT_decl_line(0x2f)
    4836                      .dwattr $C$DW$235, DW_AT_decl_column(0x11)
    4837              
    4838              $C$DW$236       .dwtag  DW_TAG_member
    4839                      .dwattr $C$DW$236, DW_AT_type(*$C$DW$T$19)
TMS320C2000 Assembler PC v22.6.2 Tue Mar  3 20:15:52 2026

Copyright (c) 1996-2018 Texas Instruments Incorporated
dual_axis_servo_drive_user.asm                                       PAGE  101

    4840                      .dwattr $C$DW$236, DW_AT_name("K1")
    4841                      .dwattr $C$DW$236, DW_AT_data_member_location[DW_OP_plus_uconst 0xa]
    4842                      .dwattr $C$DW$236, DW_AT_accessibility(DW_ACCESS_public)
    4843                      .dwattr $C$DW$236, DW_AT_decl_file("C:/TI/C2000Ware_MotorControl_SDK_5_04_00_00/libraries/utilities/m
    4844                      .dwattr $C$DW$236, DW_AT_decl_line(0x30)
    4845                      .dwattr $C$DW$236, DW_AT_decl_column(0x12)
    4846              
    4847              $C$DW$237       .dwtag  DW_TAG_member
    4848                      .dwattr $C$DW$237, DW_AT_type(*$C$DW$T$19)
    4849                      .dwattr $C$DW$237, DW_AT_name("K2")
    4850                      .dwattr $C$DW$237, DW_AT_data_member_location[DW_OP_plus_uconst 0xc]
    4851                      .dwattr $C$DW$237, DW_AT_accessibility(DW_ACCESS_public)
    4852                      .dwattr $C$DW$237, DW_AT_decl_file("C:/TI/C2000Ware_MotorControl_SDK_5_04_00_00/libraries/utilities/m
    4853                      .dwattr $C$DW$237, DW_AT_decl_line(0x31)
    4854                      .dwattr $C$DW$237, DW_AT_decl_column(0x12)
    4855              
    4856              $C$DW$238       .dwtag  DW_TAG_member
    4857                      .dwattr $C$DW$238, DW_AT_type(*$C$DW$T$19)
    4858                      .dwattr $C$DW$238, DW_AT_name("K3")
    4859                      .dwattr $C$DW$238, DW_AT_data_member_location[DW_OP_plus_uconst 0xe]
    4860                      .dwattr $C$DW$238, DW_AT_accessibility(DW_ACCESS_public)
    4861                      .dwattr $C$DW$238, DW_AT_decl_file("C:/TI/C2000Ware_MotorControl_SDK_5_04_00_00/libraries/utilities/m
    4862                      .dwattr $C$DW$238, DW_AT_decl_line(0x32)
    4863                      .dwattr $C$DW$238, DW_AT_decl_column(0x12)
    4864              
    4865              $C$DW$239       .dwtag  DW_TAG_member
    4866                      .dwattr $C$DW$239, DW_AT_type(*$C$DW$T$27)
    4867                      .dwattr $C$DW$239, DW_AT_name("SpeedRpm")
    4868                      .dwattr $C$DW$239, DW_AT_data_member_location[DW_OP_plus_uconst 0x10]
    4869                      .dwattr $C$DW$239, DW_AT_accessibility(DW_ACCESS_public)
    4870                      .dwattr $C$DW$239, DW_AT_decl_file("C:/TI/C2000Ware_MotorControl_SDK_5_04_00_00/libraries/utilities/m
    4871                      .dwattr $C$DW$239, DW_AT_decl_line(0x33)
    4872                      .dwattr $C$DW$239, DW_AT_decl_column(0x10)
    4873              
    4874              $C$DW$240       .dwtag  DW_TAG_member
    4875                      .dwattr $C$DW$240, DW_AT_type(*$C$DW$T$19)
    4876                      .dwattr $C$DW$240, DW_AT_name("Tmp")
    4877                      .dwattr $C$DW$240, DW_AT_data_member_location[DW_OP_plus_uconst 0x12]
    4878                      .dwattr $C$DW$240, DW_AT_accessibility(DW_ACCESS_public)
    4879                      .dwattr $C$DW$240, DW_AT_decl_file("C:/TI/C2000Ware_MotorControl_SDK_5_04_00_00/libraries/utilities/m
    4880                      .dwattr $C$DW$240, DW_AT_decl_line(0x34)
    4881                      .dwattr $C$DW$240, DW_AT_decl_column(0x12)
    4882              
    4883                      .dwattr $C$DW$T$28, DW_AT_decl_file("C:/TI/C2000Ware_MotorControl_SDK_5_04_00_00/libraries/utilities/
    4884                      .dwattr $C$DW$T$28, DW_AT_decl_line(0x2a)
    4885                      .dwattr $C$DW$T$28, DW_AT_decl_column(0x10)
    4886                      .dwendtag $C$DW$T$28
    4887              
    4888                      .dwendtag $C$DW$TU$28
    4889              
    4890              
    4891              $C$DW$TU$88     .dwtag  DW_TAG_type_unit
    4892                      .dwmtype  $C$DW$T$88
    4893              $C$DW$T$88      .dwtag  DW_TAG_typedef
    4894                      .dwattr $C$DW$T$88, DW_AT_name("SPEED_MEAS_QEP")
TMS320C2000 Assembler PC v22.6.2 Tue Mar  3 20:15:52 2026

Copyright (c) 1996-2018 Texas Instruments Incorporated
dual_axis_servo_drive_user.asm                                       PAGE  102

    4895                      .dwattr $C$DW$T$88, DW_AT_type(*$C$DW$T$28)
    4896                      .dwattr $C$DW$T$88, DW_AT_decl_file("C:/TI/C2000Ware_MotorControl_SDK_5_04_00_00/libraries/utilities/
    4897                      .dwattr $C$DW$T$88, DW_AT_decl_line(0x35)
    4898                      .dwattr $C$DW$T$88, DW_AT_decl_column(0x0a)
    4899              
    4900                      .dwendtag $C$DW$TU$88
    4901              
    4902              
    4903              $C$DW$TU$29     .dwtag  DW_TAG_type_unit
    4904                      .dwmtype  $C$DW$T$29
    4905              
    4906              $C$DW$T$29      .dwtag  DW_TAG_structure_type
    4907                      .dwattr $C$DW$T$29, DW_AT_byte_size(0x16)
    4908              $C$DW$241       .dwtag  DW_TAG_member
    4909                      .dwattr $C$DW$241, DW_AT_type(*$C$DW$T$19)
    4910                      .dwattr $C$DW$241, DW_AT_name("ref")
    4911                      .dwattr $C$DW$241, DW_AT_accessibility(DW_ACCESS_public)
    4912                      .dwattr $C$DW$241, DW_AT_decl_file("C:/TI/C2000Ware_MotorControl_SDK_5_04_00_00/libraries/fcl/include
    4913                      .dwattr $C$DW$241, DW_AT_decl_line(0x18)
    4914                      .dwattr $C$DW$241, DW_AT_decl_column(0x10)
    4915              
    4916              $C$DW$242       .dwtag  DW_TAG_member
    4917                      .dwattr $C$DW$242, DW_AT_type(*$C$DW$T$19)
    4918                      .dwattr $C$DW$242, DW_AT_name("fbk")
    4919                      .dwattr $C$DW$242, DW_AT_data_member_location[DW_OP_plus_uconst 0x2]
    4920                      .dwattr $C$DW$242, DW_AT_accessibility(DW_ACCESS_public)
    4921                      .dwattr $C$DW$242, DW_AT_decl_file("C:/TI/C2000Ware_MotorControl_SDK_5_04_00_00/libraries/fcl/include
    4922                      .dwattr $C$DW$242, DW_AT_decl_line(0x19)
    4923                      .dwattr $C$DW$242, DW_AT_decl_column(0x10)
    4924              
    4925              $C$DW$243       .dwtag  DW_TAG_member
    4926                      .dwattr $C$DW$243, DW_AT_type(*$C$DW$T$19)
    4927                      .dwattr $C$DW$243, DW_AT_name("err")
    4928                      .dwattr $C$DW$243, DW_AT_data_member_location[DW_OP_plus_uconst 0x4]
    4929                      .dwattr $C$DW$243, DW_AT_accessibility(DW_ACCESS_public)
    4930                      .dwattr $C$DW$243, DW_AT_decl_file("C:/TI/C2000Ware_MotorControl_SDK_5_04_00_00/libraries/fcl/include
    4931                      .dwattr $C$DW$243, DW_AT_decl_line(0x1a)
    4932                      .dwattr $C$DW$243, DW_AT_decl_column(0x10)
    4933              
    4934              $C$DW$244       .dwtag  DW_TAG_member
    4935                      .dwattr $C$DW$244, DW_AT_type(*$C$DW$T$19)
    4936                      .dwattr $C$DW$244, DW_AT_name("out")
    4937                      .dwattr $C$DW$244, DW_AT_data_member_location[DW_OP_plus_uconst 0x6]
    4938                      .dwattr $C$DW$244, DW_AT_accessibility(DW_ACCESS_public)
    4939                      .dwattr $C$DW$244, DW_AT_decl_file("C:/TI/C2000Ware_MotorControl_SDK_5_04_00_00/libraries/fcl/include
    4940                      .dwattr $C$DW$244, DW_AT_decl_line(0x1b)
    4941                      .dwattr $C$DW$244, DW_AT_decl_column(0x10)
    4942              
    4943              $C$DW$245       .dwtag  DW_TAG_member
    4944                      .dwattr $C$DW$245, DW_AT_type(*$C$DW$T$19)
    4945                      .dwattr $C$DW$245, DW_AT_name("carryOver")
    4946                      .dwattr $C$DW$245, DW_AT_data_member_location[DW_OP_plus_uconst 0x8]
    4947                      .dwattr $C$DW$245, DW_AT_accessibility(DW_ACCESS_public)
    4948                      .dwattr $C$DW$245, DW_AT_decl_file("C:/TI/C2000Ware_MotorControl_SDK_5_04_00_00/libraries/fcl/include
    4949                      .dwattr $C$DW$245, DW_AT_decl_line(0x1c)
TMS320C2000 Assembler PC v22.6.2 Tue Mar  3 20:15:52 2026

Copyright (c) 1996-2018 Texas Instruments Incorporated
dual_axis_servo_drive_user.asm                                       PAGE  103

    4950                      .dwattr $C$DW$245, DW_AT_decl_column(0x10)
    4951              
    4952              $C$DW$246       .dwtag  DW_TAG_member
    4953                      .dwattr $C$DW$246, DW_AT_type(*$C$DW$T$19)
    4954                      .dwattr $C$DW$246, DW_AT_name("Kp")
    4955                      .dwattr $C$DW$246, DW_AT_data_member_location[DW_OP_plus_uconst 0xa]
    4956                      .dwattr $C$DW$246, DW_AT_accessibility(DW_ACCESS_public)
    4957                      .dwattr $C$DW$246, DW_AT_decl_file("C:/TI/C2000Ware_MotorControl_SDK_5_04_00_00/libraries/fcl/include
    4958                      .dwattr $C$DW$246, DW_AT_decl_line(0x1d)
    4959                      .dwattr $C$DW$246, DW_AT_decl_column(0x10)
    4960              
    4961              $C$DW$247       .dwtag  DW_TAG_member
    4962                      .dwattr $C$DW$247, DW_AT_type(*$C$DW$T$19)
    4963                      .dwattr $C$DW$247, DW_AT_name("Ki")
    4964                      .dwattr $C$DW$247, DW_AT_data_member_location[DW_OP_plus_uconst 0xc]
    4965                      .dwattr $C$DW$247, DW_AT_accessibility(DW_ACCESS_public)
    4966                      .dwattr $C$DW$247, DW_AT_decl_file("C:/TI/C2000Ware_MotorControl_SDK_5_04_00_00/libraries/fcl/include
    4967                      .dwattr $C$DW$247, DW_AT_decl_line(0x1e)
    4968                      .dwattr $C$DW$247, DW_AT_decl_column(0x10)
    4969              
    4970              $C$DW$248       .dwtag  DW_TAG_member
    4971                      .dwattr $C$DW$248, DW_AT_type(*$C$DW$T$19)
    4972                      .dwattr $C$DW$248, DW_AT_name("Kerr")
    4973                      .dwattr $C$DW$248, DW_AT_data_member_location[DW_OP_plus_uconst 0xe]
    4974                      .dwattr $C$DW$248, DW_AT_accessibility(DW_ACCESS_public)
    4975                      .dwattr $C$DW$248, DW_AT_decl_file("C:/TI/C2000Ware_MotorControl_SDK_5_04_00_00/libraries/fcl/include
    4976                      .dwattr $C$DW$248, DW_AT_decl_line(0x1f)
    4977                      .dwattr $C$DW$248, DW_AT_decl_column(0x10)
    4978              
    4979              $C$DW$249       .dwtag  DW_TAG_member
    4980                      .dwattr $C$DW$249, DW_AT_type(*$C$DW$T$19)
    4981                      .dwattr $C$DW$249, DW_AT_name("KerrOld")
    4982                      .dwattr $C$DW$249, DW_AT_data_member_location[DW_OP_plus_uconst 0x10]
    4983                      .dwattr $C$DW$249, DW_AT_accessibility(DW_ACCESS_public)
    4984                      .dwattr $C$DW$249, DW_AT_decl_file("C:/TI/C2000Ware_MotorControl_SDK_5_04_00_00/libraries/fcl/include
    4985                      .dwattr $C$DW$249, DW_AT_decl_line(0x20)
    4986                      .dwattr $C$DW$249, DW_AT_decl_column(0x10)
    4987              
    4988              $C$DW$250       .dwtag  DW_TAG_member
    4989                      .dwattr $C$DW$250, DW_AT_type(*$C$DW$T$19)
    4990                      .dwattr $C$DW$250, DW_AT_name("Umax")
    4991                      .dwattr $C$DW$250, DW_AT_data_member_location[DW_OP_plus_uconst 0x12]
    4992                      .dwattr $C$DW$250, DW_AT_accessibility(DW_ACCESS_public)
    4993                      .dwattr $C$DW$250, DW_AT_decl_file("C:/TI/C2000Ware_MotorControl_SDK_5_04_00_00/libraries/fcl/include
    4994                      .dwattr $C$DW$250, DW_AT_decl_line(0x21)
    4995                      .dwattr $C$DW$250, DW_AT_decl_column(0x10)
    4996              
    4997              $C$DW$251       .dwtag  DW_TAG_member
    4998                      .dwattr $C$DW$251, DW_AT_type(*$C$DW$T$19)
    4999                      .dwattr $C$DW$251, DW_AT_name("Umin")
    5000                      .dwattr $C$DW$251, DW_AT_data_member_location[DW_OP_plus_uconst 0x14]
    5001                      .dwattr $C$DW$251, DW_AT_accessibility(DW_ACCESS_public)
    5002                      .dwattr $C$DW$251, DW_AT_decl_file("C:/TI/C2000Ware_MotorControl_SDK_5_04_00_00/libraries/fcl/include
    5003                      .dwattr $C$DW$251, DW_AT_decl_line(0x22)
    5004                      .dwattr $C$DW$251, DW_AT_decl_column(0x10)
TMS320C2000 Assembler PC v22.6.2 Tue Mar  3 20:15:52 2026

Copyright (c) 1996-2018 Texas Instruments Incorporated
dual_axis_servo_drive_user.asm                                       PAGE  104

    5005              
    5006                      .dwattr $C$DW$T$29, DW_AT_decl_file("C:/TI/C2000Ware_MotorControl_SDK_5_04_00_00/libraries/fcl/includ
    5007                      .dwattr $C$DW$T$29, DW_AT_decl_line(0x17)
    5008                      .dwattr $C$DW$T$29, DW_AT_decl_column(0x10)
    5009                      .dwendtag $C$DW$T$29
    5010              
    5011                      .dwendtag $C$DW$TU$29
    5012              
    5013              
    5014              $C$DW$TU$71     .dwtag  DW_TAG_type_unit
    5015                      .dwmtype  $C$DW$T$71
    5016              $C$DW$T$71      .dwtag  DW_TAG_typedef
    5017                      .dwattr $C$DW$T$71, DW_AT_name("FCL_PIController_t")
    5018                      .dwattr $C$DW$T$71, DW_AT_type(*$C$DW$T$29)
    5019                      .dwattr $C$DW$T$71, DW_AT_decl_file("C:/TI/C2000Ware_MotorControl_SDK_5_04_00_00/libraries/fcl/includ
    5020                      .dwattr $C$DW$T$71, DW_AT_decl_line(0x23)
    5021                      .dwattr $C$DW$T$71, DW_AT_decl_column(0x03)
    5022              
    5023                      .dwendtag $C$DW$TU$71
    5024              
    5025              
    5026              $C$DW$TU$30     .dwtag  DW_TAG_type_unit
    5027                      .dwmtype  $C$DW$T$30
    5028              
    5029              $C$DW$T$30      .dwtag  DW_TAG_structure_type
    5030                      .dwattr $C$DW$T$30, DW_AT_byte_size(0x18)
    5031              $C$DW$252       .dwtag  DW_TAG_member
    5032                      .dwattr $C$DW$252, DW_AT_type(*$C$DW$T$19)
    5033                      .dwattr $C$DW$252, DW_AT_name("Ref")
    5034                      .dwattr $C$DW$252, DW_AT_accessibility(DW_ACCESS_public)
    5035                      .dwattr $C$DW$252, DW_AT_decl_file("C:/TI/C2000Ware_MotorControl_SDK_5_04_00_00/libraries/utilities/m
    5036                      .dwattr $C$DW$252, DW_AT_decl_line(0x2a)
    5037                      .dwattr $C$DW$252, DW_AT_decl_column(0x1e)
    5038              
    5039              $C$DW$253       .dwtag  DW_TAG_member
    5040                      .dwattr $C$DW$253, DW_AT_type(*$C$DW$T$19)
    5041                      .dwattr $C$DW$253, DW_AT_name("Fbk")
    5042                      .dwattr $C$DW$253, DW_AT_data_member_location[DW_OP_plus_uconst 0x2]
    5043                      .dwattr $C$DW$253, DW_AT_accessibility(DW_ACCESS_public)
    5044                      .dwattr $C$DW$253, DW_AT_decl_file("C:/TI/C2000Ware_MotorControl_SDK_5_04_00_00/libraries/utilities/m
    5045                      .dwattr $C$DW$253, DW_AT_decl_line(0x2b)
    5046                      .dwattr $C$DW$253, DW_AT_decl_column(0x12)
    5047              
    5048              $C$DW$254       .dwtag  DW_TAG_member
    5049                      .dwattr $C$DW$254, DW_AT_type(*$C$DW$T$19)
    5050                      .dwattr $C$DW$254, DW_AT_name("Out")
    5051                      .dwattr $C$DW$254, DW_AT_data_member_location[DW_OP_plus_uconst 0x4]
    5052                      .dwattr $C$DW$254, DW_AT_accessibility(DW_ACCESS_public)
    5053                      .dwattr $C$DW$254, DW_AT_decl_file("C:/TI/C2000Ware_MotorControl_SDK_5_04_00_00/libraries/utilities/m
    5054                      .dwattr $C$DW$254, DW_AT_decl_line(0x2c)
    5055                      .dwattr $C$DW$254, DW_AT_decl_column(0x12)
    5056              
    5057              $C$DW$255       .dwtag  DW_TAG_member
    5058                      .dwattr $C$DW$255, DW_AT_type(*$C$DW$T$19)
    5059                      .dwattr $C$DW$255, DW_AT_name("Kp")
TMS320C2000 Assembler PC v22.6.2 Tue Mar  3 20:15:52 2026

Copyright (c) 1996-2018 Texas Instruments Incorporated
dual_axis_servo_drive_user.asm                                       PAGE  105

    5060                      .dwattr $C$DW$255, DW_AT_data_member_location[DW_OP_plus_uconst 0x6]
    5061                      .dwattr $C$DW$255, DW_AT_accessibility(DW_ACCESS_public)
    5062                      .dwattr $C$DW$255, DW_AT_decl_file("C:/TI/C2000Ware_MotorControl_SDK_5_04_00_00/libraries/utilities/m
    5063                      .dwattr $C$DW$255, DW_AT_decl_line(0x2d)
    5064                      .dwattr $C$DW$255, DW_AT_decl_column(0x12)
    5065              
    5066              $C$DW$256       .dwtag  DW_TAG_member
    5067                      .dwattr $C$DW$256, DW_AT_type(*$C$DW$T$19)
    5068                      .dwattr $C$DW$256, DW_AT_name("Ki")
    5069                      .dwattr $C$DW$256, DW_AT_data_member_location[DW_OP_plus_uconst 0x8]
    5070                      .dwattr $C$DW$256, DW_AT_accessibility(DW_ACCESS_public)
    5071                      .dwattr $C$DW$256, DW_AT_decl_file("C:/TI/C2000Ware_MotorControl_SDK_5_04_00_00/libraries/utilities/m
    5072                      .dwattr $C$DW$256, DW_AT_decl_line(0x2e)
    5073                      .dwattr $C$DW$256, DW_AT_decl_column(0x12)
    5074              
    5075              $C$DW$257       .dwtag  DW_TAG_member
    5076                      .dwattr $C$DW$257, DW_AT_type(*$C$DW$T$19)
    5077                      .dwattr $C$DW$257, DW_AT_name("Umax")
    5078                      .dwattr $C$DW$257, DW_AT_data_member_location[DW_OP_plus_uconst 0xa]
    5079                      .dwattr $C$DW$257, DW_AT_accessibility(DW_ACCESS_public)
    5080                      .dwattr $C$DW$257, DW_AT_decl_file("C:/TI/C2000Ware_MotorControl_SDK_5_04_00_00/libraries/utilities/m
    5081                      .dwattr $C$DW$257, DW_AT_decl_line(0x2f)
    5082                      .dwattr $C$DW$257, DW_AT_decl_column(0x12)
    5083              
    5084              $C$DW$258       .dwtag  DW_TAG_member
    5085                      .dwattr $C$DW$258, DW_AT_type(*$C$DW$T$19)
    5086                      .dwattr $C$DW$258, DW_AT_name("Umin")
    5087                      .dwattr $C$DW$258, DW_AT_data_member_location[DW_OP_plus_uconst 0xc]
    5088                      .dwattr $C$DW$258, DW_AT_accessibility(DW_ACCESS_public)
    5089                      .dwattr $C$DW$258, DW_AT_decl_file("C:/TI/C2000Ware_MotorControl_SDK_5_04_00_00/libraries/utilities/m
    5090                      .dwattr $C$DW$258, DW_AT_decl_line(0x30)
    5091                      .dwattr $C$DW$258, DW_AT_decl_column(0x12)
    5092              
    5093              $C$DW$259       .dwtag  DW_TAG_member
    5094                      .dwattr $C$DW$259, DW_AT_type(*$C$DW$T$19)
    5095                      .dwattr $C$DW$259, DW_AT_name("up")
    5096                      .dwattr $C$DW$259, DW_AT_data_member_location[DW_OP_plus_uconst 0xe]
    5097                      .dwattr $C$DW$259, DW_AT_accessibility(DW_ACCESS_public)
    5098                      .dwattr $C$DW$259, DW_AT_decl_file("C:/TI/C2000Ware_MotorControl_SDK_5_04_00_00/libraries/utilities/m
    5099                      .dwattr $C$DW$259, DW_AT_decl_line(0x31)
    5100                      .dwattr $C$DW$259, DW_AT_decl_column(0x12)
    5101              
    5102              $C$DW$260       .dwtag  DW_TAG_member
    5103                      .dwattr $C$DW$260, DW_AT_type(*$C$DW$T$19)
    5104                      .dwattr $C$DW$260, DW_AT_name("ui")
    5105                      .dwattr $C$DW$260, DW_AT_data_member_location[DW_OP_plus_uconst 0x10]
    5106                      .dwattr $C$DW$260, DW_AT_accessibility(DW_ACCESS_public)
    5107                      .dwattr $C$DW$260, DW_AT_decl_file("C:/TI/C2000Ware_MotorControl_SDK_5_04_00_00/libraries/utilities/m
    5108                      .dwattr $C$DW$260, DW_AT_decl_line(0x32)
    5109                      .dwattr $C$DW$260, DW_AT_decl_column(0x12)
    5110              
    5111              $C$DW$261       .dwtag  DW_TAG_member
    5112                      .dwattr $C$DW$261, DW_AT_type(*$C$DW$T$19)
    5113                      .dwattr $C$DW$261, DW_AT_name("v1")
    5114                      .dwattr $C$DW$261, DW_AT_data_member_location[DW_OP_plus_uconst 0x12]
TMS320C2000 Assembler PC v22.6.2 Tue Mar  3 20:15:52 2026

Copyright (c) 1996-2018 Texas Instruments Incorporated
dual_axis_servo_drive_user.asm                                       PAGE  106

    5115                      .dwattr $C$DW$261, DW_AT_accessibility(DW_ACCESS_public)
    5116                      .dwattr $C$DW$261, DW_AT_decl_file("C:/TI/C2000Ware_MotorControl_SDK_5_04_00_00/libraries/utilities/m
    5117                      .dwattr $C$DW$261, DW_AT_decl_line(0x33)
    5118                      .dwattr $C$DW$261, DW_AT_decl_column(0x12)
    5119              
    5120              $C$DW$262       .dwtag  DW_TAG_member
    5121                      .dwattr $C$DW$262, DW_AT_type(*$C$DW$T$19)
    5122                      .dwattr $C$DW$262, DW_AT_name("i1")
    5123                      .dwattr $C$DW$262, DW_AT_data_member_location[DW_OP_plus_uconst 0x14]
    5124                      .dwattr $C$DW$262, DW_AT_accessibility(DW_ACCESS_public)
    5125                      .dwattr $C$DW$262, DW_AT_decl_file("C:/TI/C2000Ware_MotorControl_SDK_5_04_00_00/libraries/utilities/m
    5126                      .dwattr $C$DW$262, DW_AT_decl_line(0x34)
    5127                      .dwattr $C$DW$262, DW_AT_decl_column(0x12)
    5128              
    5129              $C$DW$263       .dwtag  DW_TAG_member
    5130                      .dwattr $C$DW$263, DW_AT_type(*$C$DW$T$19)
    5131                      .dwattr $C$DW$263, DW_AT_name("w1")
    5132                      .dwattr $C$DW$263, DW_AT_data_member_location[DW_OP_plus_uconst 0x16]
    5133                      .dwattr $C$DW$263, DW_AT_accessibility(DW_ACCESS_public)
    5134                      .dwattr $C$DW$263, DW_AT_decl_file("C:/TI/C2000Ware_MotorControl_SDK_5_04_00_00/libraries/utilities/m
    5135                      .dwattr $C$DW$263, DW_AT_decl_line(0x35)
    5136                      .dwattr $C$DW$263, DW_AT_decl_column(0x12)
    5137              
    5138                      .dwattr $C$DW$T$30, DW_AT_decl_file("C:/TI/C2000Ware_MotorControl_SDK_5_04_00_00/libraries/utilities/
    5139                      .dwattr $C$DW$T$30, DW_AT_decl_line(0x2a)
    5140                      .dwattr $C$DW$T$30, DW_AT_decl_column(0x10)
    5141                      .dwendtag $C$DW$T$30
    5142              
    5143                      .dwendtag $C$DW$TU$30
    5144              
    5145              
    5146              $C$DW$TU$89     .dwtag  DW_TAG_type_unit
    5147                      .dwmtype  $C$DW$T$89
    5148              $C$DW$T$89      .dwtag  DW_TAG_typedef
    5149                      .dwattr $C$DW$T$89, DW_AT_name("PI_CONTROLLER")
    5150                      .dwattr $C$DW$T$89, DW_AT_type(*$C$DW$T$30)
    5151                      .dwattr $C$DW$T$89, DW_AT_decl_file("C:/TI/C2000Ware_MotorControl_SDK_5_04_00_00/libraries/utilities/
    5152                      .dwattr $C$DW$T$89, DW_AT_decl_line(0x36)
    5153                      .dwattr $C$DW$T$89, DW_AT_decl_column(0x07)
    5154              
    5155                      .dwendtag $C$DW$TU$89
    5156              
    5157              
    5158              $C$DW$TU$31     .dwtag  DW_TAG_type_unit
    5159                      .dwmtype  $C$DW$T$31
    5160              
    5161              $C$DW$T$31      .dwtag  DW_TAG_structure_type
    5162                      .dwattr $C$DW$T$31, DW_AT_byte_size(0x0a)
    5163              $C$DW$264       .dwtag  DW_TAG_member
    5164                      .dwattr $C$DW$264, DW_AT_type(*$C$DW$T$19)
    5165                      .dwattr $C$DW$264, DW_AT_name("Ref")
    5166                      .dwattr $C$DW$264, DW_AT_accessibility(DW_ACCESS_public)
    5167                      .dwattr $C$DW$264, DW_AT_decl_file("C:/TI/C2000Ware_MotorControl_SDK_5_04_00_00/libraries/utilities/m
    5168                      .dwattr $C$DW$264, DW_AT_decl_line(0x2a)
    5169                      .dwattr $C$DW$264, DW_AT_decl_column(0x1e)
TMS320C2000 Assembler PC v22.6.2 Tue Mar  3 20:15:52 2026

Copyright (c) 1996-2018 Texas Instruments Incorporated
dual_axis_servo_drive_user.asm                                       PAGE  107

    5170              
    5171              $C$DW$265       .dwtag  DW_TAG_member
    5172                      .dwattr $C$DW$265, DW_AT_type(*$C$DW$T$19)
    5173                      .dwattr $C$DW$265, DW_AT_name("Fbk")
    5174                      .dwattr $C$DW$265, DW_AT_data_member_location[DW_OP_plus_uconst 0x2]
    5175                      .dwattr $C$DW$265, DW_AT_accessibility(DW_ACCESS_public)
    5176                      .dwattr $C$DW$265, DW_AT_decl_file("C:/TI/C2000Ware_MotorControl_SDK_5_04_00_00/libraries/utilities/m
    5177                      .dwattr $C$DW$265, DW_AT_decl_line(0x2b)
    5178                      .dwattr $C$DW$265, DW_AT_decl_column(0x12)
    5179              
    5180              $C$DW$266       .dwtag  DW_TAG_member
    5181                      .dwattr $C$DW$266, DW_AT_type(*$C$DW$T$19)
    5182                      .dwattr $C$DW$266, DW_AT_name("Out")
    5183                      .dwattr $C$DW$266, DW_AT_data_member_location[DW_OP_plus_uconst 0x4]
    5184                      .dwattr $C$DW$266, DW_AT_accessibility(DW_ACCESS_public)
    5185                      .dwattr $C$DW$266, DW_AT_decl_file("C:/TI/C2000Ware_MotorControl_SDK_5_04_00_00/libraries/utilities/m
    5186                      .dwattr $C$DW$266, DW_AT_decl_line(0x2c)
    5187                      .dwattr $C$DW$266, DW_AT_decl_column(0x12)
    5188              
    5189              $C$DW$267       .dwtag  DW_TAG_member
    5190                      .dwattr $C$DW$267, DW_AT_type(*$C$DW$T$19)
    5191                      .dwattr $C$DW$267, DW_AT_name("c1")
    5192                      .dwattr $C$DW$267, DW_AT_data_member_location[DW_OP_plus_uconst 0x6]
    5193                      .dwattr $C$DW$267, DW_AT_accessibility(DW_ACCESS_public)
    5194                      .dwattr $C$DW$267, DW_AT_decl_file("C:/TI/C2000Ware_MotorControl_SDK_5_04_00_00/libraries/utilities/m
    5195                      .dwattr $C$DW$267, DW_AT_decl_line(0x2d)
    5196                      .dwattr $C$DW$267, DW_AT_decl_column(0x12)
    5197              
    5198              $C$DW$268       .dwtag  DW_TAG_member
    5199                      .dwattr $C$DW$268, DW_AT_type(*$C$DW$T$19)
    5200                      .dwattr $C$DW$268, DW_AT_name("c2")
    5201                      .dwattr $C$DW$268, DW_AT_data_member_location[DW_OP_plus_uconst 0x8]
    5202                      .dwattr $C$DW$268, DW_AT_accessibility(DW_ACCESS_public)
    5203                      .dwattr $C$DW$268, DW_AT_decl_file("C:/TI/C2000Ware_MotorControl_SDK_5_04_00_00/libraries/utilities/m
    5204                      .dwattr $C$DW$268, DW_AT_decl_line(0x2e)
    5205                      .dwattr $C$DW$268, DW_AT_decl_column(0x12)
    5206              
    5207                      .dwattr $C$DW$T$31, DW_AT_decl_file("C:/TI/C2000Ware_MotorControl_SDK_5_04_00_00/libraries/utilities/
    5208                      .dwattr $C$DW$T$31, DW_AT_decl_line(0x2a)
    5209                      .dwattr $C$DW$T$31, DW_AT_decl_column(0x10)
    5210                      .dwendtag $C$DW$T$31
    5211              
    5212                      .dwendtag $C$DW$TU$31
    5213              
    5214              
    5215              $C$DW$TU$34     .dwtag  DW_TAG_type_unit
    5216                      .dwmtype  $C$DW$T$34
    5217              $C$DW$T$34      .dwtag  DW_TAG_typedef
    5218                      .dwattr $C$DW$T$34, DW_AT_name("PID_TERMINALS")
    5219                      .dwattr $C$DW$T$34, DW_AT_type(*$C$DW$T$31)
    5220                      .dwattr $C$DW$T$34, DW_AT_decl_file("C:/TI/C2000Ware_MotorControl_SDK_5_04_00_00/libraries/utilities/
    5221                      .dwattr $C$DW$T$34, DW_AT_decl_line(0x2f)
    5222                      .dwattr $C$DW$T$34, DW_AT_decl_column(0x07)
    5223              
    5224                      .dwendtag $C$DW$TU$34
TMS320C2000 Assembler PC v22.6.2 Tue Mar  3 20:15:52 2026

Copyright (c) 1996-2018 Texas Instruments Incorporated
dual_axis_servo_drive_user.asm                                       PAGE  108

    5225              
    5226              
    5227              $C$DW$TU$32     .dwtag  DW_TAG_type_unit
    5228                      .dwmtype  $C$DW$T$32
    5229              
    5230              $C$DW$T$32      .dwtag  DW_TAG_structure_type
    5231                      .dwattr $C$DW$T$32, DW_AT_byte_size(0x0e)
    5232              $C$DW$269       .dwtag  DW_TAG_member
    5233                      .dwattr $C$DW$269, DW_AT_type(*$C$DW$T$19)
    5234                      .dwattr $C$DW$269, DW_AT_name("Kr")
    5235                      .dwattr $C$DW$269, DW_AT_accessibility(DW_ACCESS_public)
    5236                      .dwattr $C$DW$269, DW_AT_decl_file("C:/TI/C2000Ware_MotorControl_SDK_5_04_00_00/libraries/utilities/m
    5237                      .dwattr $C$DW$269, DW_AT_decl_line(0x32)
    5238                      .dwattr $C$DW$269, DW_AT_decl_column(0x1e)
    5239              
    5240              $C$DW$270       .dwtag  DW_TAG_member
    5241                      .dwattr $C$DW$270, DW_AT_type(*$C$DW$T$19)
    5242                      .dwattr $C$DW$270, DW_AT_name("Kp")
    5243                      .dwattr $C$DW$270, DW_AT_data_member_location[DW_OP_plus_uconst 0x2]
    5244                      .dwattr $C$DW$270, DW_AT_accessibility(DW_ACCESS_public)
    5245                      .dwattr $C$DW$270, DW_AT_decl_file("C:/TI/C2000Ware_MotorControl_SDK_5_04_00_00/libraries/utilities/m
    5246                      .dwattr $C$DW$270, DW_AT_decl_line(0x33)
    5247                      .dwattr $C$DW$270, DW_AT_decl_column(0x12)
    5248              
    5249              $C$DW$271       .dwtag  DW_TAG_member
    5250                      .dwattr $C$DW$271, DW_AT_type(*$C$DW$T$19)
    5251                      .dwattr $C$DW$271, DW_AT_name("Ki")
    5252                      .dwattr $C$DW$271, DW_AT_data_member_location[DW_OP_plus_uconst 0x4]
    5253                      .dwattr $C$DW$271, DW_AT_accessibility(DW_ACCESS_public)
    5254                      .dwattr $C$DW$271, DW_AT_decl_file("C:/TI/C2000Ware_MotorControl_SDK_5_04_00_00/libraries/utilities/m
    5255                      .dwattr $C$DW$271, DW_AT_decl_line(0x34)
    5256                      .dwattr $C$DW$271, DW_AT_decl_column(0x12)
    5257              
    5258              $C$DW$272       .dwtag  DW_TAG_member
    5259                      .dwattr $C$DW$272, DW_AT_type(*$C$DW$T$19)
    5260                      .dwattr $C$DW$272, DW_AT_name("Kd")
    5261                      .dwattr $C$DW$272, DW_AT_data_member_location[DW_OP_plus_uconst 0x6]
    5262                      .dwattr $C$DW$272, DW_AT_accessibility(DW_ACCESS_public)
    5263                      .dwattr $C$DW$272, DW_AT_decl_file("C:/TI/C2000Ware_MotorControl_SDK_5_04_00_00/libraries/utilities/m
    5264                      .dwattr $C$DW$272, DW_AT_decl_line(0x35)
    5265                      .dwattr $C$DW$272, DW_AT_decl_column(0x12)
    5266              
    5267              $C$DW$273       .dwtag  DW_TAG_member
    5268                      .dwattr $C$DW$273, DW_AT_type(*$C$DW$T$19)
    5269                      .dwattr $C$DW$273, DW_AT_name("Km")
    5270                      .dwattr $C$DW$273, DW_AT_data_member_location[DW_OP_plus_uconst 0x8]
    5271                      .dwattr $C$DW$273, DW_AT_accessibility(DW_ACCESS_public)
    5272                      .dwattr $C$DW$273, DW_AT_decl_file("C:/TI/C2000Ware_MotorControl_SDK_5_04_00_00/libraries/utilities/m
    5273                      .dwattr $C$DW$273, DW_AT_decl_line(0x36)
    5274                      .dwattr $C$DW$273, DW_AT_decl_column(0x12)
    5275              
    5276              $C$DW$274       .dwtag  DW_TAG_member
    5277                      .dwattr $C$DW$274, DW_AT_type(*$C$DW$T$19)
    5278                      .dwattr $C$DW$274, DW_AT_name("Umax")
    5279                      .dwattr $C$DW$274, DW_AT_data_member_location[DW_OP_plus_uconst 0xa]
TMS320C2000 Assembler PC v22.6.2 Tue Mar  3 20:15:52 2026

Copyright (c) 1996-2018 Texas Instruments Incorporated
dual_axis_servo_drive_user.asm                                       PAGE  109

    5280                      .dwattr $C$DW$274, DW_AT_accessibility(DW_ACCESS_public)
    5281                      .dwattr $C$DW$274, DW_AT_decl_file("C:/TI/C2000Ware_MotorControl_SDK_5_04_00_00/libraries/utilities/m
    5282                      .dwattr $C$DW$274, DW_AT_decl_line(0x37)
    5283                      .dwattr $C$DW$274, DW_AT_decl_column(0x12)
    5284              
    5285              $C$DW$275       .dwtag  DW_TAG_member
    5286                      .dwattr $C$DW$275, DW_AT_type(*$C$DW$T$19)
    5287                      .dwattr $C$DW$275, DW_AT_name("Umin")
    5288                      .dwattr $C$DW$275, DW_AT_data_member_location[DW_OP_plus_uconst 0xc]
    5289                      .dwattr $C$DW$275, DW_AT_accessibility(DW_ACCESS_public)
    5290                      .dwattr $C$DW$275, DW_AT_decl_file("C:/TI/C2000Ware_MotorControl_SDK_5_04_00_00/libraries/utilities/m
    5291                      .dwattr $C$DW$275, DW_AT_decl_line(0x38)
    5292                      .dwattr $C$DW$275, DW_AT_decl_column(0x12)
    5293              
    5294                      .dwattr $C$DW$T$32, DW_AT_decl_file("C:/TI/C2000Ware_MotorControl_SDK_5_04_00_00/libraries/utilities/
    5295                      .dwattr $C$DW$T$32, DW_AT_decl_line(0x32)
    5296                      .dwattr $C$DW$T$32, DW_AT_decl_column(0x10)
    5297                      .dwendtag $C$DW$T$32
    5298              
    5299                      .dwendtag $C$DW$TU$32
    5300              
    5301              
    5302              $C$DW$TU$35     .dwtag  DW_TAG_type_unit
    5303                      .dwmtype  $C$DW$T$35
    5304              $C$DW$T$35      .dwtag  DW_TAG_typedef
    5305                      .dwattr $C$DW$T$35, DW_AT_name("PID_PARAMETERS")
    5306                      .dwattr $C$DW$T$35, DW_AT_type(*$C$DW$T$32)
    5307                      .dwattr $C$DW$T$35, DW_AT_decl_file("C:/TI/C2000Ware_MotorControl_SDK_5_04_00_00/libraries/utilities/
    5308                      .dwattr $C$DW$T$35, DW_AT_decl_line(0x39)
    5309                      .dwattr $C$DW$T$35, DW_AT_decl_column(0x07)
    5310              
    5311                      .dwendtag $C$DW$TU$35
    5312              
    5313              
    5314              $C$DW$TU$33     .dwtag  DW_TAG_type_unit
    5315                      .dwmtype  $C$DW$T$33
    5316              
    5317              $C$DW$T$33      .dwtag  DW_TAG_structure_type
    5318                      .dwattr $C$DW$T$33, DW_AT_byte_size(0x10)
    5319              $C$DW$276       .dwtag  DW_TAG_member
    5320                      .dwattr $C$DW$276, DW_AT_type(*$C$DW$T$19)
    5321                      .dwattr $C$DW$276, DW_AT_name("up")
    5322                      .dwattr $C$DW$276, DW_AT_accessibility(DW_ACCESS_public)
    5323                      .dwattr $C$DW$276, DW_AT_decl_file("C:/TI/C2000Ware_MotorControl_SDK_5_04_00_00/libraries/utilities/m
    5324                      .dwattr $C$DW$276, DW_AT_decl_line(0x3b)
    5325                      .dwattr $C$DW$276, DW_AT_decl_column(0x1e)
    5326              
    5327              $C$DW$277       .dwtag  DW_TAG_member
    5328                      .dwattr $C$DW$277, DW_AT_type(*$C$DW$T$19)
    5329                      .dwattr $C$DW$277, DW_AT_name("ui")
    5330                      .dwattr $C$DW$277, DW_AT_data_member_location[DW_OP_plus_uconst 0x2]
    5331                      .dwattr $C$DW$277, DW_AT_accessibility(DW_ACCESS_public)
    5332                      .dwattr $C$DW$277, DW_AT_decl_file("C:/TI/C2000Ware_MotorControl_SDK_5_04_00_00/libraries/utilities/m
    5333                      .dwattr $C$DW$277, DW_AT_decl_line(0x3c)
    5334                      .dwattr $C$DW$277, DW_AT_decl_column(0x12)
TMS320C2000 Assembler PC v22.6.2 Tue Mar  3 20:15:52 2026

Copyright (c) 1996-2018 Texas Instruments Incorporated
dual_axis_servo_drive_user.asm                                       PAGE  110

    5335              
    5336              $C$DW$278       .dwtag  DW_TAG_member
    5337                      .dwattr $C$DW$278, DW_AT_type(*$C$DW$T$19)
    5338                      .dwattr $C$DW$278, DW_AT_name("ud")
    5339                      .dwattr $C$DW$278, DW_AT_data_member_location[DW_OP_plus_uconst 0x4]
    5340                      .dwattr $C$DW$278, DW_AT_accessibility(DW_ACCESS_public)
    5341                      .dwattr $C$DW$278, DW_AT_decl_file("C:/TI/C2000Ware_MotorControl_SDK_5_04_00_00/libraries/utilities/m
    5342                      .dwattr $C$DW$278, DW_AT_decl_line(0x3d)
    5343                      .dwattr $C$DW$278, DW_AT_decl_column(0x12)
    5344              
    5345              $C$DW$279       .dwtag  DW_TAG_member
    5346                      .dwattr $C$DW$279, DW_AT_type(*$C$DW$T$19)
    5347                      .dwattr $C$DW$279, DW_AT_name("v1")
    5348                      .dwattr $C$DW$279, DW_AT_data_member_location[DW_OP_plus_uconst 0x6]
    5349                      .dwattr $C$DW$279, DW_AT_accessibility(DW_ACCESS_public)
    5350                      .dwattr $C$DW$279, DW_AT_decl_file("C:/TI/C2000Ware_MotorControl_SDK_5_04_00_00/libraries/utilities/m
    5351                      .dwattr $C$DW$279, DW_AT_decl_line(0x3e)
    5352                      .dwattr $C$DW$279, DW_AT_decl_column(0x12)
    5353              
    5354              $C$DW$280       .dwtag  DW_TAG_member
    5355                      .dwattr $C$DW$280, DW_AT_type(*$C$DW$T$19)
    5356                      .dwattr $C$DW$280, DW_AT_name("i1")
    5357                      .dwattr $C$DW$280, DW_AT_data_member_location[DW_OP_plus_uconst 0x8]
    5358                      .dwattr $C$DW$280, DW_AT_accessibility(DW_ACCESS_public)
    5359                      .dwattr $C$DW$280, DW_AT_decl_file("C:/TI/C2000Ware_MotorControl_SDK_5_04_00_00/libraries/utilities/m
    5360                      .dwattr $C$DW$280, DW_AT_decl_line(0x3f)
    5361                      .dwattr $C$DW$280, DW_AT_decl_column(0x12)
    5362              
    5363              $C$DW$281       .dwtag  DW_TAG_member
    5364                      .dwattr $C$DW$281, DW_AT_type(*$C$DW$T$19)
    5365                      .dwattr $C$DW$281, DW_AT_name("d1")
    5366                      .dwattr $C$DW$281, DW_AT_data_member_location[DW_OP_plus_uconst 0xa]
    5367                      .dwattr $C$DW$281, DW_AT_accessibility(DW_ACCESS_public)
    5368                      .dwattr $C$DW$281, DW_AT_decl_file("C:/TI/C2000Ware_MotorControl_SDK_5_04_00_00/libraries/utilities/m
    5369                      .dwattr $C$DW$281, DW_AT_decl_line(0x40)
    5370                      .dwattr $C$DW$281, DW_AT_decl_column(0x12)
    5371              
    5372              $C$DW$282       .dwtag  DW_TAG_member
    5373                      .dwattr $C$DW$282, DW_AT_type(*$C$DW$T$19)
    5374                      .dwattr $C$DW$282, DW_AT_name("d2")
    5375                      .dwattr $C$DW$282, DW_AT_data_member_location[DW_OP_plus_uconst 0xc]
    5376                      .dwattr $C$DW$282, DW_AT_accessibility(DW_ACCESS_public)
    5377                      .dwattr $C$DW$282, DW_AT_decl_file("C:/TI/C2000Ware_MotorControl_SDK_5_04_00_00/libraries/utilities/m
    5378                      .dwattr $C$DW$282, DW_AT_decl_line(0x41)
    5379                      .dwattr $C$DW$282, DW_AT_decl_column(0x12)
    5380              
    5381              $C$DW$283       .dwtag  DW_TAG_member
    5382                      .dwattr $C$DW$283, DW_AT_type(*$C$DW$T$19)
    5383                      .dwattr $C$DW$283, DW_AT_name("w1")
    5384                      .dwattr $C$DW$283, DW_AT_data_member_location[DW_OP_plus_uconst 0xe]
    5385                      .dwattr $C$DW$283, DW_AT_accessibility(DW_ACCESS_public)
    5386                      .dwattr $C$DW$283, DW_AT_decl_file("C:/TI/C2000Ware_MotorControl_SDK_5_04_00_00/libraries/utilities/m
    5387                      .dwattr $C$DW$283, DW_AT_decl_line(0x42)
    5388                      .dwattr $C$DW$283, DW_AT_decl_column(0x12)
    5389              
TMS320C2000 Assembler PC v22.6.2 Tue Mar  3 20:15:52 2026

Copyright (c) 1996-2018 Texas Instruments Incorporated
dual_axis_servo_drive_user.asm                                       PAGE  111

    5390                      .dwattr $C$DW$T$33, DW_AT_decl_file("C:/TI/C2000Ware_MotorControl_SDK_5_04_00_00/libraries/utilities/
    5391                      .dwattr $C$DW$T$33, DW_AT_decl_line(0x3b)
    5392                      .dwattr $C$DW$T$33, DW_AT_decl_column(0x10)
    5393                      .dwendtag $C$DW$T$33
    5394              
    5395                      .dwendtag $C$DW$TU$33
    5396              
    5397              
    5398              $C$DW$TU$36     .dwtag  DW_TAG_type_unit
    5399                      .dwmtype  $C$DW$T$36
    5400              $C$DW$T$36      .dwtag  DW_TAG_typedef
    5401                      .dwattr $C$DW$T$36, DW_AT_name("PID_DATA")
    5402                      .dwattr $C$DW$T$36, DW_AT_type(*$C$DW$T$33)
    5403                      .dwattr $C$DW$T$36, DW_AT_decl_file("C:/TI/C2000Ware_MotorControl_SDK_5_04_00_00/libraries/utilities/
    5404                      .dwattr $C$DW$T$36, DW_AT_decl_line(0x43)
    5405                      .dwattr $C$DW$T$36, DW_AT_decl_column(0x07)
    5406              
    5407                      .dwendtag $C$DW$TU$36
    5408              
    5409              
    5410              $C$DW$TU$37     .dwtag  DW_TAG_type_unit
    5411                      .dwmtype  $C$DW$T$37
    5412              
    5413              $C$DW$T$37      .dwtag  DW_TAG_structure_type
    5414                      .dwattr $C$DW$T$37, DW_AT_byte_size(0x28)
    5415              $C$DW$284       .dwtag  DW_TAG_member
    5416                      .dwattr $C$DW$284, DW_AT_type(*$C$DW$T$34)
    5417                      .dwattr $C$DW$284, DW_AT_name("term")
    5418                      .dwattr $C$DW$284, DW_AT_accessibility(DW_ACCESS_public)
    5419                      .dwattr $C$DW$284, DW_AT_decl_file("C:/TI/C2000Ware_MotorControl_SDK_5_04_00_00/libraries/utilities/m
    5420                      .dwattr $C$DW$284, DW_AT_decl_line(0x46)
    5421                      .dwattr $C$DW$284, DW_AT_decl_column(0x21)
    5422              
    5423              $C$DW$285       .dwtag  DW_TAG_member
    5424                      .dwattr $C$DW$285, DW_AT_type(*$C$DW$T$35)
    5425                      .dwattr $C$DW$285, DW_AT_name("param")
    5426                      .dwattr $C$DW$285, DW_AT_data_member_location[DW_OP_plus_uconst 0xa]
    5427                      .dwattr $C$DW$285, DW_AT_accessibility(DW_ACCESS_public)
    5428                      .dwattr $C$DW$285, DW_AT_decl_file("C:/TI/C2000Ware_MotorControl_SDK_5_04_00_00/libraries/utilities/m
    5429                      .dwattr $C$DW$285, DW_AT_decl_line(0x47)
    5430                      .dwattr $C$DW$285, DW_AT_decl_column(0x16)
    5431              
    5432              $C$DW$286       .dwtag  DW_TAG_member
    5433                      .dwattr $C$DW$286, DW_AT_type(*$C$DW$T$36)
    5434                      .dwattr $C$DW$286, DW_AT_name("data")
    5435                      .dwattr $C$DW$286, DW_AT_data_member_location[DW_OP_plus_uconst 0x18]
    5436                      .dwattr $C$DW$286, DW_AT_accessibility(DW_ACCESS_public)
    5437                      .dwattr $C$DW$286, DW_AT_decl_file("C:/TI/C2000Ware_MotorControl_SDK_5_04_00_00/libraries/utilities/m
    5438                      .dwattr $C$DW$286, DW_AT_decl_line(0x48)
    5439                      .dwattr $C$DW$286, DW_AT_decl_column(0x11)
    5440              
    5441                      .dwattr $C$DW$T$37, DW_AT_decl_file("C:/TI/C2000Ware_MotorControl_SDK_5_04_00_00/libraries/utilities/
    5442                      .dwattr $C$DW$T$37, DW_AT_decl_line(0x46)
    5443                      .dwattr $C$DW$T$37, DW_AT_decl_column(0x10)
    5444                      .dwendtag $C$DW$T$37
TMS320C2000 Assembler PC v22.6.2 Tue Mar  3 20:15:52 2026

Copyright (c) 1996-2018 Texas Instruments Incorporated
dual_axis_servo_drive_user.asm                                       PAGE  112

    5445              
    5446                      .dwendtag $C$DW$TU$37
    5447              
    5448              
    5449              $C$DW$TU$90     .dwtag  DW_TAG_type_unit
    5450                      .dwmtype  $C$DW$T$90
    5451              $C$DW$T$90      .dwtag  DW_TAG_typedef
    5452                      .dwattr $C$DW$T$90, DW_AT_name("PID_CONTROLLER")
    5453                      .dwattr $C$DW$T$90, DW_AT_type(*$C$DW$T$37)
    5454                      .dwattr $C$DW$T$90, DW_AT_decl_file("C:/TI/C2000Ware_MotorControl_SDK_5_04_00_00/libraries/utilities/
    5455                      .dwattr $C$DW$T$90, DW_AT_decl_line(0x49)
    5456                      .dwattr $C$DW$T$90, DW_AT_decl_column(0x07)
    5457              
    5458                      .dwendtag $C$DW$TU$90
    5459              
    5460              
    5461              $C$DW$TU$38     .dwtag  DW_TAG_type_unit
    5462                      .dwmtype  $C$DW$T$38
    5463              
    5464              $C$DW$T$38      .dwtag  DW_TAG_structure_type
    5465                      .dwattr $C$DW$T$38, DW_AT_byte_size(0x0c)
    5466              $C$DW$287       .dwtag  DW_TAG_member
    5467                      .dwattr $C$DW$287, DW_AT_type(*$C$DW$T$19)
    5468                      .dwattr $C$DW$287, DW_AT_name("Freq")
    5469                      .dwattr $C$DW$287, DW_AT_accessibility(DW_ACCESS_public)
    5470                      .dwattr $C$DW$287, DW_AT_decl_file("C:/TI/C2000Ware_MotorControl_SDK_5_04_00_00/libraries/utilities/m
    5471                      .dwattr $C$DW$287, DW_AT_decl_line(0x25)
    5472                      .dwattr $C$DW$287, DW_AT_decl_column(0x1d)
    5473              
    5474              $C$DW$288       .dwtag  DW_TAG_member
    5475                      .dwattr $C$DW$288, DW_AT_type(*$C$DW$T$19)
    5476                      .dwattr $C$DW$288, DW_AT_name("StepAngleMax")
    5477                      .dwattr $C$DW$288, DW_AT_data_member_location[DW_OP_plus_uconst 0x2]
    5478                      .dwattr $C$DW$288, DW_AT_accessibility(DW_ACCESS_public)
    5479                      .dwattr $C$DW$288, DW_AT_decl_file("C:/TI/C2000Ware_MotorControl_SDK_5_04_00_00/libraries/utilities/m
    5480                      .dwattr $C$DW$288, DW_AT_decl_line(0x26)
    5481                      .dwattr $C$DW$288, DW_AT_decl_column(0x1d)
    5482              
    5483              $C$DW$289       .dwtag  DW_TAG_member
    5484                      .dwattr $C$DW$289, DW_AT_type(*$C$DW$T$19)
    5485                      .dwattr $C$DW$289, DW_AT_name("Angle")
    5486                      .dwattr $C$DW$289, DW_AT_data_member_location[DW_OP_plus_uconst 0x4]
    5487                      .dwattr $C$DW$289, DW_AT_accessibility(DW_ACCESS_public)
    5488                      .dwattr $C$DW$289, DW_AT_decl_file("C:/TI/C2000Ware_MotorControl_SDK_5_04_00_00/libraries/utilities/m
    5489                      .dwattr $C$DW$289, DW_AT_decl_line(0x27)
    5490                      .dwattr $C$DW$289, DW_AT_decl_column(0x1d)
    5491              
    5492              $C$DW$290       .dwtag  DW_TAG_member
    5493                      .dwattr $C$DW$290, DW_AT_type(*$C$DW$T$19)
    5494                      .dwattr $C$DW$290, DW_AT_name("Gain")
    5495                      .dwattr $C$DW$290, DW_AT_data_member_location[DW_OP_plus_uconst 0x6]
    5496                      .dwattr $C$DW$290, DW_AT_accessibility(DW_ACCESS_public)
    5497                      .dwattr $C$DW$290, DW_AT_decl_file("C:/TI/C2000Ware_MotorControl_SDK_5_04_00_00/libraries/utilities/m
    5498                      .dwattr $C$DW$290, DW_AT_decl_line(0x28)
    5499                      .dwattr $C$DW$290, DW_AT_decl_column(0x1d)
TMS320C2000 Assembler PC v22.6.2 Tue Mar  3 20:15:52 2026

Copyright (c) 1996-2018 Texas Instruments Incorporated
dual_axis_servo_drive_user.asm                                       PAGE  113

    5500              
    5501              $C$DW$291       .dwtag  DW_TAG_member
    5502                      .dwattr $C$DW$291, DW_AT_type(*$C$DW$T$19)
    5503                      .dwattr $C$DW$291, DW_AT_name("Out")
    5504                      .dwattr $C$DW$291, DW_AT_data_member_location[DW_OP_plus_uconst 0x8]
    5505                      .dwattr $C$DW$291, DW_AT_accessibility(DW_ACCESS_public)
    5506                      .dwattr $C$DW$291, DW_AT_decl_file("C:/TI/C2000Ware_MotorControl_SDK_5_04_00_00/libraries/utilities/m
    5507                      .dwattr $C$DW$291, DW_AT_decl_line(0x29)
    5508                      .dwattr $C$DW$291, DW_AT_decl_column(0x1d)
    5509              
    5510              $C$DW$292       .dwtag  DW_TAG_member
    5511                      .dwattr $C$DW$292, DW_AT_type(*$C$DW$T$19)
    5512                      .dwattr $C$DW$292, DW_AT_name("Offset")
    5513                      .dwattr $C$DW$292, DW_AT_data_member_location[DW_OP_plus_uconst 0xa]
    5514                      .dwattr $C$DW$292, DW_AT_accessibility(DW_ACCESS_public)
    5515                      .dwattr $C$DW$292, DW_AT_decl_file("C:/TI/C2000Ware_MotorControl_SDK_5_04_00_00/libraries/utilities/m
    5516                      .dwattr $C$DW$292, DW_AT_decl_line(0x2a)
    5517                      .dwattr $C$DW$292, DW_AT_decl_column(0x1d)
    5518              
    5519                      .dwattr $C$DW$T$38, DW_AT_decl_file("C:/TI/C2000Ware_MotorControl_SDK_5_04_00_00/libraries/utilities/
    5520                      .dwattr $C$DW$T$38, DW_AT_decl_line(0x25)
    5521                      .dwattr $C$DW$T$38, DW_AT_decl_column(0x10)
    5522                      .dwendtag $C$DW$T$38
    5523              
    5524                      .dwendtag $C$DW$TU$38
    5525              
    5526              
    5527              $C$DW$TU$70     .dwtag  DW_TAG_type_unit
    5528                      .dwmtype  $C$DW$T$70
    5529              $C$DW$T$70      .dwtag  DW_TAG_typedef
    5530                      .dwattr $C$DW$T$70, DW_AT_name("RAMP_GEN_CLA")
    5531                      .dwattr $C$DW$T$70, DW_AT_type(*$C$DW$T$38)
    5532                      .dwattr $C$DW$T$70, DW_AT_decl_file("C:/TI/C2000Ware_MotorControl_SDK_5_04_00_00/libraries/utilities/
    5533                      .dwattr $C$DW$T$70, DW_AT_decl_line(0x2b)
    5534                      .dwattr $C$DW$T$70, DW_AT_decl_column(0x0d)
    5535              
    5536                      .dwendtag $C$DW$TU$70
    5537              
    5538              
    5539              $C$DW$TU$41     .dwtag  DW_TAG_type_unit
    5540                      .dwmtype  $C$DW$T$41
    5541              
    5542              $C$DW$T$41      .dwtag  DW_TAG_structure_type
    5543                      .dwattr $C$DW$T$41, DW_AT_byte_size(0x12)
    5544              $C$DW$293       .dwtag  DW_TAG_member
    5545                      .dwattr $C$DW$293, DW_AT_type(*$C$DW$T$19)
    5546                      .dwattr $C$DW$293, DW_AT_name("ElecTheta")
    5547                      .dwattr $C$DW$293, DW_AT_accessibility(DW_ACCESS_public)
    5548                      .dwattr $C$DW$293, DW_AT_decl_file("C:/TI/C2000Ware_MotorControl_SDK_5_04_00_00/libraries/position_se
    5549                      .dwattr $C$DW$293, DW_AT_decl_line(0x1c)
    5550                      .dwattr $C$DW$293, DW_AT_decl_column(0x0f)
    5551              
    5552              $C$DW$294       .dwtag  DW_TAG_member
    5553                      .dwattr $C$DW$294, DW_AT_type(*$C$DW$T$19)
    5554                      .dwattr $C$DW$294, DW_AT_name("MechTheta")
TMS320C2000 Assembler PC v22.6.2 Tue Mar  3 20:15:52 2026

Copyright (c) 1996-2018 Texas Instruments Incorporated
dual_axis_servo_drive_user.asm                                       PAGE  114

    5555                      .dwattr $C$DW$294, DW_AT_data_member_location[DW_OP_plus_uconst 0x2]
    5556                      .dwattr $C$DW$294, DW_AT_accessibility(DW_ACCESS_public)
    5557                      .dwattr $C$DW$294, DW_AT_decl_file("C:/TI/C2000Ware_MotorControl_SDK_5_04_00_00/libraries/position_se
    5558                      .dwattr $C$DW$294, DW_AT_decl_line(0x1d)
    5559                      .dwattr $C$DW$294, DW_AT_decl_column(0x0f)
    5560              
    5561              $C$DW$295       .dwtag  DW_TAG_member
    5562                      .dwattr $C$DW$295, DW_AT_type(*$C$DW$T$40)
    5563                      .dwattr $C$DW$295, DW_AT_name("DirectionQep")
    5564                      .dwattr $C$DW$295, DW_AT_data_member_location[DW_OP_plus_uconst 0x4]
    5565                      .dwattr $C$DW$295, DW_AT_accessibility(DW_ACCESS_public)
    5566                      .dwattr $C$DW$295, DW_AT_decl_file("C:/TI/C2000Ware_MotorControl_SDK_5_04_00_00/libraries/position_se
    5567                      .dwattr $C$DW$295, DW_AT_decl_line(0x1e)
    5568                      .dwattr $C$DW$295, DW_AT_decl_column(0x0f)
    5569              
    5570              $C$DW$296       .dwtag  DW_TAG_member
    5571                      .dwattr $C$DW$296, DW_AT_type(*$C$DW$T$40)
    5572                      .dwattr $C$DW$296, DW_AT_name("QepPeriod")
    5573                      .dwattr $C$DW$296, DW_AT_data_member_location[DW_OP_plus_uconst 0x5]
    5574                      .dwattr $C$DW$296, DW_AT_accessibility(DW_ACCESS_public)
    5575                      .dwattr $C$DW$296, DW_AT_decl_file("C:/TI/C2000Ware_MotorControl_SDK_5_04_00_00/libraries/position_se
    5576                      .dwattr $C$DW$296, DW_AT_decl_line(0x1f)
    5577                      .dwattr $C$DW$296, DW_AT_decl_column(0x0f)
    5578              
    5579              $C$DW$297       .dwtag  DW_TAG_member
    5580                      .dwattr $C$DW$297, DW_AT_type(*$C$DW$T$21)
    5581                      .dwattr $C$DW$297, DW_AT_name("QepCountIndex")
    5582                      .dwattr $C$DW$297, DW_AT_data_member_location[DW_OP_plus_uconst 0x6]
    5583                      .dwattr $C$DW$297, DW_AT_accessibility(DW_ACCESS_public)
    5584                      .dwattr $C$DW$297, DW_AT_decl_file("C:/TI/C2000Ware_MotorControl_SDK_5_04_00_00/libraries/position_se
    5585                      .dwattr $C$DW$297, DW_AT_decl_line(0x21)
    5586                      .dwattr $C$DW$297, DW_AT_decl_column(0x0f)
    5587              
    5588              $C$DW$298       .dwtag  DW_TAG_member
    5589                      .dwattr $C$DW$298, DW_AT_type(*$C$DW$T$27)
    5590                      .dwattr $C$DW$298, DW_AT_name("RawTheta")
    5591                      .dwattr $C$DW$298, DW_AT_data_member_location[DW_OP_plus_uconst 0x8]
    5592                      .dwattr $C$DW$298, DW_AT_accessibility(DW_ACCESS_public)
    5593                      .dwattr $C$DW$298, DW_AT_decl_file("C:/TI/C2000Ware_MotorControl_SDK_5_04_00_00/libraries/position_se
    5594                      .dwattr $C$DW$298, DW_AT_decl_line(0x22)
    5595                      .dwattr $C$DW$298, DW_AT_decl_column(0x0f)
    5596              
    5597              $C$DW$299       .dwtag  DW_TAG_member
    5598                      .dwattr $C$DW$299, DW_AT_type(*$C$DW$T$19)
    5599                      .dwattr $C$DW$299, DW_AT_name("MechScaler")
    5600                      .dwattr $C$DW$299, DW_AT_data_member_location[DW_OP_plus_uconst 0xa]
    5601                      .dwattr $C$DW$299, DW_AT_accessibility(DW_ACCESS_public)
    5602                      .dwattr $C$DW$299, DW_AT_decl_file("C:/TI/C2000Ware_MotorControl_SDK_5_04_00_00/libraries/position_se
    5603                      .dwattr $C$DW$299, DW_AT_decl_line(0x23)
    5604                      .dwattr $C$DW$299, DW_AT_decl_column(0x0f)
    5605              
    5606              $C$DW$300       .dwtag  DW_TAG_member
    5607                      .dwattr $C$DW$300, DW_AT_type(*$C$DW$T$40)
    5608                      .dwattr $C$DW$300, DW_AT_name("LineEncoder")
    5609                      .dwattr $C$DW$300, DW_AT_data_member_location[DW_OP_plus_uconst 0xc]
TMS320C2000 Assembler PC v22.6.2 Tue Mar  3 20:15:52 2026

Copyright (c) 1996-2018 Texas Instruments Incorporated
dual_axis_servo_drive_user.asm                                       PAGE  115

    5610                      .dwattr $C$DW$300, DW_AT_accessibility(DW_ACCESS_public)
    5611                      .dwattr $C$DW$300, DW_AT_decl_file("C:/TI/C2000Ware_MotorControl_SDK_5_04_00_00/libraries/position_se
    5612                      .dwattr $C$DW$300, DW_AT_decl_line(0x24)
    5613                      .dwattr $C$DW$300, DW_AT_decl_column(0x0f)
    5614              
    5615              $C$DW$301       .dwtag  DW_TAG_member
    5616                      .dwattr $C$DW$301, DW_AT_type(*$C$DW$T$40)
    5617                      .dwattr $C$DW$301, DW_AT_name("PolePairs")
    5618                      .dwattr $C$DW$301, DW_AT_data_member_location[DW_OP_plus_uconst 0xd]
    5619                      .dwattr $C$DW$301, DW_AT_accessibility(DW_ACCESS_public)
    5620                      .dwattr $C$DW$301, DW_AT_decl_file("C:/TI/C2000Ware_MotorControl_SDK_5_04_00_00/libraries/position_se
    5621                      .dwattr $C$DW$301, DW_AT_decl_line(0x25)
    5622                      .dwattr $C$DW$301, DW_AT_decl_column(0x0f)
    5623              
    5624              $C$DW$302       .dwtag  DW_TAG_member
    5625                      .dwattr $C$DW$302, DW_AT_type(*$C$DW$T$27)
    5626                      .dwattr $C$DW$302, DW_AT_name("CalibratedAngle")
    5627                      .dwattr $C$DW$302, DW_AT_data_member_location[DW_OP_plus_uconst 0xe]
    5628                      .dwattr $C$DW$302, DW_AT_accessibility(DW_ACCESS_public)
    5629                      .dwattr $C$DW$302, DW_AT_decl_file("C:/TI/C2000Ware_MotorControl_SDK_5_04_00_00/libraries/position_se
    5630                      .dwattr $C$DW$302, DW_AT_decl_line(0x26)
    5631                      .dwattr $C$DW$302, DW_AT_decl_column(0x0f)
    5632              
    5633              $C$DW$303       .dwtag  DW_TAG_member
    5634                      .dwattr $C$DW$303, DW_AT_type(*$C$DW$T$40)
    5635                      .dwattr $C$DW$303, DW_AT_name("IndexSyncFlag")
    5636                      .dwattr $C$DW$303, DW_AT_data_member_location[DW_OP_plus_uconst 0x10]
    5637                      .dwattr $C$DW$303, DW_AT_accessibility(DW_ACCESS_public)
    5638                      .dwattr $C$DW$303, DW_AT_decl_file("C:/TI/C2000Ware_MotorControl_SDK_5_04_00_00/libraries/position_se
    5639                      .dwattr $C$DW$303, DW_AT_decl_line(0x28)
    5640                      .dwattr $C$DW$303, DW_AT_decl_column(0x0f)
    5641              
    5642                      .dwattr $C$DW$T$41, DW_AT_decl_file("C:/TI/C2000Ware_MotorControl_SDK_5_04_00_00/libraries/position_s
    5643                      .dwattr $C$DW$T$41, DW_AT_decl_line(0x1b)
    5644                      .dwattr $C$DW$T$41, DW_AT_decl_column(0x10)
    5645                      .dwendtag $C$DW$T$41
    5646              
    5647                      .dwendtag $C$DW$TU$41
    5648              
    5649              
    5650              $C$DW$TU$72     .dwtag  DW_TAG_type_unit
    5651                      .dwmtype  $C$DW$T$72
    5652              $C$DW$T$72      .dwtag  DW_TAG_typedef
    5653                      .dwattr $C$DW$T$72, DW_AT_name("QEP")
    5654                      .dwattr $C$DW$T$72, DW_AT_type(*$C$DW$T$41)
    5655                      .dwattr $C$DW$T$72, DW_AT_decl_file("C:/TI/C2000Ware_MotorControl_SDK_5_04_00_00/libraries/position_s
    5656                      .dwattr $C$DW$T$72, DW_AT_decl_line(0x29)
    5657                      .dwattr $C$DW$T$72, DW_AT_decl_column(0x03)
    5658              
    5659                      .dwendtag $C$DW$TU$72
    5660              
    5661              
    5662              $C$DW$TU$42     .dwtag  DW_TAG_type_unit
    5663                      .dwmtype  $C$DW$T$42
    5664              
TMS320C2000 Assembler PC v22.6.2 Tue Mar  3 20:15:52 2026

Copyright (c) 1996-2018 Texas Instruments Incorporated
dual_axis_servo_drive_user.asm                                       PAGE  116

    5665              $C$DW$T$42      .dwtag  DW_TAG_structure_type
    5666                      .dwattr $C$DW$T$42, DW_AT_byte_size(0x12)
    5667              $C$DW$304       .dwtag  DW_TAG_member
    5668                      .dwattr $C$DW$304, DW_AT_type(*$C$DW$T$19)
    5669                      .dwattr $C$DW$304, DW_AT_name("Ualpha")
    5670                      .dwattr $C$DW$304, DW_AT_accessibility(DW_ACCESS_public)
    5671                      .dwattr $C$DW$304, DW_AT_decl_file("C:/TI/C2000Ware_MotorControl_SDK_5_04_00_00/libraries/utilities/m
    5672                      .dwattr $C$DW$304, DW_AT_decl_line(0x2b)
    5673                      .dwattr $C$DW$304, DW_AT_decl_column(0x10)
    5674              
    5675              $C$DW$305       .dwtag  DW_TAG_member
    5676                      .dwattr $C$DW$305, DW_AT_type(*$C$DW$T$19)
    5677                      .dwattr $C$DW$305, DW_AT_name("Ubeta")
    5678                      .dwattr $C$DW$305, DW_AT_data_member_location[DW_OP_plus_uconst 0x2]
    5679                      .dwattr $C$DW$305, DW_AT_accessibility(DW_ACCESS_public)
    5680                      .dwattr $C$DW$305, DW_AT_decl_file("C:/TI/C2000Ware_MotorControl_SDK_5_04_00_00/libraries/utilities/m
    5681                      .dwattr $C$DW$305, DW_AT_decl_line(0x2c)
    5682                      .dwattr $C$DW$305, DW_AT_decl_column(0x10)
    5683              
    5684              $C$DW$306       .dwtag  DW_TAG_member
    5685                      .dwattr $C$DW$306, DW_AT_type(*$C$DW$T$19)
    5686                      .dwattr $C$DW$306, DW_AT_name("Ta")
    5687                      .dwattr $C$DW$306, DW_AT_data_member_location[DW_OP_plus_uconst 0x4]
    5688                      .dwattr $C$DW$306, DW_AT_accessibility(DW_ACCESS_public)
    5689                      .dwattr $C$DW$306, DW_AT_decl_file("C:/TI/C2000Ware_MotorControl_SDK_5_04_00_00/libraries/utilities/m
    5690                      .dwattr $C$DW$306, DW_AT_decl_line(0x2d)
    5691                      .dwattr $C$DW$306, DW_AT_decl_column(0x10)
    5692              
    5693              $C$DW$307       .dwtag  DW_TAG_member
    5694                      .dwattr $C$DW$307, DW_AT_type(*$C$DW$T$19)
    5695                      .dwattr $C$DW$307, DW_AT_name("Tb")
    5696                      .dwattr $C$DW$307, DW_AT_data_member_location[DW_OP_plus_uconst 0x6]
    5697                      .dwattr $C$DW$307, DW_AT_accessibility(DW_ACCESS_public)
    5698                      .dwattr $C$DW$307, DW_AT_decl_file("C:/TI/C2000Ware_MotorControl_SDK_5_04_00_00/libraries/utilities/m
    5699                      .dwattr $C$DW$307, DW_AT_decl_line(0x2e)
    5700                      .dwattr $C$DW$307, DW_AT_decl_column(0x10)
    5701              
    5702              $C$DW$308       .dwtag  DW_TAG_member
    5703                      .dwattr $C$DW$308, DW_AT_type(*$C$DW$T$19)
    5704                      .dwattr $C$DW$308, DW_AT_name("Tc")
    5705                      .dwattr $C$DW$308, DW_AT_data_member_location[DW_OP_plus_uconst 0x8]
    5706                      .dwattr $C$DW$308, DW_AT_accessibility(DW_ACCESS_public)
    5707                      .dwattr $C$DW$308, DW_AT_decl_file("C:/TI/C2000Ware_MotorControl_SDK_5_04_00_00/libraries/utilities/m
    5708                      .dwattr $C$DW$308, DW_AT_decl_line(0x2f)
    5709                      .dwattr $C$DW$308, DW_AT_decl_column(0x10)
    5710              
    5711              $C$DW$309       .dwtag  DW_TAG_member
    5712                      .dwattr $C$DW$309, DW_AT_type(*$C$DW$T$19)
    5713                      .dwattr $C$DW$309, DW_AT_name("tmp1")
    5714                      .dwattr $C$DW$309, DW_AT_data_member_location[DW_OP_plus_uconst 0xa]
    5715                      .dwattr $C$DW$309, DW_AT_accessibility(DW_ACCESS_public)
    5716                      .dwattr $C$DW$309, DW_AT_decl_file("C:/TI/C2000Ware_MotorControl_SDK_5_04_00_00/libraries/utilities/m
    5717                      .dwattr $C$DW$309, DW_AT_decl_line(0x30)
    5718                      .dwattr $C$DW$309, DW_AT_decl_column(0x10)
    5719              
TMS320C2000 Assembler PC v22.6.2 Tue Mar  3 20:15:52 2026

Copyright (c) 1996-2018 Texas Instruments Incorporated
dual_axis_servo_drive_user.asm                                       PAGE  117

    5720              $C$DW$310       .dwtag  DW_TAG_member
    5721                      .dwattr $C$DW$310, DW_AT_type(*$C$DW$T$19)
    5722                      .dwattr $C$DW$310, DW_AT_name("tmp2")
    5723                      .dwattr $C$DW$310, DW_AT_data_member_location[DW_OP_plus_uconst 0xc]
    5724                      .dwattr $C$DW$310, DW_AT_accessibility(DW_ACCESS_public)
    5725                      .dwattr $C$DW$310, DW_AT_decl_file("C:/TI/C2000Ware_MotorControl_SDK_5_04_00_00/libraries/utilities/m
    5726                      .dwattr $C$DW$310, DW_AT_decl_line(0x31)
    5727                      .dwattr $C$DW$310, DW_AT_decl_column(0x10)
    5728              
    5729              $C$DW$311       .dwtag  DW_TAG_member
    5730                      .dwattr $C$DW$311, DW_AT_type(*$C$DW$T$19)
    5731                      .dwattr $C$DW$311, DW_AT_name("tmp3")
    5732                      .dwattr $C$DW$311, DW_AT_data_member_location[DW_OP_plus_uconst 0xe]
    5733                      .dwattr $C$DW$311, DW_AT_accessibility(DW_ACCESS_public)
    5734                      .dwattr $C$DW$311, DW_AT_decl_file("C:/TI/C2000Ware_MotorControl_SDK_5_04_00_00/libraries/utilities/m
    5735                      .dwattr $C$DW$311, DW_AT_decl_line(0x32)
    5736                      .dwattr $C$DW$311, DW_AT_decl_column(0x10)
    5737              
    5738              $C$DW$312       .dwtag  DW_TAG_member
    5739                      .dwattr $C$DW$312, DW_AT_type(*$C$DW$T$40)
    5740                      .dwattr $C$DW$312, DW_AT_name("VecSector")
    5741                      .dwattr $C$DW$312, DW_AT_data_member_location[DW_OP_plus_uconst 0x10]
    5742                      .dwattr $C$DW$312, DW_AT_accessibility(DW_ACCESS_public)
    5743                      .dwattr $C$DW$312, DW_AT_decl_file("C:/TI/C2000Ware_MotorControl_SDK_5_04_00_00/libraries/utilities/m
    5744                      .dwattr $C$DW$312, DW_AT_decl_line(0x33)
    5745                      .dwattr $C$DW$312, DW_AT_decl_column(0x0b)
    5746              
    5747                      .dwattr $C$DW$T$42, DW_AT_decl_file("C:/TI/C2000Ware_MotorControl_SDK_5_04_00_00/libraries/utilities/
    5748                      .dwattr $C$DW$T$42, DW_AT_decl_line(0x2a)
    5749                      .dwattr $C$DW$T$42, DW_AT_decl_column(0x11)
    5750                      .dwendtag $C$DW$T$42
    5751              
    5752                      .dwendtag $C$DW$TU$42
    5753              
    5754              
    5755              $C$DW$TU$94     .dwtag  DW_TAG_type_unit
    5756                      .dwmtype  $C$DW$T$94
    5757              $C$DW$T$94      .dwtag  DW_TAG_typedef
    5758                      .dwattr $C$DW$T$94, DW_AT_name("SVGEN")
    5759                      .dwattr $C$DW$T$94, DW_AT_type(*$C$DW$T$42)
    5760                      .dwattr $C$DW$T$94, DW_AT_decl_file("C:/TI/C2000Ware_MotorControl_SDK_5_04_00_00/libraries/utilities/
    5761                      .dwattr $C$DW$T$94, DW_AT_decl_line(0x34)
    5762                      .dwattr $C$DW$T$94, DW_AT_decl_column(0x04)
    5763              
    5764                      .dwendtag $C$DW$TU$94
    5765              
    5766              
    5767              $C$DW$TU$44     .dwtag  DW_TAG_type_unit
    5768                      .dwmtype  $C$DW$T$44
    5769              
    5770              $C$DW$T$44      .dwtag  DW_TAG_structure_type
    5771                      .dwattr $C$DW$T$44, DW_AT_name("ADCINTFLG_BITS")
    5772                      .dwattr $C$DW$T$44, DW_AT_byte_size(0x01)
    5773              $C$DW$313       .dwtag  DW_TAG_member
    5774                      .dwattr $C$DW$313, DW_AT_type(*$C$DW$T$43)
TMS320C2000 Assembler PC v22.6.2 Tue Mar  3 20:15:52 2026

Copyright (c) 1996-2018 Texas Instruments Incorporated
dual_axis_servo_drive_user.asm                                       PAGE  118

    5775                      .dwattr $C$DW$313, DW_AT_name("ADCINT1")
    5776                      .dwattr $C$DW$313, DW_AT_bit_offset(0x0f)
    5777                      .dwattr $C$DW$313, DW_AT_bit_size(0x01)
    5778                      .dwattr $C$DW$313, DW_AT_accessibility(DW_ACCESS_public)
    5779                      .dwattr $C$DW$313, DW_AT_decl_file("C:\TI\C2000Ware_MotorControl_SDK_5_04_00_00\c2000ware\device_supp
    5780                      .dwattr $C$DW$313, DW_AT_decl_line(0x62)
    5781                      .dwattr $C$DW$313, DW_AT_decl_column(0x0c)
    5782              
    5783              $C$DW$314       .dwtag  DW_TAG_member
    5784                      .dwattr $C$DW$314, DW_AT_type(*$C$DW$T$43)
    5785                      .dwattr $C$DW$314, DW_AT_name("ADCINT2")
    5786                      .dwattr $C$DW$314, DW_AT_bit_offset(0x0e)
    5787                      .dwattr $C$DW$314, DW_AT_bit_size(0x01)
    5788                      .dwattr $C$DW$314, DW_AT_accessibility(DW_ACCESS_public)
    5789                      .dwattr $C$DW$314, DW_AT_decl_file("C:\TI\C2000Ware_MotorControl_SDK_5_04_00_00\c2000ware\device_supp
    5790                      .dwattr $C$DW$314, DW_AT_decl_line(0x63)
    5791                      .dwattr $C$DW$314, DW_AT_decl_column(0x0c)
    5792              
    5793              $C$DW$315       .dwtag  DW_TAG_member
    5794                      .dwattr $C$DW$315, DW_AT_type(*$C$DW$T$43)
    5795                      .dwattr $C$DW$315, DW_AT_name("ADCINT3")
    5796                      .dwattr $C$DW$315, DW_AT_bit_offset(0x0d)
    5797                      .dwattr $C$DW$315, DW_AT_bit_size(0x01)
    5798                      .dwattr $C$DW$315, DW_AT_accessibility(DW_ACCESS_public)
    5799                      .dwattr $C$DW$315, DW_AT_decl_file("C:\TI\C2000Ware_MotorControl_SDK_5_04_00_00\c2000ware\device_supp
    5800                      .dwattr $C$DW$315, DW_AT_decl_line(0x64)
    5801                      .dwattr $C$DW$315, DW_AT_decl_column(0x0c)
    5802              
    5803              $C$DW$316       .dwtag  DW_TAG_member
    5804                      .dwattr $C$DW$316, DW_AT_type(*$C$DW$T$43)
    5805                      .dwattr $C$DW$316, DW_AT_name("ADCINT4")
    5806                      .dwattr $C$DW$316, DW_AT_bit_offset(0x0c)
    5807                      .dwattr $C$DW$316, DW_AT_bit_size(0x01)
    5808                      .dwattr $C$DW$316, DW_AT_accessibility(DW_ACCESS_public)
    5809                      .dwattr $C$DW$316, DW_AT_decl_file("C:\TI\C2000Ware_MotorControl_SDK_5_04_00_00\c2000ware\device_supp
    5810                      .dwattr $C$DW$316, DW_AT_decl_line(0x65)
    5811                      .dwattr $C$DW$316, DW_AT_decl_column(0x0c)
    5812              
    5813              $C$DW$317       .dwtag  DW_TAG_member
    5814                      .dwattr $C$DW$317, DW_AT_type(*$C$DW$T$43)
    5815                      .dwattr $C$DW$317, DW_AT_name("rsvd1")
    5816                      .dwattr $C$DW$317, DW_AT_bit_offset(0x00)
    5817                      .dwattr $C$DW$317, DW_AT_bit_size(0x0c)
    5818                      .dwattr $C$DW$317, DW_AT_accessibility(DW_ACCESS_public)
    5819                      .dwattr $C$DW$317, DW_AT_decl_file("C:\TI\C2000Ware_MotorControl_SDK_5_04_00_00\c2000ware\device_supp
    5820                      .dwattr $C$DW$317, DW_AT_decl_line(0x66)
    5821                      .dwattr $C$DW$317, DW_AT_decl_column(0x0c)
    5822              
    5823                      .dwattr $C$DW$T$44, DW_AT_decl_file("C:\TI\C2000Ware_MotorControl_SDK_5_04_00_00\c2000ware\device_sup
    5824                      .dwattr $C$DW$T$44, DW_AT_decl_line(0x61)
    5825                      .dwattr $C$DW$T$44, DW_AT_decl_column(0x08)
    5826                      .dwendtag $C$DW$T$44
    5827              
    5828                      .dwendtag $C$DW$TU$44
    5829              
TMS320C2000 Assembler PC v22.6.2 Tue Mar  3 20:15:52 2026

Copyright (c) 1996-2018 Texas Instruments Incorporated
dual_axis_servo_drive_user.asm                                       PAGE  119

    5830              
    5831              $C$DW$TU$45     .dwtag  DW_TAG_type_unit
    5832                      .dwmtype  $C$DW$T$45
    5833              
    5834              $C$DW$T$45      .dwtag  DW_TAG_union_type
    5835                      .dwattr $C$DW$T$45, DW_AT_name("ADCINTFLG_REG")
    5836                      .dwattr $C$DW$T$45, DW_AT_byte_size(0x01)
    5837              $C$DW$318       .dwtag  DW_TAG_member
    5838                      .dwattr $C$DW$318, DW_AT_type(*$C$DW$T$43)
    5839                      .dwattr $C$DW$318, DW_AT_name("all")
    5840                      .dwattr $C$DW$318, DW_AT_accessibility(DW_ACCESS_public)
    5841                      .dwattr $C$DW$318, DW_AT_decl_file("C:\TI\C2000Ware_MotorControl_SDK_5_04_00_00\c2000ware\device_supp
    5842                      .dwattr $C$DW$318, DW_AT_decl_line(0x6a)
    5843                      .dwattr $C$DW$318, DW_AT_decl_column(0x0d)
    5844              
    5845              $C$DW$319       .dwtag  DW_TAG_member
    5846                      .dwattr $C$DW$319, DW_AT_type(*$C$DW$T$44)
    5847                      .dwattr $C$DW$319, DW_AT_name("bit")
    5848                      .dwattr $C$DW$319, DW_AT_accessibility(DW_ACCESS_public)
    5849                      .dwattr $C$DW$319, DW_AT_decl_file("C:\TI\C2000Ware_MotorControl_SDK_5_04_00_00\c2000ware\device_supp
    5850                      .dwattr $C$DW$319, DW_AT_decl_line(0x6b)
    5851                      .dwattr $C$DW$319, DW_AT_decl_column(0x1d)
    5852              
    5853                      .dwattr $C$DW$T$45, DW_AT_decl_file("C:\TI\C2000Ware_MotorControl_SDK_5_04_00_00\c2000ware\device_sup
    5854                      .dwattr $C$DW$T$45, DW_AT_decl_line(0x69)
    5855                      .dwattr $C$DW$T$45, DW_AT_decl_column(0x07)
    5856                      .dwendtag $C$DW$T$45
    5857              
    5858                      .dwendtag $C$DW$TU$45
    5859              
    5860              
    5861              $C$DW$TU$82     .dwtag  DW_TAG_type_unit
    5862                      .dwmtype  $C$DW$T$82
    5863              $C$DW$320       .dwtag  DW_TAG_TI_far_type
    5864                      .dwattr $C$DW$320, DW_AT_type(*$C$DW$T$45)
    5865              
    5866              $C$DW$T$82      .dwtag  DW_TAG_volatile_type
    5867                      .dwattr $C$DW$T$82, DW_AT_type(*$C$DW$320)
    5868              
    5869                      .dwendtag $C$DW$TU$82
    5870              
    5871              
    5872              $C$DW$TU$83     .dwtag  DW_TAG_type_unit
    5873                      .dwmtype  $C$DW$T$83
    5874              $C$DW$T$83      .dwtag  DW_TAG_pointer_type
    5875                      .dwattr $C$DW$T$83, DW_AT_type(*$C$DW$T$82)
    5876                      .dwattr $C$DW$T$83, DW_AT_address_class(0x20)
    5877              
    5878                      .dwendtag $C$DW$TU$83
    5879              
    5880              
    5881              $C$DW$TU$47     .dwtag  DW_TAG_type_unit
    5882                      .dwmtype  $C$DW$T$47
    5883              
    5884              $C$DW$T$47      .dwtag  DW_TAG_structure_type
TMS320C2000 Assembler PC v22.6.2 Tue Mar  3 20:15:52 2026

Copyright (c) 1996-2018 Texas Instruments Incorporated
dual_axis_servo_drive_user.asm                                       PAGE  120

    5885                      .dwattr $C$DW$T$47, DW_AT_name("EQEP_REGS")
    5886                      .dwattr $C$DW$T$47, DW_AT_byte_size(0x22)
    5887              $C$DW$321       .dwtag  DW_TAG_member
    5888                      .dwattr $C$DW$321, DW_AT_type(*$C$DW$T$46)
    5889                      .dwattr $C$DW$321, DW_AT_name("QPOSCNT")
    5890                      .dwattr $C$DW$321, DW_AT_accessibility(DW_ACCESS_public)
    5891                      .dwattr $C$DW$321, DW_AT_decl_file("C:\TI\C2000Ware_MotorControl_SDK_5_04_00_00\c2000ware\device_supp
    5892                      .dwattr $C$DW$321, DW_AT_decl_line(0xdb)
    5893                      .dwattr $C$DW$321, DW_AT_decl_column(0x2e)
    5894              
    5895              $C$DW$322       .dwtag  DW_TAG_member
    5896                      .dwattr $C$DW$322, DW_AT_type(*$C$DW$T$46)
    5897                      .dwattr $C$DW$322, DW_AT_name("QPOSINIT")
    5898                      .dwattr $C$DW$322, DW_AT_data_member_location[DW_OP_plus_uconst 0x2]
    5899                      .dwattr $C$DW$322, DW_AT_accessibility(DW_ACCESS_public)
    5900                      .dwattr $C$DW$322, DW_AT_decl_file("C:\TI\C2000Ware_MotorControl_SDK_5_04_00_00\c2000ware\device_supp
    5901                      .dwattr $C$DW$322, DW_AT_decl_line(0xdc)
    5902                      .dwattr $C$DW$322, DW_AT_decl_column(0x2e)
    5903              
    5904              $C$DW$323       .dwtag  DW_TAG_member
    5905                      .dwattr $C$DW$323, DW_AT_type(*$C$DW$T$46)
    5906                      .dwattr $C$DW$323, DW_AT_name("QPOSMAX")
    5907                      .dwattr $C$DW$323, DW_AT_data_member_location[DW_OP_plus_uconst 0x4]
    5908                      .dwattr $C$DW$323, DW_AT_accessibility(DW_ACCESS_public)
    5909                      .dwattr $C$DW$323, DW_AT_decl_file("C:\TI\C2000Ware_MotorControl_SDK_5_04_00_00\c2000ware\device_supp
    5910                      .dwattr $C$DW$323, DW_AT_decl_line(0xdd)
    5911                      .dwattr $C$DW$323, DW_AT_decl_column(0x2e)
    5912              
    5913              $C$DW$324       .dwtag  DW_TAG_member
    5914                      .dwattr $C$DW$324, DW_AT_type(*$C$DW$T$46)
    5915                      .dwattr $C$DW$324, DW_AT_name("QPOSCMP")
    5916                      .dwattr $C$DW$324, DW_AT_data_member_location[DW_OP_plus_uconst 0x6]
    5917                      .dwattr $C$DW$324, DW_AT_accessibility(DW_ACCESS_public)
    5918                      .dwattr $C$DW$324, DW_AT_decl_file("C:\TI\C2000Ware_MotorControl_SDK_5_04_00_00\c2000ware\device_supp
    5919                      .dwattr $C$DW$324, DW_AT_decl_line(0xde)
    5920                      .dwattr $C$DW$324, DW_AT_decl_column(0x2e)
    5921              
    5922              $C$DW$325       .dwtag  DW_TAG_member
    5923                      .dwattr $C$DW$325, DW_AT_type(*$C$DW$T$46)
    5924                      .dwattr $C$DW$325, DW_AT_name("QPOSILAT")
    5925                      .dwattr $C$DW$325, DW_AT_data_member_location[DW_OP_plus_uconst 0x8]
    5926                      .dwattr $C$DW$325, DW_AT_accessibility(DW_ACCESS_public)
    5927                      .dwattr $C$DW$325, DW_AT_decl_file("C:\TI\C2000Ware_MotorControl_SDK_5_04_00_00\c2000ware\device_supp
    5928                      .dwattr $C$DW$325, DW_AT_decl_line(0xdf)
    5929                      .dwattr $C$DW$325, DW_AT_decl_column(0x2e)
    5930              
    5931              $C$DW$326       .dwtag  DW_TAG_member
    5932                      .dwattr $C$DW$326, DW_AT_type(*$C$DW$T$46)
    5933                      .dwattr $C$DW$326, DW_AT_name("QPOSSLAT")
    5934                      .dwattr $C$DW$326, DW_AT_data_member_location[DW_OP_plus_uconst 0xa]
    5935                      .dwattr $C$DW$326, DW_AT_accessibility(DW_ACCESS_public)
    5936                      .dwattr $C$DW$326, DW_AT_decl_file("C:\TI\C2000Ware_MotorControl_SDK_5_04_00_00\c2000ware\device_supp
    5937                      .dwattr $C$DW$326, DW_AT_decl_line(0xe0)
    5938                      .dwattr $C$DW$326, DW_AT_decl_column(0x2e)
    5939              
TMS320C2000 Assembler PC v22.6.2 Tue Mar  3 20:15:52 2026

Copyright (c) 1996-2018 Texas Instruments Incorporated
dual_axis_servo_drive_user.asm                                       PAGE  121

    5940              $C$DW$327       .dwtag  DW_TAG_member
    5941                      .dwattr $C$DW$327, DW_AT_type(*$C$DW$T$46)
    5942                      .dwattr $C$DW$327, DW_AT_name("QPOSLAT")
    5943                      .dwattr $C$DW$327, DW_AT_data_member_location[DW_OP_plus_uconst 0xc]
    5944                      .dwattr $C$DW$327, DW_AT_accessibility(DW_ACCESS_public)
    5945                      .dwattr $C$DW$327, DW_AT_decl_file("C:\TI\C2000Ware_MotorControl_SDK_5_04_00_00\c2000ware\device_supp
    5946                      .dwattr $C$DW$327, DW_AT_decl_line(0xe1)
    5947                      .dwattr $C$DW$327, DW_AT_decl_column(0x2e)
    5948              
    5949              $C$DW$328       .dwtag  DW_TAG_member
    5950                      .dwattr $C$DW$328, DW_AT_type(*$C$DW$T$46)
    5951                      .dwattr $C$DW$328, DW_AT_name("QUTMR")
    5952                      .dwattr $C$DW$328, DW_AT_data_member_location[DW_OP_plus_uconst 0xe]
    5953                      .dwattr $C$DW$328, DW_AT_accessibility(DW_ACCESS_public)
    5954                      .dwattr $C$DW$328, DW_AT_decl_file("C:\TI\C2000Ware_MotorControl_SDK_5_04_00_00\c2000ware\device_supp
    5955                      .dwattr $C$DW$328, DW_AT_decl_line(0xe2)
    5956                      .dwattr $C$DW$328, DW_AT_decl_column(0x2e)
    5957              
    5958              $C$DW$329       .dwtag  DW_TAG_member
    5959                      .dwattr $C$DW$329, DW_AT_type(*$C$DW$T$46)
    5960                      .dwattr $C$DW$329, DW_AT_name("QUPRD")
    5961                      .dwattr $C$DW$329, DW_AT_data_member_location[DW_OP_plus_uconst 0x10]
    5962                      .dwattr $C$DW$329, DW_AT_accessibility(DW_ACCESS_public)
    5963                      .dwattr $C$DW$329, DW_AT_decl_file("C:\TI\C2000Ware_MotorControl_SDK_5_04_00_00\c2000ware\device_supp
    5964                      .dwattr $C$DW$329, DW_AT_decl_line(0xe3)
    5965                      .dwattr $C$DW$329, DW_AT_decl_column(0x2e)
    5966              
    5967              $C$DW$330       .dwtag  DW_TAG_member
    5968                      .dwattr $C$DW$330, DW_AT_type(*$C$DW$T$43)
    5969                      .dwattr $C$DW$330, DW_AT_name("QWDTMR")
    5970                      .dwattr $C$DW$330, DW_AT_data_member_location[DW_OP_plus_uconst 0x12]
    5971                      .dwattr $C$DW$330, DW_AT_accessibility(DW_ACCESS_public)
    5972                      .dwattr $C$DW$330, DW_AT_decl_file("C:\TI\C2000Ware_MotorControl_SDK_5_04_00_00\c2000ware\device_supp
    5973                      .dwattr $C$DW$330, DW_AT_decl_line(0xe4)
    5974                      .dwattr $C$DW$330, DW_AT_decl_column(0x2e)
    5975              
    5976              $C$DW$331       .dwtag  DW_TAG_member
    5977                      .dwattr $C$DW$331, DW_AT_type(*$C$DW$T$43)
    5978                      .dwattr $C$DW$331, DW_AT_name("QWDPRD")
    5979                      .dwattr $C$DW$331, DW_AT_data_member_location[DW_OP_plus_uconst 0x13]
    5980                      .dwattr $C$DW$331, DW_AT_accessibility(DW_ACCESS_public)
    5981                      .dwattr $C$DW$331, DW_AT_decl_file("C:\TI\C2000Ware_MotorControl_SDK_5_04_00_00\c2000ware\device_supp
    5982                      .dwattr $C$DW$331, DW_AT_decl_line(0xe5)
    5983                      .dwattr $C$DW$331, DW_AT_decl_column(0x2e)
    5984              
    5985              $C$DW$332       .dwtag  DW_TAG_member
    5986                      .dwattr $C$DW$332, DW_AT_type(*$C$DW$T$53)
    5987                      .dwattr $C$DW$332, DW_AT_name("QDECCTL")
    5988                      .dwattr $C$DW$332, DW_AT_data_member_location[DW_OP_plus_uconst 0x14]
    5989                      .dwattr $C$DW$332, DW_AT_accessibility(DW_ACCESS_public)
    5990                      .dwattr $C$DW$332, DW_AT_decl_file("C:\TI\C2000Ware_MotorControl_SDK_5_04_00_00\c2000ware\device_supp
    5991                      .dwattr $C$DW$332, DW_AT_decl_line(0xe6)
    5992                      .dwattr $C$DW$332, DW_AT_decl_column(0x2e)
    5993              
    5994              $C$DW$333       .dwtag  DW_TAG_member
TMS320C2000 Assembler PC v22.6.2 Tue Mar  3 20:15:52 2026

Copyright (c) 1996-2018 Texas Instruments Incorporated
dual_axis_servo_drive_user.asm                                       PAGE  122

    5995                      .dwattr $C$DW$333, DW_AT_type(*$C$DW$T$57)
    5996                      .dwattr $C$DW$333, DW_AT_name("QEPCTL")
    5997                      .dwattr $C$DW$333, DW_AT_data_member_location[DW_OP_plus_uconst 0x15]
    5998                      .dwattr $C$DW$333, DW_AT_accessibility(DW_ACCESS_public)
    5999                      .dwattr $C$DW$333, DW_AT_decl_file("C:\TI\C2000Ware_MotorControl_SDK_5_04_00_00\c2000ware\device_supp
    6000                      .dwattr $C$DW$333, DW_AT_decl_line(0xe7)
    6001                      .dwattr $C$DW$333, DW_AT_decl_column(0x2e)
    6002              
    6003              $C$DW$334       .dwtag  DW_TAG_member
    6004                      .dwattr $C$DW$334, DW_AT_type(*$C$DW$T$49)
    6005                      .dwattr $C$DW$334, DW_AT_name("QCAPCTL")
    6006                      .dwattr $C$DW$334, DW_AT_data_member_location[DW_OP_plus_uconst 0x16]
    6007                      .dwattr $C$DW$334, DW_AT_accessibility(DW_ACCESS_public)
    6008                      .dwattr $C$DW$334, DW_AT_decl_file("C:\TI\C2000Ware_MotorControl_SDK_5_04_00_00\c2000ware\device_supp
    6009                      .dwattr $C$DW$334, DW_AT_decl_line(0xe8)
    6010                      .dwattr $C$DW$334, DW_AT_decl_column(0x2e)
    6011              
    6012              $C$DW$335       .dwtag  DW_TAG_member
    6013                      .dwattr $C$DW$335, DW_AT_type(*$C$DW$T$65)
    6014                      .dwattr $C$DW$335, DW_AT_name("QPOSCTL")
    6015                      .dwattr $C$DW$335, DW_AT_data_member_location[DW_OP_plus_uconst 0x17]
    6016                      .dwattr $C$DW$335, DW_AT_accessibility(DW_ACCESS_public)
    6017                      .dwattr $C$DW$335, DW_AT_decl_file("C:\TI\C2000Ware_MotorControl_SDK_5_04_00_00\c2000ware\device_supp
    6018                      .dwattr $C$DW$335, DW_AT_decl_line(0xe9)
    6019                      .dwattr $C$DW$335, DW_AT_decl_column(0x2e)
    6020              
    6021              $C$DW$336       .dwtag  DW_TAG_member
    6022                      .dwattr $C$DW$336, DW_AT_type(*$C$DW$T$55)
    6023                      .dwattr $C$DW$336, DW_AT_name("QEINT")
    6024                      .dwattr $C$DW$336, DW_AT_data_member_location[DW_OP_plus_uconst 0x18]
    6025                      .dwattr $C$DW$336, DW_AT_accessibility(DW_ACCESS_public)
    6026                      .dwattr $C$DW$336, DW_AT_decl_file("C:\TI\C2000Ware_MotorControl_SDK_5_04_00_00\c2000ware\device_supp
    6027                      .dwattr $C$DW$336, DW_AT_decl_line(0xea)
    6028                      .dwattr $C$DW$336, DW_AT_decl_column(0x2e)
    6029              
    6030              $C$DW$337       .dwtag  DW_TAG_member
    6031                      .dwattr $C$DW$337, DW_AT_type(*$C$DW$T$61)
    6032                      .dwattr $C$DW$337, DW_AT_name("QFLG")
    6033                      .dwattr $C$DW$337, DW_AT_data_member_location[DW_OP_plus_uconst 0x19]
    6034                      .dwattr $C$DW$337, DW_AT_accessibility(DW_ACCESS_public)
    6035                      .dwattr $C$DW$337, DW_AT_decl_file("C:\TI\C2000Ware_MotorControl_SDK_5_04_00_00\c2000ware\device_supp
    6036                      .dwattr $C$DW$337, DW_AT_decl_line(0xeb)
    6037                      .dwattr $C$DW$337, DW_AT_decl_column(0x2e)
    6038              
    6039              $C$DW$338       .dwtag  DW_TAG_member
    6040                      .dwattr $C$DW$338, DW_AT_type(*$C$DW$T$51)
    6041                      .dwattr $C$DW$338, DW_AT_name("QCLR")
    6042                      .dwattr $C$DW$338, DW_AT_data_member_location[DW_OP_plus_uconst 0x1a]
    6043                      .dwattr $C$DW$338, DW_AT_accessibility(DW_ACCESS_public)
    6044                      .dwattr $C$DW$338, DW_AT_decl_file("C:\TI\C2000Ware_MotorControl_SDK_5_04_00_00\c2000ware\device_supp
    6045                      .dwattr $C$DW$338, DW_AT_decl_line(0xec)
    6046                      .dwattr $C$DW$338, DW_AT_decl_column(0x2e)
    6047              
    6048              $C$DW$339       .dwtag  DW_TAG_member
    6049                      .dwattr $C$DW$339, DW_AT_type(*$C$DW$T$63)
TMS320C2000 Assembler PC v22.6.2 Tue Mar  3 20:15:52 2026

Copyright (c) 1996-2018 Texas Instruments Incorporated
dual_axis_servo_drive_user.asm                                       PAGE  123

    6050                      .dwattr $C$DW$339, DW_AT_name("QFRC")
    6051                      .dwattr $C$DW$339, DW_AT_data_member_location[DW_OP_plus_uconst 0x1b]
    6052                      .dwattr $C$DW$339, DW_AT_accessibility(DW_ACCESS_public)
    6053                      .dwattr $C$DW$339, DW_AT_decl_file("C:\TI\C2000Ware_MotorControl_SDK_5_04_00_00\c2000ware\device_supp
    6054                      .dwattr $C$DW$339, DW_AT_decl_line(0xed)
    6055                      .dwattr $C$DW$339, DW_AT_decl_column(0x2e)
    6056              
    6057              $C$DW$340       .dwtag  DW_TAG_member
    6058                      .dwattr $C$DW$340, DW_AT_type(*$C$DW$T$59)
    6059                      .dwattr $C$DW$340, DW_AT_name("QEPSTS")
    6060                      .dwattr $C$DW$340, DW_AT_data_member_location[DW_OP_plus_uconst 0x1c]
    6061                      .dwattr $C$DW$340, DW_AT_accessibility(DW_ACCESS_public)
    6062                      .dwattr $C$DW$340, DW_AT_decl_file("C:\TI\C2000Ware_MotorControl_SDK_5_04_00_00\c2000ware\device_supp
    6063                      .dwattr $C$DW$340, DW_AT_decl_line(0xee)
    6064                      .dwattr $C$DW$340, DW_AT_decl_column(0x2e)
    6065              
    6066              $C$DW$341       .dwtag  DW_TAG_member
    6067                      .dwattr $C$DW$341, DW_AT_type(*$C$DW$T$43)
    6068                      .dwattr $C$DW$341, DW_AT_name("QCTMR")
    6069                      .dwattr $C$DW$341, DW_AT_data_member_location[DW_OP_plus_uconst 0x1d]
    6070                      .dwattr $C$DW$341, DW_AT_accessibility(DW_ACCESS_public)
    6071                      .dwattr $C$DW$341, DW_AT_decl_file("C:\TI\C2000Ware_MotorControl_SDK_5_04_00_00\c2000ware\device_supp
    6072                      .dwattr $C$DW$341, DW_AT_decl_line(0xef)
    6073                      .dwattr $C$DW$341, DW_AT_decl_column(0x2e)
    6074              
    6075              $C$DW$342       .dwtag  DW_TAG_member
    6076                      .dwattr $C$DW$342, DW_AT_type(*$C$DW$T$43)
    6077                      .dwattr $C$DW$342, DW_AT_name("QCPRD")
    6078                      .dwattr $C$DW$342, DW_AT_data_member_location[DW_OP_plus_uconst 0x1e]
    6079                      .dwattr $C$DW$342, DW_AT_accessibility(DW_ACCESS_public)
    6080                      .dwattr $C$DW$342, DW_AT_decl_file("C:\TI\C2000Ware_MotorControl_SDK_5_04_00_00\c2000ware\device_supp
    6081                      .dwattr $C$DW$342, DW_AT_decl_line(0xf0)
    6082                      .dwattr $C$DW$342, DW_AT_decl_column(0x2e)
    6083              
    6084              $C$DW$343       .dwtag  DW_TAG_member
    6085                      .dwattr $C$DW$343, DW_AT_type(*$C$DW$T$43)
    6086                      .dwattr $C$DW$343, DW_AT_name("QCTMRLAT")
    6087                      .dwattr $C$DW$343, DW_AT_data_member_location[DW_OP_plus_uconst 0x1f]
    6088                      .dwattr $C$DW$343, DW_AT_accessibility(DW_ACCESS_public)
    6089                      .dwattr $C$DW$343, DW_AT_decl_file("C:\TI\C2000Ware_MotorControl_SDK_5_04_00_00\c2000ware\device_supp
    6090                      .dwattr $C$DW$343, DW_AT_decl_line(0xf1)
    6091                      .dwattr $C$DW$343, DW_AT_decl_column(0x2e)
    6092              
    6093              $C$DW$344       .dwtag  DW_TAG_member
    6094                      .dwattr $C$DW$344, DW_AT_type(*$C$DW$T$43)
    6095                      .dwattr $C$DW$344, DW_AT_name("QCPRDLAT")
    6096                      .dwattr $C$DW$344, DW_AT_data_member_location[DW_OP_plus_uconst 0x20]
    6097                      .dwattr $C$DW$344, DW_AT_accessibility(DW_ACCESS_public)
    6098                      .dwattr $C$DW$344, DW_AT_decl_file("C:\TI\C2000Ware_MotorControl_SDK_5_04_00_00\c2000ware\device_supp
    6099                      .dwattr $C$DW$344, DW_AT_decl_line(0xf2)
    6100                      .dwattr $C$DW$344, DW_AT_decl_column(0x2e)
    6101              
    6102                      .dwattr $C$DW$T$47, DW_AT_decl_file("C:\TI\C2000Ware_MotorControl_SDK_5_04_00_00\c2000ware\device_sup
    6103                      .dwattr $C$DW$T$47, DW_AT_decl_line(0xda)
    6104                      .dwattr $C$DW$T$47, DW_AT_decl_column(0x08)
TMS320C2000 Assembler PC v22.6.2 Tue Mar  3 20:15:52 2026

Copyright (c) 1996-2018 Texas Instruments Incorporated
dual_axis_servo_drive_user.asm                                       PAGE  124

    6105                      .dwendtag $C$DW$T$47
    6106              
    6107                      .dwendtag $C$DW$TU$47
    6108              
    6109              
    6110              $C$DW$TU$73     .dwtag  DW_TAG_type_unit
    6111                      .dwmtype  $C$DW$T$73
    6112              $C$DW$345       .dwtag  DW_TAG_TI_far_type
    6113                      .dwattr $C$DW$345, DW_AT_type(*$C$DW$T$47)
    6114              
    6115              $C$DW$T$73      .dwtag  DW_TAG_volatile_type
    6116                      .dwattr $C$DW$T$73, DW_AT_type(*$C$DW$345)
    6117              
    6118                      .dwendtag $C$DW$TU$73
    6119              
    6120              
    6121              $C$DW$TU$74     .dwtag  DW_TAG_type_unit
    6122                      .dwmtype  $C$DW$T$74
    6123              $C$DW$T$74      .dwtag  DW_TAG_pointer_type
    6124                      .dwattr $C$DW$T$74, DW_AT_type(*$C$DW$T$73)
    6125                      .dwattr $C$DW$T$74, DW_AT_address_class(0x20)
    6126              
    6127                      .dwendtag $C$DW$TU$74
    6128              
    6129              
    6130              $C$DW$TU$48     .dwtag  DW_TAG_type_unit
    6131                      .dwmtype  $C$DW$T$48
    6132              
    6133              $C$DW$T$48      .dwtag  DW_TAG_structure_type
    6134                      .dwattr $C$DW$T$48, DW_AT_name("QCAPCTL_BITS")
    6135                      .dwattr $C$DW$T$48, DW_AT_byte_size(0x01)
    6136              $C$DW$346       .dwtag  DW_TAG_member
    6137                      .dwattr $C$DW$346, DW_AT_type(*$C$DW$T$43)
    6138                      .dwattr $C$DW$346, DW_AT_name("UPPS")
    6139                      .dwattr $C$DW$346, DW_AT_bit_offset(0x0c)
    6140                      .dwattr $C$DW$346, DW_AT_bit_size(0x04)
    6141                      .dwattr $C$DW$346, DW_AT_accessibility(DW_ACCESS_public)
    6142                      .dwattr $C$DW$346, DW_AT_decl_file("C:\TI\C2000Ware_MotorControl_SDK_5_04_00_00\c2000ware\device_supp
    6143                      .dwattr $C$DW$346, DW_AT_decl_line(0x5d)
    6144                      .dwattr $C$DW$346, DW_AT_decl_column(0x0c)
    6145              
    6146              $C$DW$347       .dwtag  DW_TAG_member
    6147                      .dwattr $C$DW$347, DW_AT_type(*$C$DW$T$43)
    6148                      .dwattr $C$DW$347, DW_AT_name("CCPS")
    6149                      .dwattr $C$DW$347, DW_AT_bit_offset(0x09)
    6150                      .dwattr $C$DW$347, DW_AT_bit_size(0x03)
    6151                      .dwattr $C$DW$347, DW_AT_accessibility(DW_ACCESS_public)
    6152                      .dwattr $C$DW$347, DW_AT_decl_file("C:\TI\C2000Ware_MotorControl_SDK_5_04_00_00\c2000ware\device_supp
    6153                      .dwattr $C$DW$347, DW_AT_decl_line(0x5e)
    6154                      .dwattr $C$DW$347, DW_AT_decl_column(0x0c)
    6155              
    6156              $C$DW$348       .dwtag  DW_TAG_member
    6157                      .dwattr $C$DW$348, DW_AT_type(*$C$DW$T$43)
    6158                      .dwattr $C$DW$348, DW_AT_name("rsvd1")
    6159                      .dwattr $C$DW$348, DW_AT_bit_offset(0x01)
TMS320C2000 Assembler PC v22.6.2 Tue Mar  3 20:15:52 2026

Copyright (c) 1996-2018 Texas Instruments Incorporated
dual_axis_servo_drive_user.asm                                       PAGE  125

    6160                      .dwattr $C$DW$348, DW_AT_bit_size(0x08)
    6161                      .dwattr $C$DW$348, DW_AT_accessibility(DW_ACCESS_public)
    6162                      .dwattr $C$DW$348, DW_AT_decl_file("C:\TI\C2000Ware_MotorControl_SDK_5_04_00_00\c2000ware\device_supp
    6163                      .dwattr $C$DW$348, DW_AT_decl_line(0x5f)
    6164                      .dwattr $C$DW$348, DW_AT_decl_column(0x0c)
    6165              
    6166              $C$DW$349       .dwtag  DW_TAG_member
    6167                      .dwattr $C$DW$349, DW_AT_type(*$C$DW$T$43)
    6168                      .dwattr $C$DW$349, DW_AT_name("CEN")
    6169                      .dwattr $C$DW$349, DW_AT_bit_offset(0x00)
    6170                      .dwattr $C$DW$349, DW_AT_bit_size(0x01)
    6171                      .dwattr $C$DW$349, DW_AT_accessibility(DW_ACCESS_public)
    6172                      .dwattr $C$DW$349, DW_AT_decl_file("C:\TI\C2000Ware_MotorControl_SDK_5_04_00_00\c2000ware\device_supp
    6173                      .dwattr $C$DW$349, DW_AT_decl_line(0x60)
    6174                      .dwattr $C$DW$349, DW_AT_decl_column(0x0c)
    6175              
    6176                      .dwattr $C$DW$T$48, DW_AT_decl_file("C:\TI\C2000Ware_MotorControl_SDK_5_04_00_00\c2000ware\device_sup
    6177                      .dwattr $C$DW$T$48, DW_AT_decl_line(0x5c)
    6178                      .dwattr $C$DW$T$48, DW_AT_decl_column(0x08)
    6179                      .dwendtag $C$DW$T$48
    6180              
    6181                      .dwendtag $C$DW$TU$48
    6182              
    6183              
    6184              $C$DW$TU$49     .dwtag  DW_TAG_type_unit
    6185                      .dwmtype  $C$DW$T$49
    6186              
    6187              $C$DW$T$49      .dwtag  DW_TAG_union_type
    6188                      .dwattr $C$DW$T$49, DW_AT_name("QCAPCTL_REG")
    6189                      .dwattr $C$DW$T$49, DW_AT_byte_size(0x01)
    6190              $C$DW$350       .dwtag  DW_TAG_member
    6191                      .dwattr $C$DW$350, DW_AT_type(*$C$DW$T$43)
    6192                      .dwattr $C$DW$350, DW_AT_name("all")
    6193                      .dwattr $C$DW$350, DW_AT_accessibility(DW_ACCESS_public)
    6194                      .dwattr $C$DW$350, DW_AT_decl_file("C:\TI\C2000Ware_MotorControl_SDK_5_04_00_00\c2000ware\device_supp
    6195                      .dwattr $C$DW$350, DW_AT_decl_line(0x64)
    6196                      .dwattr $C$DW$350, DW_AT_decl_column(0x0d)
    6197              
    6198              $C$DW$351       .dwtag  DW_TAG_member
    6199                      .dwattr $C$DW$351, DW_AT_type(*$C$DW$T$48)
    6200                      .dwattr $C$DW$351, DW_AT_name("bit")
    6201                      .dwattr $C$DW$351, DW_AT_accessibility(DW_ACCESS_public)
    6202                      .dwattr $C$DW$351, DW_AT_decl_file("C:\TI\C2000Ware_MotorControl_SDK_5_04_00_00\c2000ware\device_supp
    6203                      .dwattr $C$DW$351, DW_AT_decl_line(0x65)
    6204                      .dwattr $C$DW$351, DW_AT_decl_column(0x1b)
    6205              
    6206                      .dwattr $C$DW$T$49, DW_AT_decl_file("C:\TI\C2000Ware_MotorControl_SDK_5_04_00_00\c2000ware\device_sup
    6207                      .dwattr $C$DW$T$49, DW_AT_decl_line(0x63)
    6208                      .dwattr $C$DW$T$49, DW_AT_decl_column(0x07)
    6209                      .dwendtag $C$DW$T$49
    6210              
    6211                      .dwendtag $C$DW$TU$49
    6212              
    6213              
    6214              $C$DW$TU$50     .dwtag  DW_TAG_type_unit
TMS320C2000 Assembler PC v22.6.2 Tue Mar  3 20:15:52 2026

Copyright (c) 1996-2018 Texas Instruments Incorporated
dual_axis_servo_drive_user.asm                                       PAGE  126

    6215                      .dwmtype  $C$DW$T$50
    6216              
    6217              $C$DW$T$50      .dwtag  DW_TAG_structure_type
    6218                      .dwattr $C$DW$T$50, DW_AT_name("QCLR_BITS")
    6219                      .dwattr $C$DW$T$50, DW_AT_byte_size(0x01)
    6220              $C$DW$352       .dwtag  DW_TAG_member
    6221                      .dwattr $C$DW$352, DW_AT_type(*$C$DW$T$43)
    6222                      .dwattr $C$DW$352, DW_AT_name("INT")
    6223                      .dwattr $C$DW$352, DW_AT_bit_offset(0x0f)
    6224                      .dwattr $C$DW$352, DW_AT_bit_size(0x01)
    6225                      .dwattr $C$DW$352, DW_AT_accessibility(DW_ACCESS_public)
    6226                      .dwattr $C$DW$352, DW_AT_decl_file("C:\TI\C2000Ware_MotorControl_SDK_5_04_00_00\c2000ware\device_supp
    6227                      .dwattr $C$DW$352, DW_AT_decl_line(0xa0)
    6228                      .dwattr $C$DW$352, DW_AT_decl_column(0x0c)
    6229              
    6230              $C$DW$353       .dwtag  DW_TAG_member
    6231                      .dwattr $C$DW$353, DW_AT_type(*$C$DW$T$43)
    6232                      .dwattr $C$DW$353, DW_AT_name("PCE")
    6233                      .dwattr $C$DW$353, DW_AT_bit_offset(0x0e)
    6234                      .dwattr $C$DW$353, DW_AT_bit_size(0x01)
    6235                      .dwattr $C$DW$353, DW_AT_accessibility(DW_ACCESS_public)
    6236                      .dwattr $C$DW$353, DW_AT_decl_file("C:\TI\C2000Ware_MotorControl_SDK_5_04_00_00\c2000ware\device_supp
    6237                      .dwattr $C$DW$353, DW_AT_decl_line(0xa1)
    6238                      .dwattr $C$DW$353, DW_AT_decl_column(0x0c)
    6239              
    6240              $C$DW$354       .dwtag  DW_TAG_member
    6241                      .dwattr $C$DW$354, DW_AT_type(*$C$DW$T$43)
    6242                      .dwattr $C$DW$354, DW_AT_name("PHE")
    6243                      .dwattr $C$DW$354, DW_AT_bit_offset(0x0d)
    6244                      .dwattr $C$DW$354, DW_AT_bit_size(0x01)
    6245                      .dwattr $C$DW$354, DW_AT_accessibility(DW_ACCESS_public)
    6246                      .dwattr $C$DW$354, DW_AT_decl_file("C:\TI\C2000Ware_MotorControl_SDK_5_04_00_00\c2000ware\device_supp
    6247                      .dwattr $C$DW$354, DW_AT_decl_line(0xa2)
    6248                      .dwattr $C$DW$354, DW_AT_decl_column(0x0c)
    6249              
    6250              $C$DW$355       .dwtag  DW_TAG_member
    6251                      .dwattr $C$DW$355, DW_AT_type(*$C$DW$T$43)
    6252                      .dwattr $C$DW$355, DW_AT_name("QDC")
    6253                      .dwattr $C$DW$355, DW_AT_bit_offset(0x0c)
    6254                      .dwattr $C$DW$355, DW_AT_bit_size(0x01)
    6255                      .dwattr $C$DW$355, DW_AT_accessibility(DW_ACCESS_public)
    6256                      .dwattr $C$DW$355, DW_AT_decl_file("C:\TI\C2000Ware_MotorControl_SDK_5_04_00_00\c2000ware\device_supp
    6257                      .dwattr $C$DW$355, DW_AT_decl_line(0xa3)
    6258                      .dwattr $C$DW$355, DW_AT_decl_column(0x0c)
    6259              
    6260              $C$DW$356       .dwtag  DW_TAG_member
    6261                      .dwattr $C$DW$356, DW_AT_type(*$C$DW$T$43)
    6262                      .dwattr $C$DW$356, DW_AT_name("WTO")
    6263                      .dwattr $C$DW$356, DW_AT_bit_offset(0x0b)
    6264                      .dwattr $C$DW$356, DW_AT_bit_size(0x01)
    6265                      .dwattr $C$DW$356, DW_AT_accessibility(DW_ACCESS_public)
    6266                      .dwattr $C$DW$356, DW_AT_decl_file("C:\TI\C2000Ware_MotorControl_SDK_5_04_00_00\c2000ware\device_supp
    6267                      .dwattr $C$DW$356, DW_AT_decl_line(0xa4)
    6268                      .dwattr $C$DW$356, DW_AT_decl_column(0x0c)
    6269              
TMS320C2000 Assembler PC v22.6.2 Tue Mar  3 20:15:52 2026

Copyright (c) 1996-2018 Texas Instruments Incorporated
dual_axis_servo_drive_user.asm                                       PAGE  127

    6270              $C$DW$357       .dwtag  DW_TAG_member
    6271                      .dwattr $C$DW$357, DW_AT_type(*$C$DW$T$43)
    6272                      .dwattr $C$DW$357, DW_AT_name("PCU")
    6273                      .dwattr $C$DW$357, DW_AT_bit_offset(0x0a)
    6274                      .dwattr $C$DW$357, DW_AT_bit_size(0x01)
    6275                      .dwattr $C$DW$357, DW_AT_accessibility(DW_ACCESS_public)
    6276                      .dwattr $C$DW$357, DW_AT_decl_file("C:\TI\C2000Ware_MotorControl_SDK_5_04_00_00\c2000ware\device_supp
    6277                      .dwattr $C$DW$357, DW_AT_decl_line(0xa5)
    6278                      .dwattr $C$DW$357, DW_AT_decl_column(0x0c)
    6279              
    6280              $C$DW$358       .dwtag  DW_TAG_member
    6281                      .dwattr $C$DW$358, DW_AT_type(*$C$DW$T$43)
    6282                      .dwattr $C$DW$358, DW_AT_name("PCO")
    6283                      .dwattr $C$DW$358, DW_AT_bit_offset(0x09)
    6284                      .dwattr $C$DW$358, DW_AT_bit_size(0x01)
    6285                      .dwattr $C$DW$358, DW_AT_accessibility(DW_ACCESS_public)
    6286                      .dwattr $C$DW$358, DW_AT_decl_file("C:\TI\C2000Ware_MotorControl_SDK_5_04_00_00\c2000ware\device_supp
    6287                      .dwattr $C$DW$358, DW_AT_decl_line(0xa6)
    6288                      .dwattr $C$DW$358, DW_AT_decl_column(0x0c)
    6289              
    6290              $C$DW$359       .dwtag  DW_TAG_member
    6291                      .dwattr $C$DW$359, DW_AT_type(*$C$DW$T$43)
    6292                      .dwattr $C$DW$359, DW_AT_name("PCR")
    6293                      .dwattr $C$DW$359, DW_AT_bit_offset(0x08)
    6294                      .dwattr $C$DW$359, DW_AT_bit_size(0x01)
    6295                      .dwattr $C$DW$359, DW_AT_accessibility(DW_ACCESS_public)
    6296                      .dwattr $C$DW$359, DW_AT_decl_file("C:\TI\C2000Ware_MotorControl_SDK_5_04_00_00\c2000ware\device_supp
    6297                      .dwattr $C$DW$359, DW_AT_decl_line(0xa7)
    6298                      .dwattr $C$DW$359, DW_AT_decl_column(0x0c)
    6299              
    6300              $C$DW$360       .dwtag  DW_TAG_member
    6301                      .dwattr $C$DW$360, DW_AT_type(*$C$DW$T$43)
    6302                      .dwattr $C$DW$360, DW_AT_name("PCM")
    6303                      .dwattr $C$DW$360, DW_AT_bit_offset(0x07)
    6304                      .dwattr $C$DW$360, DW_AT_bit_size(0x01)
    6305                      .dwattr $C$DW$360, DW_AT_accessibility(DW_ACCESS_public)
    6306                      .dwattr $C$DW$360, DW_AT_decl_file("C:\TI\C2000Ware_MotorControl_SDK_5_04_00_00\c2000ware\device_supp
    6307                      .dwattr $C$DW$360, DW_AT_decl_line(0xa8)
    6308                      .dwattr $C$DW$360, DW_AT_decl_column(0x0c)
    6309              
    6310              $C$DW$361       .dwtag  DW_TAG_member
    6311                      .dwattr $C$DW$361, DW_AT_type(*$C$DW$T$43)
    6312                      .dwattr $C$DW$361, DW_AT_name("SEL")
    6313                      .dwattr $C$DW$361, DW_AT_bit_offset(0x06)
    6314                      .dwattr $C$DW$361, DW_AT_bit_size(0x01)
    6315                      .dwattr $C$DW$361, DW_AT_accessibility(DW_ACCESS_public)
    6316                      .dwattr $C$DW$361, DW_AT_decl_file("C:\TI\C2000Ware_MotorControl_SDK_5_04_00_00\c2000ware\device_supp
    6317                      .dwattr $C$DW$361, DW_AT_decl_line(0xa9)
    6318                      .dwattr $C$DW$361, DW_AT_decl_column(0x0c)
    6319              
    6320              $C$DW$362       .dwtag  DW_TAG_member
    6321                      .dwattr $C$DW$362, DW_AT_type(*$C$DW$T$43)
    6322                      .dwattr $C$DW$362, DW_AT_name("IEL")
    6323                      .dwattr $C$DW$362, DW_AT_bit_offset(0x05)
    6324                      .dwattr $C$DW$362, DW_AT_bit_size(0x01)
TMS320C2000 Assembler PC v22.6.2 Tue Mar  3 20:15:52 2026

Copyright (c) 1996-2018 Texas Instruments Incorporated
dual_axis_servo_drive_user.asm                                       PAGE  128

    6325                      .dwattr $C$DW$362, DW_AT_accessibility(DW_ACCESS_public)
    6326                      .dwattr $C$DW$362, DW_AT_decl_file("C:\TI\C2000Ware_MotorControl_SDK_5_04_00_00\c2000ware\device_supp
    6327                      .dwattr $C$DW$362, DW_AT_decl_line(0xaa)
    6328                      .dwattr $C$DW$362, DW_AT_decl_column(0x0c)
    6329              
    6330              $C$DW$363       .dwtag  DW_TAG_member
    6331                      .dwattr $C$DW$363, DW_AT_type(*$C$DW$T$43)
    6332                      .dwattr $C$DW$363, DW_AT_name("UTO")
    6333                      .dwattr $C$DW$363, DW_AT_bit_offset(0x04)
    6334                      .dwattr $C$DW$363, DW_AT_bit_size(0x01)
    6335                      .dwattr $C$DW$363, DW_AT_accessibility(DW_ACCESS_public)
    6336                      .dwattr $C$DW$363, DW_AT_decl_file("C:\TI\C2000Ware_MotorControl_SDK_5_04_00_00\c2000ware\device_supp
    6337                      .dwattr $C$DW$363, DW_AT_decl_line(0xab)
    6338                      .dwattr $C$DW$363, DW_AT_decl_column(0x0c)
    6339              
    6340              $C$DW$364       .dwtag  DW_TAG_member
    6341                      .dwattr $C$DW$364, DW_AT_type(*$C$DW$T$43)
    6342                      .dwattr $C$DW$364, DW_AT_name("rsvd1")
    6343                      .dwattr $C$DW$364, DW_AT_bit_offset(0x00)
    6344                      .dwattr $C$DW$364, DW_AT_bit_size(0x04)
    6345                      .dwattr $C$DW$364, DW_AT_accessibility(DW_ACCESS_public)
    6346                      .dwattr $C$DW$364, DW_AT_decl_file("C:\TI\C2000Ware_MotorControl_SDK_5_04_00_00\c2000ware\device_supp
    6347                      .dwattr $C$DW$364, DW_AT_decl_line(0xac)
    6348                      .dwattr $C$DW$364, DW_AT_decl_column(0x0c)
    6349              
    6350                      .dwattr $C$DW$T$50, DW_AT_decl_file("C:\TI\C2000Ware_MotorControl_SDK_5_04_00_00\c2000ware\device_sup
    6351                      .dwattr $C$DW$T$50, DW_AT_decl_line(0x9f)
    6352                      .dwattr $C$DW$T$50, DW_AT_decl_column(0x08)
    6353                      .dwendtag $C$DW$T$50
    6354              
    6355                      .dwendtag $C$DW$TU$50
    6356              
    6357              
    6358              $C$DW$TU$51     .dwtag  DW_TAG_type_unit
    6359                      .dwmtype  $C$DW$T$51
    6360              
    6361              $C$DW$T$51      .dwtag  DW_TAG_union_type
    6362                      .dwattr $C$DW$T$51, DW_AT_name("QCLR_REG")
    6363                      .dwattr $C$DW$T$51, DW_AT_byte_size(0x01)
    6364              $C$DW$365       .dwtag  DW_TAG_member
    6365                      .dwattr $C$DW$365, DW_AT_type(*$C$DW$T$43)
    6366                      .dwattr $C$DW$365, DW_AT_name("all")
    6367                      .dwattr $C$DW$365, DW_AT_accessibility(DW_ACCESS_public)
    6368                      .dwattr $C$DW$365, DW_AT_decl_file("C:\TI\C2000Ware_MotorControl_SDK_5_04_00_00\c2000ware\device_supp
    6369                      .dwattr $C$DW$365, DW_AT_decl_line(0xb0)
    6370                      .dwattr $C$DW$365, DW_AT_decl_column(0x0d)
    6371              
    6372              $C$DW$366       .dwtag  DW_TAG_member
    6373                      .dwattr $C$DW$366, DW_AT_type(*$C$DW$T$50)
    6374                      .dwattr $C$DW$366, DW_AT_name("bit")
    6375                      .dwattr $C$DW$366, DW_AT_accessibility(DW_ACCESS_public)
    6376                      .dwattr $C$DW$366, DW_AT_decl_file("C:\TI\C2000Ware_MotorControl_SDK_5_04_00_00\c2000ware\device_supp
    6377                      .dwattr $C$DW$366, DW_AT_decl_line(0xb1)
    6378                      .dwattr $C$DW$366, DW_AT_decl_column(0x18)
    6379              
TMS320C2000 Assembler PC v22.6.2 Tue Mar  3 20:15:52 2026

Copyright (c) 1996-2018 Texas Instruments Incorporated
dual_axis_servo_drive_user.asm                                       PAGE  129

    6380                      .dwattr $C$DW$T$51, DW_AT_decl_file("C:\TI\C2000Ware_MotorControl_SDK_5_04_00_00\c2000ware\device_sup
    6381                      .dwattr $C$DW$T$51, DW_AT_decl_line(0xaf)
    6382                      .dwattr $C$DW$T$51, DW_AT_decl_column(0x07)
    6383                      .dwendtag $C$DW$T$51
    6384              
    6385                      .dwendtag $C$DW$TU$51
    6386              
    6387              
    6388              $C$DW$TU$52     .dwtag  DW_TAG_type_unit
    6389                      .dwmtype  $C$DW$T$52
    6390              
    6391              $C$DW$T$52      .dwtag  DW_TAG_structure_type
    6392                      .dwattr $C$DW$T$52, DW_AT_name("QDECCTL_BITS")
    6393                      .dwattr $C$DW$T$52, DW_AT_byte_size(0x01)
    6394              $C$DW$367       .dwtag  DW_TAG_member
    6395                      .dwattr $C$DW$367, DW_AT_type(*$C$DW$T$43)
    6396                      .dwattr $C$DW$367, DW_AT_name("rsvd1")
    6397                      .dwattr $C$DW$367, DW_AT_bit_offset(0x0b)
    6398                      .dwattr $C$DW$367, DW_AT_bit_size(0x05)
    6399                      .dwattr $C$DW$367, DW_AT_accessibility(DW_ACCESS_public)
    6400                      .dwattr $C$DW$367, DW_AT_decl_file("C:\TI\C2000Ware_MotorControl_SDK_5_04_00_00\c2000ware\device_supp
    6401                      .dwattr $C$DW$367, DW_AT_decl_line(0x37)
    6402                      .dwattr $C$DW$367, DW_AT_decl_column(0x0c)
    6403              
    6404              $C$DW$368       .dwtag  DW_TAG_member
    6405                      .dwattr $C$DW$368, DW_AT_type(*$C$DW$T$43)
    6406                      .dwattr $C$DW$368, DW_AT_name("QSP")
    6407                      .dwattr $C$DW$368, DW_AT_bit_offset(0x0a)
    6408                      .dwattr $C$DW$368, DW_AT_bit_size(0x01)
    6409                      .dwattr $C$DW$368, DW_AT_accessibility(DW_ACCESS_public)
    6410                      .dwattr $C$DW$368, DW_AT_decl_file("C:\TI\C2000Ware_MotorControl_SDK_5_04_00_00\c2000ware\device_supp
    6411                      .dwattr $C$DW$368, DW_AT_decl_line(0x38)
    6412                      .dwattr $C$DW$368, DW_AT_decl_column(0x0c)
    6413              
    6414              $C$DW$369       .dwtag  DW_TAG_member
    6415                      .dwattr $C$DW$369, DW_AT_type(*$C$DW$T$43)
    6416                      .dwattr $C$DW$369, DW_AT_name("QIP")
    6417                      .dwattr $C$DW$369, DW_AT_bit_offset(0x09)
    6418                      .dwattr $C$DW$369, DW_AT_bit_size(0x01)
    6419                      .dwattr $C$DW$369, DW_AT_accessibility(DW_ACCESS_public)
    6420                      .dwattr $C$DW$369, DW_AT_decl_file("C:\TI\C2000Ware_MotorControl_SDK_5_04_00_00\c2000ware\device_supp
    6421                      .dwattr $C$DW$369, DW_AT_decl_line(0x39)
    6422                      .dwattr $C$DW$369, DW_AT_decl_column(0x0c)
    6423              
    6424              $C$DW$370       .dwtag  DW_TAG_member
    6425                      .dwattr $C$DW$370, DW_AT_type(*$C$DW$T$43)
    6426                      .dwattr $C$DW$370, DW_AT_name("QBP")
    6427                      .dwattr $C$DW$370, DW_AT_bit_offset(0x08)
    6428                      .dwattr $C$DW$370, DW_AT_bit_size(0x01)
    6429                      .dwattr $C$DW$370, DW_AT_accessibility(DW_ACCESS_public)
    6430                      .dwattr $C$DW$370, DW_AT_decl_file("C:\TI\C2000Ware_MotorControl_SDK_5_04_00_00\c2000ware\device_supp
    6431                      .dwattr $C$DW$370, DW_AT_decl_line(0x3a)
    6432                      .dwattr $C$DW$370, DW_AT_decl_column(0x0c)
    6433              
    6434              $C$DW$371       .dwtag  DW_TAG_member
TMS320C2000 Assembler PC v22.6.2 Tue Mar  3 20:15:52 2026

Copyright (c) 1996-2018 Texas Instruments Incorporated
dual_axis_servo_drive_user.asm                                       PAGE  130

    6435                      .dwattr $C$DW$371, DW_AT_type(*$C$DW$T$43)
    6436                      .dwattr $C$DW$371, DW_AT_name("QAP")
    6437                      .dwattr $C$DW$371, DW_AT_bit_offset(0x07)
    6438                      .dwattr $C$DW$371, DW_AT_bit_size(0x01)
    6439                      .dwattr $C$DW$371, DW_AT_accessibility(DW_ACCESS_public)
    6440                      .dwattr $C$DW$371, DW_AT_decl_file("C:\TI\C2000Ware_MotorControl_SDK_5_04_00_00\c2000ware\device_supp
    6441                      .dwattr $C$DW$371, DW_AT_decl_line(0x3b)
    6442                      .dwattr $C$DW$371, DW_AT_decl_column(0x0c)
    6443              
    6444              $C$DW$372       .dwtag  DW_TAG_member
    6445                      .dwattr $C$DW$372, DW_AT_type(*$C$DW$T$43)
    6446                      .dwattr $C$DW$372, DW_AT_name("IGATE")
    6447                      .dwattr $C$DW$372, DW_AT_bit_offset(0x06)
    6448                      .dwattr $C$DW$372, DW_AT_bit_size(0x01)
    6449                      .dwattr $C$DW$372, DW_AT_accessibility(DW_ACCESS_public)
    6450                      .dwattr $C$DW$372, DW_AT_decl_file("C:\TI\C2000Ware_MotorControl_SDK_5_04_00_00\c2000ware\device_supp
    6451                      .dwattr $C$DW$372, DW_AT_decl_line(0x3c)
    6452                      .dwattr $C$DW$372, DW_AT_decl_column(0x0c)
    6453              
    6454              $C$DW$373       .dwtag  DW_TAG_member
    6455                      .dwattr $C$DW$373, DW_AT_type(*$C$DW$T$43)
    6456                      .dwattr $C$DW$373, DW_AT_name("SWAP")
    6457                      .dwattr $C$DW$373, DW_AT_bit_offset(0x05)
    6458                      .dwattr $C$DW$373, DW_AT_bit_size(0x01)
    6459                      .dwattr $C$DW$373, DW_AT_accessibility(DW_ACCESS_public)
    6460                      .dwattr $C$DW$373, DW_AT_decl_file("C:\TI\C2000Ware_MotorControl_SDK_5_04_00_00\c2000ware\device_supp
    6461                      .dwattr $C$DW$373, DW_AT_decl_line(0x3d)
    6462                      .dwattr $C$DW$373, DW_AT_decl_column(0x0c)
    6463              
    6464              $C$DW$374       .dwtag  DW_TAG_member
    6465                      .dwattr $C$DW$374, DW_AT_type(*$C$DW$T$43)
    6466                      .dwattr $C$DW$374, DW_AT_name("XCR")
    6467                      .dwattr $C$DW$374, DW_AT_bit_offset(0x04)
    6468                      .dwattr $C$DW$374, DW_AT_bit_size(0x01)
    6469                      .dwattr $C$DW$374, DW_AT_accessibility(DW_ACCESS_public)
    6470                      .dwattr $C$DW$374, DW_AT_decl_file("C:\TI\C2000Ware_MotorControl_SDK_5_04_00_00\c2000ware\device_supp
    6471                      .dwattr $C$DW$374, DW_AT_decl_line(0x3e)
    6472                      .dwattr $C$DW$374, DW_AT_decl_column(0x0c)
    6473              
    6474              $C$DW$375       .dwtag  DW_TAG_member
    6475                      .dwattr $C$DW$375, DW_AT_type(*$C$DW$T$43)
    6476                      .dwattr $C$DW$375, DW_AT_name("SPSEL")
    6477                      .dwattr $C$DW$375, DW_AT_bit_offset(0x03)
    6478                      .dwattr $C$DW$375, DW_AT_bit_size(0x01)
    6479                      .dwattr $C$DW$375, DW_AT_accessibility(DW_ACCESS_public)
    6480                      .dwattr $C$DW$375, DW_AT_decl_file("C:\TI\C2000Ware_MotorControl_SDK_5_04_00_00\c2000ware\device_supp
    6481                      .dwattr $C$DW$375, DW_AT_decl_line(0x3f)
    6482                      .dwattr $C$DW$375, DW_AT_decl_column(0x0c)
    6483              
    6484              $C$DW$376       .dwtag  DW_TAG_member
    6485                      .dwattr $C$DW$376, DW_AT_type(*$C$DW$T$43)
    6486                      .dwattr $C$DW$376, DW_AT_name("SOEN")
    6487                      .dwattr $C$DW$376, DW_AT_bit_offset(0x02)
    6488                      .dwattr $C$DW$376, DW_AT_bit_size(0x01)
    6489                      .dwattr $C$DW$376, DW_AT_accessibility(DW_ACCESS_public)
TMS320C2000 Assembler PC v22.6.2 Tue Mar  3 20:15:52 2026

Copyright (c) 1996-2018 Texas Instruments Incorporated
dual_axis_servo_drive_user.asm                                       PAGE  131

    6490                      .dwattr $C$DW$376, DW_AT_decl_file("C:\TI\C2000Ware_MotorControl_SDK_5_04_00_00\c2000ware\device_supp
    6491                      .dwattr $C$DW$376, DW_AT_decl_line(0x40)
    6492                      .dwattr $C$DW$376, DW_AT_decl_column(0x0c)
    6493              
    6494              $C$DW$377       .dwtag  DW_TAG_member
    6495                      .dwattr $C$DW$377, DW_AT_type(*$C$DW$T$43)
    6496                      .dwattr $C$DW$377, DW_AT_name("QSRC")
    6497                      .dwattr $C$DW$377, DW_AT_bit_offset(0x00)
    6498                      .dwattr $C$DW$377, DW_AT_bit_size(0x02)
    6499                      .dwattr $C$DW$377, DW_AT_accessibility(DW_ACCESS_public)
    6500                      .dwattr $C$DW$377, DW_AT_decl_file("C:\TI\C2000Ware_MotorControl_SDK_5_04_00_00\c2000ware\device_supp
    6501                      .dwattr $C$DW$377, DW_AT_decl_line(0x41)
    6502                      .dwattr $C$DW$377, DW_AT_decl_column(0x0c)
    6503              
    6504                      .dwattr $C$DW$T$52, DW_AT_decl_file("C:\TI\C2000Ware_MotorControl_SDK_5_04_00_00\c2000ware\device_sup
    6505                      .dwattr $C$DW$T$52, DW_AT_decl_line(0x36)
    6506                      .dwattr $C$DW$T$52, DW_AT_decl_column(0x08)
    6507                      .dwendtag $C$DW$T$52
    6508              
    6509                      .dwendtag $C$DW$TU$52
    6510              
    6511              
    6512              $C$DW$TU$53     .dwtag  DW_TAG_type_unit
    6513                      .dwmtype  $C$DW$T$53
    6514              
    6515              $C$DW$T$53      .dwtag  DW_TAG_union_type
    6516                      .dwattr $C$DW$T$53, DW_AT_name("QDECCTL_REG")
    6517                      .dwattr $C$DW$T$53, DW_AT_byte_size(0x01)
    6518              $C$DW$378       .dwtag  DW_TAG_member
    6519                      .dwattr $C$DW$378, DW_AT_type(*$C$DW$T$43)
    6520                      .dwattr $C$DW$378, DW_AT_name("all")
    6521                      .dwattr $C$DW$378, DW_AT_accessibility(DW_ACCESS_public)
    6522                      .dwattr $C$DW$378, DW_AT_decl_file("C:\TI\C2000Ware_MotorControl_SDK_5_04_00_00\c2000ware\device_supp
    6523                      .dwattr $C$DW$378, DW_AT_decl_line(0x45)
    6524                      .dwattr $C$DW$378, DW_AT_decl_column(0x0d)
    6525              
    6526              $C$DW$379       .dwtag  DW_TAG_member
    6527                      .dwattr $C$DW$379, DW_AT_type(*$C$DW$T$52)
    6528                      .dwattr $C$DW$379, DW_AT_name("bit")
    6529                      .dwattr $C$DW$379, DW_AT_accessibility(DW_ACCESS_public)
    6530                      .dwattr $C$DW$379, DW_AT_decl_file("C:\TI\C2000Ware_MotorControl_SDK_5_04_00_00\c2000ware\device_supp
    6531                      .dwattr $C$DW$379, DW_AT_decl_line(0x46)
    6532                      .dwattr $C$DW$379, DW_AT_decl_column(0x1b)
    6533              
    6534                      .dwattr $C$DW$T$53, DW_AT_decl_file("C:\TI\C2000Ware_MotorControl_SDK_5_04_00_00\c2000ware\device_sup
    6535                      .dwattr $C$DW$T$53, DW_AT_decl_line(0x44)
    6536                      .dwattr $C$DW$T$53, DW_AT_decl_column(0x07)
    6537                      .dwendtag $C$DW$T$53
    6538              
    6539                      .dwendtag $C$DW$TU$53
    6540              
    6541              
    6542              $C$DW$TU$54     .dwtag  DW_TAG_type_unit
    6543                      .dwmtype  $C$DW$T$54
    6544              
TMS320C2000 Assembler PC v22.6.2 Tue Mar  3 20:15:52 2026

Copyright (c) 1996-2018 Texas Instruments Incorporated
dual_axis_servo_drive_user.asm                                       PAGE  132

    6545              $C$DW$T$54      .dwtag  DW_TAG_structure_type
    6546                      .dwattr $C$DW$T$54, DW_AT_name("QEINT_BITS")
    6547                      .dwattr $C$DW$T$54, DW_AT_byte_size(0x01)
    6548              $C$DW$380       .dwtag  DW_TAG_member
    6549                      .dwattr $C$DW$380, DW_AT_type(*$C$DW$T$43)
    6550                      .dwattr $C$DW$380, DW_AT_name("rsvd1")
    6551                      .dwattr $C$DW$380, DW_AT_bit_offset(0x0f)
    6552                      .dwattr $C$DW$380, DW_AT_bit_size(0x01)
    6553                      .dwattr $C$DW$380, DW_AT_accessibility(DW_ACCESS_public)
    6554                      .dwattr $C$DW$380, DW_AT_decl_file("C:\TI\C2000Ware_MotorControl_SDK_5_04_00_00\c2000ware\device_supp
    6555                      .dwattr $C$DW$380, DW_AT_decl_line(0x76)
    6556                      .dwattr $C$DW$380, DW_AT_decl_column(0x0c)
    6557              
    6558              $C$DW$381       .dwtag  DW_TAG_member
    6559                      .dwattr $C$DW$381, DW_AT_type(*$C$DW$T$43)
    6560                      .dwattr $C$DW$381, DW_AT_name("PCE")
    6561                      .dwattr $C$DW$381, DW_AT_bit_offset(0x0e)
    6562                      .dwattr $C$DW$381, DW_AT_bit_size(0x01)
    6563                      .dwattr $C$DW$381, DW_AT_accessibility(DW_ACCESS_public)
    6564                      .dwattr $C$DW$381, DW_AT_decl_file("C:\TI\C2000Ware_MotorControl_SDK_5_04_00_00\c2000ware\device_supp
    6565                      .dwattr $C$DW$381, DW_AT_decl_line(0x77)
    6566                      .dwattr $C$DW$381, DW_AT_decl_column(0x0c)
    6567              
    6568              $C$DW$382       .dwtag  DW_TAG_member
    6569                      .dwattr $C$DW$382, DW_AT_type(*$C$DW$T$43)
    6570                      .dwattr $C$DW$382, DW_AT_name("QPE")
    6571                      .dwattr $C$DW$382, DW_AT_bit_offset(0x0d)
    6572                      .dwattr $C$DW$382, DW_AT_bit_size(0x01)
    6573                      .dwattr $C$DW$382, DW_AT_accessibility(DW_ACCESS_public)
    6574                      .dwattr $C$DW$382, DW_AT_decl_file("C:\TI\C2000Ware_MotorControl_SDK_5_04_00_00\c2000ware\device_supp
    6575                      .dwattr $C$DW$382, DW_AT_decl_line(0x78)
    6576                      .dwattr $C$DW$382, DW_AT_decl_column(0x0c)
    6577              
    6578              $C$DW$383       .dwtag  DW_TAG_member
    6579                      .dwattr $C$DW$383, DW_AT_type(*$C$DW$T$43)
    6580                      .dwattr $C$DW$383, DW_AT_name("QDC")
    6581                      .dwattr $C$DW$383, DW_AT_bit_offset(0x0c)
    6582                      .dwattr $C$DW$383, DW_AT_bit_size(0x01)
    6583                      .dwattr $C$DW$383, DW_AT_accessibility(DW_ACCESS_public)
    6584                      .dwattr $C$DW$383, DW_AT_decl_file("C:\TI\C2000Ware_MotorControl_SDK_5_04_00_00\c2000ware\device_supp
    6585                      .dwattr $C$DW$383, DW_AT_decl_line(0x79)
    6586                      .dwattr $C$DW$383, DW_AT_decl_column(0x0c)
    6587              
    6588              $C$DW$384       .dwtag  DW_TAG_member
    6589                      .dwattr $C$DW$384, DW_AT_type(*$C$DW$T$43)
    6590                      .dwattr $C$DW$384, DW_AT_name("WTO")
    6591                      .dwattr $C$DW$384, DW_AT_bit_offset(0x0b)
    6592                      .dwattr $C$DW$384, DW_AT_bit_size(0x01)
    6593                      .dwattr $C$DW$384, DW_AT_accessibility(DW_ACCESS_public)
    6594                      .dwattr $C$DW$384, DW_AT_decl_file("C:\TI\C2000Ware_MotorControl_SDK_5_04_00_00\c2000ware\device_supp
    6595                      .dwattr $C$DW$384, DW_AT_decl_line(0x7a)
    6596                      .dwattr $C$DW$384, DW_AT_decl_column(0x0c)
    6597              
    6598              $C$DW$385       .dwtag  DW_TAG_member
    6599                      .dwattr $C$DW$385, DW_AT_type(*$C$DW$T$43)
TMS320C2000 Assembler PC v22.6.2 Tue Mar  3 20:15:52 2026

Copyright (c) 1996-2018 Texas Instruments Incorporated
dual_axis_servo_drive_user.asm                                       PAGE  133

    6600                      .dwattr $C$DW$385, DW_AT_name("PCU")
    6601                      .dwattr $C$DW$385, DW_AT_bit_offset(0x0a)
    6602                      .dwattr $C$DW$385, DW_AT_bit_size(0x01)
    6603                      .dwattr $C$DW$385, DW_AT_accessibility(DW_ACCESS_public)
    6604                      .dwattr $C$DW$385, DW_AT_decl_file("C:\TI\C2000Ware_MotorControl_SDK_5_04_00_00\c2000ware\device_supp
    6605                      .dwattr $C$DW$385, DW_AT_decl_line(0x7b)
    6606                      .dwattr $C$DW$385, DW_AT_decl_column(0x0c)
    6607              
    6608              $C$DW$386       .dwtag  DW_TAG_member
    6609                      .dwattr $C$DW$386, DW_AT_type(*$C$DW$T$43)
    6610                      .dwattr $C$DW$386, DW_AT_name("PCO")
    6611                      .dwattr $C$DW$386, DW_AT_bit_offset(0x09)
    6612                      .dwattr $C$DW$386, DW_AT_bit_size(0x01)
    6613                      .dwattr $C$DW$386, DW_AT_accessibility(DW_ACCESS_public)
    6614                      .dwattr $C$DW$386, DW_AT_decl_file("C:\TI\C2000Ware_MotorControl_SDK_5_04_00_00\c2000ware\device_supp
    6615                      .dwattr $C$DW$386, DW_AT_decl_line(0x7c)
    6616                      .dwattr $C$DW$386, DW_AT_decl_column(0x0c)
    6617              
    6618              $C$DW$387       .dwtag  DW_TAG_member
    6619                      .dwattr $C$DW$387, DW_AT_type(*$C$DW$T$43)
    6620                      .dwattr $C$DW$387, DW_AT_name("PCR")
    6621                      .dwattr $C$DW$387, DW_AT_bit_offset(0x08)
    6622                      .dwattr $C$DW$387, DW_AT_bit_size(0x01)
    6623                      .dwattr $C$DW$387, DW_AT_accessibility(DW_ACCESS_public)
    6624                      .dwattr $C$DW$387, DW_AT_decl_file("C:\TI\C2000Ware_MotorControl_SDK_5_04_00_00\c2000ware\device_supp
    6625                      .dwattr $C$DW$387, DW_AT_decl_line(0x7d)
    6626                      .dwattr $C$DW$387, DW_AT_decl_column(0x0c)
    6627              
    6628              $C$DW$388       .dwtag  DW_TAG_member
    6629                      .dwattr $C$DW$388, DW_AT_type(*$C$DW$T$43)
    6630                      .dwattr $C$DW$388, DW_AT_name("PCM")
    6631                      .dwattr $C$DW$388, DW_AT_bit_offset(0x07)
    6632                      .dwattr $C$DW$388, DW_AT_bit_size(0x01)
    6633                      .dwattr $C$DW$388, DW_AT_accessibility(DW_ACCESS_public)
    6634                      .dwattr $C$DW$388, DW_AT_decl_file("C:\TI\C2000Ware_MotorControl_SDK_5_04_00_00\c2000ware\device_supp
    6635                      .dwattr $C$DW$388, DW_AT_decl_line(0x7e)
    6636                      .dwattr $C$DW$388, DW_AT_decl_column(0x0c)
    6637              
    6638              $C$DW$389       .dwtag  DW_TAG_member
    6639                      .dwattr $C$DW$389, DW_AT_type(*$C$DW$T$43)
    6640                      .dwattr $C$DW$389, DW_AT_name("SEL")
    6641                      .dwattr $C$DW$389, DW_AT_bit_offset(0x06)
    6642                      .dwattr $C$DW$389, DW_AT_bit_size(0x01)
    6643                      .dwattr $C$DW$389, DW_AT_accessibility(DW_ACCESS_public)
    6644                      .dwattr $C$DW$389, DW_AT_decl_file("C:\TI\C2000Ware_MotorControl_SDK_5_04_00_00\c2000ware\device_supp
    6645                      .dwattr $C$DW$389, DW_AT_decl_line(0x7f)
    6646                      .dwattr $C$DW$389, DW_AT_decl_column(0x0c)
    6647              
    6648              $C$DW$390       .dwtag  DW_TAG_member
    6649                      .dwattr $C$DW$390, DW_AT_type(*$C$DW$T$43)
    6650                      .dwattr $C$DW$390, DW_AT_name("IEL")
    6651                      .dwattr $C$DW$390, DW_AT_bit_offset(0x05)
    6652                      .dwattr $C$DW$390, DW_AT_bit_size(0x01)
    6653                      .dwattr $C$DW$390, DW_AT_accessibility(DW_ACCESS_public)
    6654                      .dwattr $C$DW$390, DW_AT_decl_file("C:\TI\C2000Ware_MotorControl_SDK_5_04_00_00\c2000ware\device_supp
TMS320C2000 Assembler PC v22.6.2 Tue Mar  3 20:15:52 2026

Copyright (c) 1996-2018 Texas Instruments Incorporated
dual_axis_servo_drive_user.asm                                       PAGE  134

    6655                      .dwattr $C$DW$390, DW_AT_decl_line(0x80)
    6656                      .dwattr $C$DW$390, DW_AT_decl_column(0x0c)
    6657              
    6658              $C$DW$391       .dwtag  DW_TAG_member
    6659                      .dwattr $C$DW$391, DW_AT_type(*$C$DW$T$43)
    6660                      .dwattr $C$DW$391, DW_AT_name("UTO")
    6661                      .dwattr $C$DW$391, DW_AT_bit_offset(0x04)
    6662                      .dwattr $C$DW$391, DW_AT_bit_size(0x01)
    6663                      .dwattr $C$DW$391, DW_AT_accessibility(DW_ACCESS_public)
    6664                      .dwattr $C$DW$391, DW_AT_decl_file("C:\TI\C2000Ware_MotorControl_SDK_5_04_00_00\c2000ware\device_supp
    6665                      .dwattr $C$DW$391, DW_AT_decl_line(0x81)
    6666                      .dwattr $C$DW$391, DW_AT_decl_column(0x0c)
    6667              
    6668              $C$DW$392       .dwtag  DW_TAG_member
    6669                      .dwattr $C$DW$392, DW_AT_type(*$C$DW$T$43)
    6670                      .dwattr $C$DW$392, DW_AT_name("rsvd2")
    6671                      .dwattr $C$DW$392, DW_AT_bit_offset(0x00)
    6672                      .dwattr $C$DW$392, DW_AT_bit_size(0x04)
    6673                      .dwattr $C$DW$392, DW_AT_accessibility(DW_ACCESS_public)
    6674                      .dwattr $C$DW$392, DW_AT_decl_file("C:\TI\C2000Ware_MotorControl_SDK_5_04_00_00\c2000ware\device_supp
    6675                      .dwattr $C$DW$392, DW_AT_decl_line(0x82)
    6676                      .dwattr $C$DW$392, DW_AT_decl_column(0x0c)
    6677              
    6678                      .dwattr $C$DW$T$54, DW_AT_decl_file("C:\TI\C2000Ware_MotorControl_SDK_5_04_00_00\c2000ware\device_sup
    6679                      .dwattr $C$DW$T$54, DW_AT_decl_line(0x75)
    6680                      .dwattr $C$DW$T$54, DW_AT_decl_column(0x08)
    6681                      .dwendtag $C$DW$T$54
    6682              
    6683                      .dwendtag $C$DW$TU$54
    6684              
    6685              
    6686              $C$DW$TU$55     .dwtag  DW_TAG_type_unit
    6687                      .dwmtype  $C$DW$T$55
    6688              
    6689              $C$DW$T$55      .dwtag  DW_TAG_union_type
    6690                      .dwattr $C$DW$T$55, DW_AT_name("QEINT_REG")
    6691                      .dwattr $C$DW$T$55, DW_AT_byte_size(0x01)
    6692              $C$DW$393       .dwtag  DW_TAG_member
    6693                      .dwattr $C$DW$393, DW_AT_type(*$C$DW$T$43)
    6694                      .dwattr $C$DW$393, DW_AT_name("all")
    6695                      .dwattr $C$DW$393, DW_AT_accessibility(DW_ACCESS_public)
    6696                      .dwattr $C$DW$393, DW_AT_decl_file("C:\TI\C2000Ware_MotorControl_SDK_5_04_00_00\c2000ware\device_supp
    6697                      .dwattr $C$DW$393, DW_AT_decl_line(0x86)
    6698                      .dwattr $C$DW$393, DW_AT_decl_column(0x0d)
    6699              
    6700              $C$DW$394       .dwtag  DW_TAG_member
    6701                      .dwattr $C$DW$394, DW_AT_type(*$C$DW$T$54)
    6702                      .dwattr $C$DW$394, DW_AT_name("bit")
    6703                      .dwattr $C$DW$394, DW_AT_accessibility(DW_ACCESS_public)
    6704                      .dwattr $C$DW$394, DW_AT_decl_file("C:\TI\C2000Ware_MotorControl_SDK_5_04_00_00\c2000ware\device_supp
    6705                      .dwattr $C$DW$394, DW_AT_decl_line(0x87)
    6706                      .dwattr $C$DW$394, DW_AT_decl_column(0x19)
    6707              
    6708                      .dwattr $C$DW$T$55, DW_AT_decl_file("C:\TI\C2000Ware_MotorControl_SDK_5_04_00_00\c2000ware\device_sup
    6709                      .dwattr $C$DW$T$55, DW_AT_decl_line(0x85)
TMS320C2000 Assembler PC v22.6.2 Tue Mar  3 20:15:52 2026

Copyright (c) 1996-2018 Texas Instruments Incorporated
dual_axis_servo_drive_user.asm                                       PAGE  135

    6710                      .dwattr $C$DW$T$55, DW_AT_decl_column(0x07)
    6711                      .dwendtag $C$DW$T$55
    6712              
    6713                      .dwendtag $C$DW$TU$55
    6714              
    6715              
    6716              $C$DW$TU$56     .dwtag  DW_TAG_type_unit
    6717                      .dwmtype  $C$DW$T$56
    6718              
    6719              $C$DW$T$56      .dwtag  DW_TAG_structure_type
    6720                      .dwattr $C$DW$T$56, DW_AT_name("QEPCTL_BITS")
    6721                      .dwattr $C$DW$T$56, DW_AT_byte_size(0x01)
    6722              $C$DW$395       .dwtag  DW_TAG_member
    6723                      .dwattr $C$DW$395, DW_AT_type(*$C$DW$T$43)
    6724                      .dwattr $C$DW$395, DW_AT_name("WDE")
    6725                      .dwattr $C$DW$395, DW_AT_bit_offset(0x0f)
    6726                      .dwattr $C$DW$395, DW_AT_bit_size(0x01)
    6727                      .dwattr $C$DW$395, DW_AT_accessibility(DW_ACCESS_public)
    6728                      .dwattr $C$DW$395, DW_AT_decl_file("C:\TI\C2000Ware_MotorControl_SDK_5_04_00_00\c2000ware\device_supp
    6729                      .dwattr $C$DW$395, DW_AT_decl_line(0x4a)
    6730                      .dwattr $C$DW$395, DW_AT_decl_column(0x0c)
    6731              
    6732              $C$DW$396       .dwtag  DW_TAG_member
    6733                      .dwattr $C$DW$396, DW_AT_type(*$C$DW$T$43)
    6734                      .dwattr $C$DW$396, DW_AT_name("UTE")
    6735                      .dwattr $C$DW$396, DW_AT_bit_offset(0x0e)
    6736                      .dwattr $C$DW$396, DW_AT_bit_size(0x01)
    6737                      .dwattr $C$DW$396, DW_AT_accessibility(DW_ACCESS_public)
    6738                      .dwattr $C$DW$396, DW_AT_decl_file("C:\TI\C2000Ware_MotorControl_SDK_5_04_00_00\c2000ware\device_supp
    6739                      .dwattr $C$DW$396, DW_AT_decl_line(0x4b)
    6740                      .dwattr $C$DW$396, DW_AT_decl_column(0x0c)
    6741              
    6742              $C$DW$397       .dwtag  DW_TAG_member
    6743                      .dwattr $C$DW$397, DW_AT_type(*$C$DW$T$43)
    6744                      .dwattr $C$DW$397, DW_AT_name("QCLM")
    6745                      .dwattr $C$DW$397, DW_AT_bit_offset(0x0d)
    6746                      .dwattr $C$DW$397, DW_AT_bit_size(0x01)
    6747                      .dwattr $C$DW$397, DW_AT_accessibility(DW_ACCESS_public)
    6748                      .dwattr $C$DW$397, DW_AT_decl_file("C:\TI\C2000Ware_MotorControl_SDK_5_04_00_00\c2000ware\device_supp
    6749                      .dwattr $C$DW$397, DW_AT_decl_line(0x4c)
    6750                      .dwattr $C$DW$397, DW_AT_decl_column(0x0c)
    6751              
    6752              $C$DW$398       .dwtag  DW_TAG_member
    6753                      .dwattr $C$DW$398, DW_AT_type(*$C$DW$T$43)
    6754                      .dwattr $C$DW$398, DW_AT_name("QPEN")
    6755                      .dwattr $C$DW$398, DW_AT_bit_offset(0x0c)
    6756                      .dwattr $C$DW$398, DW_AT_bit_size(0x01)
    6757                      .dwattr $C$DW$398, DW_AT_accessibility(DW_ACCESS_public)
    6758                      .dwattr $C$DW$398, DW_AT_decl_file("C:\TI\C2000Ware_MotorControl_SDK_5_04_00_00\c2000ware\device_supp
    6759                      .dwattr $C$DW$398, DW_AT_decl_line(0x4d)
    6760                      .dwattr $C$DW$398, DW_AT_decl_column(0x0c)
    6761              
    6762              $C$DW$399       .dwtag  DW_TAG_member
    6763                      .dwattr $C$DW$399, DW_AT_type(*$C$DW$T$43)
    6764                      .dwattr $C$DW$399, DW_AT_name("IEL")
TMS320C2000 Assembler PC v22.6.2 Tue Mar  3 20:15:52 2026

Copyright (c) 1996-2018 Texas Instruments Incorporated
dual_axis_servo_drive_user.asm                                       PAGE  136

    6765                      .dwattr $C$DW$399, DW_AT_bit_offset(0x0a)
    6766                      .dwattr $C$DW$399, DW_AT_bit_size(0x02)
    6767                      .dwattr $C$DW$399, DW_AT_accessibility(DW_ACCESS_public)
    6768                      .dwattr $C$DW$399, DW_AT_decl_file("C:\TI\C2000Ware_MotorControl_SDK_5_04_00_00\c2000ware\device_supp
    6769                      .dwattr $C$DW$399, DW_AT_decl_line(0x4e)
    6770                      .dwattr $C$DW$399, DW_AT_decl_column(0x0c)
    6771              
    6772              $C$DW$400       .dwtag  DW_TAG_member
    6773                      .dwattr $C$DW$400, DW_AT_type(*$C$DW$T$43)
    6774                      .dwattr $C$DW$400, DW_AT_name("SEL")
    6775                      .dwattr $C$DW$400, DW_AT_bit_offset(0x09)
    6776                      .dwattr $C$DW$400, DW_AT_bit_size(0x01)
    6777                      .dwattr $C$DW$400, DW_AT_accessibility(DW_ACCESS_public)
    6778                      .dwattr $C$DW$400, DW_AT_decl_file("C:\TI\C2000Ware_MotorControl_SDK_5_04_00_00\c2000ware\device_supp
    6779                      .dwattr $C$DW$400, DW_AT_decl_line(0x4f)
    6780                      .dwattr $C$DW$400, DW_AT_decl_column(0x0c)
    6781              
    6782              $C$DW$401       .dwtag  DW_TAG_member
    6783                      .dwattr $C$DW$401, DW_AT_type(*$C$DW$T$43)
    6784                      .dwattr $C$DW$401, DW_AT_name("SWI")
    6785                      .dwattr $C$DW$401, DW_AT_bit_offset(0x08)
    6786                      .dwattr $C$DW$401, DW_AT_bit_size(0x01)
    6787                      .dwattr $C$DW$401, DW_AT_accessibility(DW_ACCESS_public)
    6788                      .dwattr $C$DW$401, DW_AT_decl_file("C:\TI\C2000Ware_MotorControl_SDK_5_04_00_00\c2000ware\device_supp
    6789                      .dwattr $C$DW$401, DW_AT_decl_line(0x50)
    6790                      .dwattr $C$DW$401, DW_AT_decl_column(0x0c)
    6791              
    6792              $C$DW$402       .dwtag  DW_TAG_member
    6793                      .dwattr $C$DW$402, DW_AT_type(*$C$DW$T$43)
    6794                      .dwattr $C$DW$402, DW_AT_name("IEI")
    6795                      .dwattr $C$DW$402, DW_AT_bit_offset(0x06)
    6796                      .dwattr $C$DW$402, DW_AT_bit_size(0x02)
    6797                      .dwattr $C$DW$402, DW_AT_accessibility(DW_ACCESS_public)
    6798                      .dwattr $C$DW$402, DW_AT_decl_file("C:\TI\C2000Ware_MotorControl_SDK_5_04_00_00\c2000ware\device_supp
    6799                      .dwattr $C$DW$402, DW_AT_decl_line(0x51)
    6800                      .dwattr $C$DW$402, DW_AT_decl_column(0x0c)
    6801              
    6802              $C$DW$403       .dwtag  DW_TAG_member
    6803                      .dwattr $C$DW$403, DW_AT_type(*$C$DW$T$43)
    6804                      .dwattr $C$DW$403, DW_AT_name("SEI")
    6805                      .dwattr $C$DW$403, DW_AT_bit_offset(0x04)
    6806                      .dwattr $C$DW$403, DW_AT_bit_size(0x02)
    6807                      .dwattr $C$DW$403, DW_AT_accessibility(DW_ACCESS_public)
    6808                      .dwattr $C$DW$403, DW_AT_decl_file("C:\TI\C2000Ware_MotorControl_SDK_5_04_00_00\c2000ware\device_supp
    6809                      .dwattr $C$DW$403, DW_AT_decl_line(0x52)
    6810                      .dwattr $C$DW$403, DW_AT_decl_column(0x0c)
    6811              
    6812              $C$DW$404       .dwtag  DW_TAG_member
    6813                      .dwattr $C$DW$404, DW_AT_type(*$C$DW$T$43)
    6814                      .dwattr $C$DW$404, DW_AT_name("PCRM")
    6815                      .dwattr $C$DW$404, DW_AT_bit_offset(0x02)
    6816                      .dwattr $C$DW$404, DW_AT_bit_size(0x02)
    6817                      .dwattr $C$DW$404, DW_AT_accessibility(DW_ACCESS_public)
    6818                      .dwattr $C$DW$404, DW_AT_decl_file("C:\TI\C2000Ware_MotorControl_SDK_5_04_00_00\c2000ware\device_supp
    6819                      .dwattr $C$DW$404, DW_AT_decl_line(0x53)
TMS320C2000 Assembler PC v22.6.2 Tue Mar  3 20:15:52 2026

Copyright (c) 1996-2018 Texas Instruments Incorporated
dual_axis_servo_drive_user.asm                                       PAGE  137

    6820                      .dwattr $C$DW$404, DW_AT_decl_column(0x0c)
    6821              
    6822              $C$DW$405       .dwtag  DW_TAG_member
    6823                      .dwattr $C$DW$405, DW_AT_type(*$C$DW$T$43)
    6824                      .dwattr $C$DW$405, DW_AT_name("FREE_SOFT")
    6825                      .dwattr $C$DW$405, DW_AT_bit_offset(0x00)
    6826                      .dwattr $C$DW$405, DW_AT_bit_size(0x02)
    6827                      .dwattr $C$DW$405, DW_AT_accessibility(DW_ACCESS_public)
    6828                      .dwattr $C$DW$405, DW_AT_decl_file("C:\TI\C2000Ware_MotorControl_SDK_5_04_00_00\c2000ware\device_supp
    6829                      .dwattr $C$DW$405, DW_AT_decl_line(0x54)
    6830                      .dwattr $C$DW$405, DW_AT_decl_column(0x0c)
    6831              
    6832                      .dwattr $C$DW$T$56, DW_AT_decl_file("C:\TI\C2000Ware_MotorControl_SDK_5_04_00_00\c2000ware\device_sup
    6833                      .dwattr $C$DW$T$56, DW_AT_decl_line(0x49)
    6834                      .dwattr $C$DW$T$56, DW_AT_decl_column(0x08)
    6835                      .dwendtag $C$DW$T$56
    6836              
    6837                      .dwendtag $C$DW$TU$56
    6838              
    6839              
    6840              $C$DW$TU$57     .dwtag  DW_TAG_type_unit
    6841                      .dwmtype  $C$DW$T$57
    6842              
    6843              $C$DW$T$57      .dwtag  DW_TAG_union_type
    6844                      .dwattr $C$DW$T$57, DW_AT_name("QEPCTL_REG")
    6845                      .dwattr $C$DW$T$57, DW_AT_byte_size(0x01)
    6846              $C$DW$406       .dwtag  DW_TAG_member
    6847                      .dwattr $C$DW$406, DW_AT_type(*$C$DW$T$43)
    6848                      .dwattr $C$DW$406, DW_AT_name("all")
    6849                      .dwattr $C$DW$406, DW_AT_accessibility(DW_ACCESS_public)
    6850                      .dwattr $C$DW$406, DW_AT_decl_file("C:\TI\C2000Ware_MotorControl_SDK_5_04_00_00\c2000ware\device_supp
    6851                      .dwattr $C$DW$406, DW_AT_decl_line(0x58)
    6852                      .dwattr $C$DW$406, DW_AT_decl_column(0x0d)
    6853              
    6854              $C$DW$407       .dwtag  DW_TAG_member
    6855                      .dwattr $C$DW$407, DW_AT_type(*$C$DW$T$56)
    6856                      .dwattr $C$DW$407, DW_AT_name("bit")
    6857                      .dwattr $C$DW$407, DW_AT_accessibility(DW_ACCESS_public)
    6858                      .dwattr $C$DW$407, DW_AT_decl_file("C:\TI\C2000Ware_MotorControl_SDK_5_04_00_00\c2000ware\device_supp
    6859                      .dwattr $C$DW$407, DW_AT_decl_line(0x59)
    6860                      .dwattr $C$DW$407, DW_AT_decl_column(0x1a)
    6861              
    6862                      .dwattr $C$DW$T$57, DW_AT_decl_file("C:\TI\C2000Ware_MotorControl_SDK_5_04_00_00\c2000ware\device_sup
    6863                      .dwattr $C$DW$T$57, DW_AT_decl_line(0x57)
    6864                      .dwattr $C$DW$T$57, DW_AT_decl_column(0x07)
    6865                      .dwendtag $C$DW$T$57
    6866              
    6867                      .dwendtag $C$DW$TU$57
    6868              
    6869              
    6870              $C$DW$TU$58     .dwtag  DW_TAG_type_unit
    6871                      .dwmtype  $C$DW$T$58
    6872              
    6873              $C$DW$T$58      .dwtag  DW_TAG_structure_type
    6874                      .dwattr $C$DW$T$58, DW_AT_name("QEPSTS_BITS")
TMS320C2000 Assembler PC v22.6.2 Tue Mar  3 20:15:52 2026

Copyright (c) 1996-2018 Texas Instruments Incorporated
dual_axis_servo_drive_user.asm                                       PAGE  138

    6875                      .dwattr $C$DW$T$58, DW_AT_byte_size(0x01)
    6876              $C$DW$408       .dwtag  DW_TAG_member
    6877                      .dwattr $C$DW$408, DW_AT_type(*$C$DW$T$43)
    6878                      .dwattr $C$DW$408, DW_AT_name("PCEF")
    6879                      .dwattr $C$DW$408, DW_AT_bit_offset(0x0f)
    6880                      .dwattr $C$DW$408, DW_AT_bit_size(0x01)
    6881                      .dwattr $C$DW$408, DW_AT_accessibility(DW_ACCESS_public)
    6882                      .dwattr $C$DW$408, DW_AT_decl_file("C:\TI\C2000Ware_MotorControl_SDK_5_04_00_00\c2000ware\device_supp
    6883                      .dwattr $C$DW$408, DW_AT_decl_line(0xca)
    6884                      .dwattr $C$DW$408, DW_AT_decl_column(0x0c)
    6885              
    6886              $C$DW$409       .dwtag  DW_TAG_member
    6887                      .dwattr $C$DW$409, DW_AT_type(*$C$DW$T$43)
    6888                      .dwattr $C$DW$409, DW_AT_name("FIMF")
    6889                      .dwattr $C$DW$409, DW_AT_bit_offset(0x0e)
    6890                      .dwattr $C$DW$409, DW_AT_bit_size(0x01)
    6891                      .dwattr $C$DW$409, DW_AT_accessibility(DW_ACCESS_public)
    6892                      .dwattr $C$DW$409, DW_AT_decl_file("C:\TI\C2000Ware_MotorControl_SDK_5_04_00_00\c2000ware\device_supp
    6893                      .dwattr $C$DW$409, DW_AT_decl_line(0xcb)
    6894                      .dwattr $C$DW$409, DW_AT_decl_column(0x0c)
    6895              
    6896              $C$DW$410       .dwtag  DW_TAG_member
    6897                      .dwattr $C$DW$410, DW_AT_type(*$C$DW$T$43)
    6898                      .dwattr $C$DW$410, DW_AT_name("CDEF")
    6899                      .dwattr $C$DW$410, DW_AT_bit_offset(0x0d)
    6900                      .dwattr $C$DW$410, DW_AT_bit_size(0x01)
    6901                      .dwattr $C$DW$410, DW_AT_accessibility(DW_ACCESS_public)
    6902                      .dwattr $C$DW$410, DW_AT_decl_file("C:\TI\C2000Ware_MotorControl_SDK_5_04_00_00\c2000ware\device_supp
    6903                      .dwattr $C$DW$410, DW_AT_decl_line(0xcc)
    6904                      .dwattr $C$DW$410, DW_AT_decl_column(0x0c)
    6905              
    6906              $C$DW$411       .dwtag  DW_TAG_member
    6907                      .dwattr $C$DW$411, DW_AT_type(*$C$DW$T$43)
    6908                      .dwattr $C$DW$411, DW_AT_name("COEF")
    6909                      .dwattr $C$DW$411, DW_AT_bit_offset(0x0c)
    6910                      .dwattr $C$DW$411, DW_AT_bit_size(0x01)
    6911                      .dwattr $C$DW$411, DW_AT_accessibility(DW_ACCESS_public)
    6912                      .dwattr $C$DW$411, DW_AT_decl_file("C:\TI\C2000Ware_MotorControl_SDK_5_04_00_00\c2000ware\device_supp
    6913                      .dwattr $C$DW$411, DW_AT_decl_line(0xcd)
    6914                      .dwattr $C$DW$411, DW_AT_decl_column(0x0c)
    6915              
    6916              $C$DW$412       .dwtag  DW_TAG_member
    6917                      .dwattr $C$DW$412, DW_AT_type(*$C$DW$T$43)
    6918                      .dwattr $C$DW$412, DW_AT_name("QDLF")
    6919                      .dwattr $C$DW$412, DW_AT_bit_offset(0x0b)
    6920                      .dwattr $C$DW$412, DW_AT_bit_size(0x01)
    6921                      .dwattr $C$DW$412, DW_AT_accessibility(DW_ACCESS_public)
    6922                      .dwattr $C$DW$412, DW_AT_decl_file("C:\TI\C2000Ware_MotorControl_SDK_5_04_00_00\c2000ware\device_supp
    6923                      .dwattr $C$DW$412, DW_AT_decl_line(0xce)
    6924                      .dwattr $C$DW$412, DW_AT_decl_column(0x0c)
    6925              
    6926              $C$DW$413       .dwtag  DW_TAG_member
    6927                      .dwattr $C$DW$413, DW_AT_type(*$C$DW$T$43)
    6928                      .dwattr $C$DW$413, DW_AT_name("QDF")
    6929                      .dwattr $C$DW$413, DW_AT_bit_offset(0x0a)
TMS320C2000 Assembler PC v22.6.2 Tue Mar  3 20:15:52 2026

Copyright (c) 1996-2018 Texas Instruments Incorporated
dual_axis_servo_drive_user.asm                                       PAGE  139

    6930                      .dwattr $C$DW$413, DW_AT_bit_size(0x01)
    6931                      .dwattr $C$DW$413, DW_AT_accessibility(DW_ACCESS_public)
    6932                      .dwattr $C$DW$413, DW_AT_decl_file("C:\TI\C2000Ware_MotorControl_SDK_5_04_00_00\c2000ware\device_supp
    6933                      .dwattr $C$DW$413, DW_AT_decl_line(0xcf)
    6934                      .dwattr $C$DW$413, DW_AT_decl_column(0x0c)
    6935              
    6936              $C$DW$414       .dwtag  DW_TAG_member
    6937                      .dwattr $C$DW$414, DW_AT_type(*$C$DW$T$43)
    6938                      .dwattr $C$DW$414, DW_AT_name("FIDF")
    6939                      .dwattr $C$DW$414, DW_AT_bit_offset(0x09)
    6940                      .dwattr $C$DW$414, DW_AT_bit_size(0x01)
    6941                      .dwattr $C$DW$414, DW_AT_accessibility(DW_ACCESS_public)
    6942                      .dwattr $C$DW$414, DW_AT_decl_file("C:\TI\C2000Ware_MotorControl_SDK_5_04_00_00\c2000ware\device_supp
    6943                      .dwattr $C$DW$414, DW_AT_decl_line(0xd0)
    6944                      .dwattr $C$DW$414, DW_AT_decl_column(0x0c)
    6945              
    6946              $C$DW$415       .dwtag  DW_TAG_member
    6947                      .dwattr $C$DW$415, DW_AT_type(*$C$DW$T$43)
    6948                      .dwattr $C$DW$415, DW_AT_name("UPEVNT")
    6949                      .dwattr $C$DW$415, DW_AT_bit_offset(0x08)
    6950                      .dwattr $C$DW$415, DW_AT_bit_size(0x01)
    6951                      .dwattr $C$DW$415, DW_AT_accessibility(DW_ACCESS_public)
    6952                      .dwattr $C$DW$415, DW_AT_decl_file("C:\TI\C2000Ware_MotorControl_SDK_5_04_00_00\c2000ware\device_supp
    6953                      .dwattr $C$DW$415, DW_AT_decl_line(0xd1)
    6954                      .dwattr $C$DW$415, DW_AT_decl_column(0x0c)
    6955              
    6956              $C$DW$416       .dwtag  DW_TAG_member
    6957                      .dwattr $C$DW$416, DW_AT_type(*$C$DW$T$43)
    6958                      .dwattr $C$DW$416, DW_AT_name("rsvd1")
    6959                      .dwattr $C$DW$416, DW_AT_bit_offset(0x00)
    6960                      .dwattr $C$DW$416, DW_AT_bit_size(0x08)
    6961                      .dwattr $C$DW$416, DW_AT_accessibility(DW_ACCESS_public)
    6962                      .dwattr $C$DW$416, DW_AT_decl_file("C:\TI\C2000Ware_MotorControl_SDK_5_04_00_00\c2000ware\device_supp
    6963                      .dwattr $C$DW$416, DW_AT_decl_line(0xd2)
    6964                      .dwattr $C$DW$416, DW_AT_decl_column(0x0c)
    6965              
    6966                      .dwattr $C$DW$T$58, DW_AT_decl_file("C:\TI\C2000Ware_MotorControl_SDK_5_04_00_00\c2000ware\device_sup
    6967                      .dwattr $C$DW$T$58, DW_AT_decl_line(0xc9)
    6968                      .dwattr $C$DW$T$58, DW_AT_decl_column(0x08)
    6969                      .dwendtag $C$DW$T$58
    6970              
    6971                      .dwendtag $C$DW$TU$58
    6972              
    6973              
    6974              $C$DW$TU$59     .dwtag  DW_TAG_type_unit
    6975                      .dwmtype  $C$DW$T$59
    6976              
    6977              $C$DW$T$59      .dwtag  DW_TAG_union_type
    6978                      .dwattr $C$DW$T$59, DW_AT_name("QEPSTS_REG")
    6979                      .dwattr $C$DW$T$59, DW_AT_byte_size(0x01)
    6980              $C$DW$417       .dwtag  DW_TAG_member
    6981                      .dwattr $C$DW$417, DW_AT_type(*$C$DW$T$43)
    6982                      .dwattr $C$DW$417, DW_AT_name("all")
    6983                      .dwattr $C$DW$417, DW_AT_accessibility(DW_ACCESS_public)
    6984                      .dwattr $C$DW$417, DW_AT_decl_file("C:\TI\C2000Ware_MotorControl_SDK_5_04_00_00\c2000ware\device_supp
TMS320C2000 Assembler PC v22.6.2 Tue Mar  3 20:15:52 2026

Copyright (c) 1996-2018 Texas Instruments Incorporated
dual_axis_servo_drive_user.asm                                       PAGE  140

    6985                      .dwattr $C$DW$417, DW_AT_decl_line(0xd6)
    6986                      .dwattr $C$DW$417, DW_AT_decl_column(0x0d)
    6987              
    6988              $C$DW$418       .dwtag  DW_TAG_member
    6989                      .dwattr $C$DW$418, DW_AT_type(*$C$DW$T$58)
    6990                      .dwattr $C$DW$418, DW_AT_name("bit")
    6991                      .dwattr $C$DW$418, DW_AT_accessibility(DW_ACCESS_public)
    6992                      .dwattr $C$DW$418, DW_AT_decl_file("C:\TI\C2000Ware_MotorControl_SDK_5_04_00_00\c2000ware\device_supp
    6993                      .dwattr $C$DW$418, DW_AT_decl_line(0xd7)
    6994                      .dwattr $C$DW$418, DW_AT_decl_column(0x1a)
    6995              
    6996                      .dwattr $C$DW$T$59, DW_AT_decl_file("C:\TI\C2000Ware_MotorControl_SDK_5_04_00_00\c2000ware\device_sup
    6997                      .dwattr $C$DW$T$59, DW_AT_decl_line(0xd5)
    6998                      .dwattr $C$DW$T$59, DW_AT_decl_column(0x07)
    6999                      .dwendtag $C$DW$T$59
    7000              
    7001                      .dwendtag $C$DW$TU$59
    7002              
    7003              
    7004              $C$DW$TU$60     .dwtag  DW_TAG_type_unit
    7005                      .dwmtype  $C$DW$T$60
    7006              
    7007              $C$DW$T$60      .dwtag  DW_TAG_structure_type
    7008                      .dwattr $C$DW$T$60, DW_AT_name("QFLG_BITS")
    7009                      .dwattr $C$DW$T$60, DW_AT_byte_size(0x01)
    7010              $C$DW$419       .dwtag  DW_TAG_member
    7011                      .dwattr $C$DW$419, DW_AT_type(*$C$DW$T$43)
    7012                      .dwattr $C$DW$419, DW_AT_name("INT")
    7013                      .dwattr $C$DW$419, DW_AT_bit_offset(0x0f)
    7014                      .dwattr $C$DW$419, DW_AT_bit_size(0x01)
    7015                      .dwattr $C$DW$419, DW_AT_accessibility(DW_ACCESS_public)
    7016                      .dwattr $C$DW$419, DW_AT_decl_file("C:\TI\C2000Ware_MotorControl_SDK_5_04_00_00\c2000ware\device_supp
    7017                      .dwattr $C$DW$419, DW_AT_decl_line(0x8b)
    7018                      .dwattr $C$DW$419, DW_AT_decl_column(0x0c)
    7019              
    7020              $C$DW$420       .dwtag  DW_TAG_member
    7021                      .dwattr $C$DW$420, DW_AT_type(*$C$DW$T$43)
    7022                      .dwattr $C$DW$420, DW_AT_name("PCE")
    7023                      .dwattr $C$DW$420, DW_AT_bit_offset(0x0e)
    7024                      .dwattr $C$DW$420, DW_AT_bit_size(0x01)
    7025                      .dwattr $C$DW$420, DW_AT_accessibility(DW_ACCESS_public)
    7026                      .dwattr $C$DW$420, DW_AT_decl_file("C:\TI\C2000Ware_MotorControl_SDK_5_04_00_00\c2000ware\device_supp
    7027                      .dwattr $C$DW$420, DW_AT_decl_line(0x8c)
    7028                      .dwattr $C$DW$420, DW_AT_decl_column(0x0c)
    7029              
    7030              $C$DW$421       .dwtag  DW_TAG_member
    7031                      .dwattr $C$DW$421, DW_AT_type(*$C$DW$T$43)
    7032                      .dwattr $C$DW$421, DW_AT_name("PHE")
    7033                      .dwattr $C$DW$421, DW_AT_bit_offset(0x0d)
    7034                      .dwattr $C$DW$421, DW_AT_bit_size(0x01)
    7035                      .dwattr $C$DW$421, DW_AT_accessibility(DW_ACCESS_public)
    7036                      .dwattr $C$DW$421, DW_AT_decl_file("C:\TI\C2000Ware_MotorControl_SDK_5_04_00_00\c2000ware\device_supp
    7037                      .dwattr $C$DW$421, DW_AT_decl_line(0x8d)
    7038                      .dwattr $C$DW$421, DW_AT_decl_column(0x0c)
    7039              
TMS320C2000 Assembler PC v22.6.2 Tue Mar  3 20:15:52 2026

Copyright (c) 1996-2018 Texas Instruments Incorporated
dual_axis_servo_drive_user.asm                                       PAGE  141

    7040              $C$DW$422       .dwtag  DW_TAG_member
    7041                      .dwattr $C$DW$422, DW_AT_type(*$C$DW$T$43)
    7042                      .dwattr $C$DW$422, DW_AT_name("QDC")
    7043                      .dwattr $C$DW$422, DW_AT_bit_offset(0x0c)
    7044                      .dwattr $C$DW$422, DW_AT_bit_size(0x01)
    7045                      .dwattr $C$DW$422, DW_AT_accessibility(DW_ACCESS_public)
    7046                      .dwattr $C$DW$422, DW_AT_decl_file("C:\TI\C2000Ware_MotorControl_SDK_5_04_00_00\c2000ware\device_supp
    7047                      .dwattr $C$DW$422, DW_AT_decl_line(0x8e)
    7048                      .dwattr $C$DW$422, DW_AT_decl_column(0x0c)
    7049              
    7050              $C$DW$423       .dwtag  DW_TAG_member
    7051                      .dwattr $C$DW$423, DW_AT_type(*$C$DW$T$43)
    7052                      .dwattr $C$DW$423, DW_AT_name("WTO")
    7053                      .dwattr $C$DW$423, DW_AT_bit_offset(0x0b)
    7054                      .dwattr $C$DW$423, DW_AT_bit_size(0x01)
    7055                      .dwattr $C$DW$423, DW_AT_accessibility(DW_ACCESS_public)
    7056                      .dwattr $C$DW$423, DW_AT_decl_file("C:\TI\C2000Ware_MotorControl_SDK_5_04_00_00\c2000ware\device_supp
    7057                      .dwattr $C$DW$423, DW_AT_decl_line(0x8f)
    7058                      .dwattr $C$DW$423, DW_AT_decl_column(0x0c)
    7059              
    7060              $C$DW$424       .dwtag  DW_TAG_member
    7061                      .dwattr $C$DW$424, DW_AT_type(*$C$DW$T$43)
    7062                      .dwattr $C$DW$424, DW_AT_name("PCU")
    7063                      .dwattr $C$DW$424, DW_AT_bit_offset(0x0a)
    7064                      .dwattr $C$DW$424, DW_AT_bit_size(0x01)
    7065                      .dwattr $C$DW$424, DW_AT_accessibility(DW_ACCESS_public)
    7066                      .dwattr $C$DW$424, DW_AT_decl_file("C:\TI\C2000Ware_MotorControl_SDK_5_04_00_00\c2000ware\device_supp
    7067                      .dwattr $C$DW$424, DW_AT_decl_line(0x90)
    7068                      .dwattr $C$DW$424, DW_AT_decl_column(0x0c)
    7069              
    7070              $C$DW$425       .dwtag  DW_TAG_member
    7071                      .dwattr $C$DW$425, DW_AT_type(*$C$DW$T$43)
    7072                      .dwattr $C$DW$425, DW_AT_name("PCO")
    7073                      .dwattr $C$DW$425, DW_AT_bit_offset(0x09)
    7074                      .dwattr $C$DW$425, DW_AT_bit_size(0x01)
    7075                      .dwattr $C$DW$425, DW_AT_accessibility(DW_ACCESS_public)
    7076                      .dwattr $C$DW$425, DW_AT_decl_file("C:\TI\C2000Ware_MotorControl_SDK_5_04_00_00\c2000ware\device_supp
    7077                      .dwattr $C$DW$425, DW_AT_decl_line(0x91)
    7078                      .dwattr $C$DW$425, DW_AT_decl_column(0x0c)
    7079              
    7080              $C$DW$426       .dwtag  DW_TAG_member
    7081                      .dwattr $C$DW$426, DW_AT_type(*$C$DW$T$43)
    7082                      .dwattr $C$DW$426, DW_AT_name("PCR")
    7083                      .dwattr $C$DW$426, DW_AT_bit_offset(0x08)
    7084                      .dwattr $C$DW$426, DW_AT_bit_size(0x01)
    7085                      .dwattr $C$DW$426, DW_AT_accessibility(DW_ACCESS_public)
    7086                      .dwattr $C$DW$426, DW_AT_decl_file("C:\TI\C2000Ware_MotorControl_SDK_5_04_00_00\c2000ware\device_supp
    7087                      .dwattr $C$DW$426, DW_AT_decl_line(0x92)
    7088                      .dwattr $C$DW$426, DW_AT_decl_column(0x0c)
    7089              
    7090              $C$DW$427       .dwtag  DW_TAG_member
    7091                      .dwattr $C$DW$427, DW_AT_type(*$C$DW$T$43)
    7092                      .dwattr $C$DW$427, DW_AT_name("PCM")
    7093                      .dwattr $C$DW$427, DW_AT_bit_offset(0x07)
    7094                      .dwattr $C$DW$427, DW_AT_bit_size(0x01)
TMS320C2000 Assembler PC v22.6.2 Tue Mar  3 20:15:52 2026

Copyright (c) 1996-2018 Texas Instruments Incorporated
dual_axis_servo_drive_user.asm                                       PAGE  142

    7095                      .dwattr $C$DW$427, DW_AT_accessibility(DW_ACCESS_public)
    7096                      .dwattr $C$DW$427, DW_AT_decl_file("C:\TI\C2000Ware_MotorControl_SDK_5_04_00_00\c2000ware\device_supp
    7097                      .dwattr $C$DW$427, DW_AT_decl_line(0x93)
    7098                      .dwattr $C$DW$427, DW_AT_decl_column(0x0c)
    7099              
    7100              $C$DW$428       .dwtag  DW_TAG_member
    7101                      .dwattr $C$DW$428, DW_AT_type(*$C$DW$T$43)
    7102                      .dwattr $C$DW$428, DW_AT_name("SEL")
    7103                      .dwattr $C$DW$428, DW_AT_bit_offset(0x06)
    7104                      .dwattr $C$DW$428, DW_AT_bit_size(0x01)
    7105                      .dwattr $C$DW$428, DW_AT_accessibility(DW_ACCESS_public)
    7106                      .dwattr $C$DW$428, DW_AT_decl_file("C:\TI\C2000Ware_MotorControl_SDK_5_04_00_00\c2000ware\device_supp
    7107                      .dwattr $C$DW$428, DW_AT_decl_line(0x94)
    7108                      .dwattr $C$DW$428, DW_AT_decl_column(0x0c)
    7109              
    7110              $C$DW$429       .dwtag  DW_TAG_member
    7111                      .dwattr $C$DW$429, DW_AT_type(*$C$DW$T$43)
    7112                      .dwattr $C$DW$429, DW_AT_name("IEL")
    7113                      .dwattr $C$DW$429, DW_AT_bit_offset(0x05)
    7114                      .dwattr $C$DW$429, DW_AT_bit_size(0x01)
    7115                      .dwattr $C$DW$429, DW_AT_accessibility(DW_ACCESS_public)
    7116                      .dwattr $C$DW$429, DW_AT_decl_file("C:\TI\C2000Ware_MotorControl_SDK_5_04_00_00\c2000ware\device_supp
    7117                      .dwattr $C$DW$429, DW_AT_decl_line(0x95)
    7118                      .dwattr $C$DW$429, DW_AT_decl_column(0x0c)
    7119              
    7120              $C$DW$430       .dwtag  DW_TAG_member
    7121                      .dwattr $C$DW$430, DW_AT_type(*$C$DW$T$43)
    7122                      .dwattr $C$DW$430, DW_AT_name("UTO")
    7123                      .dwattr $C$DW$430, DW_AT_bit_offset(0x04)
    7124                      .dwattr $C$DW$430, DW_AT_bit_size(0x01)
    7125                      .dwattr $C$DW$430, DW_AT_accessibility(DW_ACCESS_public)
    7126                      .dwattr $C$DW$430, DW_AT_decl_file("C:\TI\C2000Ware_MotorControl_SDK_5_04_00_00\c2000ware\device_supp
    7127                      .dwattr $C$DW$430, DW_AT_decl_line(0x96)
    7128                      .dwattr $C$DW$430, DW_AT_decl_column(0x0c)
    7129              
    7130              $C$DW$431       .dwtag  DW_TAG_member
    7131                      .dwattr $C$DW$431, DW_AT_type(*$C$DW$T$43)
    7132                      .dwattr $C$DW$431, DW_AT_name("rsvd1")
    7133                      .dwattr $C$DW$431, DW_AT_bit_offset(0x00)
    7134                      .dwattr $C$DW$431, DW_AT_bit_size(0x04)
    7135                      .dwattr $C$DW$431, DW_AT_accessibility(DW_ACCESS_public)
    7136                      .dwattr $C$DW$431, DW_AT_decl_file("C:\TI\C2000Ware_MotorControl_SDK_5_04_00_00\c2000ware\device_supp
    7137                      .dwattr $C$DW$431, DW_AT_decl_line(0x97)
    7138                      .dwattr $C$DW$431, DW_AT_decl_column(0x0c)
    7139              
    7140                      .dwattr $C$DW$T$60, DW_AT_decl_file("C:\TI\C2000Ware_MotorControl_SDK_5_04_00_00\c2000ware\device_sup
    7141                      .dwattr $C$DW$T$60, DW_AT_decl_line(0x8a)
    7142                      .dwattr $C$DW$T$60, DW_AT_decl_column(0x08)
    7143                      .dwendtag $C$DW$T$60
    7144              
    7145                      .dwendtag $C$DW$TU$60
    7146              
    7147              
    7148              $C$DW$TU$61     .dwtag  DW_TAG_type_unit
    7149                      .dwmtype  $C$DW$T$61
TMS320C2000 Assembler PC v22.6.2 Tue Mar  3 20:15:52 2026

Copyright (c) 1996-2018 Texas Instruments Incorporated
dual_axis_servo_drive_user.asm                                       PAGE  143

    7150              
    7151              $C$DW$T$61      .dwtag  DW_TAG_union_type
    7152                      .dwattr $C$DW$T$61, DW_AT_name("QFLG_REG")
    7153                      .dwattr $C$DW$T$61, DW_AT_byte_size(0x01)
    7154              $C$DW$432       .dwtag  DW_TAG_member
    7155                      .dwattr $C$DW$432, DW_AT_type(*$C$DW$T$43)
    7156                      .dwattr $C$DW$432, DW_AT_name("all")
    7157                      .dwattr $C$DW$432, DW_AT_accessibility(DW_ACCESS_public)
    7158                      .dwattr $C$DW$432, DW_AT_decl_file("C:\TI\C2000Ware_MotorControl_SDK_5_04_00_00\c2000ware\device_supp
    7159                      .dwattr $C$DW$432, DW_AT_decl_line(0x9b)
    7160                      .dwattr $C$DW$432, DW_AT_decl_column(0x0d)
    7161              
    7162              $C$DW$433       .dwtag  DW_TAG_member
    7163                      .dwattr $C$DW$433, DW_AT_type(*$C$DW$T$60)
    7164                      .dwattr $C$DW$433, DW_AT_name("bit")
    7165                      .dwattr $C$DW$433, DW_AT_accessibility(DW_ACCESS_public)
    7166                      .dwattr $C$DW$433, DW_AT_decl_file("C:\TI\C2000Ware_MotorControl_SDK_5_04_00_00\c2000ware\device_supp
    7167                      .dwattr $C$DW$433, DW_AT_decl_line(0x9c)
    7168                      .dwattr $C$DW$433, DW_AT_decl_column(0x18)
    7169              
    7170                      .dwattr $C$DW$T$61, DW_AT_decl_file("C:\TI\C2000Ware_MotorControl_SDK_5_04_00_00\c2000ware\device_sup
    7171                      .dwattr $C$DW$T$61, DW_AT_decl_line(0x9a)
    7172                      .dwattr $C$DW$T$61, DW_AT_decl_column(0x07)
    7173                      .dwendtag $C$DW$T$61
    7174              
    7175                      .dwendtag $C$DW$TU$61
    7176              
    7177              
    7178              $C$DW$TU$62     .dwtag  DW_TAG_type_unit
    7179                      .dwmtype  $C$DW$T$62
    7180              
    7181              $C$DW$T$62      .dwtag  DW_TAG_structure_type
    7182                      .dwattr $C$DW$T$62, DW_AT_name("QFRC_BITS")
    7183                      .dwattr $C$DW$T$62, DW_AT_byte_size(0x01)
    7184              $C$DW$434       .dwtag  DW_TAG_member
    7185                      .dwattr $C$DW$434, DW_AT_type(*$C$DW$T$43)
    7186                      .dwattr $C$DW$434, DW_AT_name("rsvd1")
    7187                      .dwattr $C$DW$434, DW_AT_bit_offset(0x0f)
    7188                      .dwattr $C$DW$434, DW_AT_bit_size(0x01)
    7189                      .dwattr $C$DW$434, DW_AT_accessibility(DW_ACCESS_public)
    7190                      .dwattr $C$DW$434, DW_AT_decl_file("C:\TI\C2000Ware_MotorControl_SDK_5_04_00_00\c2000ware\device_supp
    7191                      .dwattr $C$DW$434, DW_AT_decl_line(0xb5)
    7192                      .dwattr $C$DW$434, DW_AT_decl_column(0x0c)
    7193              
    7194              $C$DW$435       .dwtag  DW_TAG_member
    7195                      .dwattr $C$DW$435, DW_AT_type(*$C$DW$T$43)
    7196                      .dwattr $C$DW$435, DW_AT_name("PCE")
    7197                      .dwattr $C$DW$435, DW_AT_bit_offset(0x0e)
    7198                      .dwattr $C$DW$435, DW_AT_bit_size(0x01)
    7199                      .dwattr $C$DW$435, DW_AT_accessibility(DW_ACCESS_public)
    7200                      .dwattr $C$DW$435, DW_AT_decl_file("C:\TI\C2000Ware_MotorControl_SDK_5_04_00_00\c2000ware\device_supp
    7201                      .dwattr $C$DW$435, DW_AT_decl_line(0xb6)
    7202                      .dwattr $C$DW$435, DW_AT_decl_column(0x0c)
    7203              
    7204              $C$DW$436       .dwtag  DW_TAG_member
TMS320C2000 Assembler PC v22.6.2 Tue Mar  3 20:15:52 2026

Copyright (c) 1996-2018 Texas Instruments Incorporated
dual_axis_servo_drive_user.asm                                       PAGE  144

    7205                      .dwattr $C$DW$436, DW_AT_type(*$C$DW$T$43)
    7206                      .dwattr $C$DW$436, DW_AT_name("PHE")
    7207                      .dwattr $C$DW$436, DW_AT_bit_offset(0x0d)
    7208                      .dwattr $C$DW$436, DW_AT_bit_size(0x01)
    7209                      .dwattr $C$DW$436, DW_AT_accessibility(DW_ACCESS_public)
    7210                      .dwattr $C$DW$436, DW_AT_decl_file("C:\TI\C2000Ware_MotorControl_SDK_5_04_00_00\c2000ware\device_supp
    7211                      .dwattr $C$DW$436, DW_AT_decl_line(0xb7)
    7212                      .dwattr $C$DW$436, DW_AT_decl_column(0x0c)
    7213              
    7214              $C$DW$437       .dwtag  DW_TAG_member
    7215                      .dwattr $C$DW$437, DW_AT_type(*$C$DW$T$43)
    7216                      .dwattr $C$DW$437, DW_AT_name("QDC")
    7217                      .dwattr $C$DW$437, DW_AT_bit_offset(0x0c)
    7218                      .dwattr $C$DW$437, DW_AT_bit_size(0x01)
    7219                      .dwattr $C$DW$437, DW_AT_accessibility(DW_ACCESS_public)
    7220                      .dwattr $C$DW$437, DW_AT_decl_file("C:\TI\C2000Ware_MotorControl_SDK_5_04_00_00\c2000ware\device_supp
    7221                      .dwattr $C$DW$437, DW_AT_decl_line(0xb8)
    7222                      .dwattr $C$DW$437, DW_AT_decl_column(0x0c)
    7223              
    7224              $C$DW$438       .dwtag  DW_TAG_member
    7225                      .dwattr $C$DW$438, DW_AT_type(*$C$DW$T$43)
    7226                      .dwattr $C$DW$438, DW_AT_name("WTO")
    7227                      .dwattr $C$DW$438, DW_AT_bit_offset(0x0b)
    7228                      .dwattr $C$DW$438, DW_AT_bit_size(0x01)
    7229                      .dwattr $C$DW$438, DW_AT_accessibility(DW_ACCESS_public)
    7230                      .dwattr $C$DW$438, DW_AT_decl_file("C:\TI\C2000Ware_MotorControl_SDK_5_04_00_00\c2000ware\device_supp
    7231                      .dwattr $C$DW$438, DW_AT_decl_line(0xb9)
    7232                      .dwattr $C$DW$438, DW_AT_decl_column(0x0c)
    7233              
    7234              $C$DW$439       .dwtag  DW_TAG_member
    7235                      .dwattr $C$DW$439, DW_AT_type(*$C$DW$T$43)
    7236                      .dwattr $C$DW$439, DW_AT_name("PCU")
    7237                      .dwattr $C$DW$439, DW_AT_bit_offset(0x0a)
    7238                      .dwattr $C$DW$439, DW_AT_bit_size(0x01)
    7239                      .dwattr $C$DW$439, DW_AT_accessibility(DW_ACCESS_public)
    7240                      .dwattr $C$DW$439, DW_AT_decl_file("C:\TI\C2000Ware_MotorControl_SDK_5_04_00_00\c2000ware\device_supp
    7241                      .dwattr $C$DW$439, DW_AT_decl_line(0xba)
    7242                      .dwattr $C$DW$439, DW_AT_decl_column(0x0c)
    7243              
    7244              $C$DW$440       .dwtag  DW_TAG_member
    7245                      .dwattr $C$DW$440, DW_AT_type(*$C$DW$T$43)
    7246                      .dwattr $C$DW$440, DW_AT_name("PCO")
    7247                      .dwattr $C$DW$440, DW_AT_bit_offset(0x09)
    7248                      .dwattr $C$DW$440, DW_AT_bit_size(0x01)
    7249                      .dwattr $C$DW$440, DW_AT_accessibility(DW_ACCESS_public)
    7250                      .dwattr $C$DW$440, DW_AT_decl_file("C:\TI\C2000Ware_MotorControl_SDK_5_04_00_00\c2000ware\device_supp
    7251                      .dwattr $C$DW$440, DW_AT_decl_line(0xbb)
    7252                      .dwattr $C$DW$440, DW_AT_decl_column(0x0c)
    7253              
    7254              $C$DW$441       .dwtag  DW_TAG_member
    7255                      .dwattr $C$DW$441, DW_AT_type(*$C$DW$T$43)
    7256                      .dwattr $C$DW$441, DW_AT_name("PCR")
    7257                      .dwattr $C$DW$441, DW_AT_bit_offset(0x08)
    7258                      .dwattr $C$DW$441, DW_AT_bit_size(0x01)
    7259                      .dwattr $C$DW$441, DW_AT_accessibility(DW_ACCESS_public)
TMS320C2000 Assembler PC v22.6.2 Tue Mar  3 20:15:52 2026

Copyright (c) 1996-2018 Texas Instruments Incorporated
dual_axis_servo_drive_user.asm                                       PAGE  145

    7260                      .dwattr $C$DW$441, DW_AT_decl_file("C:\TI\C2000Ware_MotorControl_SDK_5_04_00_00\c2000ware\device_supp
    7261                      .dwattr $C$DW$441, DW_AT_decl_line(0xbc)
    7262                      .dwattr $C$DW$441, DW_AT_decl_column(0x0c)
    7263              
    7264              $C$DW$442       .dwtag  DW_TAG_member
    7265                      .dwattr $C$DW$442, DW_AT_type(*$C$DW$T$43)
    7266                      .dwattr $C$DW$442, DW_AT_name("PCM")
    7267                      .dwattr $C$DW$442, DW_AT_bit_offset(0x07)
    7268                      .dwattr $C$DW$442, DW_AT_bit_size(0x01)
    7269                      .dwattr $C$DW$442, DW_AT_accessibility(DW_ACCESS_public)
    7270                      .dwattr $C$DW$442, DW_AT_decl_file("C:\TI\C2000Ware_MotorControl_SDK_5_04_00_00\c2000ware\device_supp
    7271                      .dwattr $C$DW$442, DW_AT_decl_line(0xbd)
    7272                      .dwattr $C$DW$442, DW_AT_decl_column(0x0c)
    7273              
    7274              $C$DW$443       .dwtag  DW_TAG_member
    7275                      .dwattr $C$DW$443, DW_AT_type(*$C$DW$T$43)
    7276                      .dwattr $C$DW$443, DW_AT_name("SEL")
    7277                      .dwattr $C$DW$443, DW_AT_bit_offset(0x06)
    7278                      .dwattr $C$DW$443, DW_AT_bit_size(0x01)
    7279                      .dwattr $C$DW$443, DW_AT_accessibility(DW_ACCESS_public)
    7280                      .dwattr $C$DW$443, DW_AT_decl_file("C:\TI\C2000Ware_MotorControl_SDK_5_04_00_00\c2000ware\device_supp
    7281                      .dwattr $C$DW$443, DW_AT_decl_line(0xbe)
    7282                      .dwattr $C$DW$443, DW_AT_decl_column(0x0c)
    7283              
    7284              $C$DW$444       .dwtag  DW_TAG_member
    7285                      .dwattr $C$DW$444, DW_AT_type(*$C$DW$T$43)
    7286                      .dwattr $C$DW$444, DW_AT_name("IEL")
    7287                      .dwattr $C$DW$444, DW_AT_bit_offset(0x05)
    7288                      .dwattr $C$DW$444, DW_AT_bit_size(0x01)
    7289                      .dwattr $C$DW$444, DW_AT_accessibility(DW_ACCESS_public)
    7290                      .dwattr $C$DW$444, DW_AT_decl_file("C:\TI\C2000Ware_MotorControl_SDK_5_04_00_00\c2000ware\device_supp
    7291                      .dwattr $C$DW$444, DW_AT_decl_line(0xbf)
    7292                      .dwattr $C$DW$444, DW_AT_decl_column(0x0c)
    7293              
    7294              $C$DW$445       .dwtag  DW_TAG_member
    7295                      .dwattr $C$DW$445, DW_AT_type(*$C$DW$T$43)
    7296                      .dwattr $C$DW$445, DW_AT_name("UTO")
    7297                      .dwattr $C$DW$445, DW_AT_bit_offset(0x04)
    7298                      .dwattr $C$DW$445, DW_AT_bit_size(0x01)
    7299                      .dwattr $C$DW$445, DW_AT_accessibility(DW_ACCESS_public)
    7300                      .dwattr $C$DW$445, DW_AT_decl_file("C:\TI\C2000Ware_MotorControl_SDK_5_04_00_00\c2000ware\device_supp
    7301                      .dwattr $C$DW$445, DW_AT_decl_line(0xc0)
    7302                      .dwattr $C$DW$445, DW_AT_decl_column(0x0c)
    7303              
    7304              $C$DW$446       .dwtag  DW_TAG_member
    7305                      .dwattr $C$DW$446, DW_AT_type(*$C$DW$T$43)
    7306                      .dwattr $C$DW$446, DW_AT_name("rsvd2")
    7307                      .dwattr $C$DW$446, DW_AT_bit_offset(0x00)
    7308                      .dwattr $C$DW$446, DW_AT_bit_size(0x04)
    7309                      .dwattr $C$DW$446, DW_AT_accessibility(DW_ACCESS_public)
    7310                      .dwattr $C$DW$446, DW_AT_decl_file("C:\TI\C2000Ware_MotorControl_SDK_5_04_00_00\c2000ware\device_supp
    7311                      .dwattr $C$DW$446, DW_AT_decl_line(0xc1)
    7312                      .dwattr $C$DW$446, DW_AT_decl_column(0x0c)
    7313              
    7314                      .dwattr $C$DW$T$62, DW_AT_decl_file("C:\TI\C2000Ware_MotorControl_SDK_5_04_00_00\c2000ware\device_sup
TMS320C2000 Assembler PC v22.6.2 Tue Mar  3 20:15:52 2026

Copyright (c) 1996-2018 Texas Instruments Incorporated
dual_axis_servo_drive_user.asm                                       PAGE  146

    7315                      .dwattr $C$DW$T$62, DW_AT_decl_line(0xb4)
    7316                      .dwattr $C$DW$T$62, DW_AT_decl_column(0x08)
    7317                      .dwendtag $C$DW$T$62
    7318              
    7319                      .dwendtag $C$DW$TU$62
    7320              
    7321              
    7322              $C$DW$TU$63     .dwtag  DW_TAG_type_unit
    7323                      .dwmtype  $C$DW$T$63
    7324              
    7325              $C$DW$T$63      .dwtag  DW_TAG_union_type
    7326                      .dwattr $C$DW$T$63, DW_AT_name("QFRC_REG")
    7327                      .dwattr $C$DW$T$63, DW_AT_byte_size(0x01)
    7328              $C$DW$447       .dwtag  DW_TAG_member
    7329                      .dwattr $C$DW$447, DW_AT_type(*$C$DW$T$43)
    7330                      .dwattr $C$DW$447, DW_AT_name("all")
    7331                      .dwattr $C$DW$447, DW_AT_accessibility(DW_ACCESS_public)
    7332                      .dwattr $C$DW$447, DW_AT_decl_file("C:\TI\C2000Ware_MotorControl_SDK_5_04_00_00\c2000ware\device_supp
    7333                      .dwattr $C$DW$447, DW_AT_decl_line(0xc5)
    7334                      .dwattr $C$DW$447, DW_AT_decl_column(0x0d)
    7335              
    7336              $C$DW$448       .dwtag  DW_TAG_member
    7337                      .dwattr $C$DW$448, DW_AT_type(*$C$DW$T$62)
    7338                      .dwattr $C$DW$448, DW_AT_name("bit")
    7339                      .dwattr $C$DW$448, DW_AT_accessibility(DW_ACCESS_public)
    7340                      .dwattr $C$DW$448, DW_AT_decl_file("C:\TI\C2000Ware_MotorControl_SDK_5_04_00_00\c2000ware\device_supp
    7341                      .dwattr $C$DW$448, DW_AT_decl_line(0xc6)
    7342                      .dwattr $C$DW$448, DW_AT_decl_column(0x18)
    7343              
    7344                      .dwattr $C$DW$T$63, DW_AT_decl_file("C:\TI\C2000Ware_MotorControl_SDK_5_04_00_00\c2000ware\device_sup
    7345                      .dwattr $C$DW$T$63, DW_AT_decl_line(0xc4)
    7346                      .dwattr $C$DW$T$63, DW_AT_decl_column(0x07)
    7347                      .dwendtag $C$DW$T$63
    7348              
    7349                      .dwendtag $C$DW$TU$63
    7350              
    7351              
    7352              $C$DW$TU$64     .dwtag  DW_TAG_type_unit
    7353                      .dwmtype  $C$DW$T$64
    7354              
    7355              $C$DW$T$64      .dwtag  DW_TAG_structure_type
    7356                      .dwattr $C$DW$T$64, DW_AT_name("QPOSCTL_BITS")
    7357                      .dwattr $C$DW$T$64, DW_AT_byte_size(0x01)
    7358              $C$DW$449       .dwtag  DW_TAG_member
    7359                      .dwattr $C$DW$449, DW_AT_type(*$C$DW$T$43)
    7360                      .dwattr $C$DW$449, DW_AT_name("PCSPW")
    7361                      .dwattr $C$DW$449, DW_AT_bit_offset(0x04)
    7362                      .dwattr $C$DW$449, DW_AT_bit_size(0x0c)
    7363                      .dwattr $C$DW$449, DW_AT_accessibility(DW_ACCESS_public)
    7364                      .dwattr $C$DW$449, DW_AT_decl_file("C:\TI\C2000Ware_MotorControl_SDK_5_04_00_00\c2000ware\device_supp
    7365                      .dwattr $C$DW$449, DW_AT_decl_line(0x69)
    7366                      .dwattr $C$DW$449, DW_AT_decl_column(0x0c)
    7367              
    7368              $C$DW$450       .dwtag  DW_TAG_member
    7369                      .dwattr $C$DW$450, DW_AT_type(*$C$DW$T$43)
TMS320C2000 Assembler PC v22.6.2 Tue Mar  3 20:15:52 2026

Copyright (c) 1996-2018 Texas Instruments Incorporated
dual_axis_servo_drive_user.asm                                       PAGE  147

    7370                      .dwattr $C$DW$450, DW_AT_name("PCE")
    7371                      .dwattr $C$DW$450, DW_AT_bit_offset(0x03)
    7372                      .dwattr $C$DW$450, DW_AT_bit_size(0x01)
    7373                      .dwattr $C$DW$450, DW_AT_accessibility(DW_ACCESS_public)
    7374                      .dwattr $C$DW$450, DW_AT_decl_file("C:\TI\C2000Ware_MotorControl_SDK_5_04_00_00\c2000ware\device_supp
    7375                      .dwattr $C$DW$450, DW_AT_decl_line(0x6a)
    7376                      .dwattr $C$DW$450, DW_AT_decl_column(0x0c)
    7377              
    7378              $C$DW$451       .dwtag  DW_TAG_member
    7379                      .dwattr $C$DW$451, DW_AT_type(*$C$DW$T$43)
    7380                      .dwattr $C$DW$451, DW_AT_name("PCPOL")
    7381                      .dwattr $C$DW$451, DW_AT_bit_offset(0x02)
    7382                      .dwattr $C$DW$451, DW_AT_bit_size(0x01)
    7383                      .dwattr $C$DW$451, DW_AT_accessibility(DW_ACCESS_public)
    7384                      .dwattr $C$DW$451, DW_AT_decl_file("C:\TI\C2000Ware_MotorControl_SDK_5_04_00_00\c2000ware\device_supp
    7385                      .dwattr $C$DW$451, DW_AT_decl_line(0x6b)
    7386                      .dwattr $C$DW$451, DW_AT_decl_column(0x0c)
    7387              
    7388              $C$DW$452       .dwtag  DW_TAG_member
    7389                      .dwattr $C$DW$452, DW_AT_type(*$C$DW$T$43)
    7390                      .dwattr $C$DW$452, DW_AT_name("PCLOAD")
    7391                      .dwattr $C$DW$452, DW_AT_bit_offset(0x01)
    7392                      .dwattr $C$DW$452, DW_AT_bit_size(0x01)
    7393                      .dwattr $C$DW$452, DW_AT_accessibility(DW_ACCESS_public)
    7394                      .dwattr $C$DW$452, DW_AT_decl_file("C:\TI\C2000Ware_MotorControl_SDK_5_04_00_00\c2000ware\device_supp
    7395                      .dwattr $C$DW$452, DW_AT_decl_line(0x6c)
    7396                      .dwattr $C$DW$452, DW_AT_decl_column(0x0c)
    7397              
    7398              $C$DW$453       .dwtag  DW_TAG_member
    7399                      .dwattr $C$DW$453, DW_AT_type(*$C$DW$T$43)
    7400                      .dwattr $C$DW$453, DW_AT_name("PCSHDW")
    7401                      .dwattr $C$DW$453, DW_AT_bit_offset(0x00)
    7402                      .dwattr $C$DW$453, DW_AT_bit_size(0x01)
    7403                      .dwattr $C$DW$453, DW_AT_accessibility(DW_ACCESS_public)
    7404                      .dwattr $C$DW$453, DW_AT_decl_file("C:\TI\C2000Ware_MotorControl_SDK_5_04_00_00\c2000ware\device_supp
    7405                      .dwattr $C$DW$453, DW_AT_decl_line(0x6d)
    7406                      .dwattr $C$DW$453, DW_AT_decl_column(0x0c)
    7407              
    7408                      .dwattr $C$DW$T$64, DW_AT_decl_file("C:\TI\C2000Ware_MotorControl_SDK_5_04_00_00\c2000ware\device_sup
    7409                      .dwattr $C$DW$T$64, DW_AT_decl_line(0x68)
    7410                      .dwattr $C$DW$T$64, DW_AT_decl_column(0x08)
    7411                      .dwendtag $C$DW$T$64
    7412              
    7413                      .dwendtag $C$DW$TU$64
    7414              
    7415              
    7416              $C$DW$TU$65     .dwtag  DW_TAG_type_unit
    7417                      .dwmtype  $C$DW$T$65
    7418              
    7419              $C$DW$T$65      .dwtag  DW_TAG_union_type
    7420                      .dwattr $C$DW$T$65, DW_AT_name("QPOSCTL_REG")
    7421                      .dwattr $C$DW$T$65, DW_AT_byte_size(0x01)
    7422              $C$DW$454       .dwtag  DW_TAG_member
    7423                      .dwattr $C$DW$454, DW_AT_type(*$C$DW$T$43)
    7424                      .dwattr $C$DW$454, DW_AT_name("all")
TMS320C2000 Assembler PC v22.6.2 Tue Mar  3 20:15:52 2026

Copyright (c) 1996-2018 Texas Instruments Incorporated
dual_axis_servo_drive_user.asm                                       PAGE  148

    7425                      .dwattr $C$DW$454, DW_AT_accessibility(DW_ACCESS_public)
    7426                      .dwattr $C$DW$454, DW_AT_decl_file("C:\TI\C2000Ware_MotorControl_SDK_5_04_00_00\c2000ware\device_supp
    7427                      .dwattr $C$DW$454, DW_AT_decl_line(0x71)
    7428                      .dwattr $C$DW$454, DW_AT_decl_column(0x0d)
    7429              
    7430              $C$DW$455       .dwtag  DW_TAG_member
    7431                      .dwattr $C$DW$455, DW_AT_type(*$C$DW$T$64)
    7432                      .dwattr $C$DW$455, DW_AT_name("bit")
    7433                      .dwattr $C$DW$455, DW_AT_accessibility(DW_ACCESS_public)
    7434                      .dwattr $C$DW$455, DW_AT_decl_file("C:\TI\C2000Ware_MotorControl_SDK_5_04_00_00\c2000ware\device_supp
    7435                      .dwattr $C$DW$455, DW_AT_decl_line(0x72)
    7436                      .dwattr $C$DW$455, DW_AT_decl_column(0x1b)
    7437              
    7438                      .dwattr $C$DW$T$65, DW_AT_decl_file("C:\TI\C2000Ware_MotorControl_SDK_5_04_00_00\c2000ware\device_sup
    7439                      .dwattr $C$DW$T$65, DW_AT_decl_line(0x70)
    7440                      .dwattr $C$DW$T$65, DW_AT_decl_column(0x07)
    7441                      .dwendtag $C$DW$T$65
    7442              
    7443                      .dwendtag $C$DW$TU$65
    7444              
    7445              
    7446              $C$DW$TU$66     .dwtag  DW_TAG_type_unit
    7447                      .dwmtype  $C$DW$T$66
    7448              
    7449              $C$DW$T$66      .dwtag  DW_TAG_structure_type
    7450                      .dwattr $C$DW$T$66, DW_AT_name("_FCL_Parameters_")
    7451                      .dwattr $C$DW$T$66, DW_AT_byte_size(0x1e)
    7452              $C$DW$456       .dwtag  DW_TAG_member
    7453                      .dwattr $C$DW$456, DW_AT_type(*$C$DW$T$19)
    7454                      .dwattr $C$DW$456, DW_AT_name("carrierMid")
    7455                      .dwattr $C$DW$456, DW_AT_accessibility(DW_ACCESS_public)
    7456                      .dwattr $C$DW$456, DW_AT_decl_file("C:/TI/C2000Ware_MotorControl_SDK_5_04_00_00/libraries/fcl/include
    7457                      .dwattr $C$DW$456, DW_AT_decl_line(0x38)
    7458                      .dwattr $C$DW$456, DW_AT_decl_column(0x11)
    7459              
    7460              $C$DW$457       .dwtag  DW_TAG_member
    7461                      .dwattr $C$DW$457, DW_AT_type(*$C$DW$T$19)
    7462                      .dwattr $C$DW$457, DW_AT_name("adcScale")
    7463                      .dwattr $C$DW$457, DW_AT_data_member_location[DW_OP_plus_uconst 0x2]
    7464                      .dwattr $C$DW$457, DW_AT_accessibility(DW_ACCESS_public)
    7465                      .dwattr $C$DW$457, DW_AT_decl_file("C:/TI/C2000Ware_MotorControl_SDK_5_04_00_00/libraries/fcl/include
    7466                      .dwattr $C$DW$457, DW_AT_decl_line(0x39)
    7467                      .dwattr $C$DW$457, DW_AT_decl_column(0x11)
    7468              
    7469              $C$DW$458       .dwtag  DW_TAG_member
    7470                      .dwattr $C$DW$458, DW_AT_type(*$C$DW$T$19)
    7471                      .dwattr $C$DW$458, DW_AT_name("cmidsqrt3")
    7472                      .dwattr $C$DW$458, DW_AT_data_member_location[DW_OP_plus_uconst 0x4]
    7473                      .dwattr $C$DW$458, DW_AT_accessibility(DW_ACCESS_public)
    7474                      .dwattr $C$DW$458, DW_AT_decl_file("C:/TI/C2000Ware_MotorControl_SDK_5_04_00_00/libraries/fcl/include
    7475                      .dwattr $C$DW$458, DW_AT_decl_line(0x3a)
    7476                      .dwattr $C$DW$458, DW_AT_decl_column(0x11)
    7477              
    7478              $C$DW$459       .dwtag  DW_TAG_member
    7479                      .dwattr $C$DW$459, DW_AT_type(*$C$DW$T$19)
TMS320C2000 Assembler PC v22.6.2 Tue Mar  3 20:15:52 2026

Copyright (c) 1996-2018 Texas Instruments Incorporated
dual_axis_servo_drive_user.asm                                       PAGE  149

    7480                      .dwattr $C$DW$459, DW_AT_name("tSamp")
    7481                      .dwattr $C$DW$459, DW_AT_data_member_location[DW_OP_plus_uconst 0x6]
    7482                      .dwattr $C$DW$459, DW_AT_accessibility(DW_ACCESS_public)
    7483                      .dwattr $C$DW$459, DW_AT_decl_file("C:/TI/C2000Ware_MotorControl_SDK_5_04_00_00/libraries/fcl/include
    7484                      .dwattr $C$DW$459, DW_AT_decl_line(0x3c)
    7485                      .dwattr $C$DW$459, DW_AT_decl_column(0x11)
    7486              
    7487              $C$DW$460       .dwtag  DW_TAG_member
    7488                      .dwattr $C$DW$460, DW_AT_type(*$C$DW$T$19)
    7489                      .dwattr $C$DW$460, DW_AT_name("Rd")
    7490                      .dwattr $C$DW$460, DW_AT_data_member_location[DW_OP_plus_uconst 0x8]
    7491                      .dwattr $C$DW$460, DW_AT_accessibility(DW_ACCESS_public)
    7492                      .dwattr $C$DW$460, DW_AT_decl_file("C:/TI/C2000Ware_MotorControl_SDK_5_04_00_00/libraries/fcl/include
    7493                      .dwattr $C$DW$460, DW_AT_decl_line(0x3d)
    7494                      .dwattr $C$DW$460, DW_AT_decl_column(0x11)
    7495              
    7496              $C$DW$461       .dwtag  DW_TAG_member
    7497                      .dwattr $C$DW$461, DW_AT_type(*$C$DW$T$19)
    7498                      .dwattr $C$DW$461, DW_AT_name("Rq")
    7499                      .dwattr $C$DW$461, DW_AT_data_member_location[DW_OP_plus_uconst 0xa]
    7500                      .dwattr $C$DW$461, DW_AT_accessibility(DW_ACCESS_public)
    7501                      .dwattr $C$DW$461, DW_AT_decl_file("C:/TI/C2000Ware_MotorControl_SDK_5_04_00_00/libraries/fcl/include
    7502                      .dwattr $C$DW$461, DW_AT_decl_line(0x3e)
    7503                      .dwattr $C$DW$461, DW_AT_decl_column(0x11)
    7504              
    7505              $C$DW$462       .dwtag  DW_TAG_member
    7506                      .dwattr $C$DW$462, DW_AT_type(*$C$DW$T$19)
    7507                      .dwattr $C$DW$462, DW_AT_name("Ld")
    7508                      .dwattr $C$DW$462, DW_AT_data_member_location[DW_OP_plus_uconst 0xc]
    7509                      .dwattr $C$DW$462, DW_AT_accessibility(DW_ACCESS_public)
    7510                      .dwattr $C$DW$462, DW_AT_decl_file("C:/TI/C2000Ware_MotorControl_SDK_5_04_00_00/libraries/fcl/include
    7511                      .dwattr $C$DW$462, DW_AT_decl_line(0x3f)
    7512                      .dwattr $C$DW$462, DW_AT_decl_column(0x11)
    7513              
    7514              $C$DW$463       .dwtag  DW_TAG_member
    7515                      .dwattr $C$DW$463, DW_AT_type(*$C$DW$T$19)
    7516                      .dwattr $C$DW$463, DW_AT_name("Lq")
    7517                      .dwattr $C$DW$463, DW_AT_data_member_location[DW_OP_plus_uconst 0xe]
    7518                      .dwattr $C$DW$463, DW_AT_accessibility(DW_ACCESS_public)
    7519                      .dwattr $C$DW$463, DW_AT_decl_file("C:/TI/C2000Ware_MotorControl_SDK_5_04_00_00/libraries/fcl/include
    7520                      .dwattr $C$DW$463, DW_AT_decl_line(0x40)
    7521                      .dwattr $C$DW$463, DW_AT_decl_column(0x11)
    7522              
    7523              $C$DW$464       .dwtag  DW_TAG_member
    7524                      .dwattr $C$DW$464, DW_AT_type(*$C$DW$T$19)
    7525                      .dwattr $C$DW$464, DW_AT_name("Vbase")
    7526                      .dwattr $C$DW$464, DW_AT_data_member_location[DW_OP_plus_uconst 0x10]
    7527                      .dwattr $C$DW$464, DW_AT_accessibility(DW_ACCESS_public)
    7528                      .dwattr $C$DW$464, DW_AT_decl_file("C:/TI/C2000Ware_MotorControl_SDK_5_04_00_00/libraries/fcl/include
    7529                      .dwattr $C$DW$464, DW_AT_decl_line(0x41)
    7530                      .dwattr $C$DW$464, DW_AT_decl_column(0x11)
    7531              
    7532              $C$DW$465       .dwtag  DW_TAG_member
    7533                      .dwattr $C$DW$465, DW_AT_type(*$C$DW$T$19)
    7534                      .dwattr $C$DW$465, DW_AT_name("Ibase")
TMS320C2000 Assembler PC v22.6.2 Tue Mar  3 20:15:52 2026

Copyright (c) 1996-2018 Texas Instruments Incorporated
dual_axis_servo_drive_user.asm                                       PAGE  150

    7535                      .dwattr $C$DW$465, DW_AT_data_member_location[DW_OP_plus_uconst 0x12]
    7536                      .dwattr $C$DW$465, DW_AT_accessibility(DW_ACCESS_public)
    7537                      .dwattr $C$DW$465, DW_AT_decl_file("C:/TI/C2000Ware_MotorControl_SDK_5_04_00_00/libraries/fcl/include
    7538                      .dwattr $C$DW$465, DW_AT_decl_line(0x42)
    7539                      .dwattr $C$DW$465, DW_AT_decl_column(0x11)
    7540              
    7541              $C$DW$466       .dwtag  DW_TAG_member
    7542                      .dwattr $C$DW$466, DW_AT_type(*$C$DW$T$19)
    7543                      .dwattr $C$DW$466, DW_AT_name("wccD")
    7544                      .dwattr $C$DW$466, DW_AT_data_member_location[DW_OP_plus_uconst 0x14]
    7545                      .dwattr $C$DW$466, DW_AT_accessibility(DW_ACCESS_public)
    7546                      .dwattr $C$DW$466, DW_AT_decl_file("C:/TI/C2000Ware_MotorControl_SDK_5_04_00_00/libraries/fcl/include
    7547                      .dwattr $C$DW$466, DW_AT_decl_line(0x43)
    7548                      .dwattr $C$DW$466, DW_AT_decl_column(0x11)
    7549              
    7550              $C$DW$467       .dwtag  DW_TAG_member
    7551                      .dwattr $C$DW$467, DW_AT_type(*$C$DW$T$19)
    7552                      .dwattr $C$DW$467, DW_AT_name("wccQ")
    7553                      .dwattr $C$DW$467, DW_AT_data_member_location[DW_OP_plus_uconst 0x16]
    7554                      .dwattr $C$DW$467, DW_AT_accessibility(DW_ACCESS_public)
    7555                      .dwattr $C$DW$467, DW_AT_decl_file("C:/TI/C2000Ware_MotorControl_SDK_5_04_00_00/libraries/fcl/include
    7556                      .dwattr $C$DW$467, DW_AT_decl_line(0x44)
    7557                      .dwattr $C$DW$467, DW_AT_decl_column(0x11)
    7558              
    7559              $C$DW$468       .dwtag  DW_TAG_member
    7560                      .dwattr $C$DW$468, DW_AT_type(*$C$DW$T$19)
    7561                      .dwattr $C$DW$468, DW_AT_name("Vdcbus")
    7562                      .dwattr $C$DW$468, DW_AT_data_member_location[DW_OP_plus_uconst 0x18]
    7563                      .dwattr $C$DW$468, DW_AT_accessibility(DW_ACCESS_public)
    7564                      .dwattr $C$DW$468, DW_AT_decl_file("C:/TI/C2000Ware_MotorControl_SDK_5_04_00_00/libraries/fcl/include
    7565                      .dwattr $C$DW$468, DW_AT_decl_line(0x45)
    7566                      .dwattr $C$DW$468, DW_AT_decl_column(0x11)
    7567              
    7568              $C$DW$469       .dwtag  DW_TAG_member
    7569                      .dwattr $C$DW$469, DW_AT_type(*$C$DW$T$19)
    7570                      .dwattr $C$DW$469, DW_AT_name("BemfK")
    7571                      .dwattr $C$DW$469, DW_AT_data_member_location[DW_OP_plus_uconst 0x1a]
    7572                      .dwattr $C$DW$469, DW_AT_accessibility(DW_ACCESS_public)
    7573                      .dwattr $C$DW$469, DW_AT_decl_file("C:/TI/C2000Ware_MotorControl_SDK_5_04_00_00/libraries/fcl/include
    7574                      .dwattr $C$DW$469, DW_AT_decl_line(0x46)
    7575                      .dwattr $C$DW$469, DW_AT_decl_column(0x11)
    7576              
    7577              $C$DW$470       .dwtag  DW_TAG_member
    7578                      .dwattr $C$DW$470, DW_AT_type(*$C$DW$T$19)
    7579                      .dwattr $C$DW$470, DW_AT_name("Wbase")
    7580                      .dwattr $C$DW$470, DW_AT_data_member_location[DW_OP_plus_uconst 0x1c]
    7581                      .dwattr $C$DW$470, DW_AT_accessibility(DW_ACCESS_public)
    7582                      .dwattr $C$DW$470, DW_AT_decl_file("C:/TI/C2000Ware_MotorControl_SDK_5_04_00_00/libraries/fcl/include
    7583                      .dwattr $C$DW$470, DW_AT_decl_line(0x47)
    7584                      .dwattr $C$DW$470, DW_AT_decl_column(0x11)
    7585              
    7586                      .dwattr $C$DW$T$66, DW_AT_decl_file("C:/TI/C2000Ware_MotorControl_SDK_5_04_00_00/libraries/fcl/includ
    7587                      .dwattr $C$DW$T$66, DW_AT_decl_line(0x37)
    7588                      .dwattr $C$DW$T$66, DW_AT_decl_column(0x10)
    7589                      .dwendtag $C$DW$T$66
TMS320C2000 Assembler PC v22.6.2 Tue Mar  3 20:15:52 2026

Copyright (c) 1996-2018 Texas Instruments Incorporated
dual_axis_servo_drive_user.asm                                       PAGE  151

    7590              
    7591                      .dwendtag $C$DW$TU$66
    7592              
    7593              
    7594              $C$DW$TU$91     .dwtag  DW_TAG_type_unit
    7595                      .dwmtype  $C$DW$T$91
    7596              $C$DW$T$91      .dwtag  DW_TAG_typedef
    7597                      .dwattr $C$DW$T$91, DW_AT_name("FCL_Parameters_t")
    7598                      .dwattr $C$DW$T$91, DW_AT_type(*$C$DW$T$66)
    7599                      .dwattr $C$DW$T$91, DW_AT_decl_file("C:/TI/C2000Ware_MotorControl_SDK_5_04_00_00/libraries/fcl/includ
    7600                      .dwattr $C$DW$T$91, DW_AT_decl_line(0x48)
    7601                      .dwattr $C$DW$T$91, DW_AT_decl_column(0x03)
    7602              
    7603                      .dwendtag $C$DW$TU$91
    7604              
    7605              
    7606              $C$DW$TU$76     .dwtag  DW_TAG_type_unit
    7607                      .dwmtype  $C$DW$T$76
    7608              
    7609              $C$DW$T$76      .dwtag  DW_TAG_structure_type
    7610                      .dwattr $C$DW$T$76, DW_AT_name("_FCL_Vars_t_")
    7611                      .dwattr $C$DW$T$76, DW_AT_byte_size(0x52)
    7612              $C$DW$471       .dwtag  DW_TAG_member
    7613                      .dwattr $C$DW$471, DW_AT_type(*$C$DW$T$68)
    7614                      .dwattr $C$DW$471, DW_AT_name("lsw")
    7615                      .dwattr $C$DW$471, DW_AT_accessibility(DW_ACCESS_public)
    7616                      .dwattr $C$DW$471, DW_AT_decl_file("C:\TI\C2000Ware_MotorControl_SDK_5_04_00_00\libraries\fcl\include
    7617                      .dwattr $C$DW$471, DW_AT_decl_line(0x7f)
    7618                      .dwattr $C$DW$471, DW_AT_decl_column(0x12)
    7619              
    7620              $C$DW$472       .dwtag  DW_TAG_member
    7621                      .dwattr $C$DW$472, DW_AT_type(*$C$DW$T$69)
    7622                      .dwattr $C$DW$472, DW_AT_name("Q_cla")
    7623                      .dwattr $C$DW$472, DW_AT_data_member_location[DW_OP_plus_uconst 0x2]
    7624                      .dwattr $C$DW$472, DW_AT_accessibility(DW_ACCESS_public)
    7625                      .dwattr $C$DW$472, DW_AT_decl_file("C:\TI\C2000Ware_MotorControl_SDK_5_04_00_00\libraries\fcl\include
    7626                      .dwattr $C$DW$472, DW_AT_decl_line(0x81)
    7627                      .dwattr $C$DW$472, DW_AT_decl_column(0x11)
    7628              
    7629              $C$DW$473       .dwtag  DW_TAG_member
    7630                      .dwattr $C$DW$473, DW_AT_type(*$C$DW$T$19)
    7631                      .dwattr $C$DW$473, DW_AT_name("speedWePrev")
    7632                      .dwattr $C$DW$473, DW_AT_data_member_location[DW_OP_plus_uconst 0x10]
    7633                      .dwattr $C$DW$473, DW_AT_accessibility(DW_ACCESS_public)
    7634                      .dwattr $C$DW$473, DW_AT_decl_file("C:\TI\C2000Ware_MotorControl_SDK_5_04_00_00\libraries\fcl\include
    7635                      .dwattr $C$DW$473, DW_AT_decl_line(0x82)
    7636                      .dwattr $C$DW$473, DW_AT_decl_column(0x0f)
    7637              
    7638              $C$DW$474       .dwtag  DW_TAG_member
    7639                      .dwattr $C$DW$474, DW_AT_type(*$C$DW$T$19)
    7640                      .dwattr $C$DW$474, DW_AT_name("pangle")
    7641                      .dwattr $C$DW$474, DW_AT_data_member_location[DW_OP_plus_uconst 0x12]
    7642                      .dwattr $C$DW$474, DW_AT_accessibility(DW_ACCESS_public)
    7643                      .dwattr $C$DW$474, DW_AT_decl_file("C:\TI\C2000Ware_MotorControl_SDK_5_04_00_00\libraries\fcl\include
    7644                      .dwattr $C$DW$474, DW_AT_decl_line(0x83)
TMS320C2000 Assembler PC v22.6.2 Tue Mar  3 20:15:52 2026

Copyright (c) 1996-2018 Texas Instruments Incorporated
dual_axis_servo_drive_user.asm                                       PAGE  152

    7645                      .dwattr $C$DW$474, DW_AT_decl_column(0x0f)
    7646              
    7647              $C$DW$475       .dwtag  DW_TAG_member
    7648                      .dwattr $C$DW$475, DW_AT_type(*$C$DW$T$70)
    7649                      .dwattr $C$DW$475, DW_AT_name("rg")
    7650                      .dwattr $C$DW$475, DW_AT_data_member_location[DW_OP_plus_uconst 0x14]
    7651                      .dwattr $C$DW$475, DW_AT_accessibility(DW_ACCESS_public)
    7652                      .dwattr $C$DW$475, DW_AT_decl_file("C:\TI\C2000Ware_MotorControl_SDK_5_04_00_00\libraries\fcl\include
    7653                      .dwattr $C$DW$475, DW_AT_decl_line(0x84)
    7654                      .dwattr $C$DW$475, DW_AT_decl_column(0x12)
    7655              
    7656              $C$DW$476       .dwtag  DW_TAG_member
    7657                      .dwattr $C$DW$476, DW_AT_type(*$C$DW$T$71)
    7658                      .dwattr $C$DW$476, DW_AT_name("pi_iq")
    7659                      .dwattr $C$DW$476, DW_AT_data_member_location[DW_OP_plus_uconst 0x20]
    7660                      .dwattr $C$DW$476, DW_AT_accessibility(DW_ACCESS_public)
    7661                      .dwattr $C$DW$476, DW_AT_decl_file("C:\TI\C2000Ware_MotorControl_SDK_5_04_00_00\libraries\fcl\include
    7662                      .dwattr $C$DW$476, DW_AT_decl_line(0x85)
    7663                      .dwattr $C$DW$476, DW_AT_decl_column(0x18)
    7664              
    7665              $C$DW$477       .dwtag  DW_TAG_member
    7666                      .dwattr $C$DW$477, DW_AT_type(*$C$DW$T$72)
    7667                      .dwattr $C$DW$477, DW_AT_name("qep")
    7668                      .dwattr $C$DW$477, DW_AT_data_member_location[DW_OP_plus_uconst 0x36]
    7669                      .dwattr $C$DW$477, DW_AT_accessibility(DW_ACCESS_public)
    7670                      .dwattr $C$DW$477, DW_AT_decl_file("C:\TI\C2000Ware_MotorControl_SDK_5_04_00_00\libraries\fcl\include
    7671                      .dwattr $C$DW$477, DW_AT_decl_line(0x86)
    7672                      .dwattr $C$DW$477, DW_AT_decl_column(0x09)
    7673              
    7674              $C$DW$478       .dwtag  DW_TAG_member
    7675                      .dwattr $C$DW$478, DW_AT_type(*$C$DW$T$74)
    7676                      .dwattr $C$DW$478, DW_AT_name("ptrQEP")
    7677                      .dwattr $C$DW$478, DW_AT_data_member_location[DW_OP_plus_uconst 0x48]
    7678                      .dwattr $C$DW$478, DW_AT_accessibility(DW_ACCESS_public)
    7679                      .dwattr $C$DW$478, DW_AT_decl_file("C:\TI\C2000Ware_MotorControl_SDK_5_04_00_00\libraries\fcl\include
    7680                      .dwattr $C$DW$478, DW_AT_decl_line(0x87)
    7681                      .dwattr $C$DW$478, DW_AT_decl_column(0x20)
    7682              
    7683              $C$DW$479       .dwtag  DW_TAG_member
    7684                      .dwattr $C$DW$479, DW_AT_type(*$C$DW$T$75)
    7685                      .dwattr $C$DW$479, DW_AT_name("taskCount")
    7686                      .dwattr $C$DW$479, DW_AT_data_member_location[DW_OP_plus_uconst 0x4a]
    7687                      .dwattr $C$DW$479, DW_AT_accessibility(DW_ACCESS_public)
    7688                      .dwattr $C$DW$479, DW_AT_decl_file("C:\TI\C2000Ware_MotorControl_SDK_5_04_00_00\libraries\fcl\include
    7689                      .dwattr $C$DW$479, DW_AT_decl_line(0x88)
    7690                      .dwattr $C$DW$479, DW_AT_decl_column(0x0e)
    7691              
    7692                      .dwattr $C$DW$T$76, DW_AT_decl_file("C:\TI\C2000Ware_MotorControl_SDK_5_04_00_00\libraries\fcl\includ
    7693                      .dwattr $C$DW$T$76, DW_AT_decl_line(0x7d)
    7694                      .dwattr $C$DW$T$76, DW_AT_decl_column(0x10)
    7695                      .dwendtag $C$DW$T$76
    7696              
    7697                      .dwendtag $C$DW$TU$76
    7698              
    7699              
TMS320C2000 Assembler PC v22.6.2 Tue Mar  3 20:15:52 2026

Copyright (c) 1996-2018 Texas Instruments Incorporated
dual_axis_servo_drive_user.asm                                       PAGE  153

    7700              $C$DW$TU$92     .dwtag  DW_TAG_type_unit
    7701                      .dwmtype  $C$DW$T$92
    7702              $C$DW$T$92      .dwtag  DW_TAG_typedef
    7703                      .dwattr $C$DW$T$92, DW_AT_name("FCL_Vars_t")
    7704                      .dwattr $C$DW$T$92, DW_AT_type(*$C$DW$T$76)
    7705                      .dwattr $C$DW$T$92, DW_AT_decl_file("C:\TI\C2000Ware_MotorControl_SDK_5_04_00_00\libraries\fcl\includ
    7706                      .dwattr $C$DW$T$92, DW_AT_decl_line(0x89)
    7707                      .dwattr $C$DW$T$92, DW_AT_decl_column(0x03)
    7708              
    7709                      .dwendtag $C$DW$TU$92
    7710              
    7711              
    7712              $C$DW$TU$93     .dwtag  DW_TAG_type_unit
    7713                      .dwmtype  $C$DW$T$93
    7714              $C$DW$T$93      .dwtag  DW_TAG_pointer_type
    7715                      .dwattr $C$DW$T$93, DW_AT_type(*$C$DW$T$92)
    7716                      .dwattr $C$DW$T$93, DW_AT_address_class(0x20)
    7717              
    7718                      .dwendtag $C$DW$TU$93
    7719              
    7720              
    7721              $C$DW$TU$105    .dwtag  DW_TAG_type_unit
    7722                      .dwmtype  $C$DW$T$105
    7723              
    7724              $C$DW$T$105     .dwtag  DW_TAG_array_type
    7725                      .dwattr $C$DW$T$105, DW_AT_type(*$C$DW$T$92)
    7726                      .dwattr $C$DW$T$105, DW_AT_byte_size(0xa4)
    7727              $C$DW$480       .dwtag  DW_TAG_subrange_type
    7728                      .dwattr $C$DW$480, DW_AT_upper_bound(0x01)
    7729              
    7730                      .dwendtag $C$DW$T$105
    7731              
    7732                      .dwendtag $C$DW$TU$105
    7733              
    7734              
    7735              $C$DW$TU$79     .dwtag  DW_TAG_type_unit
    7736                      .dwmtype  $C$DW$T$79
    7737              
    7738              $C$DW$T$79      .dwtag  DW_TAG_structure_type
    7739                      .dwattr $C$DW$T$79, DW_AT_name("_HAL_MTR_Obj_")
    7740                      .dwattr $C$DW$T$79, DW_AT_byte_size(0x12)
    7741              $C$DW$481       .dwtag  DW_TAG_member
    7742                      .dwattr $C$DW$481, DW_AT_type(*$C$DW$T$77)
    7743                      .dwattr $C$DW$481, DW_AT_name("pwmHandle")
    7744                      .dwattr $C$DW$481, DW_AT_accessibility(DW_ACCESS_public)
    7745                      .dwattr $C$DW$481, DW_AT_decl_file("C:/TI/C2000Ware_MotorControl_SDK_5_04_00_00/solutions/boostxl_3ph
    7746                      .dwattr $C$DW$481, DW_AT_decl_line(0xa0)
    7747                      .dwattr $C$DW$481, DW_AT_decl_column(0x0d)
    7748              
    7749              $C$DW$482       .dwtag  DW_TAG_member
    7750                      .dwattr $C$DW$482, DW_AT_type(*$C$DW$T$77)
    7751                      .dwattr $C$DW$482, DW_AT_name("cmpssHandle")
    7752                      .dwattr $C$DW$482, DW_AT_data_member_location[DW_OP_plus_uconst 0x6]
    7753                      .dwattr $C$DW$482, DW_AT_accessibility(DW_ACCESS_public)
    7754                      .dwattr $C$DW$482, DW_AT_decl_file("C:/TI/C2000Ware_MotorControl_SDK_5_04_00_00/solutions/boostxl_3ph
TMS320C2000 Assembler PC v22.6.2 Tue Mar  3 20:15:52 2026

Copyright (c) 1996-2018 Texas Instruments Incorporated
dual_axis_servo_drive_user.asm                                       PAGE  154

    7755                      .dwattr $C$DW$482, DW_AT_decl_line(0xa2)
    7756                      .dwattr $C$DW$482, DW_AT_decl_column(0x0d)
    7757              
    7758              $C$DW$483       .dwtag  DW_TAG_member
    7759                      .dwattr $C$DW$483, DW_AT_type(*$C$DW$T$21)
    7760                      .dwattr $C$DW$483, DW_AT_name("spiHandle")
    7761                      .dwattr $C$DW$483, DW_AT_data_member_location[DW_OP_plus_uconst 0xc]
    7762                      .dwattr $C$DW$483, DW_AT_accessibility(DW_ACCESS_public)
    7763                      .dwattr $C$DW$483, DW_AT_decl_file("C:/TI/C2000Ware_MotorControl_SDK_5_04_00_00/solutions/boostxl_3ph
    7764                      .dwattr $C$DW$483, DW_AT_decl_line(0xa4)
    7765                      .dwattr $C$DW$483, DW_AT_decl_column(0x0d)
    7766              
    7767              $C$DW$484       .dwtag  DW_TAG_member
    7768                      .dwattr $C$DW$484, DW_AT_type(*$C$DW$T$21)
    7769                      .dwattr $C$DW$484, DW_AT_name("qepHandle")
    7770                      .dwattr $C$DW$484, DW_AT_data_member_location[DW_OP_plus_uconst 0xe]
    7771                      .dwattr $C$DW$484, DW_AT_accessibility(DW_ACCESS_public)
    7772                      .dwattr $C$DW$484, DW_AT_decl_file("C:/TI/C2000Ware_MotorControl_SDK_5_04_00_00/solutions/boostxl_3ph
    7773                      .dwattr $C$DW$484, DW_AT_decl_line(0xa6)
    7774                      .dwattr $C$DW$484, DW_AT_decl_column(0x0d)
    7775              
    7776              $C$DW$485       .dwtag  DW_TAG_member
    7777                      .dwattr $C$DW$485, DW_AT_type(*$C$DW$T$78)
    7778                      .dwattr $C$DW$485, DW_AT_name("flagEnablePWM")
    7779                      .dwattr $C$DW$485, DW_AT_data_member_location[DW_OP_plus_uconst 0x10]
    7780                      .dwattr $C$DW$485, DW_AT_accessibility(DW_ACCESS_public)
    7781                      .dwattr $C$DW$485, DW_AT_decl_file("C:/TI/C2000Ware_MotorControl_SDK_5_04_00_00/solutions/boostxl_3ph
    7782                      .dwattr $C$DW$485, DW_AT_decl_line(0xa8)
    7783                      .dwattr $C$DW$485, DW_AT_decl_column(0x0d)
    7784              
    7785                      .dwattr $C$DW$T$79, DW_AT_decl_file("C:/TI/C2000Ware_MotorControl_SDK_5_04_00_00/solutions/boostxl_3p
    7786                      .dwattr $C$DW$T$79, DW_AT_decl_line(0x9e)
    7787                      .dwattr $C$DW$T$79, DW_AT_decl_column(0x10)
    7788                      .dwendtag $C$DW$T$79
    7789              
    7790                      .dwendtag $C$DW$TU$79
    7791              
    7792              
    7793              $C$DW$TU$108    .dwtag  DW_TAG_type_unit
    7794                      .dwmtype  $C$DW$T$108
    7795              $C$DW$T$108     .dwtag  DW_TAG_typedef
    7796                      .dwattr $C$DW$T$108, DW_AT_name("HAL_MTR_Obj")
    7797                      .dwattr $C$DW$T$108, DW_AT_type(*$C$DW$T$79)
    7798                      .dwattr $C$DW$T$108, DW_AT_decl_file("C:/TI/C2000Ware_MotorControl_SDK_5_04_00_00/solutions/boostxl_3
    7799                      .dwattr $C$DW$T$108, DW_AT_decl_line(0xa9)
    7800                      .dwattr $C$DW$T$108, DW_AT_decl_column(0x03)
    7801              
    7802                      .dwendtag $C$DW$TU$108
    7803              
    7804              
    7805              $C$DW$TU$109    .dwtag  DW_TAG_type_unit
    7806                      .dwmtype  $C$DW$T$109
    7807              
    7808              $C$DW$T$109     .dwtag  DW_TAG_array_type
    7809                      .dwattr $C$DW$T$109, DW_AT_type(*$C$DW$T$108)
TMS320C2000 Assembler PC v22.6.2 Tue Mar  3 20:15:52 2026

Copyright (c) 1996-2018 Texas Instruments Incorporated
dual_axis_servo_drive_user.asm                                       PAGE  155

    7810                      .dwattr $C$DW$T$109, DW_AT_byte_size(0x24)
    7811              $C$DW$486       .dwtag  DW_TAG_subrange_type
    7812                      .dwattr $C$DW$486, DW_AT_upper_bound(0x01)
    7813              
    7814                      .dwendtag $C$DW$T$109
    7815              
    7816                      .dwendtag $C$DW$TU$109
    7817              
    7818              
    7819              $C$DW$TU$110    .dwtag  DW_TAG_type_unit
    7820                      .dwmtype  $C$DW$T$110
    7821              $C$DW$T$110     .dwtag  DW_TAG_pointer_type
    7822                      .dwattr $C$DW$T$110, DW_AT_type(*$C$DW$T$79)
    7823                      .dwattr $C$DW$T$110, DW_AT_address_class(0x20)
    7824              
    7825                      .dwendtag $C$DW$TU$110
    7826              
    7827              
    7828              $C$DW$TU$111    .dwtag  DW_TAG_type_unit
    7829                      .dwmtype  $C$DW$T$111
    7830              $C$DW$T$111     .dwtag  DW_TAG_typedef
    7831                      .dwattr $C$DW$T$111, DW_AT_name("HAL_MTR_Handle")
    7832                      .dwattr $C$DW$T$111, DW_AT_type(*$C$DW$T$110)
    7833                      .dwattr $C$DW$T$111, DW_AT_decl_file("C:/TI/C2000Ware_MotorControl_SDK_5_04_00_00/solutions/boostxl_3
    7834                      .dwattr $C$DW$T$111, DW_AT_decl_line(0xb0)
    7835                      .dwattr $C$DW$T$111, DW_AT_decl_column(0x1f)
    7836              
    7837                      .dwendtag $C$DW$TU$111
    7838              
    7839              
    7840              $C$DW$TU$112    .dwtag  DW_TAG_type_unit
    7841                      .dwmtype  $C$DW$T$112
    7842              $C$DW$487       .dwtag  DW_TAG_TI_far_type
    7843                      .dwattr $C$DW$487, DW_AT_type(*$C$DW$T$111)
    7844              
    7845              $C$DW$T$112     .dwtag  DW_TAG_const_type
    7846                      .dwattr $C$DW$T$112, DW_AT_type(*$C$DW$487)
    7847              
    7848                      .dwendtag $C$DW$TU$112
    7849              
    7850              
    7851              $C$DW$TU$99     .dwtag  DW_TAG_type_unit
    7852                      .dwmtype  $C$DW$T$99
    7853              
    7854              $C$DW$T$99      .dwtag  DW_TAG_structure_type
    7855                      .dwattr $C$DW$T$99, DW_AT_name("_MOTOR_Vars_t_")
    7856                      .dwattr $C$DW$T$99, DW_AT_byte_size(0x14c)
    7857              $C$DW$488       .dwtag  DW_TAG_member
    7858                      .dwattr $C$DW$488, DW_AT_type(*$C$DW$T$21)
    7859                      .dwattr $C$DW$488, DW_AT_name("posCntr")
    7860                      .dwattr $C$DW$488, DW_AT_accessibility(DW_ACCESS_public)
    7861                      .dwattr $C$DW$488, DW_AT_decl_file("C:/TI/C2000Ware_MotorControl_SDK_5_04_00_00/libraries/fcl/include
    7862                      .dwattr $C$DW$488, DW_AT_decl_line(0x139)
    7863                      .dwattr $C$DW$488, DW_AT_decl_column(0x0e)
    7864              
TMS320C2000 Assembler PC v22.6.2 Tue Mar  3 20:15:52 2026

Copyright (c) 1996-2018 Texas Instruments Incorporated
dual_axis_servo_drive_user.asm                                       PAGE  156

    7865              $C$DW$489       .dwtag  DW_TAG_member
    7866                      .dwattr $C$DW$489, DW_AT_type(*$C$DW$T$21)
    7867                      .dwattr $C$DW$489, DW_AT_name("posCntrMax")
    7868                      .dwattr $C$DW$489, DW_AT_data_member_location[DW_OP_plus_uconst 0x2]
    7869                      .dwattr $C$DW$489, DW_AT_accessibility(DW_ACCESS_public)
    7870                      .dwattr $C$DW$489, DW_AT_decl_file("C:/TI/C2000Ware_MotorControl_SDK_5_04_00_00/libraries/fcl/include
    7871                      .dwattr $C$DW$489, DW_AT_decl_line(0x13a)
    7872                      .dwattr $C$DW$489, DW_AT_decl_column(0x0e)
    7873              
    7874              $C$DW$490       .dwtag  DW_TAG_member
    7875                      .dwattr $C$DW$490, DW_AT_type(*$C$DW$T$19)
    7876                      .dwattr $C$DW$490, DW_AT_name("posSlewRate")
    7877                      .dwattr $C$DW$490, DW_AT_data_member_location[DW_OP_plus_uconst 0x4]
    7878                      .dwattr $C$DW$490, DW_AT_accessibility(DW_ACCESS_public)
    7879                      .dwattr $C$DW$490, DW_AT_decl_file("C:/TI/C2000Ware_MotorControl_SDK_5_04_00_00/libraries/fcl/include
    7880                      .dwattr $C$DW$490, DW_AT_decl_line(0x13b)
    7881                      .dwattr $C$DW$490, DW_AT_decl_column(0x0f)
    7882              
    7883              $C$DW$491       .dwtag  DW_TAG_member
    7884                      .dwattr $C$DW$491, DW_AT_type(*$C$DW$T$19)
    7885                      .dwattr $C$DW$491, DW_AT_name("baseFreq")
    7886                      .dwattr $C$DW$491, DW_AT_data_member_location[DW_OP_plus_uconst 0x6]
    7887                      .dwattr $C$DW$491, DW_AT_accessibility(DW_ACCESS_public)
    7888                      .dwattr $C$DW$491, DW_AT_decl_file("C:/TI/C2000Ware_MotorControl_SDK_5_04_00_00/libraries/fcl/include
    7889                      .dwattr $C$DW$491, DW_AT_decl_line(0x13d)
    7890                      .dwattr $C$DW$491, DW_AT_decl_column(0x0f)
    7891              
    7892              $C$DW$492       .dwtag  DW_TAG_member
    7893                      .dwattr $C$DW$492, DW_AT_type(*$C$DW$T$19)
    7894                      .dwattr $C$DW$492, DW_AT_name("poles")
    7895                      .dwattr $C$DW$492, DW_AT_data_member_location[DW_OP_plus_uconst 0x8]
    7896                      .dwattr $C$DW$492, DW_AT_accessibility(DW_ACCESS_public)
    7897                      .dwattr $C$DW$492, DW_AT_decl_file("C:/TI/C2000Ware_MotorControl_SDK_5_04_00_00/libraries/fcl/include
    7898                      .dwattr $C$DW$492, DW_AT_decl_line(0x13e)
    7899                      .dwattr $C$DW$492, DW_AT_decl_column(0x0f)
    7900              
    7901              $C$DW$493       .dwtag  DW_TAG_member
    7902                      .dwattr $C$DW$493, DW_AT_type(*$C$DW$T$19)
    7903                      .dwattr $C$DW$493, DW_AT_name("Ts")
    7904                      .dwattr $C$DW$493, DW_AT_data_member_location[DW_OP_plus_uconst 0xa]
    7905                      .dwattr $C$DW$493, DW_AT_accessibility(DW_ACCESS_public)
    7906                      .dwattr $C$DW$493, DW_AT_decl_file("C:/TI/C2000Ware_MotorControl_SDK_5_04_00_00/libraries/fcl/include
    7907                      .dwattr $C$DW$493, DW_AT_decl_line(0x140)
    7908                      .dwattr $C$DW$493, DW_AT_decl_column(0x0f)
    7909              
    7910              $C$DW$494       .dwtag  DW_TAG_member
    7911                      .dwattr $C$DW$494, DW_AT_type(*$C$DW$T$19)
    7912                      .dwattr $C$DW$494, DW_AT_name("maxModIndex")
    7913                      .dwattr $C$DW$494, DW_AT_data_member_location[DW_OP_plus_uconst 0xc]
    7914                      .dwattr $C$DW$494, DW_AT_accessibility(DW_ACCESS_public)
    7915                      .dwattr $C$DW$494, DW_AT_decl_file("C:/TI/C2000Ware_MotorControl_SDK_5_04_00_00/libraries/fcl/include
    7916                      .dwattr $C$DW$494, DW_AT_decl_line(0x141)
    7917                      .dwattr $C$DW$494, DW_AT_decl_column(0x0f)
    7918              
    7919              $C$DW$495       .dwtag  DW_TAG_member
TMS320C2000 Assembler PC v22.6.2 Tue Mar  3 20:15:52 2026

Copyright (c) 1996-2018 Texas Instruments Incorporated
dual_axis_servo_drive_user.asm                                       PAGE  157

    7920                      .dwattr $C$DW$495, DW_AT_type(*$C$DW$T$19)
    7921                      .dwattr $C$DW$495, DW_AT_name("voltageLimit")
    7922                      .dwattr $C$DW$495, DW_AT_data_member_location[DW_OP_plus_uconst 0xe]
    7923                      .dwattr $C$DW$495, DW_AT_accessibility(DW_ACCESS_public)
    7924                      .dwattr $C$DW$495, DW_AT_decl_file("C:/TI/C2000Ware_MotorControl_SDK_5_04_00_00/libraries/fcl/include
    7925                      .dwattr $C$DW$495, DW_AT_decl_line(0x143)
    7926                      .dwattr $C$DW$495, DW_AT_decl_column(0x0f)
    7927              
    7928              $C$DW$496       .dwtag  DW_TAG_member
    7929                      .dwattr $C$DW$496, DW_AT_type(*$C$DW$T$19)
    7930                      .dwattr $C$DW$496, DW_AT_name("currentLimit")
    7931                      .dwattr $C$DW$496, DW_AT_data_member_location[DW_OP_plus_uconst 0x10]
    7932                      .dwattr $C$DW$496, DW_AT_accessibility(DW_ACCESS_public)
    7933                      .dwattr $C$DW$496, DW_AT_decl_file("C:/TI/C2000Ware_MotorControl_SDK_5_04_00_00/libraries/fcl/include
    7934                      .dwattr $C$DW$496, DW_AT_decl_line(0x144)
    7935                      .dwattr $C$DW$496, DW_AT_decl_column(0x0f)
    7936              
    7937              $C$DW$497       .dwtag  DW_TAG_member
    7938                      .dwattr $C$DW$497, DW_AT_type(*$C$DW$T$19)
    7939                      .dwattr $C$DW$497, DW_AT_name("tempIdRef")
    7940                      .dwattr $C$DW$497, DW_AT_data_member_location[DW_OP_plus_uconst 0x12]
    7941                      .dwattr $C$DW$497, DW_AT_accessibility(DW_ACCESS_public)
    7942                      .dwattr $C$DW$497, DW_AT_decl_file("C:/TI/C2000Ware_MotorControl_SDK_5_04_00_00/libraries/fcl/include
    7943                      .dwattr $C$DW$497, DW_AT_decl_line(0x146)
    7944                      .dwattr $C$DW$497, DW_AT_decl_column(0x0f)
    7945              
    7946              $C$DW$498       .dwtag  DW_TAG_member
    7947                      .dwattr $C$DW$498, DW_AT_type(*$C$DW$T$19)
    7948                      .dwattr $C$DW$498, DW_AT_name("IdRef_start")
    7949                      .dwattr $C$DW$498, DW_AT_data_member_location[DW_OP_plus_uconst 0x14]
    7950                      .dwattr $C$DW$498, DW_AT_accessibility(DW_ACCESS_public)
    7951                      .dwattr $C$DW$498, DW_AT_decl_file("C:/TI/C2000Ware_MotorControl_SDK_5_04_00_00/libraries/fcl/include
    7952                      .dwattr $C$DW$498, DW_AT_decl_line(0x147)
    7953                      .dwattr $C$DW$498, DW_AT_decl_column(0x0f)
    7954              
    7955              $C$DW$499       .dwtag  DW_TAG_member
    7956                      .dwattr $C$DW$499, DW_AT_type(*$C$DW$T$19)
    7957                      .dwattr $C$DW$499, DW_AT_name("IdRef_run")
    7958                      .dwattr $C$DW$499, DW_AT_data_member_location[DW_OP_plus_uconst 0x16]
    7959                      .dwattr $C$DW$499, DW_AT_accessibility(DW_ACCESS_public)
    7960                      .dwattr $C$DW$499, DW_AT_decl_file("C:/TI/C2000Ware_MotorControl_SDK_5_04_00_00/libraries/fcl/include
    7961                      .dwattr $C$DW$499, DW_AT_decl_line(0x148)
    7962                      .dwattr $C$DW$499, DW_AT_decl_column(0x0f)
    7963              
    7964              $C$DW$500       .dwtag  DW_TAG_member
    7965                      .dwattr $C$DW$500, DW_AT_type(*$C$DW$T$19)
    7966                      .dwattr $C$DW$500, DW_AT_name("IdRef")
    7967                      .dwattr $C$DW$500, DW_AT_data_member_location[DW_OP_plus_uconst 0x18]
    7968                      .dwattr $C$DW$500, DW_AT_accessibility(DW_ACCESS_public)
    7969                      .dwattr $C$DW$500, DW_AT_decl_file("C:/TI/C2000Ware_MotorControl_SDK_5_04_00_00/libraries/fcl/include
    7970                      .dwattr $C$DW$500, DW_AT_decl_line(0x149)
    7971                      .dwattr $C$DW$500, DW_AT_decl_column(0x0f)
    7972              
    7973              $C$DW$501       .dwtag  DW_TAG_member
    7974                      .dwattr $C$DW$501, DW_AT_type(*$C$DW$T$19)
TMS320C2000 Assembler PC v22.6.2 Tue Mar  3 20:15:52 2026

Copyright (c) 1996-2018 Texas Instruments Incorporated
dual_axis_servo_drive_user.asm                                       PAGE  158

    7975                      .dwattr $C$DW$501, DW_AT_name("IqRef")
    7976                      .dwattr $C$DW$501, DW_AT_data_member_location[DW_OP_plus_uconst 0x1a]
    7977                      .dwattr $C$DW$501, DW_AT_accessibility(DW_ACCESS_public)
    7978                      .dwattr $C$DW$501, DW_AT_decl_file("C:/TI/C2000Ware_MotorControl_SDK_5_04_00_00/libraries/fcl/include
    7979                      .dwattr $C$DW$501, DW_AT_decl_line(0x14a)
    7980                      .dwattr $C$DW$501, DW_AT_decl_column(0x0f)
    7981              
    7982              $C$DW$502       .dwtag  DW_TAG_member
    7983                      .dwattr $C$DW$502, DW_AT_type(*$C$DW$T$19)
    7984                      .dwattr $C$DW$502, DW_AT_name("speedRef")
    7985                      .dwattr $C$DW$502, DW_AT_data_member_location[DW_OP_plus_uconst 0x1c]
    7986                      .dwattr $C$DW$502, DW_AT_accessibility(DW_ACCESS_public)
    7987                      .dwattr $C$DW$502, DW_AT_decl_file("C:/TI/C2000Ware_MotorControl_SDK_5_04_00_00/libraries/fcl/include
    7988                      .dwattr $C$DW$502, DW_AT_decl_line(0x14c)
    7989                      .dwattr $C$DW$502, DW_AT_decl_column(0x0f)
    7990              
    7991              $C$DW$503       .dwtag  DW_TAG_member
    7992                      .dwattr $C$DW$503, DW_AT_type(*$C$DW$T$19)
    7993                      .dwattr $C$DW$503, DW_AT_name("positionRef")
    7994                      .dwattr $C$DW$503, DW_AT_data_member_location[DW_OP_plus_uconst 0x1e]
    7995                      .dwattr $C$DW$503, DW_AT_accessibility(DW_ACCESS_public)
    7996                      .dwattr $C$DW$503, DW_AT_decl_file("C:/TI/C2000Ware_MotorControl_SDK_5_04_00_00/libraries/fcl/include
    7997                      .dwattr $C$DW$503, DW_AT_decl_line(0x14d)
    7998                      .dwattr $C$DW$503, DW_AT_decl_column(0x0f)
    7999              
    8000              $C$DW$504       .dwtag  DW_TAG_member
    8001                      .dwattr $C$DW$504, DW_AT_type(*$C$DW$T$19)
    8002                      .dwattr $C$DW$504, DW_AT_name("lsw1Speed")
    8003                      .dwattr $C$DW$504, DW_AT_data_member_location[DW_OP_plus_uconst 0x20]
    8004                      .dwattr $C$DW$504, DW_AT_accessibility(DW_ACCESS_public)
    8005                      .dwattr $C$DW$504, DW_AT_decl_file("C:/TI/C2000Ware_MotorControl_SDK_5_04_00_00/libraries/fcl/include
    8006                      .dwattr $C$DW$504, DW_AT_decl_line(0x14e)
    8007                      .dwattr $C$DW$504, DW_AT_decl_column(0x0f)
    8008              
    8009              $C$DW$505       .dwtag  DW_TAG_member
    8010                      .dwattr $C$DW$505, DW_AT_type(*$C$DW$T$19)
    8011                      .dwattr $C$DW$505, DW_AT_name("offset_currentAs")
    8012                      .dwattr $C$DW$505, DW_AT_data_member_location[DW_OP_plus_uconst 0x22]
    8013                      .dwattr $C$DW$505, DW_AT_accessibility(DW_ACCESS_public)
    8014                      .dwattr $C$DW$505, DW_AT_decl_file("C:/TI/C2000Ware_MotorControl_SDK_5_04_00_00/libraries/fcl/include
    8015                      .dwattr $C$DW$505, DW_AT_decl_line(0x151)
    8016                      .dwattr $C$DW$505, DW_AT_decl_column(0x0f)
    8017              
    8018              $C$DW$506       .dwtag  DW_TAG_member
    8019                      .dwattr $C$DW$506, DW_AT_type(*$C$DW$T$19)
    8020                      .dwattr $C$DW$506, DW_AT_name("offset_currentBs")
    8021                      .dwattr $C$DW$506, DW_AT_data_member_location[DW_OP_plus_uconst 0x24]
    8022                      .dwattr $C$DW$506, DW_AT_accessibility(DW_ACCESS_public)
    8023                      .dwattr $C$DW$506, DW_AT_decl_file("C:/TI/C2000Ware_MotorControl_SDK_5_04_00_00/libraries/fcl/include
    8024                      .dwattr $C$DW$506, DW_AT_decl_line(0x152)
    8025                      .dwattr $C$DW$506, DW_AT_decl_column(0x0f)
    8026              
    8027              $C$DW$507       .dwtag  DW_TAG_member
    8028                      .dwattr $C$DW$507, DW_AT_type(*$C$DW$T$19)
    8029                      .dwattr $C$DW$507, DW_AT_name("offset_currentCs")
TMS320C2000 Assembler PC v22.6.2 Tue Mar  3 20:15:52 2026

Copyright (c) 1996-2018 Texas Instruments Incorporated
dual_axis_servo_drive_user.asm                                       PAGE  159

    8030                      .dwattr $C$DW$507, DW_AT_data_member_location[DW_OP_plus_uconst 0x26]
    8031                      .dwattr $C$DW$507, DW_AT_accessibility(DW_ACCESS_public)
    8032                      .dwattr $C$DW$507, DW_AT_decl_file("C:/TI/C2000Ware_MotorControl_SDK_5_04_00_00/libraries/fcl/include
    8033                      .dwattr $C$DW$507, DW_AT_decl_line(0x153)
    8034                      .dwattr $C$DW$507, DW_AT_decl_column(0x0f)
    8035              
    8036              $C$DW$508       .dwtag  DW_TAG_member
    8037                      .dwattr $C$DW$508, DW_AT_type(*$C$DW$T$19)
    8038                      .dwattr $C$DW$508, DW_AT_name("currentAs")
    8039                      .dwattr $C$DW$508, DW_AT_data_member_location[DW_OP_plus_uconst 0x28]
    8040                      .dwattr $C$DW$508, DW_AT_accessibility(DW_ACCESS_public)
    8041                      .dwattr $C$DW$508, DW_AT_decl_file("C:/TI/C2000Ware_MotorControl_SDK_5_04_00_00/libraries/fcl/include
    8042                      .dwattr $C$DW$508, DW_AT_decl_line(0x155)
    8043                      .dwattr $C$DW$508, DW_AT_decl_column(0x0f)
    8044              
    8045              $C$DW$509       .dwtag  DW_TAG_member
    8046                      .dwattr $C$DW$509, DW_AT_type(*$C$DW$T$19)
    8047                      .dwattr $C$DW$509, DW_AT_name("currentBs")
    8048                      .dwattr $C$DW$509, DW_AT_data_member_location[DW_OP_plus_uconst 0x2a]
    8049                      .dwattr $C$DW$509, DW_AT_accessibility(DW_ACCESS_public)
    8050                      .dwattr $C$DW$509, DW_AT_decl_file("C:/TI/C2000Ware_MotorControl_SDK_5_04_00_00/libraries/fcl/include
    8051                      .dwattr $C$DW$509, DW_AT_decl_line(0x156)
    8052                      .dwattr $C$DW$509, DW_AT_decl_column(0x0f)
    8053              
    8054              $C$DW$510       .dwtag  DW_TAG_member
    8055                      .dwattr $C$DW$510, DW_AT_type(*$C$DW$T$19)
    8056                      .dwattr $C$DW$510, DW_AT_name("currentCs")
    8057                      .dwattr $C$DW$510, DW_AT_data_member_location[DW_OP_plus_uconst 0x2c]
    8058                      .dwattr $C$DW$510, DW_AT_accessibility(DW_ACCESS_public)
    8059                      .dwattr $C$DW$510, DW_AT_decl_file("C:/TI/C2000Ware_MotorControl_SDK_5_04_00_00/libraries/fcl/include
    8060                      .dwattr $C$DW$510, DW_AT_decl_line(0x157)
    8061                      .dwattr $C$DW$510, DW_AT_decl_column(0x0f)
    8062              
    8063              $C$DW$511       .dwtag  DW_TAG_member
    8064                      .dwattr $C$DW$511, DW_AT_type(*$C$DW$T$19)
    8065                      .dwattr $C$DW$511, DW_AT_name("currentScale")
    8066                      .dwattr $C$DW$511, DW_AT_data_member_location[DW_OP_plus_uconst 0x2e]
    8067                      .dwattr $C$DW$511, DW_AT_accessibility(DW_ACCESS_public)
    8068                      .dwattr $C$DW$511, DW_AT_decl_file("C:/TI/C2000Ware_MotorControl_SDK_5_04_00_00/libraries/fcl/include
    8069                      .dwattr $C$DW$511, DW_AT_decl_line(0x159)
    8070                      .dwattr $C$DW$511, DW_AT_decl_column(0x0f)
    8071              
    8072              $C$DW$512       .dwtag  DW_TAG_member
    8073                      .dwattr $C$DW$512, DW_AT_type(*$C$DW$T$19)
    8074                      .dwattr $C$DW$512, DW_AT_name("voltageScale")
    8075                      .dwattr $C$DW$512, DW_AT_data_member_location[DW_OP_plus_uconst 0x30]
    8076                      .dwattr $C$DW$512, DW_AT_accessibility(DW_ACCESS_public)
    8077                      .dwattr $C$DW$512, DW_AT_decl_file("C:/TI/C2000Ware_MotorControl_SDK_5_04_00_00/libraries/fcl/include
    8078                      .dwattr $C$DW$512, DW_AT_decl_line(0x15a)
    8079                      .dwattr $C$DW$512, DW_AT_decl_column(0x0f)
    8080              
    8081              $C$DW$513       .dwtag  DW_TAG_member
    8082                      .dwattr $C$DW$513, DW_AT_type(*$C$DW$T$19)
    8083                      .dwattr $C$DW$513, DW_AT_name("adcScale")
    8084                      .dwattr $C$DW$513, DW_AT_data_member_location[DW_OP_plus_uconst 0x32]
TMS320C2000 Assembler PC v22.6.2 Tue Mar  3 20:15:52 2026

Copyright (c) 1996-2018 Texas Instruments Incorporated
dual_axis_servo_drive_user.asm                                       PAGE  160

    8085                      .dwattr $C$DW$513, DW_AT_accessibility(DW_ACCESS_public)
    8086                      .dwattr $C$DW$513, DW_AT_decl_file("C:/TI/C2000Ware_MotorControl_SDK_5_04_00_00/libraries/fcl/include
    8087                      .dwattr $C$DW$513, DW_AT_decl_line(0x15b)
    8088                      .dwattr $C$DW$513, DW_AT_decl_column(0x0f)
    8089              
    8090              $C$DW$514       .dwtag  DW_TAG_member
    8091                      .dwattr $C$DW$514, DW_AT_type(*$C$DW$T$19)
    8092                      .dwattr $C$DW$514, DW_AT_name("currentInvSF")
    8093                      .dwattr $C$DW$514, DW_AT_data_member_location[DW_OP_plus_uconst 0x34]
    8094                      .dwattr $C$DW$514, DW_AT_accessibility(DW_ACCESS_public)
    8095                      .dwattr $C$DW$514, DW_AT_decl_file("C:/TI/C2000Ware_MotorControl_SDK_5_04_00_00/libraries/fcl/include
    8096                      .dwattr $C$DW$514, DW_AT_decl_line(0x15c)
    8097                      .dwattr $C$DW$514, DW_AT_decl_column(0x0f)
    8098              
    8099              $C$DW$515       .dwtag  DW_TAG_member
    8100                      .dwattr $C$DW$515, DW_AT_type(*$C$DW$T$19)
    8101                      .dwattr $C$DW$515, DW_AT_name("voltageInvSF")
    8102                      .dwattr $C$DW$515, DW_AT_data_member_location[DW_OP_plus_uconst 0x36]
    8103                      .dwattr $C$DW$515, DW_AT_accessibility(DW_ACCESS_public)
    8104                      .dwattr $C$DW$515, DW_AT_decl_file("C:/TI/C2000Ware_MotorControl_SDK_5_04_00_00/libraries/fcl/include
    8105                      .dwattr $C$DW$515, DW_AT_decl_line(0x15d)
    8106                      .dwattr $C$DW$515, DW_AT_decl_column(0x0f)
    8107              
    8108              $C$DW$516       .dwtag  DW_TAG_member
    8109                      .dwattr $C$DW$516, DW_AT_type(*$C$DW$T$19)
    8110                      .dwattr $C$DW$516, DW_AT_name("posElecTheta")
    8111                      .dwattr $C$DW$516, DW_AT_data_member_location[DW_OP_plus_uconst 0x38]
    8112                      .dwattr $C$DW$516, DW_AT_accessibility(DW_ACCESS_public)
    8113                      .dwattr $C$DW$516, DW_AT_decl_file("C:/TI/C2000Ware_MotorControl_SDK_5_04_00_00/libraries/fcl/include
    8114                      .dwattr $C$DW$516, DW_AT_decl_line(0x15f)
    8115                      .dwattr $C$DW$516, DW_AT_decl_column(0x0f)
    8116              
    8117              $C$DW$517       .dwtag  DW_TAG_member
    8118                      .dwattr $C$DW$517, DW_AT_type(*$C$DW$T$19)
    8119                      .dwattr $C$DW$517, DW_AT_name("posMechTheta")
    8120                      .dwattr $C$DW$517, DW_AT_data_member_location[DW_OP_plus_uconst 0x3a]
    8121                      .dwattr $C$DW$517, DW_AT_accessibility(DW_ACCESS_public)
    8122                      .dwattr $C$DW$517, DW_AT_decl_file("C:/TI/C2000Ware_MotorControl_SDK_5_04_00_00/libraries/fcl/include
    8123                      .dwattr $C$DW$517, DW_AT_decl_line(0x160)
    8124                      .dwattr $C$DW$517, DW_AT_decl_column(0x0f)
    8125              
    8126              $C$DW$518       .dwtag  DW_TAG_member
    8127                      .dwattr $C$DW$518, DW_AT_type(*$C$DW$T$81)
    8128                      .dwattr $C$DW$518, DW_AT_name("pwmCompA")
    8129                      .dwattr $C$DW$518, DW_AT_data_member_location[DW_OP_plus_uconst 0x3c]
    8130                      .dwattr $C$DW$518, DW_AT_accessibility(DW_ACCESS_public)
    8131                      .dwattr $C$DW$518, DW_AT_decl_file("C:/TI/C2000Ware_MotorControl_SDK_5_04_00_00/libraries/fcl/include
    8132                      .dwattr $C$DW$518, DW_AT_decl_line(0x162)
    8133                      .dwattr $C$DW$518, DW_AT_decl_column(0x18)
    8134              
    8135              $C$DW$519       .dwtag  DW_TAG_member
    8136                      .dwattr $C$DW$519, DW_AT_type(*$C$DW$T$81)
    8137                      .dwattr $C$DW$519, DW_AT_name("pwmCompB")
    8138                      .dwattr $C$DW$519, DW_AT_data_member_location[DW_OP_plus_uconst 0x3e]
    8139                      .dwattr $C$DW$519, DW_AT_accessibility(DW_ACCESS_public)
TMS320C2000 Assembler PC v22.6.2 Tue Mar  3 20:15:52 2026

Copyright (c) 1996-2018 Texas Instruments Incorporated
dual_axis_servo_drive_user.asm                                       PAGE  161

    8140                      .dwattr $C$DW$519, DW_AT_decl_file("C:/TI/C2000Ware_MotorControl_SDK_5_04_00_00/libraries/fcl/include
    8141                      .dwattr $C$DW$519, DW_AT_decl_line(0x163)
    8142                      .dwattr $C$DW$519, DW_AT_decl_column(0x18)
    8143              
    8144              $C$DW$520       .dwtag  DW_TAG_member
    8145                      .dwattr $C$DW$520, DW_AT_type(*$C$DW$T$81)
    8146                      .dwattr $C$DW$520, DW_AT_name("pwmCompC")
    8147                      .dwattr $C$DW$520, DW_AT_data_member_location[DW_OP_plus_uconst 0x40]
    8148                      .dwattr $C$DW$520, DW_AT_accessibility(DW_ACCESS_public)
    8149                      .dwattr $C$DW$520, DW_AT_decl_file("C:/TI/C2000Ware_MotorControl_SDK_5_04_00_00/libraries/fcl/include
    8150                      .dwattr $C$DW$520, DW_AT_decl_line(0x164)
    8151                      .dwattr $C$DW$520, DW_AT_decl_column(0x18)
    8152              
    8153              $C$DW$521       .dwtag  DW_TAG_member
    8154                      .dwattr $C$DW$521, DW_AT_type(*$C$DW$T$80)
    8155                      .dwattr $C$DW$521, DW_AT_name("curA_PPBRESULT")
    8156                      .dwattr $C$DW$521, DW_AT_data_member_location[DW_OP_plus_uconst 0x42]
    8157                      .dwattr $C$DW$521, DW_AT_accessibility(DW_ACCESS_public)
    8158                      .dwattr $C$DW$521, DW_AT_decl_file("C:/TI/C2000Ware_MotorControl_SDK_5_04_00_00/libraries/fcl/include
    8159                      .dwattr $C$DW$521, DW_AT_decl_line(0x166)
    8160                      .dwattr $C$DW$521, DW_AT_decl_column(0x17)
    8161              
    8162              $C$DW$522       .dwtag  DW_TAG_member
    8163                      .dwattr $C$DW$522, DW_AT_type(*$C$DW$T$80)
    8164                      .dwattr $C$DW$522, DW_AT_name("curB_PPBRESULT")
    8165                      .dwattr $C$DW$522, DW_AT_data_member_location[DW_OP_plus_uconst 0x44]
    8166                      .dwattr $C$DW$522, DW_AT_accessibility(DW_ACCESS_public)
    8167                      .dwattr $C$DW$522, DW_AT_decl_file("C:/TI/C2000Ware_MotorControl_SDK_5_04_00_00/libraries/fcl/include
    8168                      .dwattr $C$DW$522, DW_AT_decl_line(0x167)
    8169                      .dwattr $C$DW$522, DW_AT_decl_column(0x17)
    8170              
    8171              $C$DW$523       .dwtag  DW_TAG_member
    8172                      .dwattr $C$DW$523, DW_AT_type(*$C$DW$T$80)
    8173                      .dwattr $C$DW$523, DW_AT_name("curC_PPBRESULT")
    8174                      .dwattr $C$DW$523, DW_AT_data_member_location[DW_OP_plus_uconst 0x46]
    8175                      .dwattr $C$DW$523, DW_AT_accessibility(DW_ACCESS_public)
    8176                      .dwattr $C$DW$523, DW_AT_decl_file("C:/TI/C2000Ware_MotorControl_SDK_5_04_00_00/libraries/fcl/include
    8177                      .dwattr $C$DW$523, DW_AT_decl_line(0x168)
    8178                      .dwattr $C$DW$523, DW_AT_decl_column(0x17)
    8179              
    8180              $C$DW$524       .dwtag  DW_TAG_member
    8181                      .dwattr $C$DW$524, DW_AT_type(*$C$DW$T$80)
    8182                      .dwattr $C$DW$524, DW_AT_name("volDC_PPBRESULT")
    8183                      .dwattr $C$DW$524, DW_AT_data_member_location[DW_OP_plus_uconst 0x48]
    8184                      .dwattr $C$DW$524, DW_AT_accessibility(DW_ACCESS_public)
    8185                      .dwattr $C$DW$524, DW_AT_decl_file("C:/TI/C2000Ware_MotorControl_SDK_5_04_00_00/libraries/fcl/include
    8186                      .dwattr $C$DW$524, DW_AT_decl_line(0x169)
    8187                      .dwattr $C$DW$524, DW_AT_decl_column(0x17)
    8188              
    8189              $C$DW$525       .dwtag  DW_TAG_member
    8190                      .dwattr $C$DW$525, DW_AT_type(*$C$DW$T$83)
    8191                      .dwattr $C$DW$525, DW_AT_name("AdcIntFlag")
    8192                      .dwattr $C$DW$525, DW_AT_data_member_location[DW_OP_plus_uconst 0x4a]
    8193                      .dwattr $C$DW$525, DW_AT_accessibility(DW_ACCESS_public)
    8194                      .dwattr $C$DW$525, DW_AT_decl_file("C:/TI/C2000Ware_MotorControl_SDK_5_04_00_00/libraries/fcl/include
TMS320C2000 Assembler PC v22.6.2 Tue Mar  3 20:15:52 2026

Copyright (c) 1996-2018 Texas Instruments Incorporated
dual_axis_servo_drive_user.asm                                       PAGE  162

    8195                      .dwattr $C$DW$525, DW_AT_decl_line(0x16a)
    8196                      .dwattr $C$DW$525, DW_AT_decl_column(0x23)
    8197              
    8198              $C$DW$526       .dwtag  DW_TAG_member
    8199                      .dwattr $C$DW$526, DW_AT_type(*$C$DW$T$69)
    8200                      .dwattr $C$DW$526, DW_AT_name("D_cpu")
    8201                      .dwattr $C$DW$526, DW_AT_data_member_location[DW_OP_plus_uconst 0x4c]
    8202                      .dwattr $C$DW$526, DW_AT_accessibility(DW_ACCESS_public)
    8203                      .dwattr $C$DW$526, DW_AT_decl_file("C:/TI/C2000Ware_MotorControl_SDK_5_04_00_00/libraries/fcl/include
    8204                      .dwattr $C$DW$526, DW_AT_decl_line(0x16c)
    8205                      .dwattr $C$DW$526, DW_AT_decl_column(0x11)
    8206              
    8207              $C$DW$527       .dwtag  DW_TAG_member
    8208                      .dwattr $C$DW$527, DW_AT_type(*$C$DW$T$84)
    8209                      .dwattr $C$DW$527, DW_AT_name("rc")
    8210                      .dwattr $C$DW$527, DW_AT_data_member_location[DW_OP_plus_uconst 0x5a]
    8211                      .dwattr $C$DW$527, DW_AT_accessibility(DW_ACCESS_public)
    8212                      .dwattr $C$DW$527, DW_AT_decl_file("C:/TI/C2000Ware_MotorControl_SDK_5_04_00_00/libraries/fcl/include
    8213                      .dwattr $C$DW$527, DW_AT_decl_line(0x16d)
    8214                      .dwattr $C$DW$527, DW_AT_decl_column(0x0d)
    8215              
    8216              $C$DW$528       .dwtag  DW_TAG_member
    8217                      .dwattr $C$DW$528, DW_AT_type(*$C$DW$T$85)
    8218                      .dwattr $C$DW$528, DW_AT_name("clarke")
    8219                      .dwattr $C$DW$528, DW_AT_data_member_location[DW_OP_plus_uconst 0x6a]
    8220                      .dwattr $C$DW$528, DW_AT_accessibility(DW_ACCESS_public)
    8221                      .dwattr $C$DW$528, DW_AT_decl_file("C:/TI/C2000Ware_MotorControl_SDK_5_04_00_00/libraries/fcl/include
    8222                      .dwattr $C$DW$528, DW_AT_decl_line(0x16f)
    8223                      .dwattr $C$DW$528, DW_AT_decl_column(0x0c)
    8224              
    8225              $C$DW$529       .dwtag  DW_TAG_member
    8226                      .dwattr $C$DW$529, DW_AT_type(*$C$DW$T$86)
    8227                      .dwattr $C$DW$529, DW_AT_name("park")
    8228                      .dwattr $C$DW$529, DW_AT_data_member_location[DW_OP_plus_uconst 0x74]
    8229                      .dwattr $C$DW$529, DW_AT_accessibility(DW_ACCESS_public)
    8230                      .dwattr $C$DW$529, DW_AT_decl_file("C:/TI/C2000Ware_MotorControl_SDK_5_04_00_00/libraries/fcl/include
    8231                      .dwattr $C$DW$529, DW_AT_decl_line(0x170)
    8232                      .dwattr $C$DW$529, DW_AT_decl_column(0x0a)
    8233              
    8234              $C$DW$530       .dwtag  DW_TAG_member
    8235                      .dwattr $C$DW$530, DW_AT_type(*$C$DW$T$87)
    8236                      .dwattr $C$DW$530, DW_AT_name("ipark")
    8237                      .dwattr $C$DW$530, DW_AT_data_member_location[DW_OP_plus_uconst 0x82]
    8238                      .dwattr $C$DW$530, DW_AT_accessibility(DW_ACCESS_public)
    8239                      .dwattr $C$DW$530, DW_AT_decl_file("C:/TI/C2000Ware_MotorControl_SDK_5_04_00_00/libraries/fcl/include
    8240                      .dwattr $C$DW$530, DW_AT_decl_line(0x171)
    8241                      .dwattr $C$DW$530, DW_AT_decl_column(0x0b)
    8242              
    8243              $C$DW$531       .dwtag  DW_TAG_member
    8244                      .dwattr $C$DW$531, DW_AT_type(*$C$DW$T$88)
    8245                      .dwattr $C$DW$531, DW_AT_name("speed")
    8246                      .dwattr $C$DW$531, DW_AT_data_member_location[DW_OP_plus_uconst 0x90]
    8247                      .dwattr $C$DW$531, DW_AT_accessibility(DW_ACCESS_public)
    8248                      .dwattr $C$DW$531, DW_AT_decl_file("C:/TI/C2000Ware_MotorControl_SDK_5_04_00_00/libraries/fcl/include
    8249                      .dwattr $C$DW$531, DW_AT_decl_line(0x172)
TMS320C2000 Assembler PC v22.6.2 Tue Mar  3 20:15:52 2026

Copyright (c) 1996-2018 Texas Instruments Incorporated
dual_axis_servo_drive_user.asm                                       PAGE  163

    8250                      .dwattr $C$DW$531, DW_AT_decl_column(0x14)
    8251              
    8252              $C$DW$532       .dwtag  DW_TAG_member
    8253                      .dwattr $C$DW$532, DW_AT_type(*$C$DW$T$71)
    8254                      .dwattr $C$DW$532, DW_AT_name("pi_id")
    8255                      .dwattr $C$DW$532, DW_AT_data_member_location[DW_OP_plus_uconst 0xa4]
    8256                      .dwattr $C$DW$532, DW_AT_accessibility(DW_ACCESS_public)
    8257                      .dwattr $C$DW$532, DW_AT_decl_file("C:/TI/C2000Ware_MotorControl_SDK_5_04_00_00/libraries/fcl/include
    8258                      .dwattr $C$DW$532, DW_AT_decl_line(0x174)
    8259                      .dwattr $C$DW$532, DW_AT_decl_column(0x18)
    8260              
    8261              $C$DW$533       .dwtag  DW_TAG_member
    8262                      .dwattr $C$DW$533, DW_AT_type(*$C$DW$T$89)
    8263                      .dwattr $C$DW$533, DW_AT_name("pi_pos")
    8264                      .dwattr $C$DW$533, DW_AT_data_member_location[DW_OP_plus_uconst 0xba]
    8265                      .dwattr $C$DW$533, DW_AT_accessibility(DW_ACCESS_public)
    8266                      .dwattr $C$DW$533, DW_AT_decl_file("C:/TI/C2000Ware_MotorControl_SDK_5_04_00_00/libraries/fcl/include
    8267                      .dwattr $C$DW$533, DW_AT_decl_line(0x175)
    8268                      .dwattr $C$DW$533, DW_AT_decl_column(0x13)
    8269              
    8270              $C$DW$534       .dwtag  DW_TAG_member
    8271                      .dwattr $C$DW$534, DW_AT_type(*$C$DW$T$90)
    8272                      .dwattr $C$DW$534, DW_AT_name("pid_spd")
    8273                      .dwattr $C$DW$534, DW_AT_data_member_location[DW_OP_plus_uconst 0xd2]
    8274                      .dwattr $C$DW$534, DW_AT_accessibility(DW_ACCESS_public)
    8275                      .dwattr $C$DW$534, DW_AT_decl_file("C:/TI/C2000Ware_MotorControl_SDK_5_04_00_00/libraries/fcl/include
    8276                      .dwattr $C$DW$534, DW_AT_decl_line(0x176)
    8277                      .dwattr $C$DW$534, DW_AT_decl_column(0x15)
    8278              
    8279              $C$DW$535       .dwtag  DW_TAG_member
    8280                      .dwattr $C$DW$535, DW_AT_type(*$C$DW$T$91)
    8281                      .dwattr $C$DW$535, DW_AT_name("FCL_params")
    8282                      .dwattr $C$DW$535, DW_AT_data_member_location[DW_OP_plus_uconst 0xfa]
    8283                      .dwattr $C$DW$535, DW_AT_accessibility(DW_ACCESS_public)
    8284                      .dwattr $C$DW$535, DW_AT_decl_file("C:/TI/C2000Ware_MotorControl_SDK_5_04_00_00/libraries/fcl/include
    8285                      .dwattr $C$DW$535, DW_AT_decl_line(0x178)
    8286                      .dwattr $C$DW$535, DW_AT_decl_column(0x16)
    8287              
    8288              $C$DW$536       .dwtag  DW_TAG_member
    8289                      .dwattr $C$DW$536, DW_AT_type(*$C$DW$T$93)
    8290                      .dwattr $C$DW$536, DW_AT_name("ptrFCL")
    8291                      .dwattr $C$DW$536, DW_AT_data_member_location[DW_OP_plus_uconst 0x118]
    8292                      .dwattr $C$DW$536, DW_AT_accessibility(DW_ACCESS_public)
    8293                      .dwattr $C$DW$536, DW_AT_decl_file("C:/TI/C2000Ware_MotorControl_SDK_5_04_00_00/libraries/fcl/include
    8294                      .dwattr $C$DW$536, DW_AT_decl_line(0x179)
    8295                      .dwattr $C$DW$536, DW_AT_decl_column(0x12)
    8296              
    8297              $C$DW$537       .dwtag  DW_TAG_member
    8298                      .dwattr $C$DW$537, DW_AT_type(*$C$DW$T$94)
    8299                      .dwattr $C$DW$537, DW_AT_name("svgen")
    8300                      .dwattr $C$DW$537, DW_AT_data_member_location[DW_OP_plus_uconst 0x11a]
    8301                      .dwattr $C$DW$537, DW_AT_accessibility(DW_ACCESS_public)
    8302                      .dwattr $C$DW$537, DW_AT_decl_file("C:/TI/C2000Ware_MotorControl_SDK_5_04_00_00/libraries/fcl/include
    8303                      .dwattr $C$DW$537, DW_AT_decl_line(0x17b)
    8304                      .dwattr $C$DW$537, DW_AT_decl_column(0x0b)
TMS320C2000 Assembler PC v22.6.2 Tue Mar  3 20:15:52 2026

Copyright (c) 1996-2018 Texas Instruments Incorporated
dual_axis_servo_drive_user.asm                                       PAGE  164

    8305              
    8306              $C$DW$538       .dwtag  DW_TAG_member
    8307                      .dwattr $C$DW$538, DW_AT_type(*$C$DW$T$19)
    8308                      .dwattr $C$DW$538, DW_AT_name("Vdcbus")
    8309                      .dwattr $C$DW$538, DW_AT_data_member_location[DW_OP_plus_uconst 0x12c]
    8310                      .dwattr $C$DW$538, DW_AT_accessibility(DW_ACCESS_public)
    8311                      .dwattr $C$DW$538, DW_AT_decl_file("C:/TI/C2000Ware_MotorControl_SDK_5_04_00_00/libraries/fcl/include
    8312                      .dwattr $C$DW$538, DW_AT_decl_line(0x17d)
    8313                      .dwattr $C$DW$538, DW_AT_decl_column(0x0f)
    8314              
    8315              $C$DW$539       .dwtag  DW_TAG_member
    8316                      .dwattr $C$DW$539, DW_AT_type(*$C$DW$T$19)
    8317                      .dwattr $C$DW$539, DW_AT_name("VdcbusMax")
    8318                      .dwattr $C$DW$539, DW_AT_data_member_location[DW_OP_plus_uconst 0x12e]
    8319                      .dwattr $C$DW$539, DW_AT_accessibility(DW_ACCESS_public)
    8320                      .dwattr $C$DW$539, DW_AT_decl_file("C:/TI/C2000Ware_MotorControl_SDK_5_04_00_00/libraries/fcl/include
    8321                      .dwattr $C$DW$539, DW_AT_decl_line(0x17e)
    8322                      .dwattr $C$DW$539, DW_AT_decl_column(0x0f)
    8323              
    8324              $C$DW$540       .dwtag  DW_TAG_member
    8325                      .dwattr $C$DW$540, DW_AT_type(*$C$DW$T$19)
    8326                      .dwattr $C$DW$540, DW_AT_name("VdcbusMin")
    8327                      .dwattr $C$DW$540, DW_AT_data_member_location[DW_OP_plus_uconst 0x130]
    8328                      .dwattr $C$DW$540, DW_AT_accessibility(DW_ACCESS_public)
    8329                      .dwattr $C$DW$540, DW_AT_decl_file("C:/TI/C2000Ware_MotorControl_SDK_5_04_00_00/libraries/fcl/include
    8330                      .dwattr $C$DW$540, DW_AT_decl_line(0x17f)
    8331                      .dwattr $C$DW$540, DW_AT_decl_column(0x0f)
    8332              
    8333              $C$DW$541       .dwtag  DW_TAG_member
    8334                      .dwattr $C$DW$541, DW_AT_type(*$C$DW$T$21)
    8335                      .dwattr $C$DW$541, DW_AT_name("isrTicker")
    8336                      .dwattr $C$DW$541, DW_AT_data_member_location[DW_OP_plus_uconst 0x132]
    8337                      .dwattr $C$DW$541, DW_AT_accessibility(DW_ACCESS_public)
    8338                      .dwattr $C$DW$541, DW_AT_decl_file("C:/TI/C2000Ware_MotorControl_SDK_5_04_00_00/libraries/fcl/include
    8339                      .dwattr $C$DW$541, DW_AT_decl_line(0x181)
    8340                      .dwattr $C$DW$541, DW_AT_decl_column(0x0e)
    8341              
    8342              $C$DW$542       .dwtag  DW_TAG_member
    8343                      .dwattr $C$DW$542, DW_AT_type(*$C$DW$T$19)
    8344                      .dwattr $C$DW$542, DW_AT_name("fclLatencyInMicroSec")
    8345                      .dwattr $C$DW$542, DW_AT_data_member_location[DW_OP_plus_uconst 0x134]
    8346                      .dwattr $C$DW$542, DW_AT_accessibility(DW_ACCESS_public)
    8347                      .dwattr $C$DW$542, DW_AT_decl_file("C:/TI/C2000Ware_MotorControl_SDK_5_04_00_00/libraries/fcl/include
    8348                      .dwattr $C$DW$542, DW_AT_decl_line(0x183)
    8349                      .dwattr $C$DW$542, DW_AT_decl_column(0x0f)
    8350              
    8351              $C$DW$543       .dwtag  DW_TAG_member
    8352                      .dwattr $C$DW$543, DW_AT_type(*$C$DW$T$40)
    8353                      .dwattr $C$DW$543, DW_AT_name("fclClrCntr")
    8354                      .dwattr $C$DW$543, DW_AT_data_member_location[DW_OP_plus_uconst 0x136]
    8355                      .dwattr $C$DW$543, DW_AT_accessibility(DW_ACCESS_public)
    8356                      .dwattr $C$DW$543, DW_AT_decl_file("C:/TI/C2000Ware_MotorControl_SDK_5_04_00_00/libraries/fcl/include
    8357                      .dwattr $C$DW$543, DW_AT_decl_line(0x184)
    8358                      .dwattr $C$DW$543, DW_AT_decl_column(0x0f)
    8359              
TMS320C2000 Assembler PC v22.6.2 Tue Mar  3 20:15:52 2026

Copyright (c) 1996-2018 Texas Instruments Incorporated
dual_axis_servo_drive_user.asm                                       PAGE  165

    8360              $C$DW$544       .dwtag  DW_TAG_member
    8361                      .dwattr $C$DW$544, DW_AT_type(*$C$DW$T$40)
    8362                      .dwattr $C$DW$544, DW_AT_name("fclCycleCountMax")
    8363                      .dwattr $C$DW$544, DW_AT_data_member_location[DW_OP_plus_uconst 0x137]
    8364                      .dwattr $C$DW$544, DW_AT_accessibility(DW_ACCESS_public)
    8365                      .dwattr $C$DW$544, DW_AT_decl_file("C:/TI/C2000Ware_MotorControl_SDK_5_04_00_00/libraries/fcl/include
    8366                      .dwattr $C$DW$544, DW_AT_decl_line(0x185)
    8367                      .dwattr $C$DW$544, DW_AT_decl_column(0x0f)
    8368              
    8369              $C$DW$545       .dwtag  DW_TAG_member
    8370                      .dwattr $C$DW$545, DW_AT_type(*$C$DW$T$40)
    8371                      .dwattr $C$DW$545, DW_AT_name("speedLoopPrescaler")
    8372                      .dwattr $C$DW$545, DW_AT_data_member_location[DW_OP_plus_uconst 0x138]
    8373                      .dwattr $C$DW$545, DW_AT_accessibility(DW_ACCESS_public)
    8374                      .dwattr $C$DW$545, DW_AT_decl_file("C:/TI/C2000Ware_MotorControl_SDK_5_04_00_00/libraries/fcl/include
    8375                      .dwattr $C$DW$545, DW_AT_decl_line(0x187)
    8376                      .dwattr $C$DW$545, DW_AT_decl_column(0x0e)
    8377              
    8378              $C$DW$546       .dwtag  DW_TAG_member
    8379                      .dwattr $C$DW$546, DW_AT_type(*$C$DW$T$40)
    8380                      .dwattr $C$DW$546, DW_AT_name("speedLoopCount")
    8381                      .dwattr $C$DW$546, DW_AT_data_member_location[DW_OP_plus_uconst 0x139]
    8382                      .dwattr $C$DW$546, DW_AT_accessibility(DW_ACCESS_public)
    8383                      .dwattr $C$DW$546, DW_AT_decl_file("C:/TI/C2000Ware_MotorControl_SDK_5_04_00_00/libraries/fcl/include
    8384                      .dwattr $C$DW$546, DW_AT_decl_line(0x188)
    8385                      .dwattr $C$DW$546, DW_AT_decl_column(0x0e)
    8386              
    8387              $C$DW$547       .dwtag  DW_TAG_member
    8388                      .dwattr $C$DW$547, DW_AT_type(*$C$DW$T$40)
    8389                      .dwattr $C$DW$547, DW_AT_name("alignCntr")
    8390                      .dwattr $C$DW$547, DW_AT_data_member_location[DW_OP_plus_uconst 0x13a]
    8391                      .dwattr $C$DW$547, DW_AT_accessibility(DW_ACCESS_public)
    8392                      .dwattr $C$DW$547, DW_AT_decl_file("C:/TI/C2000Ware_MotorControl_SDK_5_04_00_00/libraries/fcl/include
    8393                      .dwattr $C$DW$547, DW_AT_decl_line(0x189)
    8394                      .dwattr $C$DW$547, DW_AT_decl_column(0x0e)
    8395              
    8396              $C$DW$548       .dwtag  DW_TAG_member
    8397                      .dwattr $C$DW$548, DW_AT_type(*$C$DW$T$40)
    8398                      .dwattr $C$DW$548, DW_AT_name("alignCnt")
    8399                      .dwattr $C$DW$548, DW_AT_data_member_location[DW_OP_plus_uconst 0x13b]
    8400                      .dwattr $C$DW$548, DW_AT_accessibility(DW_ACCESS_public)
    8401                      .dwattr $C$DW$548, DW_AT_decl_file("C:/TI/C2000Ware_MotorControl_SDK_5_04_00_00/libraries/fcl/include
    8402                      .dwattr $C$DW$548, DW_AT_decl_line(0x18a)
    8403                      .dwattr $C$DW$548, DW_AT_decl_column(0x0e)
    8404              
    8405              $C$DW$549       .dwtag  DW_TAG_member
    8406                      .dwattr $C$DW$549, DW_AT_type(*$C$DW$T$40)
    8407                      .dwattr $C$DW$549, DW_AT_name("posPtrMax")
    8408                      .dwattr $C$DW$549, DW_AT_data_member_location[DW_OP_plus_uconst 0x13c]
    8409                      .dwattr $C$DW$549, DW_AT_accessibility(DW_ACCESS_public)
    8410                      .dwattr $C$DW$549, DW_AT_decl_file("C:/TI/C2000Ware_MotorControl_SDK_5_04_00_00/libraries/fcl/include
    8411                      .dwattr $C$DW$549, DW_AT_decl_line(0x18b)
    8412                      .dwattr $C$DW$549, DW_AT_decl_column(0x0e)
    8413              
    8414              $C$DW$550       .dwtag  DW_TAG_member
TMS320C2000 Assembler PC v22.6.2 Tue Mar  3 20:15:52 2026

Copyright (c) 1996-2018 Texas Instruments Incorporated
dual_axis_servo_drive_user.asm                                       PAGE  166

    8415                      .dwattr $C$DW$550, DW_AT_type(*$C$DW$T$40)
    8416                      .dwattr $C$DW$550, DW_AT_name("posPtr")
    8417                      .dwattr $C$DW$550, DW_AT_data_member_location[DW_OP_plus_uconst 0x13d]
    8418                      .dwattr $C$DW$550, DW_AT_accessibility(DW_ACCESS_public)
    8419                      .dwattr $C$DW$550, DW_AT_decl_file("C:/TI/C2000Ware_MotorControl_SDK_5_04_00_00/libraries/fcl/include
    8420                      .dwattr $C$DW$550, DW_AT_decl_line(0x18c)
    8421                      .dwattr $C$DW$550, DW_AT_decl_column(0x0e)
    8422              
    8423              $C$DW$551       .dwtag  DW_TAG_member
    8424                      .dwattr $C$DW$551, DW_AT_type(*$C$DW$T$40)
    8425                      .dwattr $C$DW$551, DW_AT_name("currentThreshHi")
    8426                      .dwattr $C$DW$551, DW_AT_data_member_location[DW_OP_plus_uconst 0x13e]
    8427                      .dwattr $C$DW$551, DW_AT_accessibility(DW_ACCESS_public)
    8428                      .dwattr $C$DW$551, DW_AT_decl_file("C:/TI/C2000Ware_MotorControl_SDK_5_04_00_00/libraries/fcl/include
    8429                      .dwattr $C$DW$551, DW_AT_decl_line(0x18e)
    8430                      .dwattr $C$DW$551, DW_AT_decl_column(0x0e)
    8431              
    8432              $C$DW$552       .dwtag  DW_TAG_member
    8433                      .dwattr $C$DW$552, DW_AT_type(*$C$DW$T$40)
    8434                      .dwattr $C$DW$552, DW_AT_name("currentThreshLo")
    8435                      .dwattr $C$DW$552, DW_AT_data_member_location[DW_OP_plus_uconst 0x13f]
    8436                      .dwattr $C$DW$552, DW_AT_accessibility(DW_ACCESS_public)
    8437                      .dwattr $C$DW$552, DW_AT_decl_file("C:/TI/C2000Ware_MotorControl_SDK_5_04_00_00/libraries/fcl/include
    8438                      .dwattr $C$DW$552, DW_AT_decl_line(0x18f)
    8439                      .dwattr $C$DW$552, DW_AT_decl_column(0x0e)
    8440              
    8441              $C$DW$553       .dwtag  DW_TAG_member
    8442                      .dwattr $C$DW$553, DW_AT_type(*$C$DW$T$40)
    8443                      .dwattr $C$DW$553, DW_AT_name("drvEnableGateGPIO")
    8444                      .dwattr $C$DW$553, DW_AT_data_member_location[DW_OP_plus_uconst 0x140]
    8445                      .dwattr $C$DW$553, DW_AT_accessibility(DW_ACCESS_public)
    8446                      .dwattr $C$DW$553, DW_AT_decl_file("C:/TI/C2000Ware_MotorControl_SDK_5_04_00_00/libraries/fcl/include
    8447                      .dwattr $C$DW$553, DW_AT_decl_line(0x191)
    8448                      .dwattr $C$DW$553, DW_AT_decl_column(0x0e)
    8449              
    8450              $C$DW$554       .dwtag  DW_TAG_member
    8451                      .dwattr $C$DW$554, DW_AT_type(*$C$DW$T$40)
    8452                      .dwattr $C$DW$554, DW_AT_name("drvFaultTripGPIO")
    8453                      .dwattr $C$DW$554, DW_AT_data_member_location[DW_OP_plus_uconst 0x141]
    8454                      .dwattr $C$DW$554, DW_AT_accessibility(DW_ACCESS_public)
    8455                      .dwattr $C$DW$554, DW_AT_decl_file("C:/TI/C2000Ware_MotorControl_SDK_5_04_00_00/libraries/fcl/include
    8456                      .dwattr $C$DW$554, DW_AT_decl_line(0x192)
    8457                      .dwattr $C$DW$554, DW_AT_decl_column(0x0e)
    8458              
    8459              $C$DW$555       .dwtag  DW_TAG_member
    8460                      .dwattr $C$DW$555, DW_AT_type(*$C$DW$T$40)
    8461                      .dwattr $C$DW$555, DW_AT_name("drvClearFaultGPIO")
    8462                      .dwattr $C$DW$555, DW_AT_data_member_location[DW_OP_plus_uconst 0x142]
    8463                      .dwattr $C$DW$555, DW_AT_accessibility(DW_ACCESS_public)
    8464                      .dwattr $C$DW$555, DW_AT_decl_file("C:/TI/C2000Ware_MotorControl_SDK_5_04_00_00/libraries/fcl/include
    8465                      .dwattr $C$DW$555, DW_AT_decl_line(0x193)
    8466                      .dwattr $C$DW$555, DW_AT_decl_column(0x0e)
    8467              
    8468              $C$DW$556       .dwtag  DW_TAG_member
    8469                      .dwattr $C$DW$556, DW_AT_type(*$C$DW$T$40)
TMS320C2000 Assembler PC v22.6.2 Tue Mar  3 20:15:52 2026

Copyright (c) 1996-2018 Texas Instruments Incorporated
dual_axis_servo_drive_user.asm                                       PAGE  167

    8470                      .dwattr $C$DW$556, DW_AT_name("tripCountDMC")
    8471                      .dwattr $C$DW$556, DW_AT_data_member_location[DW_OP_plus_uconst 0x143]
    8472                      .dwattr $C$DW$556, DW_AT_accessibility(DW_ACCESS_public)
    8473                      .dwattr $C$DW$556, DW_AT_decl_file("C:/TI/C2000Ware_MotorControl_SDK_5_04_00_00/libraries/fcl/include
    8474                      .dwattr $C$DW$556, DW_AT_decl_line(0x195)
    8475                      .dwattr $C$DW$556, DW_AT_decl_column(0x0e)
    8476              
    8477              $C$DW$557       .dwtag  DW_TAG_member
    8478                      .dwattr $C$DW$557, DW_AT_type(*$C$DW$T$40)
    8479                      .dwattr $C$DW$557, DW_AT_name("tripFlagDMC")
    8480                      .dwattr $C$DW$557, DW_AT_data_member_location[DW_OP_plus_uconst 0x144]
    8481                      .dwattr $C$DW$557, DW_AT_accessibility(DW_ACCESS_public)
    8482                      .dwattr $C$DW$557, DW_AT_decl_file("C:/TI/C2000Ware_MotorControl_SDK_5_04_00_00/libraries/fcl/include
    8483                      .dwattr $C$DW$557, DW_AT_decl_line(0x196)
    8484                      .dwattr $C$DW$557, DW_AT_decl_column(0x0e)
    8485              
    8486              $C$DW$558       .dwtag  DW_TAG_member
    8487                      .dwattr $C$DW$558, DW_AT_type(*$C$DW$T$40)
    8488                      .dwattr $C$DW$558, DW_AT_name("tripFlagPrev")
    8489                      .dwattr $C$DW$558, DW_AT_data_member_location[DW_OP_plus_uconst 0x145]
    8490                      .dwattr $C$DW$558, DW_AT_accessibility(DW_ACCESS_public)
    8491                      .dwattr $C$DW$558, DW_AT_decl_file("C:/TI/C2000Ware_MotorControl_SDK_5_04_00_00/libraries/fcl/include
    8492                      .dwattr $C$DW$558, DW_AT_decl_line(0x197)
    8493                      .dwattr $C$DW$558, DW_AT_decl_column(0x0e)
    8494              
    8495              $C$DW$559       .dwtag  DW_TAG_member
    8496                      .dwattr $C$DW$559, DW_AT_type(*$C$DW$T$96)
    8497                      .dwattr $C$DW$559, DW_AT_name("runMotor")
    8498                      .dwattr $C$DW$559, DW_AT_data_member_location[DW_OP_plus_uconst 0x146]
    8499                      .dwattr $C$DW$559, DW_AT_accessibility(DW_ACCESS_public)
    8500                      .dwattr $C$DW$559, DW_AT_decl_file("C:/TI/C2000Ware_MotorControl_SDK_5_04_00_00/libraries/fcl/include
    8501                      .dwattr $C$DW$559, DW_AT_decl_line(0x199)
    8502                      .dwattr $C$DW$559, DW_AT_decl_column(0x15)
    8503              
    8504              $C$DW$560       .dwtag  DW_TAG_member
    8505                      .dwattr $C$DW$560, DW_AT_type(*$C$DW$T$98)
    8506                      .dwattr $C$DW$560, DW_AT_name("ctrlState")
    8507                      .dwattr $C$DW$560, DW_AT_data_member_location[DW_OP_plus_uconst 0x147]
    8508                      .dwattr $C$DW$560, DW_AT_accessibility(DW_ACCESS_public)
    8509                      .dwattr $C$DW$560, DW_AT_decl_file("C:/TI/C2000Ware_MotorControl_SDK_5_04_00_00/libraries/fcl/include
    8510                      .dwattr $C$DW$560, DW_AT_decl_line(0x19a)
    8511                      .dwattr $C$DW$560, DW_AT_decl_column(0x15)
    8512              
    8513              $C$DW$561       .dwtag  DW_TAG_member
    8514                      .dwattr $C$DW$561, DW_AT_type(*$C$DW$T$78)
    8515                      .dwattr $C$DW$561, DW_AT_name("clearTripFlagDMC")
    8516                      .dwattr $C$DW$561, DW_AT_data_member_location[DW_OP_plus_uconst 0x148]
    8517                      .dwattr $C$DW$561, DW_AT_accessibility(DW_ACCESS_public)
    8518                      .dwattr $C$DW$561, DW_AT_decl_file("C:/TI/C2000Ware_MotorControl_SDK_5_04_00_00/libraries/fcl/include
    8519                      .dwattr $C$DW$561, DW_AT_decl_line(0x19c)
    8520                      .dwattr $C$DW$561, DW_AT_decl_column(0x0a)
    8521              
    8522              $C$DW$562       .dwtag  DW_TAG_member
    8523                      .dwattr $C$DW$562, DW_AT_type(*$C$DW$T$78)
    8524                      .dwattr $C$DW$562, DW_AT_name("lsw2EntryFlag")
TMS320C2000 Assembler PC v22.6.2 Tue Mar  3 20:15:52 2026

Copyright (c) 1996-2018 Texas Instruments Incorporated
dual_axis_servo_drive_user.asm                                       PAGE  168

    8525                      .dwattr $C$DW$562, DW_AT_data_member_location[DW_OP_plus_uconst 0x149]
    8526                      .dwattr $C$DW$562, DW_AT_accessibility(DW_ACCESS_public)
    8527                      .dwattr $C$DW$562, DW_AT_decl_file("C:/TI/C2000Ware_MotorControl_SDK_5_04_00_00/libraries/fcl/include
    8528                      .dwattr $C$DW$562, DW_AT_decl_line(0x19d)
    8529                      .dwattr $C$DW$562, DW_AT_decl_column(0x0a)
    8530              
    8531              $C$DW$563       .dwtag  DW_TAG_member
    8532                      .dwattr $C$DW$563, DW_AT_type(*$C$DW$T$78)
    8533                      .dwattr $C$DW$563, DW_AT_name("offsetDoneFlag")
    8534                      .dwattr $C$DW$563, DW_AT_data_member_location[DW_OP_plus_uconst 0x14a]
    8535                      .dwattr $C$DW$563, DW_AT_accessibility(DW_ACCESS_public)
    8536                      .dwattr $C$DW$563, DW_AT_decl_file("C:/TI/C2000Ware_MotorControl_SDK_5_04_00_00/libraries/fcl/include
    8537                      .dwattr $C$DW$563, DW_AT_decl_line(0x19e)
    8538                      .dwattr $C$DW$563, DW_AT_decl_column(0x0a)
    8539              
    8540              $C$DW$564       .dwtag  DW_TAG_member
    8541                      .dwattr $C$DW$564, DW_AT_type(*$C$DW$T$78)
    8542                      .dwattr $C$DW$564, DW_AT_name("sfraEnableFlag")
    8543                      .dwattr $C$DW$564, DW_AT_data_member_location[DW_OP_plus_uconst 0x14b]
    8544                      .dwattr $C$DW$564, DW_AT_accessibility(DW_ACCESS_public)
    8545                      .dwattr $C$DW$564, DW_AT_decl_file("C:/TI/C2000Ware_MotorControl_SDK_5_04_00_00/libraries/fcl/include
    8546                      .dwattr $C$DW$564, DW_AT_decl_line(0x19f)
    8547                      .dwattr $C$DW$564, DW_AT_decl_column(0x0a)
    8548              
    8549                      .dwattr $C$DW$T$99, DW_AT_decl_file("C:/TI/C2000Ware_MotorControl_SDK_5_04_00_00/libraries/fcl/includ
    8550                      .dwattr $C$DW$T$99, DW_AT_decl_line(0x137)
    8551                      .dwattr $C$DW$T$99, DW_AT_decl_column(0x10)
    8552                      .dwendtag $C$DW$T$99
    8553              
    8554                      .dwendtag $C$DW$TU$99
    8555              
    8556              
    8557              $C$DW$TU$115    .dwtag  DW_TAG_type_unit
    8558                      .dwmtype  $C$DW$T$115
    8559              $C$DW$T$115     .dwtag  DW_TAG_typedef
    8560                      .dwattr $C$DW$T$115, DW_AT_name("MOTOR_Vars_t")
    8561                      .dwattr $C$DW$T$115, DW_AT_type(*$C$DW$T$99)
    8562                      .dwattr $C$DW$T$115, DW_AT_decl_file("C:/TI/C2000Ware_MotorControl_SDK_5_04_00_00/libraries/fcl/inclu
    8563                      .dwattr $C$DW$T$115, DW_AT_decl_line(0x1a0)
    8564                      .dwattr $C$DW$T$115, DW_AT_decl_column(0x03)
    8565              
    8566                      .dwendtag $C$DW$TU$115
    8567              
    8568              
    8569              $C$DW$TU$116    .dwtag  DW_TAG_type_unit
    8570                      .dwmtype  $C$DW$T$116
    8571              $C$DW$T$116     .dwtag  DW_TAG_pointer_type
    8572                      .dwattr $C$DW$T$116, DW_AT_type(*$C$DW$T$115)
    8573                      .dwattr $C$DW$T$116, DW_AT_address_class(0x20)
    8574              
    8575                      .dwendtag $C$DW$TU$116
    8576              
    8577              
    8578              $C$DW$TU$117    .dwtag  DW_TAG_type_unit
    8579                      .dwmtype  $C$DW$T$117
TMS320C2000 Assembler PC v22.6.2 Tue Mar  3 20:15:52 2026

Copyright (c) 1996-2018 Texas Instruments Incorporated
dual_axis_servo_drive_user.asm                                       PAGE  169

    8580              $C$DW$565       .dwtag  DW_TAG_TI_far_type
    8581                      .dwattr $C$DW$565, DW_AT_type(*$C$DW$T$116)
    8582              
    8583              $C$DW$T$117     .dwtag  DW_TAG_const_type
    8584                      .dwattr $C$DW$T$117, DW_AT_type(*$C$DW$565)
    8585              
    8586                      .dwendtag $C$DW$TU$117
    8587              
    8588              
    8589              $C$DW$TU$118    .dwtag  DW_TAG_type_unit
    8590                      .dwmtype  $C$DW$T$118
    8591              
    8592              $C$DW$T$118     .dwtag  DW_TAG_array_type
    8593                      .dwattr $C$DW$T$118, DW_AT_type(*$C$DW$T$115)
    8594                      .dwattr $C$DW$T$118, DW_AT_byte_size(0x298)
    8595              $C$DW$566       .dwtag  DW_TAG_subrange_type
    8596                      .dwattr $C$DW$566, DW_AT_upper_bound(0x01)
    8597              
    8598                      .dwendtag $C$DW$T$118
    8599              
    8600                      .dwendtag $C$DW$TU$118
    8601              
    8602              
    8603              $C$DW$TU$2      .dwtag  DW_TAG_type_unit
    8604                      .dwmtype  $C$DW$T$2
    8605              $C$DW$T$2       .dwtag  DW_TAG_unspecified_type
    8606                      .dwattr $C$DW$T$2, DW_AT_name("void")
    8607              
    8608                      .dwendtag $C$DW$TU$2
    8609              
    8610              
    8611              $C$DW$TU$4      .dwtag  DW_TAG_type_unit
    8612                      .dwmtype  $C$DW$T$4
    8613              $C$DW$T$4       .dwtag  DW_TAG_base_type
    8614                      .dwattr $C$DW$T$4, DW_AT_encoding(DW_ATE_boolean)
    8615                      .dwattr $C$DW$T$4, DW_AT_name("bool")
    8616                      .dwattr $C$DW$T$4, DW_AT_byte_size(0x01)
    8617              
    8618                      .dwendtag $C$DW$TU$4
    8619              
    8620              
    8621              $C$DW$TU$5      .dwtag  DW_TAG_type_unit
    8622                      .dwmtype  $C$DW$T$5
    8623              $C$DW$T$5       .dwtag  DW_TAG_base_type
    8624                      .dwattr $C$DW$T$5, DW_AT_encoding(DW_ATE_signed_char)
    8625                      .dwattr $C$DW$T$5, DW_AT_name("signed char")
    8626                      .dwattr $C$DW$T$5, DW_AT_byte_size(0x01)
    8627              
    8628                      .dwendtag $C$DW$TU$5
    8629              
    8630              
    8631              $C$DW$TU$6      .dwtag  DW_TAG_type_unit
    8632                      .dwmtype  $C$DW$T$6
    8633              $C$DW$T$6       .dwtag  DW_TAG_base_type
    8634                      .dwattr $C$DW$T$6, DW_AT_encoding(DW_ATE_unsigned_char)
TMS320C2000 Assembler PC v22.6.2 Tue Mar  3 20:15:52 2026

Copyright (c) 1996-2018 Texas Instruments Incorporated
dual_axis_servo_drive_user.asm                                       PAGE  170

    8635                      .dwattr $C$DW$T$6, DW_AT_name("unsigned char")
    8636                      .dwattr $C$DW$T$6, DW_AT_byte_size(0x01)
    8637              
    8638                      .dwendtag $C$DW$TU$6
    8639              
    8640              
    8641              $C$DW$TU$7      .dwtag  DW_TAG_type_unit
    8642                      .dwmtype  $C$DW$T$7
    8643              $C$DW$T$7       .dwtag  DW_TAG_base_type
    8644                      .dwattr $C$DW$T$7, DW_AT_encoding(DW_ATE_signed_char)
    8645                      .dwattr $C$DW$T$7, DW_AT_name("wchar_t")
    8646                      .dwattr $C$DW$T$7, DW_AT_byte_size(0x02)
    8647              
    8648                      .dwendtag $C$DW$TU$7
    8649              
    8650              
    8651              $C$DW$TU$8      .dwtag  DW_TAG_type_unit
    8652                      .dwmtype  $C$DW$T$8
    8653              $C$DW$T$8       .dwtag  DW_TAG_base_type
    8654                      .dwattr $C$DW$T$8, DW_AT_encoding(DW_ATE_signed)
    8655                      .dwattr $C$DW$T$8, DW_AT_name("short")
    8656                      .dwattr $C$DW$T$8, DW_AT_byte_size(0x01)
    8657              
    8658                      .dwendtag $C$DW$TU$8
    8659              
    8660              
    8661              $C$DW$TU$9      .dwtag  DW_TAG_type_unit
    8662                      .dwmtype  $C$DW$T$9
    8663              $C$DW$T$9       .dwtag  DW_TAG_base_type
    8664                      .dwattr $C$DW$T$9, DW_AT_encoding(DW_ATE_unsigned)
    8665                      .dwattr $C$DW$T$9, DW_AT_name("unsigned short")
    8666                      .dwattr $C$DW$T$9, DW_AT_byte_size(0x01)
    8667              
    8668                      .dwendtag $C$DW$TU$9
    8669              
    8670              
    8671              $C$DW$TU$10     .dwtag  DW_TAG_type_unit
    8672                      .dwmtype  $C$DW$T$10
    8673              $C$DW$T$10      .dwtag  DW_TAG_base_type
    8674                      .dwattr $C$DW$T$10, DW_AT_encoding(DW_ATE_signed)
    8675                      .dwattr $C$DW$T$10, DW_AT_name("int")
    8676                      .dwattr $C$DW$T$10, DW_AT_byte_size(0x01)
    8677              
    8678                      .dwendtag $C$DW$TU$10
    8679              
    8680              
    8681              $C$DW$TU$11     .dwtag  DW_TAG_type_unit
    8682                      .dwmtype  $C$DW$T$11
    8683              $C$DW$T$11      .dwtag  DW_TAG_base_type
    8684                      .dwattr $C$DW$T$11, DW_AT_encoding(DW_ATE_unsigned)
    8685                      .dwattr $C$DW$T$11, DW_AT_name("unsigned int")
    8686                      .dwattr $C$DW$T$11, DW_AT_byte_size(0x01)
    8687              
    8688                      .dwendtag $C$DW$TU$11
    8689              
TMS320C2000 Assembler PC v22.6.2 Tue Mar  3 20:15:52 2026

Copyright (c) 1996-2018 Texas Instruments Incorporated
dual_axis_servo_drive_user.asm                                       PAGE  171

    8690              
    8691              $C$DW$TU$43     .dwtag  DW_TAG_type_unit
    8692                      .dwmtype  $C$DW$T$43
    8693              $C$DW$T$43      .dwtag  DW_TAG_typedef
    8694                      .dwattr $C$DW$T$43, DW_AT_name("Uint16")
    8695                      .dwattr $C$DW$T$43, DW_AT_type(*$C$DW$T$11)
    8696                      .dwattr $C$DW$T$43, DW_AT_decl_file("C:/TI/C2000Ware_MotorControl_SDK_5_04_00_00/c2000ware/device_sup
    8697                      .dwattr $C$DW$T$43, DW_AT_decl_line(0x123)
    8698                      .dwattr $C$DW$T$43, DW_AT_decl_column(0x31)
    8699              
    8700                      .dwendtag $C$DW$TU$43
    8701              
    8702              
    8703              $C$DW$TU$39     .dwtag  DW_TAG_type_unit
    8704                      .dwmtype  $C$DW$T$39
    8705              $C$DW$T$39      .dwtag  DW_TAG_typedef
    8706                      .dwattr $C$DW$T$39, DW_AT_name("__uint16_t")
    8707                      .dwattr $C$DW$T$39, DW_AT_type(*$C$DW$T$11)
    8708                      .dwattr $C$DW$T$39, DW_AT_decl_file("D:/TI/ccs/ccs/tools/compiler/ti-cgt-c2000_22.6.2.LTS/include/mac
    8709                      .dwattr $C$DW$T$39, DW_AT_decl_line(0x41)
    8710                      .dwattr $C$DW$T$39, DW_AT_decl_column(0x1c)
    8711              
    8712                      .dwendtag $C$DW$TU$39
    8713              
    8714              
    8715              $C$DW$TU$40     .dwtag  DW_TAG_type_unit
    8716                      .dwmtype  $C$DW$T$40
    8717              $C$DW$T$40      .dwtag  DW_TAG_typedef
    8718                      .dwattr $C$DW$T$40, DW_AT_name("uint16_t")
    8719                      .dwattr $C$DW$T$40, DW_AT_type(*$C$DW$T$39)
    8720                      .dwattr $C$DW$T$40, DW_AT_decl_file("D:/TI/ccs/ccs/tools/compiler/ti-cgt-c2000_22.6.2.LTS/include/sys
    8721                      .dwattr $C$DW$T$40, DW_AT_decl_line(0x41)
    8722                      .dwattr $C$DW$T$40, DW_AT_decl_column(0x15)
    8723              
    8724                      .dwendtag $C$DW$TU$40
    8725              
    8726              
    8727              $C$DW$TU$12     .dwtag  DW_TAG_type_unit
    8728                      .dwmtype  $C$DW$T$12
    8729              $C$DW$T$12      .dwtag  DW_TAG_base_type
    8730                      .dwattr $C$DW$T$12, DW_AT_encoding(DW_ATE_signed)
    8731                      .dwattr $C$DW$T$12, DW_AT_name("long")
    8732                      .dwattr $C$DW$T$12, DW_AT_byte_size(0x02)
    8733              
    8734                      .dwendtag $C$DW$TU$12
    8735              
    8736              
    8737              $C$DW$TU$26     .dwtag  DW_TAG_type_unit
    8738                      .dwmtype  $C$DW$T$26
    8739              $C$DW$T$26      .dwtag  DW_TAG_typedef
    8740                      .dwattr $C$DW$T$26, DW_AT_name("__int32_t")
    8741                      .dwattr $C$DW$T$26, DW_AT_type(*$C$DW$T$12)
    8742                      .dwattr $C$DW$T$26, DW_AT_decl_file("D:/TI/ccs/ccs/tools/compiler/ti-cgt-c2000_22.6.2.LTS/include/mac
    8743                      .dwattr $C$DW$T$26, DW_AT_decl_line(0x42)
    8744                      .dwattr $C$DW$T$26, DW_AT_decl_column(0x1d)
TMS320C2000 Assembler PC v22.6.2 Tue Mar  3 20:15:52 2026

Copyright (c) 1996-2018 Texas Instruments Incorporated
dual_axis_servo_drive_user.asm                                       PAGE  172

    8745              
    8746                      .dwendtag $C$DW$TU$26
    8747              
    8748              
    8749              $C$DW$TU$27     .dwtag  DW_TAG_type_unit
    8750                      .dwmtype  $C$DW$T$27
    8751              $C$DW$T$27      .dwtag  DW_TAG_typedef
    8752                      .dwattr $C$DW$T$27, DW_AT_name("int32_t")
    8753                      .dwattr $C$DW$T$27, DW_AT_type(*$C$DW$T$26)
    8754                      .dwattr $C$DW$T$27, DW_AT_decl_file("D:/TI/ccs/ccs/tools/compiler/ti-cgt-c2000_22.6.2.LTS/include/sys
    8755                      .dwattr $C$DW$T$27, DW_AT_decl_line(0x30)
    8756                      .dwattr $C$DW$T$27, DW_AT_decl_column(0x14)
    8757              
    8758                      .dwendtag $C$DW$TU$27
    8759              
    8760              
    8761              $C$DW$TU$13     .dwtag  DW_TAG_type_unit
    8762                      .dwmtype  $C$DW$T$13
    8763              $C$DW$T$13      .dwtag  DW_TAG_base_type
    8764                      .dwattr $C$DW$T$13, DW_AT_encoding(DW_ATE_unsigned)
    8765                      .dwattr $C$DW$T$13, DW_AT_name("unsigned long")
    8766                      .dwattr $C$DW$T$13, DW_AT_byte_size(0x02)
    8767              
    8768                      .dwendtag $C$DW$TU$13
    8769              
    8770              
    8771              $C$DW$TU$46     .dwtag  DW_TAG_type_unit
    8772                      .dwmtype  $C$DW$T$46
    8773              $C$DW$T$46      .dwtag  DW_TAG_typedef
    8774                      .dwattr $C$DW$T$46, DW_AT_name("Uint32")
    8775                      .dwattr $C$DW$T$46, DW_AT_type(*$C$DW$T$13)
    8776                      .dwattr $C$DW$T$46, DW_AT_decl_file("C:/TI/C2000Ware_MotorControl_SDK_5_04_00_00/c2000ware/device_sup
    8777                      .dwattr $C$DW$T$46, DW_AT_decl_line(0x124)
    8778                      .dwattr $C$DW$T$46, DW_AT_decl_column(0x31)
    8779              
    8780                      .dwendtag $C$DW$TU$46
    8781              
    8782              
    8783              $C$DW$TU$20     .dwtag  DW_TAG_type_unit
    8784                      .dwmtype  $C$DW$T$20
    8785              $C$DW$T$20      .dwtag  DW_TAG_typedef
    8786                      .dwattr $C$DW$T$20, DW_AT_name("__uint32_t")
    8787                      .dwattr $C$DW$T$20, DW_AT_type(*$C$DW$T$13)
    8788                      .dwattr $C$DW$T$20, DW_AT_decl_file("D:/TI/ccs/ccs/tools/compiler/ti-cgt-c2000_22.6.2.LTS/include/mac
    8789                      .dwattr $C$DW$T$20, DW_AT_decl_line(0x43)
    8790                      .dwattr $C$DW$T$20, DW_AT_decl_column(0x1c)
    8791              
    8792                      .dwendtag $C$DW$TU$20
    8793              
    8794              
    8795              $C$DW$TU$21     .dwtag  DW_TAG_type_unit
    8796                      .dwmtype  $C$DW$T$21
    8797              $C$DW$T$21      .dwtag  DW_TAG_typedef
    8798                      .dwattr $C$DW$T$21, DW_AT_name("uint32_t")
    8799                      .dwattr $C$DW$T$21, DW_AT_type(*$C$DW$T$20)
TMS320C2000 Assembler PC v22.6.2 Tue Mar  3 20:15:52 2026

Copyright (c) 1996-2018 Texas Instruments Incorporated
dual_axis_servo_drive_user.asm                                       PAGE  173

    8800                      .dwattr $C$DW$T$21, DW_AT_decl_file("D:/TI/ccs/ccs/tools/compiler/ti-cgt-c2000_22.6.2.LTS/include/sys
    8801                      .dwattr $C$DW$T$21, DW_AT_decl_line(0x46)
    8802                      .dwattr $C$DW$T$21, DW_AT_decl_column(0x15)
    8803              
    8804                      .dwendtag $C$DW$TU$21
    8805              
    8806              
    8807              $C$DW$TU$75     .dwtag  DW_TAG_type_unit
    8808                      .dwmtype  $C$DW$T$75
    8809              
    8810              $C$DW$T$75      .dwtag  DW_TAG_array_type
    8811                      .dwattr $C$DW$T$75, DW_AT_type(*$C$DW$T$21)
    8812                      .dwattr $C$DW$T$75, DW_AT_byte_size(0x08)
    8813              $C$DW$567       .dwtag  DW_TAG_subrange_type
    8814                      .dwattr $C$DW$567, DW_AT_upper_bound(0x03)
    8815              
    8816                      .dwendtag $C$DW$T$75
    8817              
    8818                      .dwendtag $C$DW$TU$75
    8819              
    8820              
    8821              $C$DW$TU$77     .dwtag  DW_TAG_type_unit
    8822                      .dwmtype  $C$DW$T$77
    8823              
    8824              $C$DW$T$77      .dwtag  DW_TAG_array_type
    8825                      .dwattr $C$DW$T$77, DW_AT_type(*$C$DW$T$21)
    8826                      .dwattr $C$DW$T$77, DW_AT_byte_size(0x06)
    8827              $C$DW$568       .dwtag  DW_TAG_subrange_type
    8828                      .dwattr $C$DW$568, DW_AT_upper_bound(0x02)
    8829              
    8830                      .dwendtag $C$DW$T$77
    8831              
    8832                      .dwendtag $C$DW$TU$77
    8833              
    8834              
    8835              $C$DW$TU$80     .dwtag  DW_TAG_type_unit
    8836                      .dwmtype  $C$DW$T$80
    8837              $C$DW$569       .dwtag  DW_TAG_TI_far_type
    8838                      .dwattr $C$DW$569, DW_AT_type(*$C$DW$T$21)
    8839              
    8840              $C$DW$T$80      .dwtag  DW_TAG_volatile_type
    8841                      .dwattr $C$DW$T$80, DW_AT_type(*$C$DW$569)
    8842              
    8843                      .dwendtag $C$DW$TU$80
    8844              
    8845              
    8846              $C$DW$TU$81     .dwtag  DW_TAG_type_unit
    8847                      .dwmtype  $C$DW$T$81
    8848              $C$DW$T$81      .dwtag  DW_TAG_pointer_type
    8849                      .dwattr $C$DW$T$81, DW_AT_type(*$C$DW$T$80)
    8850                      .dwattr $C$DW$T$81, DW_AT_address_class(0x20)
    8851              
    8852                      .dwendtag $C$DW$TU$81
    8853              
    8854              
TMS320C2000 Assembler PC v22.6.2 Tue Mar  3 20:15:52 2026

Copyright (c) 1996-2018 Texas Instruments Incorporated
dual_axis_servo_drive_user.asm                                       PAGE  174

    8855              $C$DW$TU$128    .dwtag  DW_TAG_type_unit
    8856                      .dwmtype  $C$DW$T$128
    8857              $C$DW$570       .dwtag  DW_TAG_TI_far_type
    8858                      .dwattr $C$DW$570, DW_AT_type(*$C$DW$T$21)
    8859              
    8860              $C$DW$T$128     .dwtag  DW_TAG_const_type
    8861                      .dwattr $C$DW$T$128, DW_AT_type(*$C$DW$570)
    8862              
    8863                      .dwendtag $C$DW$TU$128
    8864              
    8865              
    8866              $C$DW$TU$14     .dwtag  DW_TAG_type_unit
    8867                      .dwmtype  $C$DW$T$14
    8868              $C$DW$T$14      .dwtag  DW_TAG_base_type
    8869                      .dwattr $C$DW$T$14, DW_AT_encoding(DW_ATE_signed)
    8870                      .dwattr $C$DW$T$14, DW_AT_name("long long")
    8871                      .dwattr $C$DW$T$14, DW_AT_byte_size(0x04)
    8872              
    8873                      .dwendtag $C$DW$TU$14
    8874              
    8875              
    8876              $C$DW$TU$15     .dwtag  DW_TAG_type_unit
    8877                      .dwmtype  $C$DW$T$15
    8878              $C$DW$T$15      .dwtag  DW_TAG_base_type
    8879                      .dwattr $C$DW$T$15, DW_AT_encoding(DW_ATE_unsigned)
    8880                      .dwattr $C$DW$T$15, DW_AT_name("unsigned long long")
    8881                      .dwattr $C$DW$T$15, DW_AT_byte_size(0x04)
    8882              
    8883                      .dwendtag $C$DW$TU$15
    8884              
    8885              
    8886              $C$DW$TU$16     .dwtag  DW_TAG_type_unit
    8887                      .dwmtype  $C$DW$T$16
    8888              $C$DW$T$16      .dwtag  DW_TAG_base_type
    8889                      .dwattr $C$DW$T$16, DW_AT_encoding(DW_ATE_float)
    8890                      .dwattr $C$DW$T$16, DW_AT_name("float")
    8891                      .dwattr $C$DW$T$16, DW_AT_byte_size(0x02)
    8892              
    8893                      .dwendtag $C$DW$TU$16
    8894              
    8895              
    8896              $C$DW$TU$147    .dwtag  DW_TAG_type_unit
    8897                      .dwmtype  $C$DW$T$147
    8898              $C$DW$571       .dwtag  DW_TAG_TI_far_type
    8899                      .dwattr $C$DW$571, DW_AT_type(*$C$DW$T$16)
    8900              
    8901              $C$DW$T$147     .dwtag  DW_TAG_const_type
    8902                      .dwattr $C$DW$T$147, DW_AT_type(*$C$DW$571)
    8903              
    8904                      .dwendtag $C$DW$TU$147
    8905              
    8906              
    8907              $C$DW$TU$19     .dwtag  DW_TAG_type_unit
    8908                      .dwmtype  $C$DW$T$19
    8909              $C$DW$T$19      .dwtag  DW_TAG_typedef
TMS320C2000 Assembler PC v22.6.2 Tue Mar  3 20:15:52 2026

Copyright (c) 1996-2018 Texas Instruments Incorporated
dual_axis_servo_drive_user.asm                                       PAGE  175

    8910                      .dwattr $C$DW$T$19, DW_AT_name("float32_t")
    8911                      .dwattr $C$DW$T$19, DW_AT_type(*$C$DW$T$16)
    8912                      .dwattr $C$DW$T$19, DW_AT_decl_file("C:\TI\C2000Ware_MotorControl_SDK_5_04_00_00\c2000ware\driverlib\
    8913                      .dwattr $C$DW$T$19, DW_AT_decl_line(0x66)
    8914                      .dwattr $C$DW$T$19, DW_AT_decl_column(0x17)
    8915              
    8916                      .dwendtag $C$DW$TU$19
    8917              
    8918              
    8919              $C$DW$TU$17     .dwtag  DW_TAG_type_unit
    8920                      .dwmtype  $C$DW$T$17
    8921              $C$DW$T$17      .dwtag  DW_TAG_base_type
    8922                      .dwattr $C$DW$T$17, DW_AT_encoding(DW_ATE_float)
    8923                      .dwattr $C$DW$T$17, DW_AT_name("double")
    8924                      .dwattr $C$DW$T$17, DW_AT_byte_size(0x04)
    8925              
    8926                      .dwendtag $C$DW$TU$17
    8927              
    8928              
    8929              $C$DW$TU$149    .dwtag  DW_TAG_type_unit
    8930                      .dwmtype  $C$DW$T$149
    8931              $C$DW$T$149     .dwtag  DW_TAG_pointer_type
    8932                      .dwattr $C$DW$T$149, DW_AT_type(*$C$DW$T$17)
    8933                      .dwattr $C$DW$T$149, DW_AT_address_class(0x20)
    8934              
    8935                      .dwendtag $C$DW$TU$149
    8936              
    8937              
    8938              $C$DW$TU$150    .dwtag  DW_TAG_type_unit
    8939                      .dwmtype  $C$DW$T$150
    8940              $C$DW$572       .dwtag  DW_TAG_TI_far_type
    8941                      .dwattr $C$DW$572, DW_AT_type(*$C$DW$T$149)
    8942              
    8943              $C$DW$T$150     .dwtag  DW_TAG_const_type
    8944                      .dwattr $C$DW$T$150, DW_AT_type(*$C$DW$572)
    8945              
    8946                      .dwendtag $C$DW$TU$150
    8947              
    8948              
    8949              $C$DW$TU$18     .dwtag  DW_TAG_type_unit
    8950                      .dwmtype  $C$DW$T$18
    8951              $C$DW$T$18      .dwtag  DW_TAG_base_type
    8952                      .dwattr $C$DW$T$18, DW_AT_encoding(DW_ATE_float)
    8953                      .dwattr $C$DW$T$18, DW_AT_name("long double")
    8954                      .dwattr $C$DW$T$18, DW_AT_byte_size(0x04)
    8955              
    8956                      .dwendtag $C$DW$TU$18
    8957              
    8958              
    8959              $C$DW$TU$151    .dwtag  DW_TAG_type_unit
    8960                      .dwmtype  $C$DW$T$151
    8961              $C$DW$T$151     .dwtag  DW_TAG_pointer_type
    8962                      .dwattr $C$DW$T$151, DW_AT_type(*$C$DW$T$18)
    8963                      .dwattr $C$DW$T$151, DW_AT_address_class(0x20)
    8964              
TMS320C2000 Assembler PC v22.6.2 Tue Mar  3 20:15:52 2026

Copyright (c) 1996-2018 Texas Instruments Incorporated
dual_axis_servo_drive_user.asm                                       PAGE  176

    8965                      .dwendtag $C$DW$TU$151
    8966              
    8967              
    8968              $C$DW$TU$152    .dwtag  DW_TAG_type_unit
    8969                      .dwmtype  $C$DW$T$152
    8970              $C$DW$573       .dwtag  DW_TAG_TI_far_type
    8971                      .dwattr $C$DW$573, DW_AT_type(*$C$DW$T$151)
    8972              
    8973              $C$DW$T$152     .dwtag  DW_TAG_const_type
    8974                      .dwattr $C$DW$T$152, DW_AT_type(*$C$DW$573)
    8975              
    8976                      .dwendtag $C$DW$TU$152
    8977              
    8978              
    8979              $C$DW$TU$78     .dwtag  DW_TAG_type_unit
    8980                      .dwmtype  $C$DW$T$78
    8981              $C$DW$T$78      .dwtag  DW_TAG_base_type
    8982                      .dwattr $C$DW$T$78, DW_AT_encoding(DW_ATE_unsigned_char)
    8983                      .dwattr $C$DW$T$78, DW_AT_name("unsigned char")
    8984                      .dwattr $C$DW$T$78, DW_AT_byte_size(0x01)
    8985              
    8986                      .dwendtag $C$DW$TU$78
    8987              
    8988              
    8989              $C$DW$TU$100    .dwtag  DW_TAG_type_unit
    8990                      .dwmtype  $C$DW$T$100
    8991              
    8992              $C$DW$T$100     .dwtag  DW_TAG_structure_type
    8993                      .dwattr $C$DW$T$100, DW_AT_name("motPars")
    8994                      .dwattr $C$DW$T$100, DW_AT_byte_size(0x0e)
    8995              $C$DW$574       .dwtag  DW_TAG_member
    8996                      .dwattr $C$DW$574, DW_AT_type(*$C$DW$T$19)
    8997                      .dwattr $C$DW$574, DW_AT_name("cosWTs")
    8998                      .dwattr $C$DW$574, DW_AT_accessibility(DW_ACCESS_public)
    8999                      .dwattr $C$DW$574, DW_AT_decl_file("C:\TI\C2000Ware_MotorControl_SDK_5_04_00_00\libraries\fcl\include
    9000                      .dwattr $C$DW$574, DW_AT_decl_line(0x4c)
    9001                      .dwattr $C$DW$574, DW_AT_decl_column(0x0f)
    9002              
    9003              $C$DW$575       .dwtag  DW_TAG_member
    9004                      .dwattr $C$DW$575, DW_AT_type(*$C$DW$T$19)
    9005                      .dwattr $C$DW$575, DW_AT_name("sinWTs")
    9006                      .dwattr $C$DW$575, DW_AT_data_member_location[DW_OP_plus_uconst 0x2]
    9007                      .dwattr $C$DW$575, DW_AT_accessibility(DW_ACCESS_public)
    9008                      .dwattr $C$DW$575, DW_AT_decl_file("C:\TI\C2000Ware_MotorControl_SDK_5_04_00_00\libraries\fcl\include
    9009                      .dwattr $C$DW$575, DW_AT_decl_line(0x4d)
    9010                      .dwattr $C$DW$575, DW_AT_decl_column(0x0f)
    9011              
    9012              $C$DW$576       .dwtag  DW_TAG_member
    9013                      .dwattr $C$DW$576, DW_AT_type(*$C$DW$T$19)
    9014                      .dwattr $C$DW$576, DW_AT_name("expVal")
    9015                      .dwattr $C$DW$576, DW_AT_data_member_location[DW_OP_plus_uconst 0x4]
    9016                      .dwattr $C$DW$576, DW_AT_accessibility(DW_ACCESS_public)
    9017                      .dwattr $C$DW$576, DW_AT_decl_file("C:\TI\C2000Ware_MotorControl_SDK_5_04_00_00\libraries\fcl\include
    9018                      .dwattr $C$DW$576, DW_AT_decl_line(0x4e)
    9019                      .dwattr $C$DW$576, DW_AT_decl_column(0x0f)
TMS320C2000 Assembler PC v22.6.2 Tue Mar  3 20:15:52 2026

Copyright (c) 1996-2018 Texas Instruments Incorporated
dual_axis_servo_drive_user.asm                                       PAGE  177

    9020              
    9021              $C$DW$577       .dwtag  DW_TAG_member
    9022                      .dwattr $C$DW$577, DW_AT_type(*$C$DW$T$19)
    9023                      .dwattr $C$DW$577, DW_AT_name("kDirect")
    9024                      .dwattr $C$DW$577, DW_AT_data_member_location[DW_OP_plus_uconst 0x6]
    9025                      .dwattr $C$DW$577, DW_AT_accessibility(DW_ACCESS_public)
    9026                      .dwattr $C$DW$577, DW_AT_decl_file("C:\TI\C2000Ware_MotorControl_SDK_5_04_00_00\libraries\fcl\include
    9027                      .dwattr $C$DW$577, DW_AT_decl_line(0x4f)
    9028                      .dwattr $C$DW$577, DW_AT_decl_column(0x0f)
    9029              
    9030              $C$DW$578       .dwtag  DW_TAG_member
    9031                      .dwattr $C$DW$578, DW_AT_type(*$C$DW$T$19)
    9032                      .dwattr $C$DW$578, DW_AT_name("idErr")
    9033                      .dwattr $C$DW$578, DW_AT_data_member_location[DW_OP_plus_uconst 0x8]
    9034                      .dwattr $C$DW$578, DW_AT_accessibility(DW_ACCESS_public)
    9035                      .dwattr $C$DW$578, DW_AT_decl_file("C:\TI\C2000Ware_MotorControl_SDK_5_04_00_00\libraries\fcl\include
    9036                      .dwattr $C$DW$578, DW_AT_decl_line(0x50)
    9037                      .dwattr $C$DW$578, DW_AT_decl_column(0x0f)
    9038              
    9039              $C$DW$579       .dwtag  DW_TAG_member
    9040                      .dwattr $C$DW$579, DW_AT_type(*$C$DW$T$19)
    9041                      .dwattr $C$DW$579, DW_AT_name("iqErr")
    9042                      .dwattr $C$DW$579, DW_AT_data_member_location[DW_OP_plus_uconst 0xa]
    9043                      .dwattr $C$DW$579, DW_AT_accessibility(DW_ACCESS_public)
    9044                      .dwattr $C$DW$579, DW_AT_decl_file("C:\TI\C2000Ware_MotorControl_SDK_5_04_00_00\libraries\fcl\include
    9045                      .dwattr $C$DW$579, DW_AT_decl_line(0x51)
    9046                      .dwattr $C$DW$579, DW_AT_decl_column(0x0f)
    9047              
    9048              $C$DW$580       .dwtag  DW_TAG_member
    9049                      .dwattr $C$DW$580, DW_AT_type(*$C$DW$T$19)
    9050                      .dwattr $C$DW$580, DW_AT_name("carryOver")
    9051                      .dwattr $C$DW$580, DW_AT_data_member_location[DW_OP_plus_uconst 0xc]
    9052                      .dwattr $C$DW$580, DW_AT_accessibility(DW_ACCESS_public)
    9053                      .dwattr $C$DW$580, DW_AT_decl_file("C:\TI\C2000Ware_MotorControl_SDK_5_04_00_00\libraries\fcl\include
    9054                      .dwattr $C$DW$580, DW_AT_decl_line(0x52)
    9055                      .dwattr $C$DW$580, DW_AT_decl_column(0x0f)
    9056              
    9057                      .dwattr $C$DW$T$100, DW_AT_decl_file("C:\TI\C2000Ware_MotorControl_SDK_5_04_00_00\libraries\fcl\inclu
    9058                      .dwattr $C$DW$T$100, DW_AT_decl_line(0x4b)
    9059                      .dwattr $C$DW$T$100, DW_AT_decl_column(0x10)
    9060                      .dwendtag $C$DW$T$100
    9061              
    9062                      .dwendtag $C$DW$TU$100
    9063              
    9064              
    9065              $C$DW$TU$69     .dwtag  DW_TAG_type_unit
    9066                      .dwmtype  $C$DW$T$69
    9067              $C$DW$T$69      .dwtag  DW_TAG_typedef
    9068                      .dwattr $C$DW$T$69, DW_AT_name("cmplxPars_t")
    9069                      .dwattr $C$DW$T$69, DW_AT_type(*$C$DW$T$100)
    9070                      .dwattr $C$DW$T$69, DW_AT_decl_file("C:\TI\C2000Ware_MotorControl_SDK_5_04_00_00\libraries\fcl\includ
    9071                      .dwattr $C$DW$T$69, DW_AT_decl_line(0x53)
    9072                      .dwattr $C$DW$T$69, DW_AT_decl_column(0x03)
    9073              
    9074                      .dwendtag $C$DW$TU$69
TMS320C2000 Assembler PC v22.6.2 Tue Mar  3 20:15:52 2026

Copyright (c) 1996-2018 Texas Instruments Incorporated
dual_axis_servo_drive_user.asm                                       PAGE  178

    9075              

No Assembly Errors, No Assembly Warnings
