TMS320C2000 Assembler PC v22.6.2 Fri Apr  3 17:22:04 2026

Copyright (c) 1996-2018 Texas Instruments Incorporated
fcl_cla_code_dm.asm                                                  PAGE    1

       1              ;***************************************************************
       2              ;* TMS320x280xx Control Law Accelerator G3 C/C++ Codegen                               PC v22.6.2.LTS *
       3              ;* Date/Time created: Fri Apr  3 17:22:04 2026                 *
       4              ;***************************************************************
       5                      .compiler_opts --abi=eabi --cla_support=cla1 --diag_wrap=off --float_support=fpu32 --hll_source=on --
       6              
       7              $C$DW$CU        .dwtag  DW_TAG_compile_unit
       8                      .dwattr $C$DW$CU, DW_AT_name("../sources/fcl_cla_code_dm.cla")
       9                      .dwattr $C$DW$CU, DW_AT_producer("TI TMS320x280xx Control Law Accelerator G3 C/C++ Codegen PC v22.6.2
      10                      .dwattr $C$DW$CU, DW_AT_TI_version(0x01)
      11                      .dwattr $C$DW$CU, DW_AT_comp_dir("C:\Users\JUNLI\workspace_ccstheia\dual_axis_servo_drive_fcl_qep_f28
      12              $C$DW$1 .dwtag  DW_TAG_variable
      13                      .dwattr $C$DW$1, DW_AT_name("fclVars")
      14                      .dwattr $C$DW$1, DW_AT_linkage_name("fclVars")
      15                      .dwattr $C$DW$1, DW_AT_type(*$C$DW$T$67)
      16                      .dwattr $C$DW$1, DW_AT_declaration
      17                      .dwattr $C$DW$1, DW_AT_external
      18                      .dwattr $C$DW$1, DW_AT_decl_file("C:/TI/C2000Ware_MotorControl_SDK_5_04_00_00/libraries/fcl/include/c
      19                      .dwattr $C$DW$1, DW_AT_decl_line(0x8b)
      20                      .dwattr $C$DW$1, DW_AT_decl_column(0x13)
      21              
      22              $C$DW$2 .dwtag  DW_TAG_variable
      23                      .dwattr $C$DW$2, DW_AT_name("startModel")
      24                      .dwattr $C$DW$2, DW_AT_linkage_name("startModel")
      25                      .dwattr $C$DW$2, DW_AT_type(*$C$DW$T$77)
      26                      .dwattr $C$DW$2, DW_AT_declaration
      27                      .dwattr $C$DW$2, DW_AT_external
      28                      .dwattr $C$DW$2, DW_AT_decl_file("..\sources\uvw.h")
      29                      .dwattr $C$DW$2, DW_AT_decl_line(0x14)
      30                      .dwattr $C$DW$2, DW_AT_decl_column(0x1a)
      31              
      32              $C$DW$3 .dwtag  DW_TAG_variable
      33                      .dwattr $C$DW$3, DW_AT_name("uvwStateMachine")
      34                      .dwattr $C$DW$3, DW_AT_linkage_name("uvwStateMachine")
      35                      .dwattr $C$DW$3, DW_AT_type(*$C$DW$T$78)
      36                      .dwattr $C$DW$3, DW_AT_declaration
      37                      .dwattr $C$DW$3, DW_AT_external
      38                      .dwattr $C$DW$3, DW_AT_decl_file("..\sources\uvw.h")
      39                      .dwattr $C$DW$3, DW_AT_decl_line(0x15)
      40                      .dwattr $C$DW$3, DW_AT_decl_column(0x1a)
      41              
      42              ;       D:\TI\ccs\ccs\tools\compiler\ti-cgt-c2000_22.6.2.LTS\bin\optcla.exe C:\\Users\\JUNLI\\AppData\\Local\
      43              ;       D:\TI\ccs\ccs\tools\compiler\ti-cgt-c2000_22.6.2.LTS\bin\aciacla.exe -@C:\\Users\\JUNLI\\AppData\\Loc
      44 00000000               .sect   "Cla1Prog:Cla1Task8"
      45                      .align   2
      46                      .clink
      47                      .global Cla1Task8
      48              
      49              $C$DW$4 .dwtag  DW_TAG_subprogram
      50                      .dwattr $C$DW$4, DW_AT_name("Cla1Task8")
      51                      .dwattr $C$DW$4, DW_AT_low_pc(Cla1Task8)
      52                      .dwattr $C$DW$4, DW_AT_high_pc(0x00)
      53                      .dwattr $C$DW$4, DW_AT_linkage_name("Cla1Task8")
      54                      .dwattr $C$DW$4, DW_AT_external
      55                      .dwattr $C$DW$4, DW_AT_decl_file("../sources/fcl_cla_code_dm.cla")
TMS320C2000 Assembler PC v22.6.2 Fri Apr  3 17:22:04 2026

Copyright (c) 1996-2018 Texas Instruments Incorporated
fcl_cla_code_dm.asm                                                  PAGE    2

      56                      .dwattr $C$DW$4, DW_AT_decl_line(0x2b1)
      57                      .dwattr $C$DW$4, DW_AT_decl_column(0x12)
      58                      .dwattr $C$DW$4, DW_AT_TI_interrupt
      59                      .dwattr $C$DW$4, DW_AT_TI_max_frame_size(0x00)
      60                      .dwpsn  file "../sources/fcl_cla_code_dm.cla",line 690,column 1,is_stmt,address Cla1Task8,isa 0
      61              
      62                      .dwfde $C$DW$CIE, Cla1Task8
      63              
      64              ;***************************************************************
      65              ;* FNAME: Cla1Task8                     FR SIZE:   0           *
      66              ;*                                                             *
      67              ;* FUNCTION ENVIRONMENT                                        *
      68              ;*                                                             *
      69              ;* FUNCTION PROPERTIES                                         *
      70              ;*                            0 Auto,  0 SOE     *
      71              ;***************************************************************
      72              
      73 00000000       Cla1Task8:
      74              ;* MAR0  assigned to $O$U10
      75                      .dwpsn  file "../sources/fcl_cla_code_dm.cla",line 695,column 5,is_stmt,isa 0
      76 00000000 0000          MMOVIZ    MR0,#0                ; [CPU_FPU] |695| 
         00000001 7840 
      77 00000002 0052!         MMOV32    MR1,@fclVars+82       ; [CPU_FPU] |695| 
         00000003 73D0 
      78 00000004 0004          MCMP32    MR0,MR1               ; [CPU_FPU] |695| 
         00000005 7F20 
      79 00000006 0000          MNOP      ; [CPU_FPU] 
         00000007 7FA0 
      80 00000008 0000          MNOP      ; [CPU_FPU] 
         00000009 7FA0 
      81 0000000a 0000          MNOP      ; [CPU_FPU] 
         0000000b 7FA0 
      82 0000000c 009C          MBCNDD    $C$L3,EQ              ; [CPU_FPU] |695| 
         0000000d 7981 
      83 0000000e 0000          MNOP      ; [CPU_FPU] 
         0000000f 7FA0 
      84 00000010 0000          MNOP      ; [CPU_FPU] 
         00000011 7FA0 
      85 00000012 0000          MNOP      ; [CPU_FPU] 
         00000013 7FA0 
      86                      ; branchcc occurs ; [] |695| 
      87                      .dwpsn  file "../sources/fcl_cla_code_dm.cla",line 701,column 9,is_stmt,isa 0
      88 00000014 009A!         MMOV16    MAR0,@fclVars+154     ; [CPU_FPU] |701| 
         00000015 7600 
      89 00000016 0000          MNOP      ; [CPU_FPU] 
         00000017 7FA0 
      90 00000018 0000          MMOVIZ    MR1,#0                ; [CPU_FPU] |701| 
         00000019 7841 
      91 0000001a 0400          MMOVXI    MR1,#1024             ; [CPU_FPU] |701| 
         0000001b 7881 
      92 0000001c 0019          MMOVZ16   MR0,*MAR0+[#25]       ; [CPU_FPU] |701| 
         0000001d 7585 
      93 0000001e 0005          MAND32    MR1,MR1,MR0           ; [CPU_FPU] |701| 
         0000001f 7C60 
      94 00000020 0000          MMOVIZ    MR0,#0                ; [CPU_FPU] |701| 
TMS320C2000 Assembler PC v22.6.2 Fri Apr  3 17:22:04 2026

Copyright (c) 1996-2018 Texas Instruments Incorporated
fcl_cla_code_dm.asm                                                  PAGE    3

         00000021 7840 
      95 00000022 0004          MCMP32    MR0,MR1               ; [CPU_FPU] |701| 
         00000023 7F20 
      96 00000024 0000          MNOP      ; [CPU_FPU] 
         00000025 7FA0 
      97 00000026 0000          MNOP      ; [CPU_FPU] 
         00000027 7FA0 
      98 00000028 0000          MNOP      ; [CPU_FPU] 
         00000029 7FA0 
      99 0000002a 0020          MBCNDD    $C$L1,EQ              ; [CPU_FPU] |701| 
         0000002b 7981 
     100 0000002c 0000          MNOP      ; [CPU_FPU] 
         0000002d 7FA0 
     101 0000002e 0000          MNOP      ; [CPU_FPU] 
         0000002f 7FA0 
     102 00000030 0000          MNOP      ; [CPU_FPU] 
         00000031 7FA0 
     103                      ; branchcc occurs ; [] |701| 
     104                      .dwpsn  file "../sources/fcl_cla_code_dm.cla",line 703,column 13,is_stmt,isa 0
     105 00000032 00F0          MMOVXI    MR0,#240              ; [CPU_FPU] |703| 
         00000033 7880 
     106 00000034 0098!         MMOV16    @fclVars+152,MR0      ; [CPU_FPU] |703| 
         00000035 75C0 
     107 00000036 0000          MNOP      ; [CPU_FPU] 
         00000037 7FA0 
     108 00000038 0000          MNOP      ; [CPU_FPU] 
         00000039 7FA0 
     109 0000003a 0000          MNOP      ; [CPU_FPU] 
         0000003b 7FA0 
     110                      .dwpsn  file "../sources/fcl_cla_code_dm.cla",line 704,column 13,is_stmt,isa 0
     111 0000003c 0008          MMOV32    MR0,*MAR0+[#8]        ; [CPU_FPU] |704| 
         0000003d 73C5 
     112 0000003e 008E!         MMOV32    @fclVars+142,MR0      ; [CPU_FPU] |704| 
         0000003f 74C0 
     113                      .dwpsn  file "../sources/fcl_cla_code_dm.cla",line 710,column 13,is_stmt,isa 0
     114 00000040 0400          MMOVXI    MR0,#1024             ; [CPU_FPU] |710| 
         00000041 7880 
     115 00000042 001A          MMOV16    *MAR0+[#26],MR0       ; [CPU_FPU] |710| 
         00000043 75C5 
     116 00000044 0000          MNOP      ; [CPU_FPU] 
         00000045 7FA0 
     117 00000046 0000          MNOP      ; [CPU_FPU] 
         00000047 7FA0 
     118 00000048 0000          MNOP      ; [CPU_FPU] 
         00000049 7FA0 
     119 0000004a       $C$L1:    
     120                      .dwpsn  file "../sources/fcl_cla_code_dm.cla",line 720,column 9,is_stmt,isa 0
     121 0000004a 0000          MMOVIZ    MR1,#0                ; [CPU_FPU] |720| 
         0000004b 7841 
     122 0000004c 0019          MMOVZ16   MR0,*MAR0+[#25]       ; [CPU_FPU] |720| 
         0000004d 7585 
     123 0000004e 0800          MMOVXI    MR1,#2048             ; [CPU_FPU] |720| 
         0000004f 7881 
     124 00000050 0005          MAND32    MR1,MR1,MR0           ; [CPU_FPU] |720| 
         00000051 7C60 
TMS320C2000 Assembler PC v22.6.2 Fri Apr  3 17:22:04 2026

Copyright (c) 1996-2018 Texas Instruments Incorporated
fcl_cla_code_dm.asm                                                  PAGE    4

     125 00000052 0000          MMOVIZ    MR0,#0                ; [CPU_FPU] |720| 
         00000053 7840 
     126 00000054 0004          MCMP32    MR0,MR1               ; [CPU_FPU] |720| 
         00000055 7F20 
     127 00000056 0000          MNOP      ; [CPU_FPU] 
         00000057 7FA0 
     128 00000058 0000          MNOP      ; [CPU_FPU] 
         00000059 7FA0 
     129 0000005a 0000          MNOP      ; [CPU_FPU] 
         0000005b 7FA0 
     130 0000005c 004C          MBCNDD    $C$L3,EQ              ; [CPU_FPU] |720| 
         0000005d 7981 
     131 0000005e 0000          MNOP      ; [CPU_FPU] 
         0000005f 7FA0 
     132 00000060 0000          MNOP      ; [CPU_FPU] 
         00000061 7FA0 
     133 00000062 0000          MNOP      ; [CPU_FPU] 
         00000063 7FA0 
     134                      ; branchcc occurs ; [] |720| 
     135                      .dwpsn  file "../sources/fcl_cla_code_dm.cla",line 722,column 13,is_stmt,isa 0
     136 00000064 0800          MMOVXI    MR0,#2048             ; [CPU_FPU] |722| 
         00000065 7880 
     137 00000066 001A          MMOV16    *MAR0+[#26],MR0       ; [CPU_FPU] |722| 
         00000067 75C5 
     138 00000068 0000          MNOP      ; [CPU_FPU] 
         00000069 7FA0 
     139                      .dwpsn  file "../sources/fcl_cla_code_dm.cla",line 728,column 13,is_stmt,isa 0
     140 0000006a 0000          MMOVIZ    MR1,#0                ; [CPU_FPU] |728| 
         0000006b 7841 
     141 0000006c 000C          MMOVXI    MR1,#12               ; [CPU_FPU] |728| 
         0000006d 7881 
     142 0000006e 001C          MMOVZ16   MR0,*MAR0+[#28]       ; [CPU_FPU] |728| 
         0000006f 7585 
     143 00000070 0005          MAND32    MR1,MR1,MR0           ; [CPU_FPU] |728| 
         00000071 7C60 
     144 00000072 0000          MMOVIZ    MR0,#0                ; [CPU_FPU] |728| 
         00000073 7840 
     145 00000074 0004          MCMP32    MR0,MR1               ; [CPU_FPU] |728| 
         00000075 7F20 
     146 00000076 0000          MNOP      ; [CPU_FPU] 
         00000077 7FA0 
     147 00000078 0000          MNOP      ; [CPU_FPU] 
         00000079 7FA0 
     148 0000007a 0000          MNOP      ; [CPU_FPU] 
         0000007b 7FA0 
     149 0000007c 0028          MBCNDD    $C$L2,NEQ             ; [CPU_FPU] |728| 
         0000007d 7980 
     150 0000007e 0000          MNOP      ; [CPU_FPU] 
         0000007f 7FA0 
     151 00000080 0000          MNOP      ; [CPU_FPU] 
         00000081 7FA0 
     152 00000082 0000          MNOP      ; [CPU_FPU] 
         00000083 7FA0 
     153                      ; branchcc occurs ; [] |728| 
     154                      .dwpsn  file "../sources/fcl_cla_code_dm.cla",line 736,column 18,is_stmt,isa 0
TMS320C2000 Assembler PC v22.6.2 Fri Apr  3 17:22:04 2026

Copyright (c) 1996-2018 Texas Instruments Incorporated
fcl_cla_code_dm.asm                                                  PAGE    5

     155 00000084 0000          MMOVIZ    MR0,#0                ; [CPU_FPU] |736| 
         00000085 7840 
     156 00000086 0020          MMOVZ16   MR1,*MAR0+[#32]       ; [CPU_FPU] |736| 
         00000087 7595 
     157 00000088 FFFF          MMOVXI    MR0,#65535            ; [CPU_FPU] |736| 
         00000089 7880 
     158 0000008a 0004          MCMP32    MR0,MR1               ; [CPU_FPU] |736| 
         0000008b 7F20 
     159 0000008c 0000          MNOP      ; [CPU_FPU] 
         0000008d 7FA0 
     160 0000008e 0000          MNOP      ; [CPU_FPU] 
         0000008f 7FA0 
     161 00000090 0000          MNOP      ; [CPU_FPU] 
         00000091 7FA0 
     162 00000092 0016          MBCNDD    $C$L3,EQ              ; [CPU_FPU] |736| 
         00000093 7981 
     163 00000094 0000          MNOP      ; [CPU_FPU] 
         00000095 7FA0 
     164 00000096 0000          MNOP      ; [CPU_FPU] 
         00000097 7FA0 
     165 00000098 0000          MNOP      ; [CPU_FPU] 
         00000099 7FA0 
     166                      ; branchcc occurs ; [] |736| 
     167                      .dwpsn  file "../sources/fcl_cla_code_dm.cla",line 742,column 17,is_stmt,isa 0
     168 0000009a 0020          MMOVZ16   MR0,*MAR0+[#32]       ; [CPU_FPU] |742| 
         0000009b 7585 
     169 0000009c 000C          MBCNDD    $C$L3,UNC             ; [CPU_FPU] |742| 
         0000009d 798E 
     170 0000009e 008D!         MMOV16    @fclVars+141,MR0      ; [CPU_FPU] |742| 
         0000009f 75C0 
     171 000000a0 0000          MNOP      ; [CPU_FPU] 
         000000a1 7FA0 
     172 000000a2 0000          MNOP      ; [CPU_FPU] 
         000000a3 7FA0 
     173                      ; branch occurs ; [] |742| 
     174 000000a4       $C$L2:    
     175                      .dwpsn  file "../sources/fcl_cla_code_dm.cla",line 734,column 17,is_stmt,isa 0
     176 000000a4 000C          MMOVXI    MR0,#12               ; [CPU_FPU] |734| 
         000000a5 7880 
     177 000000a6 001C          MMOV16    *MAR0+[#28],MR0       ; [CPU_FPU] |734| 
         000000a7 75C5 
     178 000000a8       $C$L3:    
     179 000000a8 0000          MNOP      ; [CPU_FPU] 
         000000a9 7FA0 
     180 000000aa 0000          MNOP      ; [CPU_FPU] 
         000000ab 7FA0 
     181 000000ac 0000          MNOP      ; [CPU_FPU] 
         000000ad 7FA0 
     182              $C$DW$5 .dwtag  DW_TAG_TI_branch
     183                      .dwattr $C$DW$5, DW_AT_low_pc(0x00)
     184                      .dwattr $C$DW$5, DW_AT_TI_return
     185              
     186 000000ae 0000          MSTOP     ; [CPU_FPU] 
         000000af 7F80 
     187                      ; ireturn occurs ; [] 
TMS320C2000 Assembler PC v22.6.2 Fri Apr  3 17:22:04 2026

Copyright (c) 1996-2018 Texas Instruments Incorporated
fcl_cla_code_dm.asm                                                  PAGE    6

     188                      .dwattr $C$DW$4, DW_AT_TI_end_file("../sources/fcl_cla_code_dm.cla")
     189                      .dwattr $C$DW$4, DW_AT_TI_end_line(0x2f2)
     190                      .dwattr $C$DW$4, DW_AT_TI_end_column(0x01)
     191                      .dwendentry
     192                      .dwendtag $C$DW$4
     193              
     194 00000000               .sect   "Cla1Prog:Cla1Task7"
     195                      .align   2
     196                      .clink
     197                      .global Cla1Task7
     198              
     199              $C$DW$6 .dwtag  DW_TAG_subprogram
     200                      .dwattr $C$DW$6, DW_AT_name("Cla1Task7")
     201                      .dwattr $C$DW$6, DW_AT_low_pc(Cla1Task7)
     202                      .dwattr $C$DW$6, DW_AT_high_pc(0x00)
     203                      .dwattr $C$DW$6, DW_AT_linkage_name("Cla1Task7")
     204                      .dwattr $C$DW$6, DW_AT_external
     205                      .dwattr $C$DW$6, DW_AT_decl_file("../sources/fcl_cla_code_dm.cla")
     206                      .dwattr $C$DW$6, DW_AT_decl_line(0x292)
     207                      .dwattr $C$DW$6, DW_AT_decl_column(0x12)
     208                      .dwattr $C$DW$6, DW_AT_TI_interrupt
     209                      .dwattr $C$DW$6, DW_AT_TI_max_frame_size(0x00)
     210                      .dwpsn  file "../sources/fcl_cla_code_dm.cla",line 659,column 1,is_stmt,address Cla1Task7,isa 0
     211              
     212                      .dwfde $C$DW$CIE, Cla1Task7
     213              
     214              ;***************************************************************
     215              ;* FNAME: Cla1Task7                     FR SIZE:   0           *
     216              ;*                                                             *
     217              ;* FUNCTION ENVIRONMENT                                        *
     218              ;*                                                             *
     219              ;* FUNCTION PROPERTIES                                         *
     220              ;*                            0 Auto,  0 SOE     *
     221              ;***************************************************************
     222              
     223 00000000       Cla1Task7:
     224                      .dwpsn  file "../sources/fcl_cla_code_dm.cla",line 668,column 5,is_stmt,isa 0
     225 00000000 005E!         MMOV32    MR0,@fclVars+94       ; [CPU_FPU] |668| 
         00000001 73C0 
     226 00000002 0054!         MMOV32    MR1,@fclVars+84       ; [CPU_FPU] |668| 
         00000003 73D0 
     227 00000004 0056!         MMOV32    MR2,@fclVars+86       ; [CPU_FPU] |668| 
         00000005 73E0 
     228              
     229                      MMOV32    MR1,@fclVars+92       ; [CPU_FPU] |668| 
     230 00000006 005C! ||      MMPYF32   MR0,MR1,MR0           ; [CPU_FPU] |668| 
         00000007 0110 
     231              
     232 00000008 0019          MMPYF32   MR1,MR2,MR1           ; [CPU_FPU] |668| 
         00000009 7C00 
     233              
     234                      MMOV32    MR0,@fclVars+90       ; [CPU_FPU] |668| 
     235 0000000a 005A! ||      MADDF32   MR1,MR1,MR0           ; [CPU_FPU] |668| 
         0000000b 1140 
     236              
TMS320C2000 Assembler PC v22.6.2 Fri Apr  3 17:22:04 2026

Copyright (c) 1996-2018 Texas Instruments Incorporated
fcl_cla_code_dm.asm                                                  PAGE    7

     237                      MMOV32    MR1,@fclVars+96       ; [CPU_FPU] |668| 
     238 0000000c 0060! ||      MMPYF32   MR0,MR1,MR0           ; [CPU_FPU] |668| 
         0000000d 0110 
     239              
     240                      MMOV32    MR0,@fclVars+120      ; [CPU_FPU] |668| 
     241 0000000e 0078! ||      MADDF32   MR1,MR1,MR0           ; [CPU_FPU] |668| 
         0000000f 1140 
     242              
     243                      MMOV32    MR0,@fclVars+132      ; [CPU_FPU] |668| 
     244 00000010 0084! ||      MADDF32   MR1,MR1,MR0           ; [CPU_FPU] |668| 
         00000011 1140 
     245              
     246 00000012 0004          MMINF32   MR0,MR1               ; [CPU_FPU] |668| 
         00000013 7D40 
     247 00000014 0086!         MMOV32    MR1,@fclVars+134      ; [CPU_FPU] |668| 
         00000015 73D0 
     248 00000016 0001          MMAXF32   MR1,MR0               ; [CPU_FPU] |668| 
         00000017 7D20 
     249 00000018 0078!         MMOV32    @fclVars+120,MR1      ; [CPU_FPU] |668| 
         00000019 74D0 
     250 0000001a 0000          MNOP      ; [CPU_FPU] 
         0000001b 7FA0 
     251 0000001c 0000          MNOP      ; [CPU_FPU] 
         0000001d 7FA0 
     252 0000001e 0000          MNOP      ; [CPU_FPU] 
         0000001f 7FA0 
     253              $C$DW$7 .dwtag  DW_TAG_TI_branch
     254                      .dwattr $C$DW$7, DW_AT_low_pc(0x00)
     255                      .dwattr $C$DW$7, DW_AT_TI_return
     256              
     257 00000020 0000          MSTOP     ; [CPU_FPU] 
         00000021 7F80 
     258                      ; ireturn occurs ; [] 
     259                      .dwattr $C$DW$6, DW_AT_TI_end_file("../sources/fcl_cla_code_dm.cla")
     260                      .dwattr $C$DW$6, DW_AT_TI_end_line(0x2ab)
     261                      .dwattr $C$DW$6, DW_AT_TI_end_column(0x01)
     262                      .dwendentry
     263                      .dwendtag $C$DW$6
     264              
     265 00000000               .sect   "Cla1Prog:Cla1Task6"
     266                      .align   2
     267                      .clink
     268                      .global Cla1Task6
     269              
     270              $C$DW$8 .dwtag  DW_TAG_subprogram
     271                      .dwattr $C$DW$8, DW_AT_name("Cla1Task6")
     272                      .dwattr $C$DW$8, DW_AT_low_pc(Cla1Task6)
     273                      .dwattr $C$DW$8, DW_AT_high_pc(0x00)
     274                      .dwattr $C$DW$8, DW_AT_linkage_name("Cla1Task6")
     275                      .dwattr $C$DW$8, DW_AT_external
     276                      .dwattr $C$DW$8, DW_AT_decl_file("../sources/fcl_cla_code_dm.cla")
     277                      .dwattr $C$DW$8, DW_AT_decl_line(0x27b)
     278                      .dwattr $C$DW$8, DW_AT_decl_column(0x12)
     279                      .dwattr $C$DW$8, DW_AT_TI_interrupt
     280                      .dwattr $C$DW$8, DW_AT_TI_max_frame_size(0x00)
TMS320C2000 Assembler PC v22.6.2 Fri Apr  3 17:22:04 2026

Copyright (c) 1996-2018 Texas Instruments Incorporated
fcl_cla_code_dm.asm                                                  PAGE    8

     281                      .dwpsn  file "../sources/fcl_cla_code_dm.cla",line 636,column 1,is_stmt,address Cla1Task6,isa 0
     282              
     283                      .dwfde $C$DW$CIE, Cla1Task6
     284              
     285              ;***************************************************************
     286              ;* FNAME: Cla1Task6                     FR SIZE:   0           *
     287              ;*                                                             *
     288              ;* FUNCTION ENVIRONMENT                                        *
     289              ;*                                                             *
     290              ;* FUNCTION PROPERTIES                                         *
     291              ;*                            0 Auto,  0 SOE     *
     292              ;***************************************************************
     293              
     294 00000000       Cla1Task6:
     295                      .dwpsn  file "../sources/fcl_cla_code_dm.cla",line 642,column 5,is_stmt,isa 0
     296 00000000 0076!         MMOV32    MR0,@fclVars+118      ; [CPU_FPU] |642| 
         00000001 73C0 
     297 00000002 0080!         MMOV32    MR1,@fclVars+128      ; [CPU_FPU] |642| 
         00000003 73D0 
     298              
     299                      MMOV32    MR1,@fclVars+122      ; [CPU_FPU] |642| 
     300 00000004 007A! ||      MMPYF32   MR0,MR1,MR0           ; [CPU_FPU] |642| 
         00000005 0110 
     301              
     302                      MMOV32    MR0,@fclVars+120      ; [CPU_FPU] |642| 
     303 00000006 0078! ||      MADDF32   MR1,MR1,MR0           ; [CPU_FPU] |642| 
         00000007 1140 
     304              
     305                      MMOV32    MR0,@fclVars+132      ; [CPU_FPU] |642| 
     306 00000008 0084! ||      MADDF32   MR1,MR1,MR0           ; [CPU_FPU] |642| 
         00000009 1140 
     307              
     308 0000000a 0004          MMINF32   MR0,MR1               ; [CPU_FPU] |642| 
         0000000b 7D40 
     309 0000000c 0086!         MMOV32    MR1,@fclVars+134      ; [CPU_FPU] |642| 
         0000000d 73D0 
     310 0000000e 0001          MMAXF32   MR1,MR0               ; [CPU_FPU] |642| 
         0000000f 7D20 
     311 00000010 0078!         MMOV32    @fclVars+120,MR1      ; [CPU_FPU] |642| 
         00000011 74D0 
     312 00000012 0000          MNOP      ; [CPU_FPU] 
         00000013 7FA0 
     313 00000014 0000          MNOP      ; [CPU_FPU] 
         00000015 7FA0 
     314 00000016 0000          MNOP      ; [CPU_FPU] 
         00000017 7FA0 
     315              $C$DW$9 .dwtag  DW_TAG_TI_branch
     316                      .dwattr $C$DW$9, DW_AT_low_pc(0x00)
     317                      .dwattr $C$DW$9, DW_AT_TI_return
     318              
     319 00000018 0000          MSTOP     ; [CPU_FPU] 
         00000019 7F80 
     320                      ; ireturn occurs ; [] 
     321                      .dwattr $C$DW$8, DW_AT_TI_end_file("../sources/fcl_cla_code_dm.cla")
     322                      .dwattr $C$DW$8, DW_AT_TI_end_line(0x28b)
TMS320C2000 Assembler PC v22.6.2 Fri Apr  3 17:22:04 2026

Copyright (c) 1996-2018 Texas Instruments Incorporated
fcl_cla_code_dm.asm                                                  PAGE    9

     323                      .dwattr $C$DW$8, DW_AT_TI_end_column(0x01)
     324                      .dwendentry
     325                      .dwendtag $C$DW$8
     326              
     327 00000000               .sect   "Cla1Prog:Cla1Task5"
     328                      .align   2
     329                      .clink
     330                      .global Cla1Task5
     331              
     332              $C$DW$10        .dwtag  DW_TAG_subprogram
     333                      .dwattr $C$DW$10, DW_AT_name("Cla1Task5")
     334                      .dwattr $C$DW$10, DW_AT_low_pc(Cla1Task5)
     335                      .dwattr $C$DW$10, DW_AT_high_pc(0x00)
     336                      .dwattr $C$DW$10, DW_AT_linkage_name("Cla1Task5")
     337                      .dwattr $C$DW$10, DW_AT_external
     338                      .dwattr $C$DW$10, DW_AT_decl_file("../sources/fcl_cla_code_dm.cla")
     339                      .dwattr $C$DW$10, DW_AT_decl_line(0x1ea)
     340                      .dwattr $C$DW$10, DW_AT_decl_column(0x12)
     341                      .dwattr $C$DW$10, DW_AT_TI_interrupt
     342                      .dwattr $C$DW$10, DW_AT_TI_max_frame_size(0x00)
     343                      .dwpsn  file "../sources/fcl_cla_code_dm.cla",line 491,column 1,is_stmt,address Cla1Task5,isa 0
     344              
     345                      .dwfde $C$DW$CIE, Cla1Task5
     346              
     347              ;***************************************************************
     348              ;* FNAME: Cla1Task5                     FR SIZE:   0           *
     349              ;*                                                             *
     350              ;* FUNCTION ENVIRONMENT                                        *
     351              ;*                                                             *
     352              ;* FUNCTION PROPERTIES                                         *
     353              ;*                            0 Auto,  0 SOE     *
     354              ;***************************************************************
     355              
     356 00000000       Cla1Task5:
     357              ;* MR0   assigned to $O$C3
     358              ;* MR0   assigned to $O$C4
     359              ;* MR0   assigned to $O$C5
     360              ;* MR0   assigned to $O$C6
     361              ;* MR0   assigned to $O$C7
     362              ;* MR0   assigned to $O$C8
     363              ;* MAR0  assigned to $O$U15
     364                      .dwpsn  file "../sources/fcl_cla_code_dm.cla",line 498,column 5,is_stmt,isa 0
     365 00000000 0000          MMOVIZ    MR1,#0                ; [CPU_FPU] |498| 
         00000001 7841 
     366 00000002 0052!         MMOV32    MR0,@fclVars+82       ; [CPU_FPU] |498| 
         00000003 73C0 
     367 00000004 0002          MMOVXI    MR1,#2                ; [CPU_FPU] |498| 
         00000005 7881 
     368 00000006 0001          MCMP32    MR1,MR0               ; [CPU_FPU] |498| 
         00000007 7F20 
     369 00000008 0000          MNOP      ; [CPU_FPU] 
         00000009 7FA0 
     370 0000000a 0000          MNOP      ; [CPU_FPU] 
         0000000b 7FA0 
     371 0000000c 0000          MNOP      ; [CPU_FPU] 
TMS320C2000 Assembler PC v22.6.2 Fri Apr  3 17:22:04 2026

Copyright (c) 1996-2018 Texas Instruments Incorporated
fcl_cla_code_dm.asm                                                  PAGE   10

         0000000d 7FA0 
     372 0000000e 00A4          MBCNDD    $C$L6,EQ              ; [CPU_FPU] |498| 
         0000000f 7981 
     373 00000010 0000          MNOP      ; [CPU_FPU] 
         00000011 7FA0 
     374 00000012 0000          MNOP      ; [CPU_FPU] 
         00000013 7FA0 
     375 00000014 0000          MNOP      ; [CPU_FPU] 
         00000015 7FA0 
     376                      ; branchcc occurs ; [] |498| 
     377                      .dwpsn  file "../sources/fcl_cla_code_dm.cla",line 523,column 10,is_stmt,isa 0
     378 00000016 0000          MMOVIZ    MR1,#0                ; [CPU_FPU] |523| 
         00000017 7841 
     379 00000018 0001          MMOVXI    MR1,#1                ; [CPU_FPU] |523| 
         00000019 7881 
     380 0000001a 0001          MCMP32    MR1,MR0               ; [CPU_FPU] |523| 
         0000001b 7F20 
     381 0000001c 0000          MNOP      ; [CPU_FPU] 
         0000001d 7FA0 
     382 0000001e 0000          MNOP      ; [CPU_FPU] 
         0000001f 7FA0 
     383 00000020 0000          MNOP      ; [CPU_FPU] 
         00000021 7FA0 
     384 00000022 005C          MBCNDD    $C$L5,NEQ             ; [CPU_FPU] |523| 
         00000023 7980 
     385 00000024 0000          MNOP      ; [CPU_FPU] 
         00000025 7FA0 
     386 00000026 0000          MNOP      ; [CPU_FPU] 
         00000027 7FA0 
     387 00000028 0000          MNOP      ; [CPU_FPU] 
         00000029 7FA0 
     388                      ; branchcc occurs ; [] |523| 
     389                      .dwpsn  file "../sources/fcl_cla_code_dm.cla",line 541,column 9,is_stmt,isa 0
     390 0000002a 0000          MEALLOW   ; [CPU_FPU] |541| 
         0000002b 7F90 
     391                      .dwpsn  file "../sources/fcl_cla_code_dm.cla",line 547,column 9,is_stmt,isa 0
     392 0000002c 009A!         MMOV16    MAR0,@fclVars+154     ; [CPU_FPU] |547| 
         0000002d 7600 
     393 0000002e 0000          MNOP      ; [CPU_FPU] 
         0000002f 7FA0 
     394 00000030 0000          MMOVIZ    MR1,#0                ; [CPU_FPU] |547| 
         00000031 7841 
     395 00000032 0400          MMOVXI    MR1,#1024             ; [CPU_FPU] |547| 
         00000033 7881 
     396 00000034 0019          MMOVZ16   MR0,*MAR0+[#25]       ; [CPU_FPU] |547| 
         00000035 7585 
     397 00000036 0005          MAND32    MR1,MR1,MR0           ; [CPU_FPU] |547| 
         00000037 7C60 
     398 00000038 0000          MMOVIZ    MR0,#0                ; [CPU_FPU] |547| 
         00000039 7840 
     399 0000003a 0004          MCMP32    MR0,MR1               ; [CPU_FPU] |547| 
         0000003b 7F20 
     400 0000003c 0000          MNOP      ; [CPU_FPU] 
         0000003d 7FA0 
     401 0000003e 0000          MNOP      ; [CPU_FPU] 
TMS320C2000 Assembler PC v22.6.2 Fri Apr  3 17:22:04 2026

Copyright (c) 1996-2018 Texas Instruments Incorporated
fcl_cla_code_dm.asm                                                  PAGE   11

         0000003f 7FA0 
     402 00000040 0000          MNOP      ; [CPU_FPU] 
         00000041 7FA0 
     403 00000042 0024          MBCNDD    $C$L4,EQ              ; [CPU_FPU] |547| 
         00000043 7981 
     404 00000044 0000          MNOP      ; [CPU_FPU] 
         00000045 7FA0 
     405 00000046 0000          MNOP      ; [CPU_FPU] 
         00000047 7FA0 
     406 00000048 0000          MNOP      ; [CPU_FPU] 
         00000049 7FA0 
     407                      ; branchcc occurs ; [] |547| 
     408                      .dwpsn  file "../sources/fcl_cla_code_dm.cla",line 555,column 13,is_stmt,isa 0
     409 0000004a 0008          MMOV32    MR0,*MAR0+[#8]        ; [CPU_FPU] |555| 
         0000004b 73C5 
     410 0000004c 0002          MMOV32    *MAR0+[#2],MR0        ; [CPU_FPU] |555| 
         0000004d 74C5 
     411 0000004e 0000          MNOP      ; [CPU_FPU] 
         0000004f 7FA0 
     412 00000050 0000          MNOP      ; [CPU_FPU] 
         00000051 7FA0 
     413                      .dwpsn  file "../sources/fcl_cla_code_dm.cla",line 562,column 13,is_stmt,isa 0
     414 00000052 0200          MMOVXI    MR1,#512              ; [CPU_FPU] |562| 
         00000053 7881 
     415 00000054 0015          MMOVZ16   MR0,*MAR0+[#21]       ; [CPU_FPU] |562| 
         00000055 7585 
     416 00000056 0004          MOR32     MR0,MR1,MR0           ; [CPU_FPU] |562| 
         00000057 7C80 
     417 00000058 0015          MMOV16    *MAR0+[#21],MR0       ; [CPU_FPU] |562| 
         00000059 75C5 
     418                      .dwpsn  file "../sources/fcl_cla_code_dm.cla",line 568,column 13,is_stmt,isa 0
     419 0000005a 0000          MMOVIZ    MR0,#0                ; [CPU_FPU] |568| 
         0000005b 7840 
     420 0000005c 0002          MMOVXI    MR0,#2                ; [CPU_FPU] |568| 
         0000005d 7880 
     421 0000005e 0052!         MMOV32    @fclVars+82,MR0       ; [CPU_FPU] |568| 
         0000005f 74C0 
     422 00000060 0000          MNOP      ; [CPU_FPU] 
         00000061 7FA0 
     423 00000062 0000          MNOP      ; [CPU_FPU] 
         00000063 7FA0 
     424 00000064 0000          MNOP      ; [CPU_FPU] 
         00000065 7FA0 
     425 00000066       $C$L4:    
     426                      .dwpsn  file "../sources/fcl_cla_code_dm.cla",line 579,column 9,is_stmt,isa 0
     427 00000066 0092!         MMOV32    MR0,@fclVars+146      ; [CPU_FPU] |579| 
         00000067 73C0 
     428 00000068 000C          MUI32TOF32 MR1,*MAR0+[#12]      ; [CPU_FPU] |579| 
         00000069 7495 
     429 0000006a 0004          MMPYF32   MR0,MR1,MR0           ; [CPU_FPU] |579| 
         0000006b 7C00 
     430                      .dwpsn  file "../sources/fcl_cla_code_dm.cla",line 585,column 9,is_stmt,isa 0
     431 0000006c 0095!         MUI16TOF32 MR1,@fclVars+149     ; [CPU_FPU] |585| 
         0000006d 7550 
     432                      .dwpsn  file "../sources/fcl_cla_code_dm.cla",line 579,column 9,is_stmt,isa 0
TMS320C2000 Assembler PC v22.6.2 Fri Apr  3 17:22:04 2026

Copyright (c) 1996-2018 Texas Instruments Incorporated
fcl_cla_code_dm.asm                                                  PAGE   12

     433              
     434 0000006e 008A!         MMPYF32   MR0,MR0,MR1           ; [CPU_FPU] |585| 
         0000006f 4400 
     435              ||      MMOV32    @fclVars+138,MR0      ; [CPU_FPU] |579| 
     436              
     437                      .dwpsn  file "../sources/fcl_cla_code_dm.cla",line 585,column 9,is_stmt,isa 0
     438 00000070 0001          MF32TOI32 MR1,MR0               ; [CPU_FPU] |585| 
         00000071 7D60 
     439 00000072 0005          MI32TOF32 MR1,MR1               ; [CPU_FPU] |585| 
         00000073 7D80 
     440 00000074 0010          MSUBF32   MR0,MR0,MR1           ; [CPU_FPU] |585| 
         00000075 7C40 
     441 00000076 0054          MBCNDD    $C$L7,UNC             ; [CPU_FPU] 
         00000077 798E 
     442 00000078 0088!         MMOV32    @fclVars+136,MR0      ; [CPU_FPU] |585| 
         00000079 74C0 
     443 0000007a 0000          MNOP      ; [CPU_FPU] 
         0000007b 7FA0 
     444                      .dwpsn  file "../sources/fcl_cla_code_dm.cla",line 589,column 9,is_stmt,isa 0
     445 0000007c 006E!         MMOV32    MR0,@fclVars+110      ; [CPU_FPU] |589| 
         0000007d 73C0 
     446                      ; branch occurs ; [] 
     447 0000007e       $C$L5:    
     448                      .dwpsn  file "../sources/fcl_cla_code_dm.cla",line 603,column 9,is_stmt,isa 0
     449 0000007e 009A!         MMOV16    MAR0,@fclVars+154     ; [CPU_FPU] |603| 
         0000007f 7600 
     450 00000080 0000          MNOP      ; [CPU_FPU] 
         00000081 7FA0 
     451 00000082 0000          MNOP      ; [CPU_FPU] 
         00000083 7FA0 
     452 00000084 0000          MMOVIZ    MR0,#0                ; [CPU_FPU] |603| 
         00000085 7840 
     453 00000086 0000          MMOV32    *MAR0,MR0             ; [CPU_FPU] |603| 
         00000087 74C1 
     454 00000088 0000          MNOP      ; [CPU_FPU] 
         00000089 7FA0 
     455 0000008a 0000          MNOP      ; [CPU_FPU] 
         0000008b 7FA0 
     456 0000008c 0000          MNOP      ; [CPU_FPU] 
         0000008d 7FA0 
     457                      .dwpsn  file "../sources/fcl_cla_code_dm.cla",line 610,column 9,is_stmt,isa 0
     458 0000008e 009A!         MMOV16    MAR0,@fclVars+154     ; [CPU_FPU] |610| 
         0000008f 7600 
     459 00000090 0000          MNOP      ; [CPU_FPU] 
         00000091 7FA0 
     460 00000092 0000          MNOP      ; [CPU_FPU] 
         00000093 7FA0 
     461 00000094 0400          MMOVXI    MR0,#1024             ; [CPU_FPU] |610| 
         00000095 7880 
     462 00000096 001A          MMOV16    *MAR0+[#26],MR0       ; [CPU_FPU] |610| 
         00000097 75C5 
     463 00000098 0000          MNOP      ; [CPU_FPU] 
         00000099 7FA0 
     464 0000009a 0000          MNOP      ; [CPU_FPU] 
         0000009b 7FA0 
TMS320C2000 Assembler PC v22.6.2 Fri Apr  3 17:22:04 2026

Copyright (c) 1996-2018 Texas Instruments Incorporated
fcl_cla_code_dm.asm                                                  PAGE   13

     465 0000009c 0000          MNOP      ; [CPU_FPU] 
         0000009d 7FA0 
     466                      .dwpsn  file "../sources/fcl_cla_code_dm.cla",line 617,column 9,is_stmt,isa 0
     467 0000009e 009A!         MMOV16    MAR0,@fclVars+154     ; [CPU_FPU] |617| 
         0000009f 7600 
     468 000000a0 0000          MNOP      ; [CPU_FPU] 
         000000a1 7FA0 
     469 000000a2 0000          MNOP      ; [CPU_FPU] 
         000000a3 7FA0 
     470 000000a4 FCFF          MMOVXI    MR1,#64767            ; [CPU_FPU] |617| 
         000000a5 7881 
     471 000000a6 0015          MMOVZ16   MR0,*MAR0+[#21]       ; [CPU_FPU] |617| 
         000000a7 7585 
     472 000000a8 0004          MAND32    MR0,MR1,MR0           ; [CPU_FPU] |617| 
         000000a9 7C60 
     473                      .dwpsn  file "../sources/fcl_cla_code_dm.cla",line 619,column 9,is_stmt,isa 0
     474 000000aa 0020          MBCNDD    $C$L7,UNC             ; [CPU_FPU] |619| 
         000000ab 798E 
     475                      .dwpsn  file "../sources/fcl_cla_code_dm.cla",line 617,column 9,is_stmt,isa 0
     476 000000ac 0015          MMOV16    *MAR0+[#21],MR0       ; [CPU_FPU] |617| 
         000000ad 75C5 
     477 000000ae 0000          MNOP      ; [CPU_FPU] 
         000000af 7FA0 
     478                      .dwpsn  file "../sources/fcl_cla_code_dm.cla",line 619,column 9,is_stmt,isa 0
     479 000000b0 0000          MMOVIZ    MR0,#0                ; [CPU_FPU] |619| 
         000000b1 7840 
     480                      ; branch occurs ; [] |619| 
     481 000000b2       $C$L6:    
     482                      .dwpsn  file "../sources/fcl_cla_code_dm.cla",line 509,column 9,is_stmt,isa 0
     483 000000b2 009A!         MMOV16    MAR0,@fclVars+154     ; [CPU_FPU] |509| 
         000000b3 7600 
     484 000000b4 0000          MNOP      ; [CPU_FPU] 
         000000b5 7FA0 
     485 000000b6 0000          MNOP      ; [CPU_FPU] 
         000000b7 7FA0 
     486 000000b8 0092!         MMOV32    MR0,@fclVars+146      ; [CPU_FPU] |509| 
         000000b9 73C0 
     487 000000ba 000C          MUI32TOF32 MR1,*MAR0+[#12]      ; [CPU_FPU] |509| 
         000000bb 7495 
     488 000000bc 0004          MMPYF32   MR0,MR1,MR0           ; [CPU_FPU] |509| 
         000000bd 7C00 
     489                      .dwpsn  file "../sources/fcl_cla_code_dm.cla",line 517,column 9,is_stmt,isa 0
     490 000000be 0095!         MUI16TOF32 MR1,@fclVars+149     ; [CPU_FPU] |517| 
         000000bf 7550 
     491                      .dwpsn  file "../sources/fcl_cla_code_dm.cla",line 509,column 9,is_stmt,isa 0
     492              
     493 000000c0 008A!         MMPYF32   MR0,MR0,MR1           ; [CPU_FPU] |517| 
         000000c1 4400 
     494              ||      MMOV32    @fclVars+138,MR0      ; [CPU_FPU] |509| 
     495              
     496                      .dwpsn  file "../sources/fcl_cla_code_dm.cla",line 517,column 9,is_stmt,isa 0
     497 000000c2 0001          MF32TOI32 MR1,MR0               ; [CPU_FPU] |517| 
         000000c3 7D60 
     498 000000c4 0005          MI32TOF32 MR1,MR1               ; [CPU_FPU] |517| 
         000000c5 7D80 
TMS320C2000 Assembler PC v22.6.2 Fri Apr  3 17:22:04 2026

Copyright (c) 1996-2018 Texas Instruments Incorporated
fcl_cla_code_dm.asm                                                  PAGE   14

     499 000000c6 0010          MSUBF32   MR0,MR0,MR1           ; [CPU_FPU] |517| 
         000000c7 7C40 
     500 000000c8 0088!         MMOV32    @fclVars+136,MR0      ; [CPU_FPU] |517| 
         000000c9 74C0 
     501 000000ca       $C$L7:    
     502                      .dwpsn  file "../sources/fcl_cla_code_dm.cla",line 521,column 9,is_stmt,isa 0
     503 000000ca 0064!         MMOV32    @fclVars+100,MR0      ; [CPU_FPU] |521| 
         000000cb 74C0 
     504 000000cc 0000          MNOP      ; [CPU_FPU] 
         000000cd 7FA0 
     505 000000ce 0000          MNOP      ; [CPU_FPU] 
         000000cf 7FA0 
     506 000000d0 0000          MNOP      ; [CPU_FPU] 
         000000d1 7FA0 
     507              $C$DW$11        .dwtag  DW_TAG_TI_branch
     508                      .dwattr $C$DW$11, DW_AT_low_pc(0x00)
     509                      .dwattr $C$DW$11, DW_AT_TI_return
     510              
     511 000000d2 0000          MSTOP     ; [CPU_FPU] 
         000000d3 7F80 
     512                      ; ireturn occurs ; [] 
     513                      .dwattr $C$DW$10, DW_AT_TI_end_file("../sources/fcl_cla_code_dm.cla")
     514                      .dwattr $C$DW$10, DW_AT_TI_end_line(0x275)
     515                      .dwattr $C$DW$10, DW_AT_TI_end_column(0x01)
     516                      .dwendentry
     517                      .dwendtag $C$DW$10
     518              
     519 00000000               .sect   "Cla1Prog:Cla1Task4"
     520                      .align   2
     521                      .clink
     522                      .global Cla1Task4
     523              
     524              $C$DW$12        .dwtag  DW_TAG_subprogram
     525                      .dwattr $C$DW$12, DW_AT_name("Cla1Task4")
     526                      .dwattr $C$DW$12, DW_AT_low_pc(Cla1Task4)
     527                      .dwattr $C$DW$12, DW_AT_high_pc(0x00)
     528                      .dwattr $C$DW$12, DW_AT_linkage_name("Cla1Task4")
     529                      .dwattr $C$DW$12, DW_AT_external
     530                      .dwattr $C$DW$12, DW_AT_decl_file("../sources/fcl_cla_code_dm.cla")
     531                      .dwattr $C$DW$12, DW_AT_decl_line(0x187)
     532                      .dwattr $C$DW$12, DW_AT_decl_column(0x12)
     533                      .dwattr $C$DW$12, DW_AT_TI_interrupt
     534                      .dwattr $C$DW$12, DW_AT_TI_max_frame_size(0x00)
     535                      .dwpsn  file "../sources/fcl_cla_code_dm.cla",line 392,column 1,is_stmt,address Cla1Task4,isa 0
     536              
     537                      .dwfde $C$DW$CIE, Cla1Task4
     538              
     539              ;***************************************************************
     540              ;* FNAME: Cla1Task4                     FR SIZE:   0           *
     541              ;*                                                             *
     542              ;* FUNCTION ENVIRONMENT                                        *
     543              ;*                                                             *
     544              ;* FUNCTION PROPERTIES                                         *
     545              ;*                            0 Auto,  0 SOE     *
     546              ;***************************************************************
TMS320C2000 Assembler PC v22.6.2 Fri Apr  3 17:22:04 2026

Copyright (c) 1996-2018 Texas Instruments Incorporated
fcl_cla_code_dm.asm                                                  PAGE   15

     547              
     548 00000000       Cla1Task4:
     549              ;* MAR0  assigned to $O$U9
     550                      .dwpsn  file "../sources/fcl_cla_code_dm.cla",line 399,column 5,is_stmt,isa 0
     551 00000000 0000          MMOVIZ    MR0,#0                ; [CPU_FPU] |399| 
         00000001 7840 
     552 00000002 0000!         MMOVZ16   MR1,@startModel       ; [CPU_FPU] |399| 
         00000003 7590 
     553 00000004 0001          MMOVXI    MR0,#1                ; [CPU_FPU] |399| 
         00000005 7880 
     554 00000006 0004          MCMP32    MR0,MR1               ; [CPU_FPU] |399| 
         00000007 7F20 
     555 00000008 0000          MNOP      ; [CPU_FPU] 
         00000009 7FA0 
     556 0000000a 0000          MNOP      ; [CPU_FPU] 
         0000000b 7FA0 
     557 0000000c 0000          MNOP      ; [CPU_FPU] 
         0000000d 7FA0 
     558 0000000e 00B0          MBCNDD    $C$L10,EQ             ; [CPU_FPU] |399| 
         0000000f 7981 
     559 00000010 0000          MNOP      ; [CPU_FPU] 
         00000011 7FA0 
     560 00000012 0000          MNOP      ; [CPU_FPU] 
         00000013 7FA0 
     561 00000014 0000          MNOP      ; [CPU_FPU] 
         00000015 7FA0 
     562                      ; branchcc occurs ; [] |399| 
     563                      .dwpsn  file "../sources/fcl_cla_code_dm.cla",line 409,column 5,is_stmt,isa 0
     564 00000016 0000          MMOVIZ    MR0,#0                ; [CPU_FPU] |409| 
         00000017 7840 
     565 00000018 0000!         MMOV32    MR1,@fclVars          ; [CPU_FPU] |409| 
         00000019 73D0 
     566 0000001a 0004          MCMP32    MR0,MR1               ; [CPU_FPU] |409| 
         0000001b 7F20 
     567 0000001c 0000          MNOP      ; [CPU_FPU] 
         0000001d 7FA0 
     568 0000001e 0000          MNOP      ; [CPU_FPU] 
         0000001f 7FA0 
     569 00000020 0000          MNOP      ; [CPU_FPU] 
         00000021 7FA0 
     570 00000022 00DC          MBCNDD    $C$L11,EQ             ; [CPU_FPU] |409| 
         00000023 7981 
     571 00000024 0000          MNOP      ; [CPU_FPU] 
         00000025 7FA0 
     572 00000026 0000          MNOP      ; [CPU_FPU] 
         00000027 7FA0 
     573 00000028 0000          MNOP      ; [CPU_FPU] 
         00000029 7FA0 
     574                      ; branchcc occurs ; [] |409| 
     575                      .dwpsn  file "../sources/fcl_cla_code_dm.cla",line 415,column 9,is_stmt,isa 0
     576 0000002a 0048!         MMOV16    MAR0,@fclVars+72      ; [CPU_FPU] |415| 
         0000002b 7600 
     577 0000002c 0000          MNOP      ; [CPU_FPU] 
         0000002d 7FA0 
     578 0000002e 0000          MMOVIZ    MR1,#0                ; [CPU_FPU] |415| 
TMS320C2000 Assembler PC v22.6.2 Fri Apr  3 17:22:04 2026

Copyright (c) 1996-2018 Texas Instruments Incorporated
fcl_cla_code_dm.asm                                                  PAGE   16

         0000002f 7841 
     579 00000030 0400          MMOVXI    MR1,#1024             ; [CPU_FPU] |415| 
         00000031 7881 
     580 00000032 0019          MMOVZ16   MR0,*MAR0+[#25]       ; [CPU_FPU] |415| 
         00000033 7585 
     581 00000034 0005          MAND32    MR1,MR1,MR0           ; [CPU_FPU] |415| 
         00000035 7C60 
     582 00000036 0000          MMOVIZ    MR0,#0                ; [CPU_FPU] |415| 
         00000037 7840 
     583 00000038 0004          MCMP32    MR0,MR1               ; [CPU_FPU] |415| 
         00000039 7F20 
     584 0000003a 0000          MNOP      ; [CPU_FPU] 
         0000003b 7FA0 
     585 0000003c 0000          MNOP      ; [CPU_FPU] 
         0000003d 7FA0 
     586 0000003e 0000          MNOP      ; [CPU_FPU] 
         0000003f 7FA0 
     587 00000040 001A          MBCNDD    $C$L8,EQ              ; [CPU_FPU] |415| 
         00000041 7981 
     588 00000042 0000          MNOP      ; [CPU_FPU] 
         00000043 7FA0 
     589 00000044 0000          MNOP      ; [CPU_FPU] 
         00000045 7FA0 
     590 00000046 0000          MNOP      ; [CPU_FPU] 
         00000047 7FA0 
     591                      ; branchcc occurs ; [] |415| 
     592                      .dwpsn  file "../sources/fcl_cla_code_dm.cla",line 417,column 13,is_stmt,isa 0
     593 00000048 00F0          MMOVXI    MR0,#240              ; [CPU_FPU] |417| 
         00000049 7880 
     594 0000004a 0046!         MMOV16    @fclVars+70,MR0       ; [CPU_FPU] |417| 
         0000004b 75C0 
     595                      .dwpsn  file "../sources/fcl_cla_code_dm.cla",line 418,column 13,is_stmt,isa 0
     596 0000004c 0008          MMOV32    MR0,*MAR0+[#8]        ; [CPU_FPU] |418| 
         0000004d 73C5 
     597 0000004e 003C!         MMOV32    @fclVars+60,MR0       ; [CPU_FPU] |418| 
         0000004f 74C0 
     598                      .dwpsn  file "../sources/fcl_cla_code_dm.cla",line 424,column 13,is_stmt,isa 0
     599 00000050 0400          MMOVXI    MR0,#1024             ; [CPU_FPU] |424| 
         00000051 7880 
     600 00000052 001A          MMOV16    *MAR0+[#26],MR0       ; [CPU_FPU] |424| 
         00000053 75C5 
     601 00000054 0000          MNOP      ; [CPU_FPU] 
         00000055 7FA0 
     602 00000056 0000          MNOP      ; [CPU_FPU] 
         00000057 7FA0 
     603 00000058 0000          MNOP      ; [CPU_FPU] 
         00000059 7FA0 
     604 0000005a       $C$L8:    
     605                      .dwpsn  file "../sources/fcl_cla_code_dm.cla",line 434,column 9,is_stmt,isa 0
     606 0000005a 0000          MMOVIZ    MR1,#0                ; [CPU_FPU] |434| 
         0000005b 7841 
     607 0000005c 0019          MMOVZ16   MR0,*MAR0+[#25]       ; [CPU_FPU] |434| 
         0000005d 7585 
     608 0000005e 0800          MMOVXI    MR1,#2048             ; [CPU_FPU] |434| 
         0000005f 7881 
TMS320C2000 Assembler PC v22.6.2 Fri Apr  3 17:22:04 2026

Copyright (c) 1996-2018 Texas Instruments Incorporated
fcl_cla_code_dm.asm                                                  PAGE   17

     609 00000060 0005          MAND32    MR1,MR1,MR0           ; [CPU_FPU] |434| 
         00000061 7C60 
     610 00000062 0000          MMOVIZ    MR0,#0                ; [CPU_FPU] |434| 
         00000063 7840 
     611 00000064 0004          MCMP32    MR0,MR1               ; [CPU_FPU] |434| 
         00000065 7F20 
     612 00000066 0000          MNOP      ; [CPU_FPU] 
         00000067 7FA0 
     613 00000068 0000          MNOP      ; [CPU_FPU] 
         00000069 7FA0 
     614 0000006a 0000          MNOP      ; [CPU_FPU] 
         0000006b 7FA0 
     615 0000006c 0092          MBCNDD    $C$L11,EQ             ; [CPU_FPU] |434| 
         0000006d 7981 
     616 0000006e 0000          MNOP      ; [CPU_FPU] 
         0000006f 7FA0 
     617 00000070 0000          MNOP      ; [CPU_FPU] 
         00000071 7FA0 
     618 00000072 0000          MNOP      ; [CPU_FPU] 
         00000073 7FA0 
     619                      ; branchcc occurs ; [] |434| 
     620                      .dwpsn  file "../sources/fcl_cla_code_dm.cla",line 436,column 13,is_stmt,isa 0
     621 00000074 0800          MMOVXI    MR0,#2048             ; [CPU_FPU] |436| 
         00000075 7880 
     622 00000076 001A          MMOV16    *MAR0+[#26],MR0       ; [CPU_FPU] |436| 
         00000077 75C5 
     623 00000078 0000          MNOP      ; [CPU_FPU] 
         00000079 7FA0 
     624                      .dwpsn  file "../sources/fcl_cla_code_dm.cla",line 442,column 13,is_stmt,isa 0
     625 0000007a 0000          MMOVIZ    MR1,#0                ; [CPU_FPU] |442| 
         0000007b 7841 
     626 0000007c 000C          MMOVXI    MR1,#12               ; [CPU_FPU] |442| 
         0000007d 7881 
     627 0000007e 001C          MMOVZ16   MR0,*MAR0+[#28]       ; [CPU_FPU] |442| 
         0000007f 7585 
     628 00000080 0005          MAND32    MR1,MR1,MR0           ; [CPU_FPU] |442| 
         00000081 7C60 
     629 00000082 0000          MMOVIZ    MR0,#0                ; [CPU_FPU] |442| 
         00000083 7840 
     630 00000084 0004          MCMP32    MR0,MR1               ; [CPU_FPU] |442| 
         00000085 7F20 
     631 00000086 0000          MNOP      ; [CPU_FPU] 
         00000087 7FA0 
     632 00000088 0000          MNOP      ; [CPU_FPU] 
         00000089 7FA0 
     633 0000008a 0000          MNOP      ; [CPU_FPU] 
         0000008b 7FA0 
     634 0000008c 0028          MBCNDD    $C$L9,NEQ             ; [CPU_FPU] |442| 
         0000008d 7980 
     635 0000008e 0000          MNOP      ; [CPU_FPU] 
         0000008f 7FA0 
     636 00000090 0000          MNOP      ; [CPU_FPU] 
         00000091 7FA0 
     637 00000092 0000          MNOP      ; [CPU_FPU] 
         00000093 7FA0 
TMS320C2000 Assembler PC v22.6.2 Fri Apr  3 17:22:04 2026

Copyright (c) 1996-2018 Texas Instruments Incorporated
fcl_cla_code_dm.asm                                                  PAGE   18

     638                      ; branchcc occurs ; [] |442| 
     639                      .dwpsn  file "../sources/fcl_cla_code_dm.cla",line 450,column 18,is_stmt,isa 0
     640 00000094 0000          MMOVIZ    MR0,#0                ; [CPU_FPU] |450| 
         00000095 7840 
     641 00000096 0020          MMOVZ16   MR1,*MAR0+[#32]       ; [CPU_FPU] |450| 
         00000097 7595 
     642 00000098 FFFF          MMOVXI    MR0,#65535            ; [CPU_FPU] |450| 
         00000099 7880 
     643 0000009a 0004          MCMP32    MR0,MR1               ; [CPU_FPU] |450| 
         0000009b 7F20 
     644 0000009c 0000          MNOP      ; [CPU_FPU] 
         0000009d 7FA0 
     645 0000009e 0000          MNOP      ; [CPU_FPU] 
         0000009f 7FA0 
     646 000000a0 0000          MNOP      ; [CPU_FPU] 
         000000a1 7FA0 
     647 000000a2 005C          MBCNDD    $C$L11,EQ             ; [CPU_FPU] |450| 
         000000a3 7981 
     648 000000a4 0000          MNOP      ; [CPU_FPU] 
         000000a5 7FA0 
     649 000000a6 0000          MNOP      ; [CPU_FPU] 
         000000a7 7FA0 
     650 000000a8 0000          MNOP      ; [CPU_FPU] 
         000000a9 7FA0 
     651                      ; branchcc occurs ; [] |450| 
     652                      .dwpsn  file "../sources/fcl_cla_code_dm.cla",line 456,column 17,is_stmt,isa 0
     653 000000aa 0020          MMOVZ16   MR0,*MAR0+[#32]       ; [CPU_FPU] |456| 
         000000ab 7585 
     654                      .dwpsn  file "../sources/fcl_cla_code_dm.cla",line 463,column 5,is_stmt,isa 0
     655 000000ac 0052          MBCNDD    $C$L11,UNC            ; [CPU_FPU] |463| 
         000000ad 798E 
     656                      .dwpsn  file "../sources/fcl_cla_code_dm.cla",line 456,column 17,is_stmt,isa 0
     657 000000ae 003B!         MMOV16    @fclVars+59,MR0       ; [CPU_FPU] |456| 
         000000af 75C0 
     658 000000b0 0000          MNOP      ; [CPU_FPU] 
         000000b1 7FA0 
     659 000000b2 0000          MNOP      ; [CPU_FPU] 
         000000b3 7FA0 
     660                      .dwpsn  file "../sources/fcl_cla_code_dm.cla",line 463,column 5,is_stmt,isa 0
     661                      ; branch occurs ; [] |463| 
     662 000000b4       $C$L9:    
     663                      .dwpsn  file "../sources/fcl_cla_code_dm.cla",line 448,column 17,is_stmt,isa 0
     664 000000b4 000C          MMOVXI    MR0,#12               ; [CPU_FPU] |448| 
         000000b5 7880 
     665                      .dwpsn  file "../sources/fcl_cla_code_dm.cla",line 463,column 5,is_stmt,isa 0
     666 000000b6 0048          MBCNDD    $C$L11,UNC            ; [CPU_FPU] |463| 
         000000b7 798E 
     667                      .dwpsn  file "../sources/fcl_cla_code_dm.cla",line 448,column 17,is_stmt,isa 0
     668 000000b8 001C          MMOV16    *MAR0+[#28],MR0       ; [CPU_FPU] |448| 
         000000b9 75C5 
     669 000000ba 0000          MNOP      ; [CPU_FPU] 
         000000bb 7FA0 
     670 000000bc 0000          MNOP      ; [CPU_FPU] 
         000000bd 7FA0 
     671                      .dwpsn  file "../sources/fcl_cla_code_dm.cla",line 463,column 5,is_stmt,isa 0
TMS320C2000 Assembler PC v22.6.2 Fri Apr  3 17:22:04 2026

Copyright (c) 1996-2018 Texas Instruments Incorporated
fcl_cla_code_dm.asm                                                  PAGE   19

     672                      ; branch occurs ; [] |463| 
     673 000000be       $C$L10:    
     674                      .dwpsn  file "../sources/fcl_cla_code_dm.cla",line 404,column 9,is_stmt,isa 0
     675 000000be 0000          MMOVIZ    MR0,#0                ; [CPU_FPU] |404| 
         000000bf 7840 
     676 000000c0 0000!         MMOVZ16   MR1,@uvwStateMachine  ; [CPU_FPU] |404| 
         000000c1 7590 
     677 000000c2 0003          MMOVXI    MR0,#3                ; [CPU_FPU] |404| 
         000000c3 7880 
     678 000000c4 0004          MCMP32    MR0,MR1               ; [CPU_FPU] |404| 
         000000c5 7F20 
     679 000000c6 0000          MNOP      ; [CPU_FPU] 
         000000c7 7FA0 
     680 000000c8 0000          MNOP      ; [CPU_FPU] 
         000000c9 7FA0 
     681 000000ca 0000          MNOP      ; [CPU_FPU] 
         000000cb 7FA0 
     682 000000cc 0032          MBCNDD    $C$L11,NEQ            ; [CPU_FPU] |404| 
         000000cd 7980 
     683 000000ce 0000          MNOP      ; [CPU_FPU] 
         000000cf 7FA0 
     684 000000d0 0000          MNOP      ; [CPU_FPU] 
         000000d1 7FA0 
     685 000000d2 0000          MNOP      ; [CPU_FPU] 
         000000d3 7FA0 
     686                      ; branchcc occurs ; [] |404| 
     687                      .dwpsn  file "../sources/fcl_cla_code_dm.cla",line 465,column 9,is_stmt,isa 0
     688 000000d4 0048!         MMOV16    MAR0,@fclVars+72      ; [CPU_FPU] |465| 
         000000d5 7600 
     689 000000d6 0000          MNOP      ; [CPU_FPU] 
         000000d7 7FA0 
     690 000000d8 0000          MMOVIZ    MR1,#0                ; [CPU_FPU] |465| 
         000000d9 7841 
     691 000000da 0400          MMOVXI    MR1,#1024             ; [CPU_FPU] |465| 
         000000db 7881 
     692 000000dc 0019          MMOVZ16   MR0,*MAR0+[#25]       ; [CPU_FPU] |465| 
         000000dd 7585 
     693 000000de 0005          MAND32    MR1,MR1,MR0           ; [CPU_FPU] |465| 
         000000df 7C60 
     694 000000e0 0000          MMOVIZ    MR0,#0                ; [CPU_FPU] |465| 
         000000e1 7840 
     695 000000e2 0004          MCMP32    MR0,MR1               ; [CPU_FPU] |465| 
         000000e3 7F20 
     696 000000e4 0000          MNOP      ; [CPU_FPU] 
         000000e5 7FA0 
     697 000000e6 0000          MNOP      ; [CPU_FPU] 
         000000e7 7FA0 
     698 000000e8 0000          MNOP      ; [CPU_FPU] 
         000000e9 7FA0 
     699 000000ea 0014          MBCNDD    $C$L11,EQ             ; [CPU_FPU] |465| 
         000000eb 7981 
     700 000000ec 0000          MNOP      ; [CPU_FPU] 
         000000ed 7FA0 
     701 000000ee 0000          MNOP      ; [CPU_FPU] 
         000000ef 7FA0 
TMS320C2000 Assembler PC v22.6.2 Fri Apr  3 17:22:04 2026

Copyright (c) 1996-2018 Texas Instruments Incorporated
fcl_cla_code_dm.asm                                                  PAGE   20

     702 000000f0 0000          MNOP      ; [CPU_FPU] 
         000000f1 7FA0 
     703                      ; branchcc occurs ; [] |465| 
     704                      .dwpsn  file "../sources/fcl_cla_code_dm.cla",line 467,column 13,is_stmt,isa 0
     705 000000f2 00F0          MMOVXI    MR0,#240              ; [CPU_FPU] |467| 
         000000f3 7880 
     706 000000f4 0046!         MMOV16    @fclVars+70,MR0       ; [CPU_FPU] |467| 
         000000f5 75C0 
     707                      .dwpsn  file "../sources/fcl_cla_code_dm.cla",line 468,column 13,is_stmt,isa 0
     708 000000f6 0008          MMOV32    MR0,*MAR0+[#8]        ; [CPU_FPU] |468| 
         000000f7 73C5 
     709 000000f8 003C!         MMOV32    @fclVars+60,MR0       ; [CPU_FPU] |468| 
         000000f9 74C0 
     710                      .dwpsn  file "../sources/fcl_cla_code_dm.cla",line 469,column 13,is_stmt,isa 0
     711 000000fa 0400          MMOVXI    MR0,#1024             ; [CPU_FPU] |469| 
         000000fb 7880 
     712 000000fc 001A          MMOV16    *MAR0+[#26],MR0       ; [CPU_FPU] |469| 
         000000fd 75C5 
     713 000000fe       $C$L11:    
     714 000000fe 0000          MNOP      ; [CPU_FPU] 
         000000ff 7FA0 
     715 00000100 0000          MNOP      ; [CPU_FPU] 
         00000101 7FA0 
     716 00000102 0000          MNOP      ; [CPU_FPU] 
         00000103 7FA0 
     717              $C$DW$13        .dwtag  DW_TAG_TI_branch
     718                      .dwattr $C$DW$13, DW_AT_low_pc(0x00)
     719                      .dwattr $C$DW$13, DW_AT_TI_return
     720              
     721 00000104 0000          MSTOP     ; [CPU_FPU] 
         00000105 7F80 
     722                      ; ireturn occurs ; [] 
     723                      .dwattr $C$DW$12, DW_AT_TI_end_file("../sources/fcl_cla_code_dm.cla")
     724                      .dwattr $C$DW$12, DW_AT_TI_end_line(0x1e0)
     725                      .dwattr $C$DW$12, DW_AT_TI_end_column(0x01)
     726                      .dwendentry
     727                      .dwendtag $C$DW$12
     728              
     729 00000000               .sect   "Cla1Prog:Cla1Task3"
     730                      .align   2
     731                      .clink
     732                      .global Cla1Task3
     733              
     734              $C$DW$14        .dwtag  DW_TAG_subprogram
     735                      .dwattr $C$DW$14, DW_AT_name("Cla1Task3")
     736                      .dwattr $C$DW$14, DW_AT_low_pc(Cla1Task3)
     737                      .dwattr $C$DW$14, DW_AT_high_pc(0x00)
     738                      .dwattr $C$DW$14, DW_AT_linkage_name("Cla1Task3")
     739                      .dwattr $C$DW$14, DW_AT_external
     740                      .dwattr $C$DW$14, DW_AT_decl_file("../sources/fcl_cla_code_dm.cla")
     741                      .dwattr $C$DW$14, DW_AT_decl_line(0x165)
     742                      .dwattr $C$DW$14, DW_AT_decl_column(0x12)
     743                      .dwattr $C$DW$14, DW_AT_TI_interrupt
     744                      .dwattr $C$DW$14, DW_AT_TI_max_frame_size(0x00)
     745                      .dwpsn  file "../sources/fcl_cla_code_dm.cla",line 358,column 1,is_stmt,address Cla1Task3,isa 0
TMS320C2000 Assembler PC v22.6.2 Fri Apr  3 17:22:04 2026

Copyright (c) 1996-2018 Texas Instruments Incorporated
fcl_cla_code_dm.asm                                                  PAGE   21

     746              
     747                      .dwfde $C$DW$CIE, Cla1Task3
     748              
     749              ;***************************************************************
     750              ;* FNAME: Cla1Task3                     FR SIZE:   0           *
     751              ;*                                                             *
     752              ;* FUNCTION ENVIRONMENT                                        *
     753              ;*                                                             *
     754              ;* FUNCTION PROPERTIES                                         *
     755              ;*                            0 Auto,  0 SOE     *
     756              ;***************************************************************
     757              
     758 00000000       Cla1Task3:
     759                      .dwpsn  file "../sources/fcl_cla_code_dm.cla",line 367,column 5,is_stmt,isa 0
     760 00000000 000C!         MMOV32    MR0,@fclVars+12       ; [CPU_FPU] |367| 
         00000001 73C0 
     761 00000002 0002!         MMOV32    MR1,@fclVars+2        ; [CPU_FPU] |367| 
         00000003 73D0 
     762 00000004 0004!         MMOV32    MR2,@fclVars+4        ; [CPU_FPU] |367| 
         00000005 73E0 
     763              
     764                      MMOV32    MR1,@fclVars+10       ; [CPU_FPU] |367| 
     765 00000006 000A! ||      MMPYF32   MR0,MR1,MR0           ; [CPU_FPU] |367| 
         00000007 0110 
     766              
     767 00000008 0019          MMPYF32   MR1,MR2,MR1           ; [CPU_FPU] |367| 
         00000009 7C00 
     768              
     769                      MMOV32    MR0,@fclVars+8        ; [CPU_FPU] |367| 
     770 0000000a 0008! ||      MADDF32   MR1,MR1,MR0           ; [CPU_FPU] |367| 
         0000000b 1140 
     771              
     772                      MMOV32    MR1,@fclVars+14       ; [CPU_FPU] |367| 
     773 0000000c 000E! ||      MMPYF32   MR0,MR1,MR0           ; [CPU_FPU] |367| 
         0000000d 0110 
     774              
     775                      MMOV32    MR0,@fclVars+38       ; [CPU_FPU] |367| 
     776 0000000e 0026! ||      MADDF32   MR1,MR1,MR0           ; [CPU_FPU] |367| 
         0000000f 1140 
     777              
     778 00000010 0010          MADDF32   MR0,MR0,MR1           ; [CPU_FPU] |367| 
         00000011 7C20 
     779 00000012 0026!         MMOV32    @fclVars+38,MR0       ; [CPU_FPU] |367| 
         00000013 74C0 
     780 00000014 00F1          MMOV32    MR1,MR0               ; [CPU_FPU] |367| 
         00000015 7AC0 
     781                      .dwpsn  file "../sources/fcl_cla_code_dm.cla",line 376,column 5,is_stmt,isa 0
     782 00000016 0032!         MMOV32    MR0,@fclVars+50       ; [CPU_FPU] |376| 
         00000017 73C0 
     783 00000018 0004          MMINF32   MR0,MR1               ; [CPU_FPU] |376| 
         00000019 7D40 
     784 0000001a 0026!         MMOV32    @fclVars+38,MR0       ; [CPU_FPU] |376| 
         0000001b 74C0 
     785 0000001c 00F1          MMOV32    MR1,MR0               ; [CPU_FPU] |376| 
         0000001d 7AC0 
TMS320C2000 Assembler PC v22.6.2 Fri Apr  3 17:22:04 2026

Copyright (c) 1996-2018 Texas Instruments Incorporated
fcl_cla_code_dm.asm                                                  PAGE   22

     786 0000001e 0034!         MMOV32    MR0,@fclVars+52       ; [CPU_FPU] |376| 
         0000001f 73C0 
     787 00000020 0004          MMAXF32   MR0,MR1               ; [CPU_FPU] |376| 
         00000021 7D20 
     788 00000022 0026!         MMOV32    @fclVars+38,MR0       ; [CPU_FPU] |376| 
         00000023 74C0 
     789 00000024 0000          MNOP      ; [CPU_FPU] 
         00000025 7FA0 
     790 00000026 0000          MNOP      ; [CPU_FPU] 
         00000027 7FA0 
     791 00000028 0000          MNOP      ; [CPU_FPU] 
         00000029 7FA0 
     792              $C$DW$15        .dwtag  DW_TAG_TI_branch
     793                      .dwattr $C$DW$15, DW_AT_low_pc(0x00)
     794                      .dwattr $C$DW$15, DW_AT_TI_return
     795              
     796 0000002a 0000          MSTOP     ; [CPU_FPU] 
         0000002b 7F80 
     797                      ; ireturn occurs ; [] 
     798                      .dwattr $C$DW$14, DW_AT_TI_end_file("../sources/fcl_cla_code_dm.cla")
     799                      .dwattr $C$DW$14, DW_AT_TI_end_line(0x181)
     800                      .dwattr $C$DW$14, DW_AT_TI_end_column(0x01)
     801                      .dwendentry
     802                      .dwendtag $C$DW$14
     803              
     804 00000000               .sect   "Cla1Prog:Cla1Task2"
     805                      .align   2
     806                      .clink
     807                      .global Cla1Task2
     808              
     809              $C$DW$16        .dwtag  DW_TAG_subprogram
     810                      .dwattr $C$DW$16, DW_AT_name("Cla1Task2")
     811                      .dwattr $C$DW$16, DW_AT_low_pc(Cla1Task2)
     812                      .dwattr $C$DW$16, DW_AT_high_pc(0x00)
     813                      .dwattr $C$DW$16, DW_AT_linkage_name("Cla1Task2")
     814                      .dwattr $C$DW$16, DW_AT_external
     815                      .dwattr $C$DW$16, DW_AT_decl_file("../sources/fcl_cla_code_dm.cla")
     816                      .dwattr $C$DW$16, DW_AT_decl_line(0x14f)
     817                      .dwattr $C$DW$16, DW_AT_decl_column(0x12)
     818                      .dwattr $C$DW$16, DW_AT_TI_interrupt
     819                      .dwattr $C$DW$16, DW_AT_TI_max_frame_size(0x00)
     820                      .dwpsn  file "../sources/fcl_cla_code_dm.cla",line 336,column 1,is_stmt,address Cla1Task2,isa 0
     821              
     822                      .dwfde $C$DW$CIE, Cla1Task2
     823              
     824              ;***************************************************************
     825              ;* FNAME: Cla1Task2                     FR SIZE:   0           *
     826              ;*                                                             *
     827              ;* FUNCTION ENVIRONMENT                                        *
     828              ;*                                                             *
     829              ;* FUNCTION PROPERTIES                                         *
     830              ;*                            0 Auto,  0 SOE     *
     831              ;***************************************************************
     832              
     833 00000000       Cla1Task2:
TMS320C2000 Assembler PC v22.6.2 Fri Apr  3 17:22:04 2026

Copyright (c) 1996-2018 Texas Instruments Incorporated
fcl_cla_code_dm.asm                                                  PAGE   23

     834                      .dwpsn  file "../sources/fcl_cla_code_dm.cla",line 342,column 5,is_stmt,isa 0
     835 00000000 0024!         MMOV32    MR0,@fclVars+36       ; [CPU_FPU] |342| 
         00000001 73C0 
     836 00000002 002E!         MMOV32    MR1,@fclVars+46       ; [CPU_FPU] |342| 
         00000003 73D0 
     837              
     838                      MMOV32    MR1,@fclVars+40       ; [CPU_FPU] |342| 
     839 00000004 0028! ||      MMPYF32   MR0,MR1,MR0           ; [CPU_FPU] |342| 
         00000005 0110 
     840              
     841                      MMOV32    MR0,@fclVars+38       ; [CPU_FPU] |342| 
     842 00000006 0026! ||      MADDF32   MR1,MR1,MR0           ; [CPU_FPU] |342| 
         00000007 1140 
     843              
     844 00000008 0010          MADDF32   MR0,MR0,MR1           ; [CPU_FPU] |342| 
         00000009 7C20 
     845 0000000a 0026!         MMOV32    @fclVars+38,MR0       ; [CPU_FPU] |342| 
         0000000b 74C0 
     846 0000000c 00F1          MMOV32    MR1,MR0               ; [CPU_FPU] |342| 
         0000000d 7AC0 
     847 0000000e 0032!         MMOV32    MR0,@fclVars+50       ; [CPU_FPU] |342| 
         0000000f 73C0 
     848 00000010 0004          MMINF32   MR0,MR1               ; [CPU_FPU] |342| 
         00000011 7D40 
     849 00000012 0026!         MMOV32    @fclVars+38,MR0       ; [CPU_FPU] |342| 
         00000013 74C0 
     850 00000014 00F1          MMOV32    MR1,MR0               ; [CPU_FPU] |342| 
         00000015 7AC0 
     851 00000016 0034!         MMOV32    MR0,@fclVars+52       ; [CPU_FPU] |342| 
         00000017 73C0 
     852 00000018 0004          MMAXF32   MR0,MR1               ; [CPU_FPU] |342| 
         00000019 7D20 
     853 0000001a 0026!         MMOV32    @fclVars+38,MR0       ; [CPU_FPU] |342| 
         0000001b 74C0 
     854 0000001c 0000          MNOP      ; [CPU_FPU] 
         0000001d 7FA0 
     855 0000001e 0000          MNOP      ; [CPU_FPU] 
         0000001f 7FA0 
     856 00000020 0000          MNOP      ; [CPU_FPU] 
         00000021 7FA0 
     857              $C$DW$17        .dwtag  DW_TAG_TI_branch
     858                      .dwattr $C$DW$17, DW_AT_low_pc(0x00)
     859                      .dwattr $C$DW$17, DW_AT_TI_return
     860              
     861 00000022 0000          MSTOP     ; [CPU_FPU] 
         00000023 7F80 
     862                      ; ireturn occurs ; [] 
     863                      .dwattr $C$DW$16, DW_AT_TI_end_file("../sources/fcl_cla_code_dm.cla")
     864                      .dwattr $C$DW$16, DW_AT_TI_end_line(0x15f)
     865                      .dwattr $C$DW$16, DW_AT_TI_end_column(0x01)
     866                      .dwendentry
     867                      .dwendtag $C$DW$16
     868              
     869 00000000               .sect   "Cla1Prog:Cla1Task1"
     870                      .align   2
TMS320C2000 Assembler PC v22.6.2 Fri Apr  3 17:22:04 2026

Copyright (c) 1996-2018 Texas Instruments Incorporated
fcl_cla_code_dm.asm                                                  PAGE   24

     871                      .clink
     872                      .global Cla1Task1
     873              
     874              $C$DW$18        .dwtag  DW_TAG_subprogram
     875                      .dwattr $C$DW$18, DW_AT_name("Cla1Task1")
     876                      .dwattr $C$DW$18, DW_AT_low_pc(Cla1Task1)
     877                      .dwattr $C$DW$18, DW_AT_high_pc(0x00)
     878                      .dwattr $C$DW$18, DW_AT_linkage_name("Cla1Task1")
     879                      .dwattr $C$DW$18, DW_AT_external
     880                      .dwattr $C$DW$18, DW_AT_decl_file("../sources/fcl_cla_code_dm.cla")
     881                      .dwattr $C$DW$18, DW_AT_decl_line(0x7c)
     882                      .dwattr $C$DW$18, DW_AT_decl_column(0x12)
     883                      .dwattr $C$DW$18, DW_AT_TI_interrupt
     884                      .dwattr $C$DW$18, DW_AT_TI_max_frame_size(0x00)
     885                      .dwpsn  file "../sources/fcl_cla_code_dm.cla",line 125,column 1,is_stmt,address Cla1Task1,isa 0
     886              
     887                      .dwfde $C$DW$CIE, Cla1Task1
     888              
     889              ;***************************************************************
     890              ;* FNAME: Cla1Task1                     FR SIZE:   0           *
     891              ;*                                                             *
     892              ;* FUNCTION ENVIRONMENT                                        *
     893              ;*                                                             *
     894              ;* FUNCTION PROPERTIES                                         *
     895              ;*                            0 Auto,  0 SOE     *
     896              ;***************************************************************
     897              
     898              Cla1Task1:
     899              ;* MR0   assigned to $O$C1
     900              ;* MR0   assigned to $O$C4
     901              ;* MR0   assigned to $O$C5
     902              ;* MAR0  assigned to $O$W1
     903              ;* MAR0  assigned to $O$U13
     904              ;* MAR0  assigned to $O$U13
     905              ;* MR0   assigned to init_elec_theta
     906              $C$DW$19        .dwtag  DW_TAG_variable
     907                      .dwattr $C$DW$19, DW_AT_name("init_elec_theta")
     908                      .dwattr $C$DW$19, DW_AT_type(*$C$DW$T$19)
     909                      .dwattr $C$DW$19, DW_AT_location[DW_OP_reg2]
     910              
     911              ;* MR0   assigned to init_angle
     912              $C$DW$20        .dwtag  DW_TAG_variable
     913                      .dwattr $C$DW$20, DW_AT_name("init_angle")
     914                      .dwattr $C$DW$20, DW_AT_type(*$C$DW$T$19)
     915                      .dwattr $C$DW$20, DW_AT_location[DW_OP_reg2]
     916              
     917              ;* MR0   assigned to u
     918              $C$DW$21        .dwtag  DW_TAG_variable
     919                      .dwattr $C$DW$21, DW_AT_name("u")
     920                      .dwattr $C$DW$21, DW_AT_type(*$C$DW$T$23)
     921                      .dwattr $C$DW$21, DW_AT_location[DW_OP_reg2]
     922              
     923              ;* MR2   assigned to v
     924              $C$DW$22        .dwtag  DW_TAG_variable
     925                      .dwattr $C$DW$22, DW_AT_name("v")
TMS320C2000 Assembler PC v22.6.2 Fri Apr  3 17:22:04 2026

Copyright (c) 1996-2018 Texas Instruments Incorporated
fcl_cla_code_dm.asm                                                  PAGE   25

     926                      .dwattr $C$DW$22, DW_AT_type(*$C$DW$T$23)
     927                      .dwattr $C$DW$22, DW_AT_location[DW_OP_reg4]
     928              
     929              ;* MR1   assigned to w
     930              $C$DW$23        .dwtag  DW_TAG_variable
     931                      .dwattr $C$DW$23, DW_AT_name("w")
     932                      .dwattr $C$DW$23, DW_AT_type(*$C$DW$T$23)
     933                      .dwattr $C$DW$23, DW_AT_location[DW_OP_reg3]
     934              
     935                      .dwpsn  file "../sources/fcl_cla_code_dm.cla",line 134,column 5,is_stmt,isa 0
     936 00000000 0000          MMOVIZ    MR0,#0                ; [CPU_FPU] |134| 
         00000001 7840 
     937 00000002 0000!         MMOVZ16   MR1,@startModel       ; [CPU_FPU] |134| 
         00000003 7590 
     938 00000004 0001          MMOVXI    MR0,#1                ; [CPU_FPU] |134| 
         00000005 7880 
     939 00000006 0004          MCMP32    MR0,MR1               ; [CPU_FPU] |134| 
         00000007 7F20 
     940 00000008 0000          MNOP      ; [CPU_FPU] 
         00000009 7FA0 
     941 0000000a 0000          MNOP      ; [CPU_FPU] 
         0000000b 7FA0 
     942 0000000c 0000          MNOP      ; [CPU_FPU] 
         0000000d 7FA0 
     943 0000000e 00AA          MBCNDD    $C$L15,EQ             ; [CPU_FPU] |134| 
         0000000f 7981 
     944 00000010 0000          MNOP      ; [CPU_FPU] 
         00000011 7FA0 
     945 00000012 0000          MNOP      ; [CPU_FPU] 
         00000013 7FA0 
     946 00000014 0000          MNOP      ; [CPU_FPU] 
         00000015 7FA0 
     947                      ; branchcc occurs ; [] |134| 
     948                      .dwpsn  file "../sources/fcl_cla_code_dm.cla",line 198,column 5,is_stmt,isa 0
     949 00000016 0000          MMOVIZ    MR1,#0                ; [CPU_FPU] |198| 
         00000017 7841 
     950 00000018 0000!         MMOV32    MR0,@fclVars          ; [CPU_FPU] |198| 
         00000019 73C0 
     951 0000001a 0002          MMOVXI    MR1,#2                ; [CPU_FPU] |198| 
         0000001b 7881 
     952 0000001c 0001          MCMP32    MR1,MR0               ; [CPU_FPU] |198| 
         0000001d 7F20 
     953 0000001e 0000          MNOP      ; [CPU_FPU] 
         0000001f 7FA0 
     954 00000020 0000          MNOP      ; [CPU_FPU] 
         00000021 7FA0 
     955 00000022 0000          MNOP      ; [CPU_FPU] 
         00000023 7FA0 
     956 00000024 02B0          MBCNDD    $C$L27,EQ             ; [CPU_FPU] |198| 
         00000025 7981 
     957 00000026 0000          MNOP      ; [CPU_FPU] 
         00000027 7FA0 
     958 00000028 0000          MNOP      ; [CPU_FPU] 
         00000029 7FA0 
     959 0000002a 0000          MNOP      ; [CPU_FPU] 
TMS320C2000 Assembler PC v22.6.2 Fri Apr  3 17:22:04 2026

Copyright (c) 1996-2018 Texas Instruments Incorporated
fcl_cla_code_dm.asm                                                  PAGE   26

         0000002b 7FA0 
     960                      ; branchcc occurs ; [] |198| 
     961                      .dwpsn  file "../sources/fcl_cla_code_dm.cla",line 223,column 10,is_stmt,isa 0
     962 0000002c 0000          MMOVIZ    MR1,#0                ; [CPU_FPU] |223| 
         0000002d 7841 
     963 0000002e 0001          MMOVXI    MR1,#1                ; [CPU_FPU] |223| 
         0000002f 7881 
     964 00000030 0001          MCMP32    MR1,MR0               ; [CPU_FPU] |223| 
         00000031 7F20 
     965 00000032 0000          MNOP      ; [CPU_FPU] 
         00000033 7FA0 
     966 00000034 0000          MNOP      ; [CPU_FPU] 
         00000035 7FA0 
     967 00000036 0000          MNOP      ; [CPU_FPU] 
         00000037 7FA0 
     968 00000038 005E          MBCNDD    $C$L13,NEQ            ; [CPU_FPU] |223| 
         00000039 7980 
     969 0000003a 0000          MNOP      ; [CPU_FPU] 
         0000003b 7FA0 
     970 0000003c 0000          MNOP      ; [CPU_FPU] 
         0000003d 7FA0 
     971 0000003e 0000          MNOP      ; [CPU_FPU] 
         0000003f 7FA0 
     972                      ; branchcc occurs ; [] |223| 
     973                      .dwpsn  file "../sources/fcl_cla_code_dm.cla",line 241,column 9,is_stmt,isa 0
     974 00000040 0000          MEALLOW   ; [CPU_FPU] |241| 
         00000041 7F90 
     975                      .dwpsn  file "../sources/fcl_cla_code_dm.cla",line 247,column 9,is_stmt,isa 0
     976 00000042 0048!         MMOV16    MAR0,@fclVars+72      ; [CPU_FPU] |247| 
         00000043 7600 
     977 00000044 0000          MNOP      ; [CPU_FPU] 
         00000045 7FA0 
     978 00000046 0000          MMOVIZ    MR1,#0                ; [CPU_FPU] |247| 
         00000047 7841 
     979 00000048 0400          MMOVXI    MR1,#1024             ; [CPU_FPU] |247| 
         00000049 7881 
     980 0000004a 0019          MMOVZ16   MR0,*MAR0+[#25]       ; [CPU_FPU] |247| 
         0000004b 7585 
     981 0000004c 0005          MAND32    MR1,MR1,MR0           ; [CPU_FPU] |247| 
         0000004d 7C60 
     982 0000004e 0000          MMOVIZ    MR0,#0                ; [CPU_FPU] |247| 
         0000004f 7840 
     983 00000050 0004          MCMP32    MR0,MR1               ; [CPU_FPU] |247| 
         00000051 7F20 
     984 00000052 0000          MNOP      ; [CPU_FPU] 
         00000053 7FA0 
     985 00000054 0000          MNOP      ; [CPU_FPU] 
         00000055 7FA0 
     986 00000056 0000          MNOP      ; [CPU_FPU] 
         00000057 7FA0 
     987 00000058 001E          MBCNDD    $C$L12,EQ             ; [CPU_FPU] |247| 
         00000059 7981 
     988 0000005a 0000          MNOP      ; [CPU_FPU] 
         0000005b 7FA0 
     989 0000005c 0000          MNOP      ; [CPU_FPU] 
TMS320C2000 Assembler PC v22.6.2 Fri Apr  3 17:22:04 2026

Copyright (c) 1996-2018 Texas Instruments Incorporated
fcl_cla_code_dm.asm                                                  PAGE   27

         0000005d 7FA0 
     990 0000005e 0000          MNOP      ; [CPU_FPU] 
         0000005f 7FA0 
     991                      ; branchcc occurs ; [] |247| 
     992                      .dwpsn  file "../sources/fcl_cla_code_dm.cla",line 255,column 13,is_stmt,isa 0
     993 00000060 0008          MMOV32    MR0,*MAR0+[#8]        ; [CPU_FPU] |255| 
         00000061 73C5 
     994 00000062 0002          MMOV32    *MAR0+[#2],MR0        ; [CPU_FPU] |255| 
         00000063 74C5 
     995 00000064 0000          MNOP      ; [CPU_FPU] 
         00000065 7FA0 
     996 00000066 0000          MNOP      ; [CPU_FPU] 
         00000067 7FA0 
     997                      .dwpsn  file "../sources/fcl_cla_code_dm.cla",line 262,column 13,is_stmt,isa 0
     998 00000068 0200          MMOVXI    MR1,#512              ; [CPU_FPU] |262| 
         00000069 7881 
     999 0000006a 0015          MMOVZ16   MR0,*MAR0+[#21]       ; [CPU_FPU] |262| 
         0000006b 7585 
    1000 0000006c 0004          MOR32     MR0,MR1,MR0           ; [CPU_FPU] |262| 
         0000006d 7C80 
    1001 0000006e 0015          MMOV16    *MAR0+[#21],MR0       ; [CPU_FPU] |262| 
         0000006f 75C5 
    1002                      .dwpsn  file "../sources/fcl_cla_code_dm.cla",line 268,column 13,is_stmt,isa 0
    1003 00000070 0000          MMOVIZ    MR0,#0                ; [CPU_FPU] |268| 
         00000071 7840 
    1004 00000072 0002          MMOVXI    MR0,#2                ; [CPU_FPU] |268| 
         00000073 7880 
    1005 00000074 0000!         MMOV32    @fclVars,MR0          ; [CPU_FPU] |268| 
         00000075 74C0 
    1006 00000076       $C$L12:    
    1007                      .dwpsn  file "../sources/fcl_cla_code_dm.cla",line 279,column 9,is_stmt,isa 0
    1008 00000076 0040!         MMOV32    MR0,@fclVars+64       ; [CPU_FPU] |279| 
         00000077 73C0 
    1009 00000078 000C          MUI32TOF32 MR1,*MAR0+[#12]      ; [CPU_FPU] |279| 
         00000079 7495 
    1010 0000007a 0004          MMPYF32   MR0,MR1,MR0           ; [CPU_FPU] |279| 
         0000007b 7C00 
    1011 0000007c 0038!         MMOV32    @fclVars+56,MR0       ; [CPU_FPU] |279| 
         0000007d 74C0 
    1012 0000007e 0000          MNOP      ; [CPU_FPU] 
         0000007f 7FA0 
    1013 00000080 0000          MNOP      ; [CPU_FPU] 
         00000081 7FA0 
    1014                      .dwpsn  file "../sources/fcl_cla_code_dm.cla",line 282,column 9,is_stmt,isa 0
    1015 00000082 0043!         MUI16TOF32 MR0,@fclVars+67      ; [CPU_FPU] |282| 
         00000083 7540 
    1016 00000084 0038!         MMOV32    MR1,@fclVars+56       ; [CPU_FPU] |282| 
         00000085 73D0 
    1017 00000086 0004          MMPYF32   MR0,MR1,MR0           ; [CPU_FPU] |282| 
         00000087 7C00 
    1018                      .dwpsn  file "../sources/fcl_cla_code_dm.cla",line 285,column 9,is_stmt,isa 0
    1019 00000088 0001          MF32TOI32 MR1,MR0               ; [CPU_FPU] |285| 
         00000089 7D60 
    1020 0000008a 0005          MI32TOF32 MR1,MR1               ; [CPU_FPU] |285| 
         0000008b 7D80 
TMS320C2000 Assembler PC v22.6.2 Fri Apr  3 17:22:04 2026

Copyright (c) 1996-2018 Texas Instruments Incorporated
fcl_cla_code_dm.asm                                                  PAGE   28

    1021                      .dwpsn  file "../sources/fcl_cla_code_dm.cla",line 282,column 9,is_stmt,isa 0
    1022              
    1023 0000008c 0036!         MSUBF32   MR0,MR0,MR1           ; [CPU_FPU] |285| 
         0000008d 6400 
    1024              ||      MMOV32    @fclVars+54,MR0       ; [CPU_FPU] |282| 
    1025              
    1026 0000008e 026A          MBCNDD    $C$L29,UNC            ; [CPU_FPU] 
         0000008f 798E 
    1027                      .dwpsn  file "../sources/fcl_cla_code_dm.cla",line 285,column 9,is_stmt,isa 0
    1028 00000090 0036!         MMOV32    @fclVars+54,MR0       ; [CPU_FPU] |285| 
         00000091 74C0 
    1029 00000092 0000          MNOP      ; [CPU_FPU] 
         00000093 7FA0 
    1030                      .dwpsn  file "../sources/fcl_cla_code_dm.cla",line 289,column 9,is_stmt,isa 0
    1031 00000094 001C!         MMOV32    MR0,@fclVars+28       ; [CPU_FPU] |289| 
         00000095 73C0 
    1032                      ; branch occurs ; [] 
    1033 00000096       $C$L13:    
    1034                      .dwpsn  file "../sources/fcl_cla_code_dm.cla",line 302,column 9,is_stmt,isa 0
    1035 00000096 0048!         MMOV16    MAR0,@fclVars+72      ; [CPU_FPU] |302| 
         00000097 7600 
    1036 00000098 0000          MNOP      ; [CPU_FPU] 
         00000099 7FA0 
    1037 0000009a 0000          MNOP      ; [CPU_FPU] 
         0000009b 7FA0 
    1038 0000009c 0000          MMOVIZ    MR0,#0                ; [CPU_FPU] |302| 
         0000009d 7840 
    1039 0000009e 0000          MMOV32    *MAR0,MR0             ; [CPU_FPU] |302| 
         0000009f 74C1 
    1040                      .dwpsn  file "../sources/fcl_cla_code_dm.cla",line 309,column 9,is_stmt,isa 0
    1041 000000a0 0400          MMOVXI    MR0,#1024             ; [CPU_FPU] |309| 
         000000a1 7880 
    1042 000000a2 001A          MMOV16    *MAR0+[#26],MR0       ; [CPU_FPU] |309| 
         000000a3 75C5 
    1043 000000a4 0000          MNOP      ; [CPU_FPU] 
         000000a5 7FA0 
    1044 000000a6 0000          MNOP      ; [CPU_FPU] 
         000000a7 7FA0 
    1045                      .dwpsn  file "../sources/fcl_cla_code_dm.cla",line 316,column 9,is_stmt,isa 0
    1046 000000a8 FCFF          MMOVXI    MR1,#64767            ; [CPU_FPU] |316| 
         000000a9 7881 
    1047 000000aa 0015          MMOVZ16   MR0,*MAR0+[#21]       ; [CPU_FPU] |316| 
         000000ab 7585 
    1048 000000ac 0004          MAND32    MR0,MR1,MR0           ; [CPU_FPU] |316| 
         000000ad 7C60 
    1049 000000ae 0015          MMOV16    *MAR0+[#21],MR0       ; [CPU_FPU] |316| 
         000000af 75C5 
    1050 000000b0       $C$L14:    
    1051                      .dwpsn  file "../sources/fcl_cla_code_dm.cla",line 318,column 9,is_stmt,isa 0
    1052 000000b0 0248          MBCNDD    $C$L29,UNC            ; [CPU_FPU] |318| 
         000000b1 798E 
    1053 000000b2 0000          MNOP      ; [CPU_FPU] 
         000000b3 7FA0 
    1054 000000b4 0000          MNOP      ; [CPU_FPU] 
         000000b5 7FA0 
TMS320C2000 Assembler PC v22.6.2 Fri Apr  3 17:22:04 2026

Copyright (c) 1996-2018 Texas Instruments Incorporated
fcl_cla_code_dm.asm                                                  PAGE   29

    1055 000000b6 0000          MMOVIZ    MR0,#0                ; [CPU_FPU] |318| 
         000000b7 7840 
    1056                      ; branch occurs ; [] |318| 
    1057 000000b8       $C$L15:    
    1058                      .dwpsn  file "../sources/fcl_cla_code_dm.cla",line 139,column 9,is_stmt,isa 0
    1059 000000b8 0000          MMOVIZ    MR0,#0                ; [CPU_FPU] |139| 
         000000b9 7840 
    1060 000000ba 0000!         MMOVZ16   MR1,@uvwStateMachine  ; [CPU_FPU] |139| 
         000000bb 7590 
    1061 000000bc 0003          MMOVXI    MR0,#3                ; [CPU_FPU] |139| 
         000000bd 7880 
    1062 000000be 0004          MCMP32    MR0,MR1               ; [CPU_FPU] |139| 
         000000bf 7F20 
    1063 000000c0 0000          MNOP      ; [CPU_FPU] 
         000000c1 7FA0 
    1064 000000c2 0000          MNOP      ; [CPU_FPU] 
         000000c3 7FA0 
    1065 000000c4 0000          MNOP      ; [CPU_FPU] 
         000000c5 7FA0 
    1066 000000c6 020E          MBCNDD    $C$L27,EQ             ; [CPU_FPU] |139| 
         000000c7 7981 
    1067 000000c8 0000          MNOP      ; [CPU_FPU] 
         000000c9 7FA0 
    1068 000000ca 0000          MNOP      ; [CPU_FPU] 
         000000cb 7FA0 
    1069 000000cc 0000          MNOP      ; [CPU_FPU] 
         000000cd 7FA0 
    1070                      ; branchcc occurs ; [] |139| 
    1071                      .dwpsn  file "../sources/fcl_cla_code_dm.cla",line 147,column 14,is_stmt,isa 0
    1072 000000ce 0000          MMOVIZ    MR0,#0                ; [CPU_FPU] |147| 
         000000cf 7840 
    1073 000000d0 0000!         MMOVZ16   MR1,@uvwStateMachine  ; [CPU_FPU] |147| 
         000000d1 7590 
    1074 000000d2 0002          MMOVXI    MR0,#2                ; [CPU_FPU] |147| 
         000000d3 7880 
    1075 000000d4 0004          MCMP32    MR0,MR1               ; [CPU_FPU] |147| 
         000000d5 7F20 
    1076 000000d6 0000          MNOP      ; [CPU_FPU] 
         000000d7 7FA0 
    1077 000000d8 0000          MNOP      ; [CPU_FPU] 
         000000d9 7FA0 
    1078 000000da 0000          MNOP      ; [CPU_FPU] 
         000000db 7FA0 
    1079 000000dc 01B6          MBCNDD    $C$L26,EQ             ; [CPU_FPU] |147| 
         000000dd 7981 
    1080 000000de 0000          MNOP      ; [CPU_FPU] 
         000000df 7FA0 
    1081 000000e0 0000          MNOP      ; [CPU_FPU] 
         000000e1 7FA0 
    1082 000000e2 0000          MNOP      ; [CPU_FPU] 
         000000e3 7FA0 
    1083                      ; branchcc occurs ; [] |147| 
    1084                      .dwpsn  file "../sources/fcl_cla_code_dm.cla",line 169,column 14,is_stmt,isa 0
    1085 000000e4 0000          MMOVIZ    MR0,#0                ; [CPU_FPU] |169| 
         000000e5 7840 
TMS320C2000 Assembler PC v22.6.2 Fri Apr  3 17:22:04 2026

Copyright (c) 1996-2018 Texas Instruments Incorporated
fcl_cla_code_dm.asm                                                  PAGE   30

    1086 000000e6 0000!         MMOVZ16   MR1,@uvwStateMachine  ; [CPU_FPU] |169| 
         000000e7 7590 
    1087 000000e8 0001          MMOVXI    MR0,#1                ; [CPU_FPU] |169| 
         000000e9 7880 
    1088 000000ea 0004          MCMP32    MR0,MR1               ; [CPU_FPU] |169| 
         000000eb 7F20 
    1089 000000ec 0000          MNOP      ; [CPU_FPU] 
         000000ed 7FA0 
    1090 000000ee 0000          MNOP      ; [CPU_FPU] 
         000000ef 7FA0 
    1091 000000f0 0000          MNOP      ; [CPU_FPU] 
         000000f1 7FA0 
    1092 000000f2 FFBE          MBCNDD    $C$L14,NEQ            ; [CPU_FPU] |169| 
         000000f3 7980 
    1093 000000f4 0000          MNOP      ; [CPU_FPU] 
         000000f5 7FA0 
    1094 000000f6 0000          MNOP      ; [CPU_FPU] 
         000000f7 7FA0 
    1095 000000f8 0000          MNOP      ; [CPU_FPU] 
         000000f9 7FA0 
    1096                      ; branchcc occurs ; [] |169| 
    1097                      .dwpsn  file "../sources/fcl_cla_code_dm.cla",line 172,column 13,is_stmt,isa 0
    1098 000000fa 0000          MEALLOW   ; [CPU_FPU] |172| 
         000000fb 7F90 
    1099                      .dwpsn  file "C:/TI/C2000Ware_MotorControl_SDK_5_04_00_00/c2000ware/driverlib/f2837xd/driverlib/gpio.
    1100 000000fc 7F00          MMOVXI    MR1,#32512            ; [CPU_FPU] |431| 
         000000fd 7881 
    1101 000000fe 0000          MMOV16    MAR0,MR1,#0           ; [CPU_FPU] |431| 
         000000ff 7FD1 
    1102 00000100 0000          MNOP      ; [CPU_FPU] 
         00000101 7FA0 
    1103 00000102 0001          MMOVXI    MR2,#1                ; [CPU_FPU] |431| 
         00000103 7882 
    1104 00000104 0001          MMOVXI    MR3,#1                ; [CPU_FPU] |431| 
         00000105 7883 
    1105 00000106 0000          MMOV32    MR0,*MAR0             ; [CPU_FPU] |431| 
         00000107 73C1 
    1106 00000108 003C          MLSR32    MR0,#16               ; [CPU_FPU] |431| 
         00000109 7B80 
    1107 0000010a 0008          MAND32    MR0,MR2,MR0           ; [CPU_FPU] |431| 
         0000010b 7C60 
    1108                      .dwpsn  file "../sources/fcl_cla_code_dm.cla",line 44,column 5,is_stmt,isa 0
    1109 0000010c 0000          MLSL32    MR0,#1                ; [CPU_FPU] |44| 
         0000010d 7BC0 
    1110                      .dwpsn  file "C:/TI/C2000Ware_MotorControl_SDK_5_04_00_00/c2000ware/driverlib/f2837xd/driverlib/gpio.
    1111 0000010e 0000          MMOV32    MR2,*MAR0             ; [CPU_FPU] |431| 
         0000010f 73E1 
    1112 00000110 0042          MLSR32    MR2,#17               ; [CPU_FPU] |431| 
         00000111 7B80 
    1113 00000112 0000          MMOV32    MR1,*MAR0             ; [CPU_FPU] |431| 
         00000113 73D1 
    1114 00000114 002E          MAND32    MR2,MR3,MR2           ; [CPU_FPU] |431| 
         00000115 7C60 
    1115 00000116 0045          MLSR32    MR1,#18               ; [CPU_FPU] |431| 
         00000117 7B80 
TMS320C2000 Assembler PC v22.6.2 Fri Apr  3 17:22:04 2026

Copyright (c) 1996-2018 Texas Instruments Incorporated
fcl_cla_code_dm.asm                                                  PAGE   31

    1116                      .dwpsn  file "../sources/fcl_cla_code_dm.cla",line 44,column 5,is_stmt,isa 0
    1117 00000118 0008          MOR32     MR0,MR2,MR0           ; [CPU_FPU] |44| 
         00000119 7C80 
    1118                      .dwpsn  file "C:/TI/C2000Ware_MotorControl_SDK_5_04_00_00/c2000ware/driverlib/f2837xd/driverlib/gpio.
    1119 0000011a 001D          MAND32    MR1,MR3,MR1           ; [CPU_FPU] |431| 
         0000011b 7C60 
    1120                      .dwpsn  file "../sources/fcl_cla_code_dm.cla",line 44,column 5,is_stmt,isa 0
    1121 0000011c 0000          MLSL32    MR0,#1                ; [CPU_FPU] |44| 
         0000011d 7BC0 
    1122 0000011e 0004          MOR32     MR0,MR1,MR0           ; [CPU_FPU] |44| 
         0000011f 7C80 
    1123 00000120 0000          MMOVIZ    MR1,#0                ; [CPU_FPU] |44| 
         00000121 7841 
    1124 00000122 003C          MLSL32    MR0,#16               ; [CPU_FPU] |44| 
         00000123 7BC0 
    1125 00000124 0004          MMOVXI    MR1,#4                ; [CPU_FPU] |44| 
         00000125 7881 
    1126 00000126 003C          MLSR32    MR0,#16               ; [CPU_FPU] |44| 
         00000127 7B80 
    1127 00000128 0001          MCMP32    MR1,MR0               ; [CPU_FPU] |44| 
         00000129 7F20 
    1128 0000012a 0000          MNOP      ; [CPU_FPU] 
         0000012b 7FA0 
    1129 0000012c 0000          MNOP      ; [CPU_FPU] 
         0000012d 7FA0 
    1130 0000012e 0000          MNOP      ; [CPU_FPU] 
         0000012f 7FA0 
    1131 00000130 00A4          MBCNDD    $C$L17,LT             ; [CPU_FPU] |44| 
         00000131 7984 
    1132 00000132 0000          MNOP      ; [CPU_FPU] 
         00000133 7FA0 
    1133 00000134 0000          MNOP      ; [CPU_FPU] 
         00000135 7FA0 
    1134 00000136 0000          MNOP      ; [CPU_FPU] 
         00000137 7FA0 
    1135                      ; branchcc occurs ; [] |44| 
    1136 00000138 0000          MMOVIZ    MR1,#0                ; [CPU_FPU] |44| 
         00000139 7841 
    1137 0000013a 0004          MMOVXI    MR1,#4                ; [CPU_FPU] |44| 
         0000013b 7881 
    1138 0000013c 0001          MCMP32    MR1,MR0               ; [CPU_FPU] |44| 
         0000013d 7F20 
    1139 0000013e 0000          MNOP      ; [CPU_FPU] 
         0000013f 7FA0 
    1140 00000140 0000          MNOP      ; [CPU_FPU] 
         00000141 7FA0 
    1141 00000142 0000          MNOP      ; [CPU_FPU] 
         00000143 7FA0 
    1142 00000144 00F8          MBCNDD    $C$L21,EQ             ; [CPU_FPU] |44| 
         00000145 7981 
    1143 00000146 0000          MNOP      ; [CPU_FPU] 
         00000147 7FA0 
    1144 00000148 0000          MNOP      ; [CPU_FPU] 
         00000149 7FA0 
    1145 0000014a 0000          MNOP      ; [CPU_FPU] 
TMS320C2000 Assembler PC v22.6.2 Fri Apr  3 17:22:04 2026

Copyright (c) 1996-2018 Texas Instruments Incorporated
fcl_cla_code_dm.asm                                                  PAGE   32

         0000014b 7FA0 
    1146                      ; branchcc occurs ; [] |44| 
    1147 0000014c 0000          MMOVIZ    MR1,#0                ; [CPU_FPU] |44| 
         0000014d 7841 
    1148 0000014e 0002          MMOVXI    MR1,#2                ; [CPU_FPU] |44| 
         0000014f 7881 
    1149 00000150 0001          MCMP32    MR1,MR0               ; [CPU_FPU] |44| 
         00000151 7F20 
    1150 00000152 0000          MNOP      ; [CPU_FPU] 
         00000153 7FA0 
    1151 00000154 0000          MNOP      ; [CPU_FPU] 
         00000155 7FA0 
    1152 00000156 0000          MNOP      ; [CPU_FPU] 
         00000157 7FA0 
    1153 00000158 004C          MBCNDD    $C$L16,LT             ; [CPU_FPU] |44| 
         00000159 7984 
    1154 0000015a 0000          MNOP      ; [CPU_FPU] 
         0000015b 7FA0 
    1155 0000015c 0000          MNOP      ; [CPU_FPU] 
         0000015d 7FA0 
    1156 0000015e 0000          MNOP      ; [CPU_FPU] 
         0000015f 7FA0 
    1157                      ; branchcc occurs ; [] |44| 
    1158 00000160 0000          MMOVIZ    MR1,#0                ; [CPU_FPU] |44| 
         00000161 7841 
    1159 00000162 0002          MMOVXI    MR1,#2                ; [CPU_FPU] |44| 
         00000163 7881 
    1160 00000164 0001          MCMP32    MR1,MR0               ; [CPU_FPU] |44| 
         00000165 7F20 
    1161 00000166 0000          MNOP      ; [CPU_FPU] 
         00000167 7FA0 
    1162 00000168 0000          MNOP      ; [CPU_FPU] 
         00000169 7FA0 
    1163 0000016a 0000          MNOP      ; [CPU_FPU] 
         0000016b 7FA0 
    1164 0000016c 00E0          MBCNDD    $C$L23,EQ             ; [CPU_FPU] |44| 
         0000016d 7981 
    1165 0000016e 0000          MNOP      ; [CPU_FPU] 
         0000016f 7FA0 
    1166 00000170 0000          MNOP      ; [CPU_FPU] 
         00000171 7FA0 
    1167 00000172 0000          MNOP      ; [CPU_FPU] 
         00000173 7FA0 
    1168                      ; branchcc occurs ; [] |44| 
    1169 00000174 0000          MMOVIZ    MR1,#0                ; [CPU_FPU] |44| 
         00000175 7841 
    1170 00000176 0001          MMOVXI    MR1,#1                ; [CPU_FPU] |44| 
         00000177 7881 
    1171 00000178 0001          MCMP32    MR1,MR0               ; [CPU_FPU] |44| 
         00000179 7F20 
    1172 0000017a 0000          MNOP      ; [CPU_FPU] 
         0000017b 7FA0 
    1173 0000017c 0000          MNOP      ; [CPU_FPU] 
         0000017d 7FA0 
    1174 0000017e 0000          MNOP      ; [CPU_FPU] 
TMS320C2000 Assembler PC v22.6.2 Fri Apr  3 17:22:04 2026

Copyright (c) 1996-2018 Texas Instruments Incorporated
fcl_cla_code_dm.asm                                                  PAGE   33

         0000017f 7FA0 
    1175 00000180 00A4          MBCNDD    $C$L18,LT             ; [CPU_FPU] |44| 
         00000181 7984 
    1176 00000182 0000          MNOP      ; [CPU_FPU] 
         00000183 7FA0 
    1177 00000184 0000          MNOP      ; [CPU_FPU] 
         00000185 7FA0 
    1178 00000186 0000          MNOP      ; [CPU_FPU] 
         00000187 7FA0 
    1179                      ; branchcc occurs ; [] |44| 
    1180 00000188 0000          MMOVIZ    MR1,#0                ; [CPU_FPU] |44| 
         00000189 7841 
    1181 0000018a 0001          MMOVXI    MR1,#1                ; [CPU_FPU] |44| 
         0000018b 7881 
    1182 0000018c 0001          MCMP32    MR1,MR0               ; [CPU_FPU] |44| 
         0000018d 7F20 
    1183 0000018e 0000          MNOP      ; [CPU_FPU] 
         0000018f 7FA0 
    1184 00000190 0000          MNOP      ; [CPU_FPU] 
         00000191 7FA0 
    1185 00000192 0000          MNOP      ; [CPU_FPU] 
         00000193 7FA0 
    1186 00000194 00C0          MBCNDD    $C$L24,EQ             ; [CPU_FPU] |44| 
         00000195 7981 
    1187 00000196 0000          MNOP      ; [CPU_FPU] 
         00000197 7FA0 
    1188 00000198 0000          MNOP      ; [CPU_FPU] 
         00000199 7FA0 
    1189 0000019a 0000          MNOP      ; [CPU_FPU] 
         0000019b 7FA0 
    1190                      ; branchcc occurs ; [] |44| 
    1191 0000019c 0088          MBCNDD    $C$L18,UNC            ; [CPU_FPU] |44| 
         0000019d 798E 
    1192 0000019e 0000          MNOP      ; [CPU_FPU] 
         0000019f 7FA0 
    1193 000001a0 0000          MNOP      ; [CPU_FPU] 
         000001a1 7FA0 
    1194 000001a2 0000          MNOP      ; [CPU_FPU] 
         000001a3 7FA0 
    1195                      ; branch occurs ; [] |44| 
    1196 000001a4       $C$L16:    
    1197 000001a4 0000          MMOVIZ    MR1,#0                ; [CPU_FPU] |44| 
         000001a5 7841 
    1198 000001a6 0003          MMOVXI    MR1,#3                ; [CPU_FPU] |44| 
         000001a7 7881 
    1199 000001a8 0001          MCMP32    MR1,MR0               ; [CPU_FPU] |44| 
         000001a9 7F20 
    1200 000001aa 0000          MNOP      ; [CPU_FPU] 
         000001ab 7FA0 
    1201 000001ac 0000          MNOP      ; [CPU_FPU] 
         000001ad 7FA0 
    1202 000001ae 0000          MNOP      ; [CPU_FPU] 
         000001af 7FA0 
    1203 000001b0 0074          MBCNDD    $C$L18,LT             ; [CPU_FPU] |44| 
         000001b1 7984 
TMS320C2000 Assembler PC v22.6.2 Fri Apr  3 17:22:04 2026

Copyright (c) 1996-2018 Texas Instruments Incorporated
fcl_cla_code_dm.asm                                                  PAGE   34

    1204 000001b2 0000          MNOP      ; [CPU_FPU] 
         000001b3 7FA0 
    1205 000001b4 0000          MNOP      ; [CPU_FPU] 
         000001b5 7FA0 
    1206 000001b6 0000          MNOP      ; [CPU_FPU] 
         000001b7 7FA0 
    1207                      ; branchcc occurs ; [] |44| 
    1208 000001b8 0000          MMOVIZ    MR1,#0                ; [CPU_FPU] |44| 
         000001b9 7841 
    1209 000001ba 0003          MMOVXI    MR1,#3                ; [CPU_FPU] |44| 
         000001bb 7881 
    1210 000001bc 0001          MCMP32    MR1,MR0               ; [CPU_FPU] |44| 
         000001bd 7F20 
    1211 000001be 0000          MNOP      ; [CPU_FPU] 
         000001bf 7FA0 
    1212 000001c0 0000          MNOP      ; [CPU_FPU] 
         000001c1 7FA0 
    1213 000001c2 0000          MNOP      ; [CPU_FPU] 
         000001c3 7FA0 
    1214 000001c4 0080          MBCNDD    $C$L22,EQ             ; [CPU_FPU] |44| 
         000001c5 7981 
    1215 000001c6 0000          MNOP      ; [CPU_FPU] 
         000001c7 7FA0 
    1216 000001c8 0000          MNOP      ; [CPU_FPU] 
         000001c9 7FA0 
    1217 000001ca 0000          MNOP      ; [CPU_FPU] 
         000001cb 7FA0 
    1218                      ; branchcc occurs ; [] |44| 
    1219 000001cc 0058          MBCNDD    $C$L18,UNC            ; [CPU_FPU] |44| 
         000001cd 798E 
    1220 000001ce 0000          MNOP      ; [CPU_FPU] 
         000001cf 7FA0 
    1221 000001d0 0000          MNOP      ; [CPU_FPU] 
         000001d1 7FA0 
    1222 000001d2 0000          MNOP      ; [CPU_FPU] 
         000001d3 7FA0 
    1223                      ; branch occurs ; [] |44| 
    1224 000001d4       $C$L17:    
    1225 000001d4 0000          MMOVIZ    MR1,#0                ; [CPU_FPU] |44| 
         000001d5 7841 
    1226 000001d6 0006          MMOVXI    MR1,#6                ; [CPU_FPU] |44| 
         000001d7 7881 
    1227 000001d8 0001          MCMP32    MR1,MR0               ; [CPU_FPU] |44| 
         000001d9 7F20 
    1228 000001da 0000          MNOP      ; [CPU_FPU] 
         000001db 7FA0 
    1229 000001dc 0000          MNOP      ; [CPU_FPU] 
         000001dd 7FA0 
    1230 000001de 0000          MNOP      ; [CPU_FPU] 
         000001df 7FA0 
    1231 000001e0 0044          MBCNDD    $C$L18,LT             ; [CPU_FPU] |44| 
         000001e1 7984 
    1232 000001e2 0000          MNOP      ; [CPU_FPU] 
         000001e3 7FA0 
    1233 000001e4 0000          MNOP      ; [CPU_FPU] 
TMS320C2000 Assembler PC v22.6.2 Fri Apr  3 17:22:04 2026

Copyright (c) 1996-2018 Texas Instruments Incorporated
fcl_cla_code_dm.asm                                                  PAGE   35

         000001e5 7FA0 
    1234 000001e6 0000          MNOP      ; [CPU_FPU] 
         000001e7 7FA0 
    1235                      ; branchcc occurs ; [] |44| 
    1236 000001e8 0000          MMOVIZ    MR1,#0                ; [CPU_FPU] |44| 
         000001e9 7841 
    1237 000001ea 0006          MMOVXI    MR1,#6                ; [CPU_FPU] |44| 
         000001eb 7881 
    1238 000001ec 0001          MCMP32    MR1,MR0               ; [CPU_FPU] |44| 
         000001ed 7F20 
    1239 000001ee 0000          MNOP      ; [CPU_FPU] 
         000001ef 7FA0 
    1240 000001f0 0000          MNOP      ; [CPU_FPU] 
         000001f1 7FA0 
    1241 000001f2 0000          MNOP      ; [CPU_FPU] 
         000001f3 7FA0 
    1242 000001f4 0038          MBCNDD    $C$L19,EQ             ; [CPU_FPU] |44| 
         000001f5 7981 
    1243 000001f6 0000          MNOP      ; [CPU_FPU] 
         000001f7 7FA0 
    1244 000001f8 0000          MNOP      ; [CPU_FPU] 
         000001f9 7FA0 
    1245 000001fa 0000          MNOP      ; [CPU_FPU] 
         000001fb 7FA0 
    1246                      ; branchcc occurs ; [] |44| 
    1247 000001fc 0000          MMOVIZ    MR1,#0                ; [CPU_FPU] |44| 
         000001fd 7841 
    1248 000001fe 0005          MMOVXI    MR1,#5                ; [CPU_FPU] |44| 
         000001ff 7881 
    1249 00000200 0001          MCMP32    MR1,MR0               ; [CPU_FPU] |44| 
         00000201 7F20 
    1250 00000202 0000          MNOP      ; [CPU_FPU] 
         00000203 7FA0 
    1251 00000204 0000          MNOP      ; [CPU_FPU] 
         00000205 7FA0 
    1252 00000206 0000          MNOP      ; [CPU_FPU] 
         00000207 7FA0 
    1253 00000208 001C          MBCNDD    $C$L18,LT             ; [CPU_FPU] |44| 
         00000209 7984 
    1254 0000020a 0000          MNOP      ; [CPU_FPU] 
         0000020b 7FA0 
    1255 0000020c 0000          MNOP      ; [CPU_FPU] 
         0000020d 7FA0 
    1256 0000020e 0000          MNOP      ; [CPU_FPU] 
         0000020f 7FA0 
    1257                      ; branchcc occurs ; [] |44| 
    1258 00000210 0000          MMOVIZ    MR1,#0                ; [CPU_FPU] |44| 
         00000211 7841 
    1259 00000212 0005          MMOVXI    MR1,#5                ; [CPU_FPU] |44| 
         00000213 7881 
    1260 00000214 0001          MCMP32    MR1,MR0               ; [CPU_FPU] |44| 
         00000215 7F20 
    1261 00000216 0000          MNOP      ; [CPU_FPU] 
         00000217 7FA0 
    1262 00000218 0000          MNOP      ; [CPU_FPU] 
TMS320C2000 Assembler PC v22.6.2 Fri Apr  3 17:22:04 2026

Copyright (c) 1996-2018 Texas Instruments Incorporated
fcl_cla_code_dm.asm                                                  PAGE   36

         00000219 7FA0 
    1263 0000021a 0000          MNOP      ; [CPU_FPU] 
         0000021b 7FA0 
    1264 0000021c 0018          MBCNDD    $C$L20,EQ             ; [CPU_FPU] |44| 
         0000021d 7981 
    1265 0000021e 0000          MNOP      ; [CPU_FPU] 
         0000021f 7FA0 
    1266 00000220 0000          MNOP      ; [CPU_FPU] 
         00000221 7FA0 
    1267 00000222 0000          MNOP      ; [CPU_FPU] 
         00000223 7FA0 
    1268                      ; branchcc occurs ; [] |44| 
    1269 00000224       $C$L18:    
    1270                      .dwpsn  file "../sources/fcl_cla_code_dm.cla",line 69,column 5,is_stmt,isa 0
    1271 00000224 0034          MBCNDD    $C$L25,UNC            ; [CPU_FPU] |69| 
         00000225 798E 
    1272 00000226 0000          MNOP      ; [CPU_FPU] 
         00000227 7FA0 
    1273 00000228 0000          MNOP      ; [CPU_FPU] 
         00000229 7FA0 
    1274 0000022a 0000          MMOVIZ    MR0,#0                ; [CPU_FPU] |69| 
         0000022b 7840 
    1275                      ; branch occurs ; [] |69| 
    1276 0000022c       $C$L19:    
    1277 0000022c 002C          MBCNDD    $C$L25,UNC            ; [CPU_FPU] |69| 
         0000022d 798E 
    1278 0000022e 0000          MNOP      ; [CPU_FPU] 
         0000022f 7FA0 
    1279 00000230 3EC0          MMOVIZ    MR0,#16064            ; [CPU_FPU] |69| 
         00000231 7840 
    1280 00000232 68DC          MMOVXI    MR0,#26844            ; [CPU_FPU] |69| 
         00000233 7880 
    1281                      ; branch occurs ; [] |69| 
    1282 00000234       $C$L20:    
    1283 00000234 0024          MBCNDD    $C$L25,UNC            ; [CPU_FPU] |69| 
         00000235 798E 
    1284 00000236 0000          MNOP      ; [CPU_FPU] 
         00000237 7FA0 
    1285 00000238 3F35          MMOVIZ    MR0,#16181            ; [CPU_FPU] |69| 
         00000239 7840 
    1286 0000023a 8E22          MMOVXI    MR0,#36386            ; [CPU_FPU] |69| 
         0000023b 7880 
    1287                      ; branch occurs ; [] |69| 
    1288 0000023c       $C$L21:    
    1289 0000023c 001C          MBCNDD    $C$L25,UNC            ; [CPU_FPU] |69| 
         0000023d 798E 
    1290 0000023e 0000          MNOP      ; [CPU_FPU] 
         0000023f 7FA0 
    1291 00000240 3F0A          MMOVIZ    MR0,#16138            ; [CPU_FPU] |69| 
         00000241 7840 
    1292 00000242 E148          MMOVXI    MR0,#57672            ; [CPU_FPU] |69| 
         00000243 7880 
    1293                      ; branch occurs ; [] |69| 
    1294 00000244       $C$L22:    
    1295 00000244 0014          MBCNDD    $C$L25,UNC            ; [CPU_FPU] |69| 
TMS320C2000 Assembler PC v22.6.2 Fri Apr  3 17:22:04 2026

Copyright (c) 1996-2018 Texas Instruments Incorporated
fcl_cla_code_dm.asm                                                  PAGE   37

         00000245 798E 
    1296 00000246 0000          MNOP      ; [CPU_FPU] 
         00000247 7FA0 
    1297 00000248 3D2D          MMOVIZ    MR0,#15661            ; [CPU_FPU] |69| 
         00000249 7840 
    1298 0000024a AB9F          MMOVXI    MR0,#43935            ; [CPU_FPU] |69| 
         0000024b 7880 
    1299                      ; branch occurs ; [] |69| 
    1300 0000024c       $C$L23:    
    1301                      .dwpsn  file "../sources/fcl_cla_code_dm.cla",line 57,column 13,is_stmt,isa 0
    1302 0000024c 000C          MBCNDD    $C$L25,UNC            ; [CPU_FPU] |57| 
         0000024d 798E 
    1303 0000024e 0000          MNOP      ; [CPU_FPU] 
         0000024f 7FA0 
    1304                      .dwpsn  file "../sources/fcl_cla_code_dm.cla",line 56,column 13,is_stmt,isa 0
    1305 00000250 3E56          MMOVIZ    MR0,#15958            ; [CPU_FPU] |56| 
         00000251 7840 
    1306 00000252 1E4F          MMOVXI    MR0,#7759             ; [CPU_FPU] |56| 
         00000253 7880 
    1307                      .dwpsn  file "../sources/fcl_cla_code_dm.cla",line 57,column 13,is_stmt,isa 0
    1308                      ; branch occurs ; [] |57| 
    1309 00000254       $C$L24:    
    1310                      .dwpsn  file "../sources/fcl_cla_code_dm.cla",line 50,column 13,is_stmt,isa 0
    1311 00000254 3F60          MMOVIZ    MR0,#16224            ; [CPU_FPU] |50| 
         00000255 7840 
    1312 00000256 2DE0          MMOVXI    MR0,#11744            ; [CPU_FPU] |50| 
         00000257 7880 
    1313 00000258       $C$L25:    
    1314                      .dwpsn  file "../sources/fcl_cla_code_dm.cla",line 181,column 13,is_stmt,isa 0
    1315 00000258 0043!         MUI16TOF32 MR1,@fclVars+67      ; [CPU_FPU] |181| 
         00000259 7550 
    1316 0000025a 0007          MEINVF32  MR3,MR1               ; [CPU_FPU] |181| 
         0000025b 7F00 
    1317 0000025c 0036          MMPYF32   MR2,MR1,MR3           ; [CPU_FPU] |181| 
         0000025d 7C00 
    1318 0000025e 0048!         MMOV16    MAR0,@fclVars+72      ; [CPU_FPU] |181| 
         0000025f 7600 
    1319 00000260 4000          MSUBF32   MR2,#16384,MR2        ; [CPU_FPU] |181| 
         00000261 780A 
    1320 00000262 003B          MMPYF32   MR3,MR2,MR3           ; [CPU_FPU] |181| 
         00000263 7C00 
    1321 00000264 001E          MMPYF32   MR2,MR3,MR1           ; [CPU_FPU] |181| 
         00000265 7C00 
    1322 00000266 4000          MSUBF32   MR2,#16384,MR2        ; [CPU_FPU] |181| 
         00000267 780A 
    1323 00000268 0042!         MUI16TOF32 MR1,@fclVars+66      ; [CPU_FPU] |181| 
         00000269 7550 
    1324 0000026a 4080          MMPYF32   MR1,MR1,#16512        ; [CPU_FPU] |181| 
         0000026b 7785 
    1325 0000026c 003B          MMPYF32   MR3,MR2,MR3           ; [CPU_FPU] |181| 
         0000026d 7C00 
    1326 0000026e 000E          MMPYF32   MR2,MR3,MR0           ; [CPU_FPU] |181| 
         0000026f 7C00 
    1327 00000270 0019          MMPYF32   MR1,MR2,MR1           ; [CPU_FPU] |181| 
         00000271 7C00 
TMS320C2000 Assembler PC v22.6.2 Fri Apr  3 17:22:04 2026

Copyright (c) 1996-2018 Texas Instruments Incorporated
fcl_cla_code_dm.asm                                                  PAGE   38

    1328 00000272 0005          MF32TOUI32 MR1,MR1              ; [CPU_FPU] |181| 
         00000273 7DA0 
    1329 00000274 0000          MMOV32    *MAR0,MR1             ; [CPU_FPU] |181| 
         00000275 74D1 
    1330                      .dwpsn  file "../sources/fcl_cla_code_dm.cla",line 182,column 13,is_stmt,isa 0
    1331 00000276 0400          MMOVXI    MR1,#1024             ; [CPU_FPU] |182| 
         00000277 7881 
    1332 00000278 001A          MMOV16    *MAR0+[#26],MR1       ; [CPU_FPU] |182| 
         00000279 75D5 
    1333 0000027a 0000          MNOP      ; [CPU_FPU] 
         0000027b 7FA0 
    1334 0000027c 0000          MNOP      ; [CPU_FPU] 
         0000027d 7FA0 
    1335                      .dwpsn  file "../sources/fcl_cla_code_dm.cla",line 183,column 13,is_stmt,isa 0
    1336 0000027e FCFF          MMOVXI    MR2,#64767            ; [CPU_FPU] |183| 
         0000027f 7882 
    1337 00000280 0015          MMOVZ16   MR1,*MAR0+[#21]       ; [CPU_FPU] |183| 
         00000281 7595 
    1338 00000282 0019          MAND32    MR1,MR2,MR1           ; [CPU_FPU] |183| 
         00000283 7C60 
    1339 00000284 0015          MMOV16    *MAR0+[#21],MR1       ; [CPU_FPU] |183| 
         00000285 75D5 
    1340                      .dwpsn  file "../sources/fcl_cla_code_dm.cla",line 185,column 13,is_stmt,isa 0
    1341 00000286 0012!         MMOV32    @fclVars+18,MR0       ; [CPU_FPU] |185| 
         00000287 74C0 
    1342                      .dwpsn  file "../sources/fcl_cla_code_dm.cla",line 188,column 13,is_stmt,isa 0
    1343 00000288 0002          MMOVXI    MR0,#2                ; [CPU_FPU] |188| 
         00000289 7880 
    1344 0000028a 0070          MBCNDD    $C$L30,UNC            ; [CPU_FPU] 
         0000028b 798E 
    1345 0000028c 0000!         MMOV16    @uvwStateMachine,MR0  ; [CPU_FPU] |188| 
         0000028d 75C0 
    1346 0000028e 0000          MNOP      ; [CPU_FPU] 
         0000028f 7FA0 
    1347 00000290 0000          MNOP      ; [CPU_FPU] 
         00000291 7FA0 
    1348                      ; branch occurs ; [] 
    1349 00000292       $C$L26:    
    1350                      .dwpsn  file "../sources/fcl_cla_code_dm.cla",line 150,column 13,is_stmt,isa 0
    1351 00000292 0000          MEALLOW   ; [CPU_FPU] |150| 
         00000293 7F90 
    1352                      .dwpsn  file "../sources/fcl_cla_code_dm.cla",line 151,column 13,is_stmt,isa 0
    1353 00000294 0048!         MMOV16    MAR0,@fclVars+72      ; [CPU_FPU] |151| 
         00000295 7600 
    1354 00000296 0000          MNOP      ; [CPU_FPU] 
         00000297 7FA0 
    1355 00000298 0000          MMOVIZ    MR1,#0                ; [CPU_FPU] |151| 
         00000299 7841 
    1356 0000029a 0400          MMOVXI    MR1,#1024             ; [CPU_FPU] |151| 
         0000029b 7881 
    1357 0000029c 0019          MMOVZ16   MR0,*MAR0+[#25]       ; [CPU_FPU] |151| 
         0000029d 7585 
    1358 0000029e 0005          MAND32    MR1,MR1,MR0           ; [CPU_FPU] |151| 
         0000029f 7C60 
    1359 000002a0 0000          MMOVIZ    MR0,#0                ; [CPU_FPU] |151| 
TMS320C2000 Assembler PC v22.6.2 Fri Apr  3 17:22:04 2026

Copyright (c) 1996-2018 Texas Instruments Incorporated
fcl_cla_code_dm.asm                                                  PAGE   39

         000002a1 7840 
    1360 000002a2 0004          MCMP32    MR0,MR1               ; [CPU_FPU] |151| 
         000002a3 7F20 
    1361 000002a4 0000          MNOP      ; [CPU_FPU] 
         000002a5 7FA0 
    1362 000002a6 0000          MNOP      ; [CPU_FPU] 
         000002a7 7FA0 
    1363 000002a8 0000          MNOP      ; [CPU_FPU] 
         000002a9 7FA0 
    1364 000002aa 0030          MBCNDD    $C$L28,EQ             ; [CPU_FPU] |151| 
         000002ab 7981 
    1365 000002ac 0000          MNOP      ; [CPU_FPU] 
         000002ad 7FA0 
    1366 000002ae 0000          MNOP      ; [CPU_FPU] 
         000002af 7FA0 
    1367 000002b0 0000          MNOP      ; [CPU_FPU] 
         000002b1 7FA0 
    1368                      ; branchcc occurs ; [] |151| 
    1369                      .dwpsn  file "../sources/fcl_cla_code_dm.cla",line 155,column 17,is_stmt,isa 0
    1370 000002b2 0000          MMOVIZ    MR0,#0                ; [CPU_FPU] |155| 
         000002b3 7840 
    1371 000002b4 07BD          MMOVXI    MR0,#1981             ; [CPU_FPU] |155| 
         000002b5 7880 
    1372 000002b6 0002          MMOV32    *MAR0+[#2],MR0        ; [CPU_FPU] |155| 
         000002b7 74C5 
    1373 000002b8 0000          MNOP      ; [CPU_FPU] 
         000002b9 7FA0 
    1374 000002ba 0000          MNOP      ; [CPU_FPU] 
         000002bb 7FA0 
    1375                      .dwpsn  file "../sources/fcl_cla_code_dm.cla",line 156,column 17,is_stmt,isa 0
    1376 000002bc 0200          MMOVXI    MR1,#512              ; [CPU_FPU] |156| 
         000002bd 7881 
    1377 000002be 0015          MMOVZ16   MR0,*MAR0+[#21]       ; [CPU_FPU] |156| 
         000002bf 7585 
    1378 000002c0 0004          MOR32     MR0,MR1,MR0           ; [CPU_FPU] |156| 
         000002c1 7C80 
    1379 000002c2 0015          MMOV16    *MAR0+[#21],MR0       ; [CPU_FPU] |156| 
         000002c3 75C5 
    1380                      .dwpsn  file "../sources/fcl_cla_code_dm.cla",line 157,column 17,is_stmt,isa 0
    1381 000002c4 0400          MMOVXI    MR0,#1024             ; [CPU_FPU] |157| 
         000002c5 7880 
    1382 000002c6 001A          MMOV16    *MAR0+[#26],MR0       ; [CPU_FPU] |157| 
         000002c7 75C5 
    1383                      .dwpsn  file "../sources/fcl_cla_code_dm.cla",line 160,column 17,is_stmt,isa 0
    1384 000002c8 0003          MMOVXI    MR0,#3                ; [CPU_FPU] |160| 
         000002c9 7880 
    1385 000002ca 0000!         MMOV16    @uvwStateMachine,MR0  ; [CPU_FPU] |160| 
         000002cb 75C0 
    1386 000002cc 000E          MBCNDD    $C$L28,UNC            ; [CPU_FPU] 
         000002cd 798E 
    1387 000002ce 0000          MNOP      ; [CPU_FPU] 
         000002cf 7FA0 
    1388 000002d0 0000          MNOP      ; [CPU_FPU] 
         000002d1 7FA0 
    1389 000002d2 0000          MNOP      ; [CPU_FPU] 
TMS320C2000 Assembler PC v22.6.2 Fri Apr  3 17:22:04 2026

Copyright (c) 1996-2018 Texas Instruments Incorporated
fcl_cla_code_dm.asm                                                  PAGE   40

         000002d3 7FA0 
    1390                      ; branch occurs ; [] 
    1391 000002d4       $C$L27:    
    1392                      .dwpsn  file "../sources/fcl_cla_code_dm.cla",line 142,column 13,is_stmt,isa 0
    1393 000002d4 0048!         MMOV16    MAR0,@fclVars+72      ; [CPU_FPU] |142| 
         000002d5 7600 
    1394 000002d6 0000          MNOP      ; [CPU_FPU] 
         000002d7 7FA0 
    1395 000002d8 0000          MNOP      ; [CPU_FPU] 
         000002d9 7FA0 
    1396 000002da       $C$L28:    
    1397 000002da 0040!         MMOV32    MR0,@fclVars+64       ; [CPU_FPU] |142| 
         000002db 73C0 
    1398 000002dc 000C          MUI32TOF32 MR1,*MAR0+[#12]      ; [CPU_FPU] |142| 
         000002dd 7495 
    1399 000002de 0004          MMPYF32   MR0,MR1,MR0           ; [CPU_FPU] |142| 
         000002df 7C00 
    1400 000002e0 0038!         MMOV32    @fclVars+56,MR0       ; [CPU_FPU] |142| 
         000002e1 74C0 
    1401 000002e2 0000          MNOP      ; [CPU_FPU] 
         000002e3 7FA0 
    1402 000002e4 0000          MNOP      ; [CPU_FPU] 
         000002e5 7FA0 
    1403                      .dwpsn  file "../sources/fcl_cla_code_dm.cla",line 143,column 13,is_stmt,isa 0
    1404 000002e6 0043!         MUI16TOF32 MR0,@fclVars+67      ; [CPU_FPU] |143| 
         000002e7 7540 
    1405 000002e8 0038!         MMOV32    MR1,@fclVars+56       ; [CPU_FPU] |143| 
         000002e9 73D0 
    1406 000002ea 0004          MMPYF32   MR0,MR1,MR0           ; [CPU_FPU] |143| 
         000002eb 7C00 
    1407                      .dwpsn  file "../sources/fcl_cla_code_dm.cla",line 144,column 13,is_stmt,isa 0
    1408 000002ec 0001          MF32TOI32 MR1,MR0               ; [CPU_FPU] |144| 
         000002ed 7D60 
    1409 000002ee 0005          MI32TOF32 MR1,MR1               ; [CPU_FPU] |144| 
         000002ef 7D80 
    1410                      .dwpsn  file "../sources/fcl_cla_code_dm.cla",line 143,column 13,is_stmt,isa 0
    1411              
    1412 000002f0 0036!         MSUBF32   MR0,MR0,MR1           ; [CPU_FPU] |144| 
         000002f1 6400 
    1413              ||      MMOV32    @fclVars+54,MR0       ; [CPU_FPU] |143| 
    1414              
    1415                      .dwpsn  file "../sources/fcl_cla_code_dm.cla",line 144,column 13,is_stmt,isa 0
    1416 000002f2 0036!         MMOV32    @fclVars+54,MR0       ; [CPU_FPU] |144| 
         000002f3 74C0 
    1417 000002f4 0000          MNOP      ; [CPU_FPU] 
         000002f5 7FA0 
    1418 000002f6 0000          MNOP      ; [CPU_FPU] 
         000002f7 7FA0 
    1419 000002f8       $C$L29:    
    1420                      .dwpsn  file "../sources/fcl_cla_code_dm.cla",line 145,column 13,is_stmt,isa 0
    1421 000002f8 0012!         MMOV32    @fclVars+18,MR0       ; [CPU_FPU] |145| 
         000002f9 74C0 
    1422 000002fa       $C$L30:    
    1423 000002fa 0000          MNOP      ; [CPU_FPU] 
         000002fb 7FA0 
TMS320C2000 Assembler PC v22.6.2 Fri Apr  3 17:22:04 2026

Copyright (c) 1996-2018 Texas Instruments Incorporated
fcl_cla_code_dm.asm                                                  PAGE   41

    1424 000002fc 0000          MNOP      ; [CPU_FPU] 
         000002fd 7FA0 
    1425 000002fe 0000          MNOP      ; [CPU_FPU] 
         000002ff 7FA0 
    1426              $C$DW$24        .dwtag  DW_TAG_TI_branch
    1427                      .dwattr $C$DW$24, DW_AT_low_pc(0x00)
    1428                      .dwattr $C$DW$24, DW_AT_TI_return
    1429              
    1430 00000300 0000          MSTOP     ; [CPU_FPU] 
         00000301 7F80 
    1431                      ; ireturn occurs ; [] 
    1432                      .dwattr $C$DW$18, DW_AT_TI_end_file("../sources/fcl_cla_code_dm.cla")
    1433                      .dwattr $C$DW$18, DW_AT_TI_end_line(0x149)
    1434                      .dwattr $C$DW$18, DW_AT_TI_end_column(0x01)
    1435                      .dwendentry
    1436                      .dwendtag $C$DW$18
    1437              
    1438              ;**************************************************************
    1439              ;* UNDEFINED EXTERNAL REFERENCES                              *
    1440              ;**************************************************************
    1441                      .global fclVars
    1442                      .global startModel
    1443                      .global uvwStateMachine
    1444                      .dwattr $C$DW$CU, DW_AT_language(DW_LANG_C)
    1445              
    1446              ;***************************************************************
    1447              ;* DWARF CIE ENTRIES                                           *
    1448              ;***************************************************************
    1449              
    1450              $C$DW$CIE       .dwcie 7
    1451                      .dwcfi  cfa_register, 10
    1452                      .dwcfi  cfa_offset, 0
    1453                      .dwcfi  same_value, 5
    1454                      .dwendentry
    1455                      .dwendtag $C$DW$CU
    1456              
    1457              
    1458              ;***************************************************************
    1459              ;* TYPE INFORMATION                                            *
    1460              ;***************************************************************
    1461              
    1462              $C$DW$TU$42     .dwtag  DW_TAG_type_unit
    1463                      .dwmtype  $C$DW$T$42
    1464              
    1465              $C$DW$T$42      .dwtag  DW_TAG_enumeration_type
    1466                      .dwattr $C$DW$T$42, DW_AT_byte_size(0x02)
    1467              $C$DW$25        .dwtag  DW_TAG_enumerator
    1468                      .dwattr $C$DW$25, DW_AT_name("ENC_ALIGNMENT")
    1469                      .dwattr $C$DW$25, DW_AT_const_value(0x00)
    1470                      .dwattr $C$DW$25, DW_AT_decl_file("C:/TI/C2000Ware_MotorControl_SDK_5_04_00_00/libraries/position_sen
    1471                      .dwattr $C$DW$25, DW_AT_decl_line(0x40)
    1472                      .dwattr $C$DW$25, DW_AT_decl_column(0x05)
    1473              
    1474              $C$DW$26        .dwtag  DW_TAG_enumerator
    1475                      .dwattr $C$DW$26, DW_AT_name("ENC_WAIT_FOR_INDEX")
TMS320C2000 Assembler PC v22.6.2 Fri Apr  3 17:22:04 2026

Copyright (c) 1996-2018 Texas Instruments Incorporated
fcl_cla_code_dm.asm                                                  PAGE   42

    1476                      .dwattr $C$DW$26, DW_AT_const_value(0x01)
    1477                      .dwattr $C$DW$26, DW_AT_decl_file("C:/TI/C2000Ware_MotorControl_SDK_5_04_00_00/libraries/position_sen
    1478                      .dwattr $C$DW$26, DW_AT_decl_line(0x41)
    1479                      .dwattr $C$DW$26, DW_AT_decl_column(0x05)
    1480              
    1481              $C$DW$27        .dwtag  DW_TAG_enumerator
    1482                      .dwattr $C$DW$27, DW_AT_name("ENC_CALIBRATION_DONE")
    1483                      .dwattr $C$DW$27, DW_AT_const_value(0x02)
    1484                      .dwattr $C$DW$27, DW_AT_decl_file("C:/TI/C2000Ware_MotorControl_SDK_5_04_00_00/libraries/position_sen
    1485                      .dwattr $C$DW$27, DW_AT_decl_line(0x42)
    1486                      .dwattr $C$DW$27, DW_AT_decl_column(0x05)
    1487              
    1488                      .dwattr $C$DW$T$42, DW_AT_decl_file("C:/TI/C2000Ware_MotorControl_SDK_5_04_00_00/libraries/position_s
    1489                      .dwattr $C$DW$T$42, DW_AT_decl_line(0x3f)
    1490                      .dwattr $C$DW$T$42, DW_AT_decl_column(0x01)
    1491                      .dwendtag $C$DW$T$42
    1492              
    1493                      .dwendtag $C$DW$TU$42
    1494              
    1495              
    1496              $C$DW$TU$43     .dwtag  DW_TAG_type_unit
    1497                      .dwmtype  $C$DW$T$43
    1498              $C$DW$T$43      .dwtag  DW_TAG_typedef
    1499                      .dwattr $C$DW$T$43, DW_AT_name("ENC_Status_e")
    1500                      .dwattr $C$DW$T$43, DW_AT_type(*$C$DW$T$42)
    1501                      .dwattr $C$DW$T$43, DW_AT_decl_file("C:/TI/C2000Ware_MotorControl_SDK_5_04_00_00/libraries/position_s
    1502                      .dwattr $C$DW$T$43, DW_AT_decl_line(0x43)
    1503                      .dwattr $C$DW$T$43, DW_AT_decl_column(0x03)
    1504              
    1505                      .dwendtag $C$DW$TU$43
    1506              
    1507              
    1508              $C$DW$TU$20     .dwtag  DW_TAG_type_unit
    1509                      .dwmtype  $C$DW$T$20
    1510              
    1511              $C$DW$T$20      .dwtag  DW_TAG_structure_type
    1512                      .dwattr $C$DW$T$20, DW_AT_byte_size(0x0c)
    1513              $C$DW$28        .dwtag  DW_TAG_member
    1514                      .dwattr $C$DW$28, DW_AT_type(*$C$DW$T$19)
    1515                      .dwattr $C$DW$28, DW_AT_name("Freq")
    1516                      .dwattr $C$DW$28, DW_AT_accessibility(DW_ACCESS_public)
    1517                      .dwattr $C$DW$28, DW_AT_decl_file("C:/TI/C2000Ware_MotorControl_SDK_5_04_00_00/libraries/utilities/ma
    1518                      .dwattr $C$DW$28, DW_AT_decl_line(0x25)
    1519                      .dwattr $C$DW$28, DW_AT_decl_column(0x1d)
    1520              
    1521              $C$DW$29        .dwtag  DW_TAG_member
    1522                      .dwattr $C$DW$29, DW_AT_type(*$C$DW$T$19)
    1523                      .dwattr $C$DW$29, DW_AT_name("StepAngleMax")
    1524                      .dwattr $C$DW$29, DW_AT_data_member_location[DW_OP_plus_uconst 0x2]
    1525                      .dwattr $C$DW$29, DW_AT_accessibility(DW_ACCESS_public)
    1526                      .dwattr $C$DW$29, DW_AT_decl_file("C:/TI/C2000Ware_MotorControl_SDK_5_04_00_00/libraries/utilities/ma
    1527                      .dwattr $C$DW$29, DW_AT_decl_line(0x26)
    1528                      .dwattr $C$DW$29, DW_AT_decl_column(0x1d)
    1529              
    1530              $C$DW$30        .dwtag  DW_TAG_member
TMS320C2000 Assembler PC v22.6.2 Fri Apr  3 17:22:04 2026

Copyright (c) 1996-2018 Texas Instruments Incorporated
fcl_cla_code_dm.asm                                                  PAGE   43

    1531                      .dwattr $C$DW$30, DW_AT_type(*$C$DW$T$19)
    1532                      .dwattr $C$DW$30, DW_AT_name("Angle")
    1533                      .dwattr $C$DW$30, DW_AT_data_member_location[DW_OP_plus_uconst 0x4]
    1534                      .dwattr $C$DW$30, DW_AT_accessibility(DW_ACCESS_public)
    1535                      .dwattr $C$DW$30, DW_AT_decl_file("C:/TI/C2000Ware_MotorControl_SDK_5_04_00_00/libraries/utilities/ma
    1536                      .dwattr $C$DW$30, DW_AT_decl_line(0x27)
    1537                      .dwattr $C$DW$30, DW_AT_decl_column(0x1d)
    1538              
    1539              $C$DW$31        .dwtag  DW_TAG_member
    1540                      .dwattr $C$DW$31, DW_AT_type(*$C$DW$T$19)
    1541                      .dwattr $C$DW$31, DW_AT_name("Gain")
    1542                      .dwattr $C$DW$31, DW_AT_data_member_location[DW_OP_plus_uconst 0x6]
    1543                      .dwattr $C$DW$31, DW_AT_accessibility(DW_ACCESS_public)
    1544                      .dwattr $C$DW$31, DW_AT_decl_file("C:/TI/C2000Ware_MotorControl_SDK_5_04_00_00/libraries/utilities/ma
    1545                      .dwattr $C$DW$31, DW_AT_decl_line(0x28)
    1546                      .dwattr $C$DW$31, DW_AT_decl_column(0x1d)
    1547              
    1548              $C$DW$32        .dwtag  DW_TAG_member
    1549                      .dwattr $C$DW$32, DW_AT_type(*$C$DW$T$19)
    1550                      .dwattr $C$DW$32, DW_AT_name("Out")
    1551                      .dwattr $C$DW$32, DW_AT_data_member_location[DW_OP_plus_uconst 0x8]
    1552                      .dwattr $C$DW$32, DW_AT_accessibility(DW_ACCESS_public)
    1553                      .dwattr $C$DW$32, DW_AT_decl_file("C:/TI/C2000Ware_MotorControl_SDK_5_04_00_00/libraries/utilities/ma
    1554                      .dwattr $C$DW$32, DW_AT_decl_line(0x29)
    1555                      .dwattr $C$DW$32, DW_AT_decl_column(0x1d)
    1556              
    1557              $C$DW$33        .dwtag  DW_TAG_member
    1558                      .dwattr $C$DW$33, DW_AT_type(*$C$DW$T$19)
    1559                      .dwattr $C$DW$33, DW_AT_name("Offset")
    1560                      .dwattr $C$DW$33, DW_AT_data_member_location[DW_OP_plus_uconst 0xa]
    1561                      .dwattr $C$DW$33, DW_AT_accessibility(DW_ACCESS_public)
    1562                      .dwattr $C$DW$33, DW_AT_decl_file("C:/TI/C2000Ware_MotorControl_SDK_5_04_00_00/libraries/utilities/ma
    1563                      .dwattr $C$DW$33, DW_AT_decl_line(0x2a)
    1564                      .dwattr $C$DW$33, DW_AT_decl_column(0x1d)
    1565              
    1566                      .dwattr $C$DW$T$20, DW_AT_decl_file("C:/TI/C2000Ware_MotorControl_SDK_5_04_00_00/libraries/utilities/
    1567                      .dwattr $C$DW$T$20, DW_AT_decl_line(0x25)
    1568                      .dwattr $C$DW$T$20, DW_AT_decl_column(0x10)
    1569                      .dwendtag $C$DW$T$20
    1570              
    1571                      .dwendtag $C$DW$TU$20
    1572              
    1573              
    1574              $C$DW$TU$45     .dwtag  DW_TAG_type_unit
    1575                      .dwmtype  $C$DW$T$45
    1576              $C$DW$T$45      .dwtag  DW_TAG_typedef
    1577                      .dwattr $C$DW$T$45, DW_AT_name("RAMP_GEN_CLA")
    1578                      .dwattr $C$DW$T$45, DW_AT_type(*$C$DW$T$20)
    1579                      .dwattr $C$DW$T$45, DW_AT_decl_file("C:/TI/C2000Ware_MotorControl_SDK_5_04_00_00/libraries/utilities/
    1580                      .dwattr $C$DW$T$45, DW_AT_decl_line(0x2b)
    1581                      .dwattr $C$DW$T$45, DW_AT_decl_column(0x0d)
    1582              
    1583                      .dwendtag $C$DW$TU$45
    1584              
    1585              
TMS320C2000 Assembler PC v22.6.2 Fri Apr  3 17:22:04 2026

Copyright (c) 1996-2018 Texas Instruments Incorporated
fcl_cla_code_dm.asm                                                  PAGE   44

    1586              $C$DW$TU$21     .dwtag  DW_TAG_type_unit
    1587                      .dwmtype  $C$DW$T$21
    1588              
    1589              $C$DW$T$21      .dwtag  DW_TAG_structure_type
    1590                      .dwattr $C$DW$T$21, DW_AT_byte_size(0x16)
    1591              $C$DW$34        .dwtag  DW_TAG_member
    1592                      .dwattr $C$DW$34, DW_AT_type(*$C$DW$T$19)
    1593                      .dwattr $C$DW$34, DW_AT_name("ref")
    1594                      .dwattr $C$DW$34, DW_AT_accessibility(DW_ACCESS_public)
    1595                      .dwattr $C$DW$34, DW_AT_decl_file("C:\TI\C2000Ware_MotorControl_SDK_5_04_00_00\libraries\fcl\include\
    1596                      .dwattr $C$DW$34, DW_AT_decl_line(0x18)
    1597                      .dwattr $C$DW$34, DW_AT_decl_column(0x10)
    1598              
    1599              $C$DW$35        .dwtag  DW_TAG_member
    1600                      .dwattr $C$DW$35, DW_AT_type(*$C$DW$T$19)
    1601                      .dwattr $C$DW$35, DW_AT_name("fbk")
    1602                      .dwattr $C$DW$35, DW_AT_data_member_location[DW_OP_plus_uconst 0x2]
    1603                      .dwattr $C$DW$35, DW_AT_accessibility(DW_ACCESS_public)
    1604                      .dwattr $C$DW$35, DW_AT_decl_file("C:\TI\C2000Ware_MotorControl_SDK_5_04_00_00\libraries\fcl\include\
    1605                      .dwattr $C$DW$35, DW_AT_decl_line(0x19)
    1606                      .dwattr $C$DW$35, DW_AT_decl_column(0x10)
    1607              
    1608              $C$DW$36        .dwtag  DW_TAG_member
    1609                      .dwattr $C$DW$36, DW_AT_type(*$C$DW$T$19)
    1610                      .dwattr $C$DW$36, DW_AT_name("err")
    1611                      .dwattr $C$DW$36, DW_AT_data_member_location[DW_OP_plus_uconst 0x4]
    1612                      .dwattr $C$DW$36, DW_AT_accessibility(DW_ACCESS_public)
    1613                      .dwattr $C$DW$36, DW_AT_decl_file("C:\TI\C2000Ware_MotorControl_SDK_5_04_00_00\libraries\fcl\include\
    1614                      .dwattr $C$DW$36, DW_AT_decl_line(0x1a)
    1615                      .dwattr $C$DW$36, DW_AT_decl_column(0x10)
    1616              
    1617              $C$DW$37        .dwtag  DW_TAG_member
    1618                      .dwattr $C$DW$37, DW_AT_type(*$C$DW$T$19)
    1619                      .dwattr $C$DW$37, DW_AT_name("out")
    1620                      .dwattr $C$DW$37, DW_AT_data_member_location[DW_OP_plus_uconst 0x6]
    1621                      .dwattr $C$DW$37, DW_AT_accessibility(DW_ACCESS_public)
    1622                      .dwattr $C$DW$37, DW_AT_decl_file("C:\TI\C2000Ware_MotorControl_SDK_5_04_00_00\libraries\fcl\include\
    1623                      .dwattr $C$DW$37, DW_AT_decl_line(0x1b)
    1624                      .dwattr $C$DW$37, DW_AT_decl_column(0x10)
    1625              
    1626              $C$DW$38        .dwtag  DW_TAG_member
    1627                      .dwattr $C$DW$38, DW_AT_type(*$C$DW$T$19)
    1628                      .dwattr $C$DW$38, DW_AT_name("carryOver")
    1629                      .dwattr $C$DW$38, DW_AT_data_member_location[DW_OP_plus_uconst 0x8]
    1630                      .dwattr $C$DW$38, DW_AT_accessibility(DW_ACCESS_public)
    1631                      .dwattr $C$DW$38, DW_AT_decl_file("C:\TI\C2000Ware_MotorControl_SDK_5_04_00_00\libraries\fcl\include\
    1632                      .dwattr $C$DW$38, DW_AT_decl_line(0x1c)
    1633                      .dwattr $C$DW$38, DW_AT_decl_column(0x10)
    1634              
    1635              $C$DW$39        .dwtag  DW_TAG_member
    1636                      .dwattr $C$DW$39, DW_AT_type(*$C$DW$T$19)
    1637                      .dwattr $C$DW$39, DW_AT_name("Kp")
    1638                      .dwattr $C$DW$39, DW_AT_data_member_location[DW_OP_plus_uconst 0xa]
    1639                      .dwattr $C$DW$39, DW_AT_accessibility(DW_ACCESS_public)
    1640                      .dwattr $C$DW$39, DW_AT_decl_file("C:\TI\C2000Ware_MotorControl_SDK_5_04_00_00\libraries\fcl\include\
TMS320C2000 Assembler PC v22.6.2 Fri Apr  3 17:22:04 2026

Copyright (c) 1996-2018 Texas Instruments Incorporated
fcl_cla_code_dm.asm                                                  PAGE   45

    1641                      .dwattr $C$DW$39, DW_AT_decl_line(0x1d)
    1642                      .dwattr $C$DW$39, DW_AT_decl_column(0x10)
    1643              
    1644              $C$DW$40        .dwtag  DW_TAG_member
    1645                      .dwattr $C$DW$40, DW_AT_type(*$C$DW$T$19)
    1646                      .dwattr $C$DW$40, DW_AT_name("Ki")
    1647                      .dwattr $C$DW$40, DW_AT_data_member_location[DW_OP_plus_uconst 0xc]
    1648                      .dwattr $C$DW$40, DW_AT_accessibility(DW_ACCESS_public)
    1649                      .dwattr $C$DW$40, DW_AT_decl_file("C:\TI\C2000Ware_MotorControl_SDK_5_04_00_00\libraries\fcl\include\
    1650                      .dwattr $C$DW$40, DW_AT_decl_line(0x1e)
    1651                      .dwattr $C$DW$40, DW_AT_decl_column(0x10)
    1652              
    1653              $C$DW$41        .dwtag  DW_TAG_member
    1654                      .dwattr $C$DW$41, DW_AT_type(*$C$DW$T$19)
    1655                      .dwattr $C$DW$41, DW_AT_name("Kerr")
    1656                      .dwattr $C$DW$41, DW_AT_data_member_location[DW_OP_plus_uconst 0xe]
    1657                      .dwattr $C$DW$41, DW_AT_accessibility(DW_ACCESS_public)
    1658                      .dwattr $C$DW$41, DW_AT_decl_file("C:\TI\C2000Ware_MotorControl_SDK_5_04_00_00\libraries\fcl\include\
    1659                      .dwattr $C$DW$41, DW_AT_decl_line(0x1f)
    1660                      .dwattr $C$DW$41, DW_AT_decl_column(0x10)
    1661              
    1662              $C$DW$42        .dwtag  DW_TAG_member
    1663                      .dwattr $C$DW$42, DW_AT_type(*$C$DW$T$19)
    1664                      .dwattr $C$DW$42, DW_AT_name("KerrOld")
    1665                      .dwattr $C$DW$42, DW_AT_data_member_location[DW_OP_plus_uconst 0x10]
    1666                      .dwattr $C$DW$42, DW_AT_accessibility(DW_ACCESS_public)
    1667                      .dwattr $C$DW$42, DW_AT_decl_file("C:\TI\C2000Ware_MotorControl_SDK_5_04_00_00\libraries\fcl\include\
    1668                      .dwattr $C$DW$42, DW_AT_decl_line(0x20)
    1669                      .dwattr $C$DW$42, DW_AT_decl_column(0x10)
    1670              
    1671              $C$DW$43        .dwtag  DW_TAG_member
    1672                      .dwattr $C$DW$43, DW_AT_type(*$C$DW$T$19)
    1673                      .dwattr $C$DW$43, DW_AT_name("Umax")
    1674                      .dwattr $C$DW$43, DW_AT_data_member_location[DW_OP_plus_uconst 0x12]
    1675                      .dwattr $C$DW$43, DW_AT_accessibility(DW_ACCESS_public)
    1676                      .dwattr $C$DW$43, DW_AT_decl_file("C:\TI\C2000Ware_MotorControl_SDK_5_04_00_00\libraries\fcl\include\
    1677                      .dwattr $C$DW$43, DW_AT_decl_line(0x21)
    1678                      .dwattr $C$DW$43, DW_AT_decl_column(0x10)
    1679              
    1680              $C$DW$44        .dwtag  DW_TAG_member
    1681                      .dwattr $C$DW$44, DW_AT_type(*$C$DW$T$19)
    1682                      .dwattr $C$DW$44, DW_AT_name("Umin")
    1683                      .dwattr $C$DW$44, DW_AT_data_member_location[DW_OP_plus_uconst 0x14]
    1684                      .dwattr $C$DW$44, DW_AT_accessibility(DW_ACCESS_public)
    1685                      .dwattr $C$DW$44, DW_AT_decl_file("C:\TI\C2000Ware_MotorControl_SDK_5_04_00_00\libraries\fcl\include\
    1686                      .dwattr $C$DW$44, DW_AT_decl_line(0x22)
    1687                      .dwattr $C$DW$44, DW_AT_decl_column(0x10)
    1688              
    1689                      .dwattr $C$DW$T$21, DW_AT_decl_file("C:\TI\C2000Ware_MotorControl_SDK_5_04_00_00\libraries\fcl\includ
    1690                      .dwattr $C$DW$T$21, DW_AT_decl_line(0x17)
    1691                      .dwattr $C$DW$T$21, DW_AT_decl_column(0x10)
    1692                      .dwendtag $C$DW$T$21
    1693              
    1694                      .dwendtag $C$DW$TU$21
    1695              
TMS320C2000 Assembler PC v22.6.2 Fri Apr  3 17:22:04 2026

Copyright (c) 1996-2018 Texas Instruments Incorporated
fcl_cla_code_dm.asm                                                  PAGE   46

    1696              
    1697              $C$DW$TU$46     .dwtag  DW_TAG_type_unit
    1698                      .dwmtype  $C$DW$T$46
    1699              $C$DW$T$46      .dwtag  DW_TAG_typedef
    1700                      .dwattr $C$DW$T$46, DW_AT_name("FCL_PIController_t")
    1701                      .dwattr $C$DW$T$46, DW_AT_type(*$C$DW$T$21)
    1702                      .dwattr $C$DW$T$46, DW_AT_decl_file("C:\TI\C2000Ware_MotorControl_SDK_5_04_00_00\libraries\fcl\includ
    1703                      .dwattr $C$DW$T$46, DW_AT_decl_line(0x23)
    1704                      .dwattr $C$DW$T$46, DW_AT_decl_column(0x03)
    1705              
    1706                      .dwendtag $C$DW$TU$46
    1707              
    1708              
    1709              $C$DW$TU$28     .dwtag  DW_TAG_type_unit
    1710                      .dwmtype  $C$DW$T$28
    1711              
    1712              $C$DW$T$28      .dwtag  DW_TAG_structure_type
    1713                      .dwattr $C$DW$T$28, DW_AT_byte_size(0x12)
    1714              $C$DW$45        .dwtag  DW_TAG_member
    1715                      .dwattr $C$DW$45, DW_AT_type(*$C$DW$T$19)
    1716                      .dwattr $C$DW$45, DW_AT_name("ElecTheta")
    1717                      .dwattr $C$DW$45, DW_AT_accessibility(DW_ACCESS_public)
    1718                      .dwattr $C$DW$45, DW_AT_decl_file("C:/TI/C2000Ware_MotorControl_SDK_5_04_00_00/libraries/position_sen
    1719                      .dwattr $C$DW$45, DW_AT_decl_line(0x1c)
    1720                      .dwattr $C$DW$45, DW_AT_decl_column(0x0f)
    1721              
    1722              $C$DW$46        .dwtag  DW_TAG_member
    1723                      .dwattr $C$DW$46, DW_AT_type(*$C$DW$T$19)
    1724                      .dwattr $C$DW$46, DW_AT_name("MechTheta")
    1725                      .dwattr $C$DW$46, DW_AT_data_member_location[DW_OP_plus_uconst 0x2]
    1726                      .dwattr $C$DW$46, DW_AT_accessibility(DW_ACCESS_public)
    1727                      .dwattr $C$DW$46, DW_AT_decl_file("C:/TI/C2000Ware_MotorControl_SDK_5_04_00_00/libraries/position_sen
    1728                      .dwattr $C$DW$46, DW_AT_decl_line(0x1d)
    1729                      .dwattr $C$DW$46, DW_AT_decl_column(0x0f)
    1730              
    1731              $C$DW$47        .dwtag  DW_TAG_member
    1732                      .dwattr $C$DW$47, DW_AT_type(*$C$DW$T$23)
    1733                      .dwattr $C$DW$47, DW_AT_name("DirectionQep")
    1734                      .dwattr $C$DW$47, DW_AT_data_member_location[DW_OP_plus_uconst 0x4]
    1735                      .dwattr $C$DW$47, DW_AT_accessibility(DW_ACCESS_public)
    1736                      .dwattr $C$DW$47, DW_AT_decl_file("C:/TI/C2000Ware_MotorControl_SDK_5_04_00_00/libraries/position_sen
    1737                      .dwattr $C$DW$47, DW_AT_decl_line(0x1e)
    1738                      .dwattr $C$DW$47, DW_AT_decl_column(0x0f)
    1739              
    1740              $C$DW$48        .dwtag  DW_TAG_member
    1741                      .dwattr $C$DW$48, DW_AT_type(*$C$DW$T$23)
    1742                      .dwattr $C$DW$48, DW_AT_name("QepPeriod")
    1743                      .dwattr $C$DW$48, DW_AT_data_member_location[DW_OP_plus_uconst 0x5]
    1744                      .dwattr $C$DW$48, DW_AT_accessibility(DW_ACCESS_public)
    1745                      .dwattr $C$DW$48, DW_AT_decl_file("C:/TI/C2000Ware_MotorControl_SDK_5_04_00_00/libraries/position_sen
    1746                      .dwattr $C$DW$48, DW_AT_decl_line(0x1f)
    1747                      .dwattr $C$DW$48, DW_AT_decl_column(0x0f)
    1748              
    1749              $C$DW$49        .dwtag  DW_TAG_member
    1750                      .dwattr $C$DW$49, DW_AT_type(*$C$DW$T$25)
TMS320C2000 Assembler PC v22.6.2 Fri Apr  3 17:22:04 2026

Copyright (c) 1996-2018 Texas Instruments Incorporated
fcl_cla_code_dm.asm                                                  PAGE   47

    1751                      .dwattr $C$DW$49, DW_AT_name("QepCountIndex")
    1752                      .dwattr $C$DW$49, DW_AT_data_member_location[DW_OP_plus_uconst 0x6]
    1753                      .dwattr $C$DW$49, DW_AT_accessibility(DW_ACCESS_public)
    1754                      .dwattr $C$DW$49, DW_AT_decl_file("C:/TI/C2000Ware_MotorControl_SDK_5_04_00_00/libraries/position_sen
    1755                      .dwattr $C$DW$49, DW_AT_decl_line(0x21)
    1756                      .dwattr $C$DW$49, DW_AT_decl_column(0x0f)
    1757              
    1758              $C$DW$50        .dwtag  DW_TAG_member
    1759                      .dwattr $C$DW$50, DW_AT_type(*$C$DW$T$27)
    1760                      .dwattr $C$DW$50, DW_AT_name("RawTheta")
    1761                      .dwattr $C$DW$50, DW_AT_data_member_location[DW_OP_plus_uconst 0x8]
    1762                      .dwattr $C$DW$50, DW_AT_accessibility(DW_ACCESS_public)
    1763                      .dwattr $C$DW$50, DW_AT_decl_file("C:/TI/C2000Ware_MotorControl_SDK_5_04_00_00/libraries/position_sen
    1764                      .dwattr $C$DW$50, DW_AT_decl_line(0x22)
    1765                      .dwattr $C$DW$50, DW_AT_decl_column(0x0f)
    1766              
    1767              $C$DW$51        .dwtag  DW_TAG_member
    1768                      .dwattr $C$DW$51, DW_AT_type(*$C$DW$T$19)
    1769                      .dwattr $C$DW$51, DW_AT_name("MechScaler")
    1770                      .dwattr $C$DW$51, DW_AT_data_member_location[DW_OP_plus_uconst 0xa]
    1771                      .dwattr $C$DW$51, DW_AT_accessibility(DW_ACCESS_public)
    1772                      .dwattr $C$DW$51, DW_AT_decl_file("C:/TI/C2000Ware_MotorControl_SDK_5_04_00_00/libraries/position_sen
    1773                      .dwattr $C$DW$51, DW_AT_decl_line(0x23)
    1774                      .dwattr $C$DW$51, DW_AT_decl_column(0x0f)
    1775              
    1776              $C$DW$52        .dwtag  DW_TAG_member
    1777                      .dwattr $C$DW$52, DW_AT_type(*$C$DW$T$23)
    1778                      .dwattr $C$DW$52, DW_AT_name("LineEncoder")
    1779                      .dwattr $C$DW$52, DW_AT_data_member_location[DW_OP_plus_uconst 0xc]
    1780                      .dwattr $C$DW$52, DW_AT_accessibility(DW_ACCESS_public)
    1781                      .dwattr $C$DW$52, DW_AT_decl_file("C:/TI/C2000Ware_MotorControl_SDK_5_04_00_00/libraries/position_sen
    1782                      .dwattr $C$DW$52, DW_AT_decl_line(0x24)
    1783                      .dwattr $C$DW$52, DW_AT_decl_column(0x0f)
    1784              
    1785              $C$DW$53        .dwtag  DW_TAG_member
    1786                      .dwattr $C$DW$53, DW_AT_type(*$C$DW$T$23)
    1787                      .dwattr $C$DW$53, DW_AT_name("PolePairs")
    1788                      .dwattr $C$DW$53, DW_AT_data_member_location[DW_OP_plus_uconst 0xd]
    1789                      .dwattr $C$DW$53, DW_AT_accessibility(DW_ACCESS_public)
    1790                      .dwattr $C$DW$53, DW_AT_decl_file("C:/TI/C2000Ware_MotorControl_SDK_5_04_00_00/libraries/position_sen
    1791                      .dwattr $C$DW$53, DW_AT_decl_line(0x25)
    1792                      .dwattr $C$DW$53, DW_AT_decl_column(0x0f)
    1793              
    1794              $C$DW$54        .dwtag  DW_TAG_member
    1795                      .dwattr $C$DW$54, DW_AT_type(*$C$DW$T$27)
    1796                      .dwattr $C$DW$54, DW_AT_name("CalibratedAngle")
    1797                      .dwattr $C$DW$54, DW_AT_data_member_location[DW_OP_plus_uconst 0xe]
    1798                      .dwattr $C$DW$54, DW_AT_accessibility(DW_ACCESS_public)
    1799                      .dwattr $C$DW$54, DW_AT_decl_file("C:/TI/C2000Ware_MotorControl_SDK_5_04_00_00/libraries/position_sen
    1800                      .dwattr $C$DW$54, DW_AT_decl_line(0x26)
    1801                      .dwattr $C$DW$54, DW_AT_decl_column(0x0f)
    1802              
    1803              $C$DW$55        .dwtag  DW_TAG_member
    1804                      .dwattr $C$DW$55, DW_AT_type(*$C$DW$T$23)
    1805                      .dwattr $C$DW$55, DW_AT_name("IndexSyncFlag")
TMS320C2000 Assembler PC v22.6.2 Fri Apr  3 17:22:04 2026

Copyright (c) 1996-2018 Texas Instruments Incorporated
fcl_cla_code_dm.asm                                                  PAGE   48

    1806                      .dwattr $C$DW$55, DW_AT_data_member_location[DW_OP_plus_uconst 0x10]
    1807                      .dwattr $C$DW$55, DW_AT_accessibility(DW_ACCESS_public)
    1808                      .dwattr $C$DW$55, DW_AT_decl_file("C:/TI/C2000Ware_MotorControl_SDK_5_04_00_00/libraries/position_sen
    1809                      .dwattr $C$DW$55, DW_AT_decl_line(0x28)
    1810                      .dwattr $C$DW$55, DW_AT_decl_column(0x0f)
    1811              
    1812                      .dwattr $C$DW$T$28, DW_AT_decl_file("C:/TI/C2000Ware_MotorControl_SDK_5_04_00_00/libraries/position_s
    1813                      .dwattr $C$DW$T$28, DW_AT_decl_line(0x1b)
    1814                      .dwattr $C$DW$T$28, DW_AT_decl_column(0x10)
    1815                      .dwendtag $C$DW$T$28
    1816              
    1817                      .dwendtag $C$DW$TU$28
    1818              
    1819              
    1820              $C$DW$TU$47     .dwtag  DW_TAG_type_unit
    1821                      .dwmtype  $C$DW$T$47
    1822              $C$DW$T$47      .dwtag  DW_TAG_typedef
    1823                      .dwattr $C$DW$T$47, DW_AT_name("QEP")
    1824                      .dwattr $C$DW$T$47, DW_AT_type(*$C$DW$T$28)
    1825                      .dwattr $C$DW$T$47, DW_AT_decl_file("C:/TI/C2000Ware_MotorControl_SDK_5_04_00_00/libraries/position_s
    1826                      .dwattr $C$DW$T$47, DW_AT_decl_line(0x29)
    1827                      .dwattr $C$DW$T$47, DW_AT_decl_column(0x03)
    1828              
    1829                      .dwendtag $C$DW$TU$47
    1830              
    1831              
    1832              $C$DW$TU$59     .dwtag  DW_TAG_type_unit
    1833                      .dwmtype  $C$DW$T$59
    1834              
    1835              $C$DW$T$59      .dwtag  DW_TAG_structure_type
    1836                      .dwattr $C$DW$T$59, DW_AT_name("EQEP_REGS")
    1837                      .dwattr $C$DW$T$59, DW_AT_byte_size(0x22)
    1838              $C$DW$56        .dwtag  DW_TAG_member
    1839                      .dwattr $C$DW$56, DW_AT_type(*$C$DW$T$58)
    1840                      .dwattr $C$DW$56, DW_AT_name("QPOSCNT")
    1841                      .dwattr $C$DW$56, DW_AT_accessibility(DW_ACCESS_public)
    1842                      .dwattr $C$DW$56, DW_AT_decl_file("C:\TI\C2000Ware_MotorControl_SDK_5_04_00_00\c2000ware\device_suppo
    1843                      .dwattr $C$DW$56, DW_AT_decl_line(0xdb)
    1844                      .dwattr $C$DW$56, DW_AT_decl_column(0x2e)
    1845              
    1846              $C$DW$57        .dwtag  DW_TAG_member
    1847                      .dwattr $C$DW$57, DW_AT_type(*$C$DW$T$58)
    1848                      .dwattr $C$DW$57, DW_AT_name("QPOSINIT")
    1849                      .dwattr $C$DW$57, DW_AT_data_member_location[DW_OP_plus_uconst 0x2]
    1850                      .dwattr $C$DW$57, DW_AT_accessibility(DW_ACCESS_public)
    1851                      .dwattr $C$DW$57, DW_AT_decl_file("C:\TI\C2000Ware_MotorControl_SDK_5_04_00_00\c2000ware\device_suppo
    1852                      .dwattr $C$DW$57, DW_AT_decl_line(0xdc)
    1853                      .dwattr $C$DW$57, DW_AT_decl_column(0x2e)
    1854              
    1855              $C$DW$58        .dwtag  DW_TAG_member
    1856                      .dwattr $C$DW$58, DW_AT_type(*$C$DW$T$58)
    1857                      .dwattr $C$DW$58, DW_AT_name("QPOSMAX")
    1858                      .dwattr $C$DW$58, DW_AT_data_member_location[DW_OP_plus_uconst 0x4]
    1859                      .dwattr $C$DW$58, DW_AT_accessibility(DW_ACCESS_public)
    1860                      .dwattr $C$DW$58, DW_AT_decl_file("C:\TI\C2000Ware_MotorControl_SDK_5_04_00_00\c2000ware\device_suppo
TMS320C2000 Assembler PC v22.6.2 Fri Apr  3 17:22:04 2026

Copyright (c) 1996-2018 Texas Instruments Incorporated
fcl_cla_code_dm.asm                                                  PAGE   49

    1861                      .dwattr $C$DW$58, DW_AT_decl_line(0xdd)
    1862                      .dwattr $C$DW$58, DW_AT_decl_column(0x2e)
    1863              
    1864              $C$DW$59        .dwtag  DW_TAG_member
    1865                      .dwattr $C$DW$59, DW_AT_type(*$C$DW$T$58)
    1866                      .dwattr $C$DW$59, DW_AT_name("QPOSCMP")
    1867                      .dwattr $C$DW$59, DW_AT_data_member_location[DW_OP_plus_uconst 0x6]
    1868                      .dwattr $C$DW$59, DW_AT_accessibility(DW_ACCESS_public)
    1869                      .dwattr $C$DW$59, DW_AT_decl_file("C:\TI\C2000Ware_MotorControl_SDK_5_04_00_00\c2000ware\device_suppo
    1870                      .dwattr $C$DW$59, DW_AT_decl_line(0xde)
    1871                      .dwattr $C$DW$59, DW_AT_decl_column(0x2e)
    1872              
    1873              $C$DW$60        .dwtag  DW_TAG_member
    1874                      .dwattr $C$DW$60, DW_AT_type(*$C$DW$T$58)
    1875                      .dwattr $C$DW$60, DW_AT_name("QPOSILAT")
    1876                      .dwattr $C$DW$60, DW_AT_data_member_location[DW_OP_plus_uconst 0x8]
    1877                      .dwattr $C$DW$60, DW_AT_accessibility(DW_ACCESS_public)
    1878                      .dwattr $C$DW$60, DW_AT_decl_file("C:\TI\C2000Ware_MotorControl_SDK_5_04_00_00\c2000ware\device_suppo
    1879                      .dwattr $C$DW$60, DW_AT_decl_line(0xdf)
    1880                      .dwattr $C$DW$60, DW_AT_decl_column(0x2e)
    1881              
    1882              $C$DW$61        .dwtag  DW_TAG_member
    1883                      .dwattr $C$DW$61, DW_AT_type(*$C$DW$T$58)
    1884                      .dwattr $C$DW$61, DW_AT_name("QPOSSLAT")
    1885                      .dwattr $C$DW$61, DW_AT_data_member_location[DW_OP_plus_uconst 0xa]
    1886                      .dwattr $C$DW$61, DW_AT_accessibility(DW_ACCESS_public)
    1887                      .dwattr $C$DW$61, DW_AT_decl_file("C:\TI\C2000Ware_MotorControl_SDK_5_04_00_00\c2000ware\device_suppo
    1888                      .dwattr $C$DW$61, DW_AT_decl_line(0xe0)
    1889                      .dwattr $C$DW$61, DW_AT_decl_column(0x2e)
    1890              
    1891              $C$DW$62        .dwtag  DW_TAG_member
    1892                      .dwattr $C$DW$62, DW_AT_type(*$C$DW$T$58)
    1893                      .dwattr $C$DW$62, DW_AT_name("QPOSLAT")
    1894                      .dwattr $C$DW$62, DW_AT_data_member_location[DW_OP_plus_uconst 0xc]
    1895                      .dwattr $C$DW$62, DW_AT_accessibility(DW_ACCESS_public)
    1896                      .dwattr $C$DW$62, DW_AT_decl_file("C:\TI\C2000Ware_MotorControl_SDK_5_04_00_00\c2000ware\device_suppo
    1897                      .dwattr $C$DW$62, DW_AT_decl_line(0xe1)
    1898                      .dwattr $C$DW$62, DW_AT_decl_column(0x2e)
    1899              
    1900              $C$DW$63        .dwtag  DW_TAG_member
    1901                      .dwattr $C$DW$63, DW_AT_type(*$C$DW$T$58)
    1902                      .dwattr $C$DW$63, DW_AT_name("QUTMR")
    1903                      .dwattr $C$DW$63, DW_AT_data_member_location[DW_OP_plus_uconst 0xe]
    1904                      .dwattr $C$DW$63, DW_AT_accessibility(DW_ACCESS_public)
    1905                      .dwattr $C$DW$63, DW_AT_decl_file("C:\TI\C2000Ware_MotorControl_SDK_5_04_00_00\c2000ware\device_suppo
    1906                      .dwattr $C$DW$63, DW_AT_decl_line(0xe2)
    1907                      .dwattr $C$DW$63, DW_AT_decl_column(0x2e)
    1908              
    1909              $C$DW$64        .dwtag  DW_TAG_member
    1910                      .dwattr $C$DW$64, DW_AT_type(*$C$DW$T$58)
    1911                      .dwattr $C$DW$64, DW_AT_name("QUPRD")
    1912                      .dwattr $C$DW$64, DW_AT_data_member_location[DW_OP_plus_uconst 0x10]
    1913                      .dwattr $C$DW$64, DW_AT_accessibility(DW_ACCESS_public)
    1914                      .dwattr $C$DW$64, DW_AT_decl_file("C:\TI\C2000Ware_MotorControl_SDK_5_04_00_00\c2000ware\device_suppo
    1915                      .dwattr $C$DW$64, DW_AT_decl_line(0xe3)
TMS320C2000 Assembler PC v22.6.2 Fri Apr  3 17:22:04 2026

Copyright (c) 1996-2018 Texas Instruments Incorporated
fcl_cla_code_dm.asm                                                  PAGE   50

    1916                      .dwattr $C$DW$64, DW_AT_decl_column(0x2e)
    1917              
    1918              $C$DW$65        .dwtag  DW_TAG_member
    1919                      .dwattr $C$DW$65, DW_AT_type(*$C$DW$T$29)
    1920                      .dwattr $C$DW$65, DW_AT_name("QWDTMR")
    1921                      .dwattr $C$DW$65, DW_AT_data_member_location[DW_OP_plus_uconst 0x12]
    1922                      .dwattr $C$DW$65, DW_AT_accessibility(DW_ACCESS_public)
    1923                      .dwattr $C$DW$65, DW_AT_decl_file("C:\TI\C2000Ware_MotorControl_SDK_5_04_00_00\c2000ware\device_suppo
    1924                      .dwattr $C$DW$65, DW_AT_decl_line(0xe4)
    1925                      .dwattr $C$DW$65, DW_AT_decl_column(0x2e)
    1926              
    1927              $C$DW$66        .dwtag  DW_TAG_member
    1928                      .dwattr $C$DW$66, DW_AT_type(*$C$DW$T$29)
    1929                      .dwattr $C$DW$66, DW_AT_name("QWDPRD")
    1930                      .dwattr $C$DW$66, DW_AT_data_member_location[DW_OP_plus_uconst 0x13]
    1931                      .dwattr $C$DW$66, DW_AT_accessibility(DW_ACCESS_public)
    1932                      .dwattr $C$DW$66, DW_AT_decl_file("C:\TI\C2000Ware_MotorControl_SDK_5_04_00_00\c2000ware\device_suppo
    1933                      .dwattr $C$DW$66, DW_AT_decl_line(0xe5)
    1934                      .dwattr $C$DW$66, DW_AT_decl_column(0x2e)
    1935              
    1936              $C$DW$67        .dwtag  DW_TAG_member
    1937                      .dwattr $C$DW$67, DW_AT_type(*$C$DW$T$35)
    1938                      .dwattr $C$DW$67, DW_AT_name("QDECCTL")
    1939                      .dwattr $C$DW$67, DW_AT_data_member_location[DW_OP_plus_uconst 0x14]
    1940                      .dwattr $C$DW$67, DW_AT_accessibility(DW_ACCESS_public)
    1941                      .dwattr $C$DW$67, DW_AT_decl_file("C:\TI\C2000Ware_MotorControl_SDK_5_04_00_00\c2000ware\device_suppo
    1942                      .dwattr $C$DW$67, DW_AT_decl_line(0xe6)
    1943                      .dwattr $C$DW$67, DW_AT_decl_column(0x2e)
    1944              
    1945              $C$DW$68        .dwtag  DW_TAG_member
    1946                      .dwattr $C$DW$68, DW_AT_type(*$C$DW$T$39)
    1947                      .dwattr $C$DW$68, DW_AT_name("QEPCTL")
    1948                      .dwattr $C$DW$68, DW_AT_data_member_location[DW_OP_plus_uconst 0x15]
    1949                      .dwattr $C$DW$68, DW_AT_accessibility(DW_ACCESS_public)
    1950                      .dwattr $C$DW$68, DW_AT_decl_file("C:\TI\C2000Ware_MotorControl_SDK_5_04_00_00\c2000ware\device_suppo
    1951                      .dwattr $C$DW$68, DW_AT_decl_line(0xe7)
    1952                      .dwattr $C$DW$68, DW_AT_decl_column(0x2e)
    1953              
    1954              $C$DW$69        .dwtag  DW_TAG_member
    1955                      .dwattr $C$DW$69, DW_AT_type(*$C$DW$T$31)
    1956                      .dwattr $C$DW$69, DW_AT_name("QCAPCTL")
    1957                      .dwattr $C$DW$69, DW_AT_data_member_location[DW_OP_plus_uconst 0x16]
    1958                      .dwattr $C$DW$69, DW_AT_accessibility(DW_ACCESS_public)
    1959                      .dwattr $C$DW$69, DW_AT_decl_file("C:\TI\C2000Ware_MotorControl_SDK_5_04_00_00\c2000ware\device_suppo
    1960                      .dwattr $C$DW$69, DW_AT_decl_line(0xe8)
    1961                      .dwattr $C$DW$69, DW_AT_decl_column(0x2e)
    1962              
    1963              $C$DW$70        .dwtag  DW_TAG_member
    1964                      .dwattr $C$DW$70, DW_AT_type(*$C$DW$T$57)
    1965                      .dwattr $C$DW$70, DW_AT_name("QPOSCTL")
    1966                      .dwattr $C$DW$70, DW_AT_data_member_location[DW_OP_plus_uconst 0x17]
    1967                      .dwattr $C$DW$70, DW_AT_accessibility(DW_ACCESS_public)
    1968                      .dwattr $C$DW$70, DW_AT_decl_file("C:\TI\C2000Ware_MotorControl_SDK_5_04_00_00\c2000ware\device_suppo
    1969                      .dwattr $C$DW$70, DW_AT_decl_line(0xe9)
    1970                      .dwattr $C$DW$70, DW_AT_decl_column(0x2e)
TMS320C2000 Assembler PC v22.6.2 Fri Apr  3 17:22:04 2026

Copyright (c) 1996-2018 Texas Instruments Incorporated
fcl_cla_code_dm.asm                                                  PAGE   51

    1971              
    1972              $C$DW$71        .dwtag  DW_TAG_member
    1973                      .dwattr $C$DW$71, DW_AT_type(*$C$DW$T$37)
    1974                      .dwattr $C$DW$71, DW_AT_name("QEINT")
    1975                      .dwattr $C$DW$71, DW_AT_data_member_location[DW_OP_plus_uconst 0x18]
    1976                      .dwattr $C$DW$71, DW_AT_accessibility(DW_ACCESS_public)
    1977                      .dwattr $C$DW$71, DW_AT_decl_file("C:\TI\C2000Ware_MotorControl_SDK_5_04_00_00\c2000ware\device_suppo
    1978                      .dwattr $C$DW$71, DW_AT_decl_line(0xea)
    1979                      .dwattr $C$DW$71, DW_AT_decl_column(0x2e)
    1980              
    1981              $C$DW$72        .dwtag  DW_TAG_member
    1982                      .dwattr $C$DW$72, DW_AT_type(*$C$DW$T$53)
    1983                      .dwattr $C$DW$72, DW_AT_name("QFLG")
    1984                      .dwattr $C$DW$72, DW_AT_data_member_location[DW_OP_plus_uconst 0x19]
    1985                      .dwattr $C$DW$72, DW_AT_accessibility(DW_ACCESS_public)
    1986                      .dwattr $C$DW$72, DW_AT_decl_file("C:\TI\C2000Ware_MotorControl_SDK_5_04_00_00\c2000ware\device_suppo
    1987                      .dwattr $C$DW$72, DW_AT_decl_line(0xeb)
    1988                      .dwattr $C$DW$72, DW_AT_decl_column(0x2e)
    1989              
    1990              $C$DW$73        .dwtag  DW_TAG_member
    1991                      .dwattr $C$DW$73, DW_AT_type(*$C$DW$T$33)
    1992                      .dwattr $C$DW$73, DW_AT_name("QCLR")
    1993                      .dwattr $C$DW$73, DW_AT_data_member_location[DW_OP_plus_uconst 0x1a]
    1994                      .dwattr $C$DW$73, DW_AT_accessibility(DW_ACCESS_public)
    1995                      .dwattr $C$DW$73, DW_AT_decl_file("C:\TI\C2000Ware_MotorControl_SDK_5_04_00_00\c2000ware\device_suppo
    1996                      .dwattr $C$DW$73, DW_AT_decl_line(0xec)
    1997                      .dwattr $C$DW$73, DW_AT_decl_column(0x2e)
    1998              
    1999              $C$DW$74        .dwtag  DW_TAG_member
    2000                      .dwattr $C$DW$74, DW_AT_type(*$C$DW$T$55)
    2001                      .dwattr $C$DW$74, DW_AT_name("QFRC")
    2002                      .dwattr $C$DW$74, DW_AT_data_member_location[DW_OP_plus_uconst 0x1b]
    2003                      .dwattr $C$DW$74, DW_AT_accessibility(DW_ACCESS_public)
    2004                      .dwattr $C$DW$74, DW_AT_decl_file("C:\TI\C2000Ware_MotorControl_SDK_5_04_00_00\c2000ware\device_suppo
    2005                      .dwattr $C$DW$74, DW_AT_decl_line(0xed)
    2006                      .dwattr $C$DW$74, DW_AT_decl_column(0x2e)
    2007              
    2008              $C$DW$75        .dwtag  DW_TAG_member
    2009                      .dwattr $C$DW$75, DW_AT_type(*$C$DW$T$41)
    2010                      .dwattr $C$DW$75, DW_AT_name("QEPSTS")
    2011                      .dwattr $C$DW$75, DW_AT_data_member_location[DW_OP_plus_uconst 0x1c]
    2012                      .dwattr $C$DW$75, DW_AT_accessibility(DW_ACCESS_public)
    2013                      .dwattr $C$DW$75, DW_AT_decl_file("C:\TI\C2000Ware_MotorControl_SDK_5_04_00_00\c2000ware\device_suppo
    2014                      .dwattr $C$DW$75, DW_AT_decl_line(0xee)
    2015                      .dwattr $C$DW$75, DW_AT_decl_column(0x2e)
    2016              
    2017              $C$DW$76        .dwtag  DW_TAG_member
    2018                      .dwattr $C$DW$76, DW_AT_type(*$C$DW$T$29)
    2019                      .dwattr $C$DW$76, DW_AT_name("QCTMR")
    2020                      .dwattr $C$DW$76, DW_AT_data_member_location[DW_OP_plus_uconst 0x1d]
    2021                      .dwattr $C$DW$76, DW_AT_accessibility(DW_ACCESS_public)
    2022                      .dwattr $C$DW$76, DW_AT_decl_file("C:\TI\C2000Ware_MotorControl_SDK_5_04_00_00\c2000ware\device_suppo
    2023                      .dwattr $C$DW$76, DW_AT_decl_line(0xef)
    2024                      .dwattr $C$DW$76, DW_AT_decl_column(0x2e)
    2025              
TMS320C2000 Assembler PC v22.6.2 Fri Apr  3 17:22:04 2026

Copyright (c) 1996-2018 Texas Instruments Incorporated
fcl_cla_code_dm.asm                                                  PAGE   52

    2026              $C$DW$77        .dwtag  DW_TAG_member
    2027                      .dwattr $C$DW$77, DW_AT_type(*$C$DW$T$29)
    2028                      .dwattr $C$DW$77, DW_AT_name("QCPRD")
    2029                      .dwattr $C$DW$77, DW_AT_data_member_location[DW_OP_plus_uconst 0x1e]
    2030                      .dwattr $C$DW$77, DW_AT_accessibility(DW_ACCESS_public)
    2031                      .dwattr $C$DW$77, DW_AT_decl_file("C:\TI\C2000Ware_MotorControl_SDK_5_04_00_00\c2000ware\device_suppo
    2032                      .dwattr $C$DW$77, DW_AT_decl_line(0xf0)
    2033                      .dwattr $C$DW$77, DW_AT_decl_column(0x2e)
    2034              
    2035              $C$DW$78        .dwtag  DW_TAG_member
    2036                      .dwattr $C$DW$78, DW_AT_type(*$C$DW$T$29)
    2037                      .dwattr $C$DW$78, DW_AT_name("QCTMRLAT")
    2038                      .dwattr $C$DW$78, DW_AT_data_member_location[DW_OP_plus_uconst 0x1f]
    2039                      .dwattr $C$DW$78, DW_AT_accessibility(DW_ACCESS_public)
    2040                      .dwattr $C$DW$78, DW_AT_decl_file("C:\TI\C2000Ware_MotorControl_SDK_5_04_00_00\c2000ware\device_suppo
    2041                      .dwattr $C$DW$78, DW_AT_decl_line(0xf1)
    2042                      .dwattr $C$DW$78, DW_AT_decl_column(0x2e)
    2043              
    2044              $C$DW$79        .dwtag  DW_TAG_member
    2045                      .dwattr $C$DW$79, DW_AT_type(*$C$DW$T$29)
    2046                      .dwattr $C$DW$79, DW_AT_name("QCPRDLAT")
    2047                      .dwattr $C$DW$79, DW_AT_data_member_location[DW_OP_plus_uconst 0x20]
    2048                      .dwattr $C$DW$79, DW_AT_accessibility(DW_ACCESS_public)
    2049                      .dwattr $C$DW$79, DW_AT_decl_file("C:\TI\C2000Ware_MotorControl_SDK_5_04_00_00\c2000ware\device_suppo
    2050                      .dwattr $C$DW$79, DW_AT_decl_line(0xf2)
    2051                      .dwattr $C$DW$79, DW_AT_decl_column(0x2e)
    2052              
    2053                      .dwattr $C$DW$T$59, DW_AT_decl_file("C:\TI\C2000Ware_MotorControl_SDK_5_04_00_00\c2000ware\device_sup
    2054                      .dwattr $C$DW$T$59, DW_AT_decl_line(0xda)
    2055                      .dwattr $C$DW$T$59, DW_AT_decl_column(0x08)
    2056                      .dwendtag $C$DW$T$59
    2057              
    2058                      .dwendtag $C$DW$TU$59
    2059              
    2060              
    2061              $C$DW$TU$48     .dwtag  DW_TAG_type_unit
    2062                      .dwmtype  $C$DW$T$48
    2063              $C$DW$80        .dwtag  DW_TAG_TI_far_type
    2064                      .dwattr $C$DW$80, DW_AT_type(*$C$DW$T$59)
    2065              
    2066              $C$DW$T$48      .dwtag  DW_TAG_volatile_type
    2067                      .dwattr $C$DW$T$48, DW_AT_type(*$C$DW$80)
    2068              
    2069                      .dwendtag $C$DW$TU$48
    2070              
    2071              
    2072              $C$DW$TU$49     .dwtag  DW_TAG_type_unit
    2073                      .dwmtype  $C$DW$T$49
    2074              $C$DW$T$49      .dwtag  DW_TAG_pointer_type
    2075                      .dwattr $C$DW$T$49, DW_AT_type(*$C$DW$T$48)
    2076                      .dwattr $C$DW$T$49, DW_AT_address_class(0x10)
    2077              
    2078                      .dwendtag $C$DW$TU$49
    2079              
    2080              
TMS320C2000 Assembler PC v22.6.2 Fri Apr  3 17:22:04 2026

Copyright (c) 1996-2018 Texas Instruments Incorporated
fcl_cla_code_dm.asm                                                  PAGE   53

    2081              $C$DW$TU$30     .dwtag  DW_TAG_type_unit
    2082                      .dwmtype  $C$DW$T$30
    2083              
    2084              $C$DW$T$30      .dwtag  DW_TAG_structure_type
    2085                      .dwattr $C$DW$T$30, DW_AT_name("QCAPCTL_BITS")
    2086                      .dwattr $C$DW$T$30, DW_AT_byte_size(0x01)
    2087              $C$DW$81        .dwtag  DW_TAG_member
    2088                      .dwattr $C$DW$81, DW_AT_type(*$C$DW$T$29)
    2089                      .dwattr $C$DW$81, DW_AT_name("UPPS")
    2090                      .dwattr $C$DW$81, DW_AT_bit_offset(0x0c)
    2091                      .dwattr $C$DW$81, DW_AT_bit_size(0x04)
    2092                      .dwattr $C$DW$81, DW_AT_accessibility(DW_ACCESS_public)
    2093                      .dwattr $C$DW$81, DW_AT_decl_file("C:\TI\C2000Ware_MotorControl_SDK_5_04_00_00\c2000ware\device_suppo
    2094                      .dwattr $C$DW$81, DW_AT_decl_line(0x5d)
    2095                      .dwattr $C$DW$81, DW_AT_decl_column(0x0c)
    2096              
    2097              $C$DW$82        .dwtag  DW_TAG_member
    2098                      .dwattr $C$DW$82, DW_AT_type(*$C$DW$T$29)
    2099                      .dwattr $C$DW$82, DW_AT_name("CCPS")
    2100                      .dwattr $C$DW$82, DW_AT_bit_offset(0x09)
    2101                      .dwattr $C$DW$82, DW_AT_bit_size(0x03)
    2102                      .dwattr $C$DW$82, DW_AT_accessibility(DW_ACCESS_public)
    2103                      .dwattr $C$DW$82, DW_AT_decl_file("C:\TI\C2000Ware_MotorControl_SDK_5_04_00_00\c2000ware\device_suppo
    2104                      .dwattr $C$DW$82, DW_AT_decl_line(0x5e)
    2105                      .dwattr $C$DW$82, DW_AT_decl_column(0x0c)
    2106              
    2107              $C$DW$83        .dwtag  DW_TAG_member
    2108                      .dwattr $C$DW$83, DW_AT_type(*$C$DW$T$29)
    2109                      .dwattr $C$DW$83, DW_AT_name("rsvd1")
    2110                      .dwattr $C$DW$83, DW_AT_bit_offset(0x01)
    2111                      .dwattr $C$DW$83, DW_AT_bit_size(0x08)
    2112                      .dwattr $C$DW$83, DW_AT_accessibility(DW_ACCESS_public)
    2113                      .dwattr $C$DW$83, DW_AT_decl_file("C:\TI\C2000Ware_MotorControl_SDK_5_04_00_00\c2000ware\device_suppo
    2114                      .dwattr $C$DW$83, DW_AT_decl_line(0x5f)
    2115                      .dwattr $C$DW$83, DW_AT_decl_column(0x0c)
    2116              
    2117              $C$DW$84        .dwtag  DW_TAG_member
    2118                      .dwattr $C$DW$84, DW_AT_type(*$C$DW$T$29)
    2119                      .dwattr $C$DW$84, DW_AT_name("CEN")
    2120                      .dwattr $C$DW$84, DW_AT_bit_offset(0x00)
    2121                      .dwattr $C$DW$84, DW_AT_bit_size(0x01)
    2122                      .dwattr $C$DW$84, DW_AT_accessibility(DW_ACCESS_public)
    2123                      .dwattr $C$DW$84, DW_AT_decl_file("C:\TI\C2000Ware_MotorControl_SDK_5_04_00_00\c2000ware\device_suppo
    2124                      .dwattr $C$DW$84, DW_AT_decl_line(0x60)
    2125                      .dwattr $C$DW$84, DW_AT_decl_column(0x0c)
    2126              
    2127                      .dwattr $C$DW$T$30, DW_AT_decl_file("C:\TI\C2000Ware_MotorControl_SDK_5_04_00_00\c2000ware\device_sup
    2128                      .dwattr $C$DW$T$30, DW_AT_decl_line(0x5c)
    2129                      .dwattr $C$DW$T$30, DW_AT_decl_column(0x08)
    2130                      .dwendtag $C$DW$T$30
    2131              
    2132                      .dwendtag $C$DW$TU$30
    2133              
    2134              
    2135              $C$DW$TU$31     .dwtag  DW_TAG_type_unit
TMS320C2000 Assembler PC v22.6.2 Fri Apr  3 17:22:04 2026

Copyright (c) 1996-2018 Texas Instruments Incorporated
fcl_cla_code_dm.asm                                                  PAGE   54

    2136                      .dwmtype  $C$DW$T$31
    2137              
    2138              $C$DW$T$31      .dwtag  DW_TAG_union_type
    2139                      .dwattr $C$DW$T$31, DW_AT_name("QCAPCTL_REG")
    2140                      .dwattr $C$DW$T$31, DW_AT_byte_size(0x01)
    2141              $C$DW$85        .dwtag  DW_TAG_member
    2142                      .dwattr $C$DW$85, DW_AT_type(*$C$DW$T$29)
    2143                      .dwattr $C$DW$85, DW_AT_name("all")
    2144                      .dwattr $C$DW$85, DW_AT_accessibility(DW_ACCESS_public)
    2145                      .dwattr $C$DW$85, DW_AT_decl_file("C:\TI\C2000Ware_MotorControl_SDK_5_04_00_00\c2000ware\device_suppo
    2146                      .dwattr $C$DW$85, DW_AT_decl_line(0x64)
    2147                      .dwattr $C$DW$85, DW_AT_decl_column(0x0d)
    2148              
    2149              $C$DW$86        .dwtag  DW_TAG_member
    2150                      .dwattr $C$DW$86, DW_AT_type(*$C$DW$T$30)
    2151                      .dwattr $C$DW$86, DW_AT_name("bit")
    2152                      .dwattr $C$DW$86, DW_AT_accessibility(DW_ACCESS_public)
    2153                      .dwattr $C$DW$86, DW_AT_decl_file("C:\TI\C2000Ware_MotorControl_SDK_5_04_00_00\c2000ware\device_suppo
    2154                      .dwattr $C$DW$86, DW_AT_decl_line(0x65)
    2155                      .dwattr $C$DW$86, DW_AT_decl_column(0x1b)
    2156              
    2157                      .dwattr $C$DW$T$31, DW_AT_decl_file("C:\TI\C2000Ware_MotorControl_SDK_5_04_00_00\c2000ware\device_sup
    2158                      .dwattr $C$DW$T$31, DW_AT_decl_line(0x63)
    2159                      .dwattr $C$DW$T$31, DW_AT_decl_column(0x07)
    2160                      .dwendtag $C$DW$T$31
    2161              
    2162                      .dwendtag $C$DW$TU$31
    2163              
    2164              
    2165              $C$DW$TU$32     .dwtag  DW_TAG_type_unit
    2166                      .dwmtype  $C$DW$T$32
    2167              
    2168              $C$DW$T$32      .dwtag  DW_TAG_structure_type
    2169                      .dwattr $C$DW$T$32, DW_AT_name("QCLR_BITS")
    2170                      .dwattr $C$DW$T$32, DW_AT_byte_size(0x01)
    2171              $C$DW$87        .dwtag  DW_TAG_member
    2172                      .dwattr $C$DW$87, DW_AT_type(*$C$DW$T$29)
    2173                      .dwattr $C$DW$87, DW_AT_name("INT")
    2174                      .dwattr $C$DW$87, DW_AT_bit_offset(0x0f)
    2175                      .dwattr $C$DW$87, DW_AT_bit_size(0x01)
    2176                      .dwattr $C$DW$87, DW_AT_accessibility(DW_ACCESS_public)
    2177                      .dwattr $C$DW$87, DW_AT_decl_file("C:\TI\C2000Ware_MotorControl_SDK_5_04_00_00\c2000ware\device_suppo
    2178                      .dwattr $C$DW$87, DW_AT_decl_line(0xa0)
    2179                      .dwattr $C$DW$87, DW_AT_decl_column(0x0c)
    2180              
    2181              $C$DW$88        .dwtag  DW_TAG_member
    2182                      .dwattr $C$DW$88, DW_AT_type(*$C$DW$T$29)
    2183                      .dwattr $C$DW$88, DW_AT_name("PCE")
    2184                      .dwattr $C$DW$88, DW_AT_bit_offset(0x0e)
    2185                      .dwattr $C$DW$88, DW_AT_bit_size(0x01)
    2186                      .dwattr $C$DW$88, DW_AT_accessibility(DW_ACCESS_public)
    2187                      .dwattr $C$DW$88, DW_AT_decl_file("C:\TI\C2000Ware_MotorControl_SDK_5_04_00_00\c2000ware\device_suppo
    2188                      .dwattr $C$DW$88, DW_AT_decl_line(0xa1)
    2189                      .dwattr $C$DW$88, DW_AT_decl_column(0x0c)
    2190              
TMS320C2000 Assembler PC v22.6.2 Fri Apr  3 17:22:04 2026

Copyright (c) 1996-2018 Texas Instruments Incorporated
fcl_cla_code_dm.asm                                                  PAGE   55

    2191              $C$DW$89        .dwtag  DW_TAG_member
    2192                      .dwattr $C$DW$89, DW_AT_type(*$C$DW$T$29)
    2193                      .dwattr $C$DW$89, DW_AT_name("PHE")
    2194                      .dwattr $C$DW$89, DW_AT_bit_offset(0x0d)
    2195                      .dwattr $C$DW$89, DW_AT_bit_size(0x01)
    2196                      .dwattr $C$DW$89, DW_AT_accessibility(DW_ACCESS_public)
    2197                      .dwattr $C$DW$89, DW_AT_decl_file("C:\TI\C2000Ware_MotorControl_SDK_5_04_00_00\c2000ware\device_suppo
    2198                      .dwattr $C$DW$89, DW_AT_decl_line(0xa2)
    2199                      .dwattr $C$DW$89, DW_AT_decl_column(0x0c)
    2200              
    2201              $C$DW$90        .dwtag  DW_TAG_member
    2202                      .dwattr $C$DW$90, DW_AT_type(*$C$DW$T$29)
    2203                      .dwattr $C$DW$90, DW_AT_name("QDC")
    2204                      .dwattr $C$DW$90, DW_AT_bit_offset(0x0c)
    2205                      .dwattr $C$DW$90, DW_AT_bit_size(0x01)
    2206                      .dwattr $C$DW$90, DW_AT_accessibility(DW_ACCESS_public)
    2207                      .dwattr $C$DW$90, DW_AT_decl_file("C:\TI\C2000Ware_MotorControl_SDK_5_04_00_00\c2000ware\device_suppo
    2208                      .dwattr $C$DW$90, DW_AT_decl_line(0xa3)
    2209                      .dwattr $C$DW$90, DW_AT_decl_column(0x0c)
    2210              
    2211              $C$DW$91        .dwtag  DW_TAG_member
    2212                      .dwattr $C$DW$91, DW_AT_type(*$C$DW$T$29)
    2213                      .dwattr $C$DW$91, DW_AT_name("WTO")
    2214                      .dwattr $C$DW$91, DW_AT_bit_offset(0x0b)
    2215                      .dwattr $C$DW$91, DW_AT_bit_size(0x01)
    2216                      .dwattr $C$DW$91, DW_AT_accessibility(DW_ACCESS_public)
    2217                      .dwattr $C$DW$91, DW_AT_decl_file("C:\TI\C2000Ware_MotorControl_SDK_5_04_00_00\c2000ware\device_suppo
    2218                      .dwattr $C$DW$91, DW_AT_decl_line(0xa4)
    2219                      .dwattr $C$DW$91, DW_AT_decl_column(0x0c)
    2220              
    2221              $C$DW$92        .dwtag  DW_TAG_member
    2222                      .dwattr $C$DW$92, DW_AT_type(*$C$DW$T$29)
    2223                      .dwattr $C$DW$92, DW_AT_name("PCU")
    2224                      .dwattr $C$DW$92, DW_AT_bit_offset(0x0a)
    2225                      .dwattr $C$DW$92, DW_AT_bit_size(0x01)
    2226                      .dwattr $C$DW$92, DW_AT_accessibility(DW_ACCESS_public)
    2227                      .dwattr $C$DW$92, DW_AT_decl_file("C:\TI\C2000Ware_MotorControl_SDK_5_04_00_00\c2000ware\device_suppo
    2228                      .dwattr $C$DW$92, DW_AT_decl_line(0xa5)
    2229                      .dwattr $C$DW$92, DW_AT_decl_column(0x0c)
    2230              
    2231              $C$DW$93        .dwtag  DW_TAG_member
    2232                      .dwattr $C$DW$93, DW_AT_type(*$C$DW$T$29)
    2233                      .dwattr $C$DW$93, DW_AT_name("PCO")
    2234                      .dwattr $C$DW$93, DW_AT_bit_offset(0x09)
    2235                      .dwattr $C$DW$93, DW_AT_bit_size(0x01)
    2236                      .dwattr $C$DW$93, DW_AT_accessibility(DW_ACCESS_public)
    2237                      .dwattr $C$DW$93, DW_AT_decl_file("C:\TI\C2000Ware_MotorControl_SDK_5_04_00_00\c2000ware\device_suppo
    2238                      .dwattr $C$DW$93, DW_AT_decl_line(0xa6)
    2239                      .dwattr $C$DW$93, DW_AT_decl_column(0x0c)
    2240              
    2241              $C$DW$94        .dwtag  DW_TAG_member
    2242                      .dwattr $C$DW$94, DW_AT_type(*$C$DW$T$29)
    2243                      .dwattr $C$DW$94, DW_AT_name("PCR")
    2244                      .dwattr $C$DW$94, DW_AT_bit_offset(0x08)
    2245                      .dwattr $C$DW$94, DW_AT_bit_size(0x01)
TMS320C2000 Assembler PC v22.6.2 Fri Apr  3 17:22:04 2026

Copyright (c) 1996-2018 Texas Instruments Incorporated
fcl_cla_code_dm.asm                                                  PAGE   56

    2246                      .dwattr $C$DW$94, DW_AT_accessibility(DW_ACCESS_public)
    2247                      .dwattr $C$DW$94, DW_AT_decl_file("C:\TI\C2000Ware_MotorControl_SDK_5_04_00_00\c2000ware\device_suppo
    2248                      .dwattr $C$DW$94, DW_AT_decl_line(0xa7)
    2249                      .dwattr $C$DW$94, DW_AT_decl_column(0x0c)
    2250              
    2251              $C$DW$95        .dwtag  DW_TAG_member
    2252                      .dwattr $C$DW$95, DW_AT_type(*$C$DW$T$29)
    2253                      .dwattr $C$DW$95, DW_AT_name("PCM")
    2254                      .dwattr $C$DW$95, DW_AT_bit_offset(0x07)
    2255                      .dwattr $C$DW$95, DW_AT_bit_size(0x01)
    2256                      .dwattr $C$DW$95, DW_AT_accessibility(DW_ACCESS_public)
    2257                      .dwattr $C$DW$95, DW_AT_decl_file("C:\TI\C2000Ware_MotorControl_SDK_5_04_00_00\c2000ware\device_suppo
    2258                      .dwattr $C$DW$95, DW_AT_decl_line(0xa8)
    2259                      .dwattr $C$DW$95, DW_AT_decl_column(0x0c)
    2260              
    2261              $C$DW$96        .dwtag  DW_TAG_member
    2262                      .dwattr $C$DW$96, DW_AT_type(*$C$DW$T$29)
    2263                      .dwattr $C$DW$96, DW_AT_name("SEL")
    2264                      .dwattr $C$DW$96, DW_AT_bit_offset(0x06)
    2265                      .dwattr $C$DW$96, DW_AT_bit_size(0x01)
    2266                      .dwattr $C$DW$96, DW_AT_accessibility(DW_ACCESS_public)
    2267                      .dwattr $C$DW$96, DW_AT_decl_file("C:\TI\C2000Ware_MotorControl_SDK_5_04_00_00\c2000ware\device_suppo
    2268                      .dwattr $C$DW$96, DW_AT_decl_line(0xa9)
    2269                      .dwattr $C$DW$96, DW_AT_decl_column(0x0c)
    2270              
    2271              $C$DW$97        .dwtag  DW_TAG_member
    2272                      .dwattr $C$DW$97, DW_AT_type(*$C$DW$T$29)
    2273                      .dwattr $C$DW$97, DW_AT_name("IEL")
    2274                      .dwattr $C$DW$97, DW_AT_bit_offset(0x05)
    2275                      .dwattr $C$DW$97, DW_AT_bit_size(0x01)
    2276                      .dwattr $C$DW$97, DW_AT_accessibility(DW_ACCESS_public)
    2277                      .dwattr $C$DW$97, DW_AT_decl_file("C:\TI\C2000Ware_MotorControl_SDK_5_04_00_00\c2000ware\device_suppo
    2278                      .dwattr $C$DW$97, DW_AT_decl_line(0xaa)
    2279                      .dwattr $C$DW$97, DW_AT_decl_column(0x0c)
    2280              
    2281              $C$DW$98        .dwtag  DW_TAG_member
    2282                      .dwattr $C$DW$98, DW_AT_type(*$C$DW$T$29)
    2283                      .dwattr $C$DW$98, DW_AT_name("UTO")
    2284                      .dwattr $C$DW$98, DW_AT_bit_offset(0x04)
    2285                      .dwattr $C$DW$98, DW_AT_bit_size(0x01)
    2286                      .dwattr $C$DW$98, DW_AT_accessibility(DW_ACCESS_public)
    2287                      .dwattr $C$DW$98, DW_AT_decl_file("C:\TI\C2000Ware_MotorControl_SDK_5_04_00_00\c2000ware\device_suppo
    2288                      .dwattr $C$DW$98, DW_AT_decl_line(0xab)
    2289                      .dwattr $C$DW$98, DW_AT_decl_column(0x0c)
    2290              
    2291              $C$DW$99        .dwtag  DW_TAG_member
    2292                      .dwattr $C$DW$99, DW_AT_type(*$C$DW$T$29)
    2293                      .dwattr $C$DW$99, DW_AT_name("rsvd1")
    2294                      .dwattr $C$DW$99, DW_AT_bit_offset(0x00)
    2295                      .dwattr $C$DW$99, DW_AT_bit_size(0x04)
    2296                      .dwattr $C$DW$99, DW_AT_accessibility(DW_ACCESS_public)
    2297                      .dwattr $C$DW$99, DW_AT_decl_file("C:\TI\C2000Ware_MotorControl_SDK_5_04_00_00\c2000ware\device_suppo
    2298                      .dwattr $C$DW$99, DW_AT_decl_line(0xac)
    2299                      .dwattr $C$DW$99, DW_AT_decl_column(0x0c)
    2300              
TMS320C2000 Assembler PC v22.6.2 Fri Apr  3 17:22:04 2026

Copyright (c) 1996-2018 Texas Instruments Incorporated
fcl_cla_code_dm.asm                                                  PAGE   57

    2301                      .dwattr $C$DW$T$32, DW_AT_decl_file("C:\TI\C2000Ware_MotorControl_SDK_5_04_00_00\c2000ware\device_sup
    2302                      .dwattr $C$DW$T$32, DW_AT_decl_line(0x9f)
    2303                      .dwattr $C$DW$T$32, DW_AT_decl_column(0x08)
    2304                      .dwendtag $C$DW$T$32
    2305              
    2306                      .dwendtag $C$DW$TU$32
    2307              
    2308              
    2309              $C$DW$TU$33     .dwtag  DW_TAG_type_unit
    2310                      .dwmtype  $C$DW$T$33
    2311              
    2312              $C$DW$T$33      .dwtag  DW_TAG_union_type
    2313                      .dwattr $C$DW$T$33, DW_AT_name("QCLR_REG")
    2314                      .dwattr $C$DW$T$33, DW_AT_byte_size(0x01)
    2315              $C$DW$100       .dwtag  DW_TAG_member
    2316                      .dwattr $C$DW$100, DW_AT_type(*$C$DW$T$29)
    2317                      .dwattr $C$DW$100, DW_AT_name("all")
    2318                      .dwattr $C$DW$100, DW_AT_accessibility(DW_ACCESS_public)
    2319                      .dwattr $C$DW$100, DW_AT_decl_file("C:\TI\C2000Ware_MotorControl_SDK_5_04_00_00\c2000ware\device_supp
    2320                      .dwattr $C$DW$100, DW_AT_decl_line(0xb0)
    2321                      .dwattr $C$DW$100, DW_AT_decl_column(0x0d)
    2322              
    2323              $C$DW$101       .dwtag  DW_TAG_member
    2324                      .dwattr $C$DW$101, DW_AT_type(*$C$DW$T$32)
    2325                      .dwattr $C$DW$101, DW_AT_name("bit")
    2326                      .dwattr $C$DW$101, DW_AT_accessibility(DW_ACCESS_public)
    2327                      .dwattr $C$DW$101, DW_AT_decl_file("C:\TI\C2000Ware_MotorControl_SDK_5_04_00_00\c2000ware\device_supp
    2328                      .dwattr $C$DW$101, DW_AT_decl_line(0xb1)
    2329                      .dwattr $C$DW$101, DW_AT_decl_column(0x18)
    2330              
    2331                      .dwattr $C$DW$T$33, DW_AT_decl_file("C:\TI\C2000Ware_MotorControl_SDK_5_04_00_00\c2000ware\device_sup
    2332                      .dwattr $C$DW$T$33, DW_AT_decl_line(0xaf)
    2333                      .dwattr $C$DW$T$33, DW_AT_decl_column(0x07)
    2334                      .dwendtag $C$DW$T$33
    2335              
    2336                      .dwendtag $C$DW$TU$33
    2337              
    2338              
    2339              $C$DW$TU$34     .dwtag  DW_TAG_type_unit
    2340                      .dwmtype  $C$DW$T$34
    2341              
    2342              $C$DW$T$34      .dwtag  DW_TAG_structure_type
    2343                      .dwattr $C$DW$T$34, DW_AT_name("QDECCTL_BITS")
    2344                      .dwattr $C$DW$T$34, DW_AT_byte_size(0x01)
    2345              $C$DW$102       .dwtag  DW_TAG_member
    2346                      .dwattr $C$DW$102, DW_AT_type(*$C$DW$T$29)
    2347                      .dwattr $C$DW$102, DW_AT_name("rsvd1")
    2348                      .dwattr $C$DW$102, DW_AT_bit_offset(0x0b)
    2349                      .dwattr $C$DW$102, DW_AT_bit_size(0x05)
    2350                      .dwattr $C$DW$102, DW_AT_accessibility(DW_ACCESS_public)
    2351                      .dwattr $C$DW$102, DW_AT_decl_file("C:\TI\C2000Ware_MotorControl_SDK_5_04_00_00\c2000ware\device_supp
    2352                      .dwattr $C$DW$102, DW_AT_decl_line(0x37)
    2353                      .dwattr $C$DW$102, DW_AT_decl_column(0x0c)
    2354              
    2355              $C$DW$103       .dwtag  DW_TAG_member
TMS320C2000 Assembler PC v22.6.2 Fri Apr  3 17:22:04 2026

Copyright (c) 1996-2018 Texas Instruments Incorporated
fcl_cla_code_dm.asm                                                  PAGE   58

    2356                      .dwattr $C$DW$103, DW_AT_type(*$C$DW$T$29)
    2357                      .dwattr $C$DW$103, DW_AT_name("QSP")
    2358                      .dwattr $C$DW$103, DW_AT_bit_offset(0x0a)
    2359                      .dwattr $C$DW$103, DW_AT_bit_size(0x01)
    2360                      .dwattr $C$DW$103, DW_AT_accessibility(DW_ACCESS_public)
    2361                      .dwattr $C$DW$103, DW_AT_decl_file("C:\TI\C2000Ware_MotorControl_SDK_5_04_00_00\c2000ware\device_supp
    2362                      .dwattr $C$DW$103, DW_AT_decl_line(0x38)
    2363                      .dwattr $C$DW$103, DW_AT_decl_column(0x0c)
    2364              
    2365              $C$DW$104       .dwtag  DW_TAG_member
    2366                      .dwattr $C$DW$104, DW_AT_type(*$C$DW$T$29)
    2367                      .dwattr $C$DW$104, DW_AT_name("QIP")
    2368                      .dwattr $C$DW$104, DW_AT_bit_offset(0x09)
    2369                      .dwattr $C$DW$104, DW_AT_bit_size(0x01)
    2370                      .dwattr $C$DW$104, DW_AT_accessibility(DW_ACCESS_public)
    2371                      .dwattr $C$DW$104, DW_AT_decl_file("C:\TI\C2000Ware_MotorControl_SDK_5_04_00_00\c2000ware\device_supp
    2372                      .dwattr $C$DW$104, DW_AT_decl_line(0x39)
    2373                      .dwattr $C$DW$104, DW_AT_decl_column(0x0c)
    2374              
    2375              $C$DW$105       .dwtag  DW_TAG_member
    2376                      .dwattr $C$DW$105, DW_AT_type(*$C$DW$T$29)
    2377                      .dwattr $C$DW$105, DW_AT_name("QBP")
    2378                      .dwattr $C$DW$105, DW_AT_bit_offset(0x08)
    2379                      .dwattr $C$DW$105, DW_AT_bit_size(0x01)
    2380                      .dwattr $C$DW$105, DW_AT_accessibility(DW_ACCESS_public)
    2381                      .dwattr $C$DW$105, DW_AT_decl_file("C:\TI\C2000Ware_MotorControl_SDK_5_04_00_00\c2000ware\device_supp
    2382                      .dwattr $C$DW$105, DW_AT_decl_line(0x3a)
    2383                      .dwattr $C$DW$105, DW_AT_decl_column(0x0c)
    2384              
    2385              $C$DW$106       .dwtag  DW_TAG_member
    2386                      .dwattr $C$DW$106, DW_AT_type(*$C$DW$T$29)
    2387                      .dwattr $C$DW$106, DW_AT_name("QAP")
    2388                      .dwattr $C$DW$106, DW_AT_bit_offset(0x07)
    2389                      .dwattr $C$DW$106, DW_AT_bit_size(0x01)
    2390                      .dwattr $C$DW$106, DW_AT_accessibility(DW_ACCESS_public)
    2391                      .dwattr $C$DW$106, DW_AT_decl_file("C:\TI\C2000Ware_MotorControl_SDK_5_04_00_00\c2000ware\device_supp
    2392                      .dwattr $C$DW$106, DW_AT_decl_line(0x3b)
    2393                      .dwattr $C$DW$106, DW_AT_decl_column(0x0c)
    2394              
    2395              $C$DW$107       .dwtag  DW_TAG_member
    2396                      .dwattr $C$DW$107, DW_AT_type(*$C$DW$T$29)
    2397                      .dwattr $C$DW$107, DW_AT_name("IGATE")
    2398                      .dwattr $C$DW$107, DW_AT_bit_offset(0x06)
    2399                      .dwattr $C$DW$107, DW_AT_bit_size(0x01)
    2400                      .dwattr $C$DW$107, DW_AT_accessibility(DW_ACCESS_public)
    2401                      .dwattr $C$DW$107, DW_AT_decl_file("C:\TI\C2000Ware_MotorControl_SDK_5_04_00_00\c2000ware\device_supp
    2402                      .dwattr $C$DW$107, DW_AT_decl_line(0x3c)
    2403                      .dwattr $C$DW$107, DW_AT_decl_column(0x0c)
    2404              
    2405              $C$DW$108       .dwtag  DW_TAG_member
    2406                      .dwattr $C$DW$108, DW_AT_type(*$C$DW$T$29)
    2407                      .dwattr $C$DW$108, DW_AT_name("SWAP")
    2408                      .dwattr $C$DW$108, DW_AT_bit_offset(0x05)
    2409                      .dwattr $C$DW$108, DW_AT_bit_size(0x01)
    2410                      .dwattr $C$DW$108, DW_AT_accessibility(DW_ACCESS_public)
TMS320C2000 Assembler PC v22.6.2 Fri Apr  3 17:22:04 2026

Copyright (c) 1996-2018 Texas Instruments Incorporated
fcl_cla_code_dm.asm                                                  PAGE   59

    2411                      .dwattr $C$DW$108, DW_AT_decl_file("C:\TI\C2000Ware_MotorControl_SDK_5_04_00_00\c2000ware\device_supp
    2412                      .dwattr $C$DW$108, DW_AT_decl_line(0x3d)
    2413                      .dwattr $C$DW$108, DW_AT_decl_column(0x0c)
    2414              
    2415              $C$DW$109       .dwtag  DW_TAG_member
    2416                      .dwattr $C$DW$109, DW_AT_type(*$C$DW$T$29)
    2417                      .dwattr $C$DW$109, DW_AT_name("XCR")
    2418                      .dwattr $C$DW$109, DW_AT_bit_offset(0x04)
    2419                      .dwattr $C$DW$109, DW_AT_bit_size(0x01)
    2420                      .dwattr $C$DW$109, DW_AT_accessibility(DW_ACCESS_public)
    2421                      .dwattr $C$DW$109, DW_AT_decl_file("C:\TI\C2000Ware_MotorControl_SDK_5_04_00_00\c2000ware\device_supp
    2422                      .dwattr $C$DW$109, DW_AT_decl_line(0x3e)
    2423                      .dwattr $C$DW$109, DW_AT_decl_column(0x0c)
    2424              
    2425              $C$DW$110       .dwtag  DW_TAG_member
    2426                      .dwattr $C$DW$110, DW_AT_type(*$C$DW$T$29)
    2427                      .dwattr $C$DW$110, DW_AT_name("SPSEL")
    2428                      .dwattr $C$DW$110, DW_AT_bit_offset(0x03)
    2429                      .dwattr $C$DW$110, DW_AT_bit_size(0x01)
    2430                      .dwattr $C$DW$110, DW_AT_accessibility(DW_ACCESS_public)
    2431                      .dwattr $C$DW$110, DW_AT_decl_file("C:\TI\C2000Ware_MotorControl_SDK_5_04_00_00\c2000ware\device_supp
    2432                      .dwattr $C$DW$110, DW_AT_decl_line(0x3f)
    2433                      .dwattr $C$DW$110, DW_AT_decl_column(0x0c)
    2434              
    2435              $C$DW$111       .dwtag  DW_TAG_member
    2436                      .dwattr $C$DW$111, DW_AT_type(*$C$DW$T$29)
    2437                      .dwattr $C$DW$111, DW_AT_name("SOEN")
    2438                      .dwattr $C$DW$111, DW_AT_bit_offset(0x02)
    2439                      .dwattr $C$DW$111, DW_AT_bit_size(0x01)
    2440                      .dwattr $C$DW$111, DW_AT_accessibility(DW_ACCESS_public)
    2441                      .dwattr $C$DW$111, DW_AT_decl_file("C:\TI\C2000Ware_MotorControl_SDK_5_04_00_00\c2000ware\device_supp
    2442                      .dwattr $C$DW$111, DW_AT_decl_line(0x40)
    2443                      .dwattr $C$DW$111, DW_AT_decl_column(0x0c)
    2444              
    2445              $C$DW$112       .dwtag  DW_TAG_member
    2446                      .dwattr $C$DW$112, DW_AT_type(*$C$DW$T$29)
    2447                      .dwattr $C$DW$112, DW_AT_name("QSRC")
    2448                      .dwattr $C$DW$112, DW_AT_bit_offset(0x00)
    2449                      .dwattr $C$DW$112, DW_AT_bit_size(0x02)
    2450                      .dwattr $C$DW$112, DW_AT_accessibility(DW_ACCESS_public)
    2451                      .dwattr $C$DW$112, DW_AT_decl_file("C:\TI\C2000Ware_MotorControl_SDK_5_04_00_00\c2000ware\device_supp
    2452                      .dwattr $C$DW$112, DW_AT_decl_line(0x41)
    2453                      .dwattr $C$DW$112, DW_AT_decl_column(0x0c)
    2454              
    2455                      .dwattr $C$DW$T$34, DW_AT_decl_file("C:\TI\C2000Ware_MotorControl_SDK_5_04_00_00\c2000ware\device_sup
    2456                      .dwattr $C$DW$T$34, DW_AT_decl_line(0x36)
    2457                      .dwattr $C$DW$T$34, DW_AT_decl_column(0x08)
    2458                      .dwendtag $C$DW$T$34
    2459              
    2460                      .dwendtag $C$DW$TU$34
    2461              
    2462              
    2463              $C$DW$TU$35     .dwtag  DW_TAG_type_unit
    2464                      .dwmtype  $C$DW$T$35
    2465              
TMS320C2000 Assembler PC v22.6.2 Fri Apr  3 17:22:04 2026

Copyright (c) 1996-2018 Texas Instruments Incorporated
fcl_cla_code_dm.asm                                                  PAGE   60

    2466              $C$DW$T$35      .dwtag  DW_TAG_union_type
    2467                      .dwattr $C$DW$T$35, DW_AT_name("QDECCTL_REG")
    2468                      .dwattr $C$DW$T$35, DW_AT_byte_size(0x01)
    2469              $C$DW$113       .dwtag  DW_TAG_member
    2470                      .dwattr $C$DW$113, DW_AT_type(*$C$DW$T$29)
    2471                      .dwattr $C$DW$113, DW_AT_name("all")
    2472                      .dwattr $C$DW$113, DW_AT_accessibility(DW_ACCESS_public)
    2473                      .dwattr $C$DW$113, DW_AT_decl_file("C:\TI\C2000Ware_MotorControl_SDK_5_04_00_00\c2000ware\device_supp
    2474                      .dwattr $C$DW$113, DW_AT_decl_line(0x45)
    2475                      .dwattr $C$DW$113, DW_AT_decl_column(0x0d)
    2476              
    2477              $C$DW$114       .dwtag  DW_TAG_member
    2478                      .dwattr $C$DW$114, DW_AT_type(*$C$DW$T$34)
    2479                      .dwattr $C$DW$114, DW_AT_name("bit")
    2480                      .dwattr $C$DW$114, DW_AT_accessibility(DW_ACCESS_public)
    2481                      .dwattr $C$DW$114, DW_AT_decl_file("C:\TI\C2000Ware_MotorControl_SDK_5_04_00_00\c2000ware\device_supp
    2482                      .dwattr $C$DW$114, DW_AT_decl_line(0x46)
    2483                      .dwattr $C$DW$114, DW_AT_decl_column(0x1b)
    2484              
    2485                      .dwattr $C$DW$T$35, DW_AT_decl_file("C:\TI\C2000Ware_MotorControl_SDK_5_04_00_00\c2000ware\device_sup
    2486                      .dwattr $C$DW$T$35, DW_AT_decl_line(0x44)
    2487                      .dwattr $C$DW$T$35, DW_AT_decl_column(0x07)
    2488                      .dwendtag $C$DW$T$35
    2489              
    2490                      .dwendtag $C$DW$TU$35
    2491              
    2492              
    2493              $C$DW$TU$36     .dwtag  DW_TAG_type_unit
    2494                      .dwmtype  $C$DW$T$36
    2495              
    2496              $C$DW$T$36      .dwtag  DW_TAG_structure_type
    2497                      .dwattr $C$DW$T$36, DW_AT_name("QEINT_BITS")
    2498                      .dwattr $C$DW$T$36, DW_AT_byte_size(0x01)
    2499              $C$DW$115       .dwtag  DW_TAG_member
    2500                      .dwattr $C$DW$115, DW_AT_type(*$C$DW$T$29)
    2501                      .dwattr $C$DW$115, DW_AT_name("rsvd1")
    2502                      .dwattr $C$DW$115, DW_AT_bit_offset(0x0f)
    2503                      .dwattr $C$DW$115, DW_AT_bit_size(0x01)
    2504                      .dwattr $C$DW$115, DW_AT_accessibility(DW_ACCESS_public)
    2505                      .dwattr $C$DW$115, DW_AT_decl_file("C:\TI\C2000Ware_MotorControl_SDK_5_04_00_00\c2000ware\device_supp
    2506                      .dwattr $C$DW$115, DW_AT_decl_line(0x76)
    2507                      .dwattr $C$DW$115, DW_AT_decl_column(0x0c)
    2508              
    2509              $C$DW$116       .dwtag  DW_TAG_member
    2510                      .dwattr $C$DW$116, DW_AT_type(*$C$DW$T$29)
    2511                      .dwattr $C$DW$116, DW_AT_name("PCE")
    2512                      .dwattr $C$DW$116, DW_AT_bit_offset(0x0e)
    2513                      .dwattr $C$DW$116, DW_AT_bit_size(0x01)
    2514                      .dwattr $C$DW$116, DW_AT_accessibility(DW_ACCESS_public)
    2515                      .dwattr $C$DW$116, DW_AT_decl_file("C:\TI\C2000Ware_MotorControl_SDK_5_04_00_00\c2000ware\device_supp
    2516                      .dwattr $C$DW$116, DW_AT_decl_line(0x77)
    2517                      .dwattr $C$DW$116, DW_AT_decl_column(0x0c)
    2518              
    2519              $C$DW$117       .dwtag  DW_TAG_member
    2520                      .dwattr $C$DW$117, DW_AT_type(*$C$DW$T$29)
TMS320C2000 Assembler PC v22.6.2 Fri Apr  3 17:22:04 2026

Copyright (c) 1996-2018 Texas Instruments Incorporated
fcl_cla_code_dm.asm                                                  PAGE   61

    2521                      .dwattr $C$DW$117, DW_AT_name("QPE")
    2522                      .dwattr $C$DW$117, DW_AT_bit_offset(0x0d)
    2523                      .dwattr $C$DW$117, DW_AT_bit_size(0x01)
    2524                      .dwattr $C$DW$117, DW_AT_accessibility(DW_ACCESS_public)
    2525                      .dwattr $C$DW$117, DW_AT_decl_file("C:\TI\C2000Ware_MotorControl_SDK_5_04_00_00\c2000ware\device_supp
    2526                      .dwattr $C$DW$117, DW_AT_decl_line(0x78)
    2527                      .dwattr $C$DW$117, DW_AT_decl_column(0x0c)
    2528              
    2529              $C$DW$118       .dwtag  DW_TAG_member
    2530                      .dwattr $C$DW$118, DW_AT_type(*$C$DW$T$29)
    2531                      .dwattr $C$DW$118, DW_AT_name("QDC")
    2532                      .dwattr $C$DW$118, DW_AT_bit_offset(0x0c)
    2533                      .dwattr $C$DW$118, DW_AT_bit_size(0x01)
    2534                      .dwattr $C$DW$118, DW_AT_accessibility(DW_ACCESS_public)
    2535                      .dwattr $C$DW$118, DW_AT_decl_file("C:\TI\C2000Ware_MotorControl_SDK_5_04_00_00\c2000ware\device_supp
    2536                      .dwattr $C$DW$118, DW_AT_decl_line(0x79)
    2537                      .dwattr $C$DW$118, DW_AT_decl_column(0x0c)
    2538              
    2539              $C$DW$119       .dwtag  DW_TAG_member
    2540                      .dwattr $C$DW$119, DW_AT_type(*$C$DW$T$29)
    2541                      .dwattr $C$DW$119, DW_AT_name("WTO")
    2542                      .dwattr $C$DW$119, DW_AT_bit_offset(0x0b)
    2543                      .dwattr $C$DW$119, DW_AT_bit_size(0x01)
    2544                      .dwattr $C$DW$119, DW_AT_accessibility(DW_ACCESS_public)
    2545                      .dwattr $C$DW$119, DW_AT_decl_file("C:\TI\C2000Ware_MotorControl_SDK_5_04_00_00\c2000ware\device_supp
    2546                      .dwattr $C$DW$119, DW_AT_decl_line(0x7a)
    2547                      .dwattr $C$DW$119, DW_AT_decl_column(0x0c)
    2548              
    2549              $C$DW$120       .dwtag  DW_TAG_member
    2550                      .dwattr $C$DW$120, DW_AT_type(*$C$DW$T$29)
    2551                      .dwattr $C$DW$120, DW_AT_name("PCU")
    2552                      .dwattr $C$DW$120, DW_AT_bit_offset(0x0a)
    2553                      .dwattr $C$DW$120, DW_AT_bit_size(0x01)
    2554                      .dwattr $C$DW$120, DW_AT_accessibility(DW_ACCESS_public)
    2555                      .dwattr $C$DW$120, DW_AT_decl_file("C:\TI\C2000Ware_MotorControl_SDK_5_04_00_00\c2000ware\device_supp
    2556                      .dwattr $C$DW$120, DW_AT_decl_line(0x7b)
    2557                      .dwattr $C$DW$120, DW_AT_decl_column(0x0c)
    2558              
    2559              $C$DW$121       .dwtag  DW_TAG_member
    2560                      .dwattr $C$DW$121, DW_AT_type(*$C$DW$T$29)
    2561                      .dwattr $C$DW$121, DW_AT_name("PCO")
    2562                      .dwattr $C$DW$121, DW_AT_bit_offset(0x09)
    2563                      .dwattr $C$DW$121, DW_AT_bit_size(0x01)
    2564                      .dwattr $C$DW$121, DW_AT_accessibility(DW_ACCESS_public)
    2565                      .dwattr $C$DW$121, DW_AT_decl_file("C:\TI\C2000Ware_MotorControl_SDK_5_04_00_00\c2000ware\device_supp
    2566                      .dwattr $C$DW$121, DW_AT_decl_line(0x7c)
    2567                      .dwattr $C$DW$121, DW_AT_decl_column(0x0c)
    2568              
    2569              $C$DW$122       .dwtag  DW_TAG_member
    2570                      .dwattr $C$DW$122, DW_AT_type(*$C$DW$T$29)
    2571                      .dwattr $C$DW$122, DW_AT_name("PCR")
    2572                      .dwattr $C$DW$122, DW_AT_bit_offset(0x08)
    2573                      .dwattr $C$DW$122, DW_AT_bit_size(0x01)
    2574                      .dwattr $C$DW$122, DW_AT_accessibility(DW_ACCESS_public)
    2575                      .dwattr $C$DW$122, DW_AT_decl_file("C:\TI\C2000Ware_MotorControl_SDK_5_04_00_00\c2000ware\device_supp
TMS320C2000 Assembler PC v22.6.2 Fri Apr  3 17:22:04 2026

Copyright (c) 1996-2018 Texas Instruments Incorporated
fcl_cla_code_dm.asm                                                  PAGE   62

    2576                      .dwattr $C$DW$122, DW_AT_decl_line(0x7d)
    2577                      .dwattr $C$DW$122, DW_AT_decl_column(0x0c)
    2578              
    2579              $C$DW$123       .dwtag  DW_TAG_member
    2580                      .dwattr $C$DW$123, DW_AT_type(*$C$DW$T$29)
    2581                      .dwattr $C$DW$123, DW_AT_name("PCM")
    2582                      .dwattr $C$DW$123, DW_AT_bit_offset(0x07)
    2583                      .dwattr $C$DW$123, DW_AT_bit_size(0x01)
    2584                      .dwattr $C$DW$123, DW_AT_accessibility(DW_ACCESS_public)
    2585                      .dwattr $C$DW$123, DW_AT_decl_file("C:\TI\C2000Ware_MotorControl_SDK_5_04_00_00\c2000ware\device_supp
    2586                      .dwattr $C$DW$123, DW_AT_decl_line(0x7e)
    2587                      .dwattr $C$DW$123, DW_AT_decl_column(0x0c)
    2588              
    2589              $C$DW$124       .dwtag  DW_TAG_member
    2590                      .dwattr $C$DW$124, DW_AT_type(*$C$DW$T$29)
    2591                      .dwattr $C$DW$124, DW_AT_name("SEL")
    2592                      .dwattr $C$DW$124, DW_AT_bit_offset(0x06)
    2593                      .dwattr $C$DW$124, DW_AT_bit_size(0x01)
    2594                      .dwattr $C$DW$124, DW_AT_accessibility(DW_ACCESS_public)
    2595                      .dwattr $C$DW$124, DW_AT_decl_file("C:\TI\C2000Ware_MotorControl_SDK_5_04_00_00\c2000ware\device_supp
    2596                      .dwattr $C$DW$124, DW_AT_decl_line(0x7f)
    2597                      .dwattr $C$DW$124, DW_AT_decl_column(0x0c)
    2598              
    2599              $C$DW$125       .dwtag  DW_TAG_member
    2600                      .dwattr $C$DW$125, DW_AT_type(*$C$DW$T$29)
    2601                      .dwattr $C$DW$125, DW_AT_name("IEL")
    2602                      .dwattr $C$DW$125, DW_AT_bit_offset(0x05)
    2603                      .dwattr $C$DW$125, DW_AT_bit_size(0x01)
    2604                      .dwattr $C$DW$125, DW_AT_accessibility(DW_ACCESS_public)
    2605                      .dwattr $C$DW$125, DW_AT_decl_file("C:\TI\C2000Ware_MotorControl_SDK_5_04_00_00\c2000ware\device_supp
    2606                      .dwattr $C$DW$125, DW_AT_decl_line(0x80)
    2607                      .dwattr $C$DW$125, DW_AT_decl_column(0x0c)
    2608              
    2609              $C$DW$126       .dwtag  DW_TAG_member
    2610                      .dwattr $C$DW$126, DW_AT_type(*$C$DW$T$29)
    2611                      .dwattr $C$DW$126, DW_AT_name("UTO")
    2612                      .dwattr $C$DW$126, DW_AT_bit_offset(0x04)
    2613                      .dwattr $C$DW$126, DW_AT_bit_size(0x01)
    2614                      .dwattr $C$DW$126, DW_AT_accessibility(DW_ACCESS_public)
    2615                      .dwattr $C$DW$126, DW_AT_decl_file("C:\TI\C2000Ware_MotorControl_SDK_5_04_00_00\c2000ware\device_supp
    2616                      .dwattr $C$DW$126, DW_AT_decl_line(0x81)
    2617                      .dwattr $C$DW$126, DW_AT_decl_column(0x0c)
    2618              
    2619              $C$DW$127       .dwtag  DW_TAG_member
    2620                      .dwattr $C$DW$127, DW_AT_type(*$C$DW$T$29)
    2621                      .dwattr $C$DW$127, DW_AT_name("rsvd2")
    2622                      .dwattr $C$DW$127, DW_AT_bit_offset(0x00)
    2623                      .dwattr $C$DW$127, DW_AT_bit_size(0x04)
    2624                      .dwattr $C$DW$127, DW_AT_accessibility(DW_ACCESS_public)
    2625                      .dwattr $C$DW$127, DW_AT_decl_file("C:\TI\C2000Ware_MotorControl_SDK_5_04_00_00\c2000ware\device_supp
    2626                      .dwattr $C$DW$127, DW_AT_decl_line(0x82)
    2627                      .dwattr $C$DW$127, DW_AT_decl_column(0x0c)
    2628              
    2629                      .dwattr $C$DW$T$36, DW_AT_decl_file("C:\TI\C2000Ware_MotorControl_SDK_5_04_00_00\c2000ware\device_sup
    2630                      .dwattr $C$DW$T$36, DW_AT_decl_line(0x75)
TMS320C2000 Assembler PC v22.6.2 Fri Apr  3 17:22:04 2026

Copyright (c) 1996-2018 Texas Instruments Incorporated
fcl_cla_code_dm.asm                                                  PAGE   63

    2631                      .dwattr $C$DW$T$36, DW_AT_decl_column(0x08)
    2632                      .dwendtag $C$DW$T$36
    2633              
    2634                      .dwendtag $C$DW$TU$36
    2635              
    2636              
    2637              $C$DW$TU$37     .dwtag  DW_TAG_type_unit
    2638                      .dwmtype  $C$DW$T$37
    2639              
    2640              $C$DW$T$37      .dwtag  DW_TAG_union_type
    2641                      .dwattr $C$DW$T$37, DW_AT_name("QEINT_REG")
    2642                      .dwattr $C$DW$T$37, DW_AT_byte_size(0x01)
    2643              $C$DW$128       .dwtag  DW_TAG_member
    2644                      .dwattr $C$DW$128, DW_AT_type(*$C$DW$T$29)
    2645                      .dwattr $C$DW$128, DW_AT_name("all")
    2646                      .dwattr $C$DW$128, DW_AT_accessibility(DW_ACCESS_public)
    2647                      .dwattr $C$DW$128, DW_AT_decl_file("C:\TI\C2000Ware_MotorControl_SDK_5_04_00_00\c2000ware\device_supp
    2648                      .dwattr $C$DW$128, DW_AT_decl_line(0x86)
    2649                      .dwattr $C$DW$128, DW_AT_decl_column(0x0d)
    2650              
    2651              $C$DW$129       .dwtag  DW_TAG_member
    2652                      .dwattr $C$DW$129, DW_AT_type(*$C$DW$T$36)
    2653                      .dwattr $C$DW$129, DW_AT_name("bit")
    2654                      .dwattr $C$DW$129, DW_AT_accessibility(DW_ACCESS_public)
    2655                      .dwattr $C$DW$129, DW_AT_decl_file("C:\TI\C2000Ware_MotorControl_SDK_5_04_00_00\c2000ware\device_supp
    2656                      .dwattr $C$DW$129, DW_AT_decl_line(0x87)
    2657                      .dwattr $C$DW$129, DW_AT_decl_column(0x19)
    2658              
    2659                      .dwattr $C$DW$T$37, DW_AT_decl_file("C:\TI\C2000Ware_MotorControl_SDK_5_04_00_00\c2000ware\device_sup
    2660                      .dwattr $C$DW$T$37, DW_AT_decl_line(0x85)
    2661                      .dwattr $C$DW$T$37, DW_AT_decl_column(0x07)
    2662                      .dwendtag $C$DW$T$37
    2663              
    2664                      .dwendtag $C$DW$TU$37
    2665              
    2666              
    2667              $C$DW$TU$38     .dwtag  DW_TAG_type_unit
    2668                      .dwmtype  $C$DW$T$38
    2669              
    2670              $C$DW$T$38      .dwtag  DW_TAG_structure_type
    2671                      .dwattr $C$DW$T$38, DW_AT_name("QEPCTL_BITS")
    2672                      .dwattr $C$DW$T$38, DW_AT_byte_size(0x01)
    2673              $C$DW$130       .dwtag  DW_TAG_member
    2674                      .dwattr $C$DW$130, DW_AT_type(*$C$DW$T$29)
    2675                      .dwattr $C$DW$130, DW_AT_name("WDE")
    2676                      .dwattr $C$DW$130, DW_AT_bit_offset(0x0f)
    2677                      .dwattr $C$DW$130, DW_AT_bit_size(0x01)
    2678                      .dwattr $C$DW$130, DW_AT_accessibility(DW_ACCESS_public)
    2679                      .dwattr $C$DW$130, DW_AT_decl_file("C:\TI\C2000Ware_MotorControl_SDK_5_04_00_00\c2000ware\device_supp
    2680                      .dwattr $C$DW$130, DW_AT_decl_line(0x4a)
    2681                      .dwattr $C$DW$130, DW_AT_decl_column(0x0c)
    2682              
    2683              $C$DW$131       .dwtag  DW_TAG_member
    2684                      .dwattr $C$DW$131, DW_AT_type(*$C$DW$T$29)
    2685                      .dwattr $C$DW$131, DW_AT_name("UTE")
TMS320C2000 Assembler PC v22.6.2 Fri Apr  3 17:22:04 2026

Copyright (c) 1996-2018 Texas Instruments Incorporated
fcl_cla_code_dm.asm                                                  PAGE   64

    2686                      .dwattr $C$DW$131, DW_AT_bit_offset(0x0e)
    2687                      .dwattr $C$DW$131, DW_AT_bit_size(0x01)
    2688                      .dwattr $C$DW$131, DW_AT_accessibility(DW_ACCESS_public)
    2689                      .dwattr $C$DW$131, DW_AT_decl_file("C:\TI\C2000Ware_MotorControl_SDK_5_04_00_00\c2000ware\device_supp
    2690                      .dwattr $C$DW$131, DW_AT_decl_line(0x4b)
    2691                      .dwattr $C$DW$131, DW_AT_decl_column(0x0c)
    2692              
    2693              $C$DW$132       .dwtag  DW_TAG_member
    2694                      .dwattr $C$DW$132, DW_AT_type(*$C$DW$T$29)
    2695                      .dwattr $C$DW$132, DW_AT_name("QCLM")
    2696                      .dwattr $C$DW$132, DW_AT_bit_offset(0x0d)
    2697                      .dwattr $C$DW$132, DW_AT_bit_size(0x01)
    2698                      .dwattr $C$DW$132, DW_AT_accessibility(DW_ACCESS_public)
    2699                      .dwattr $C$DW$132, DW_AT_decl_file("C:\TI\C2000Ware_MotorControl_SDK_5_04_00_00\c2000ware\device_supp
    2700                      .dwattr $C$DW$132, DW_AT_decl_line(0x4c)
    2701                      .dwattr $C$DW$132, DW_AT_decl_column(0x0c)
    2702              
    2703              $C$DW$133       .dwtag  DW_TAG_member
    2704                      .dwattr $C$DW$133, DW_AT_type(*$C$DW$T$29)
    2705                      .dwattr $C$DW$133, DW_AT_name("QPEN")
    2706                      .dwattr $C$DW$133, DW_AT_bit_offset(0x0c)
    2707                      .dwattr $C$DW$133, DW_AT_bit_size(0x01)
    2708                      .dwattr $C$DW$133, DW_AT_accessibility(DW_ACCESS_public)
    2709                      .dwattr $C$DW$133, DW_AT_decl_file("C:\TI\C2000Ware_MotorControl_SDK_5_04_00_00\c2000ware\device_supp
    2710                      .dwattr $C$DW$133, DW_AT_decl_line(0x4d)
    2711                      .dwattr $C$DW$133, DW_AT_decl_column(0x0c)
    2712              
    2713              $C$DW$134       .dwtag  DW_TAG_member
    2714                      .dwattr $C$DW$134, DW_AT_type(*$C$DW$T$29)
    2715                      .dwattr $C$DW$134, DW_AT_name("IEL")
    2716                      .dwattr $C$DW$134, DW_AT_bit_offset(0x0a)
    2717                      .dwattr $C$DW$134, DW_AT_bit_size(0x02)
    2718                      .dwattr $C$DW$134, DW_AT_accessibility(DW_ACCESS_public)
    2719                      .dwattr $C$DW$134, DW_AT_decl_file("C:\TI\C2000Ware_MotorControl_SDK_5_04_00_00\c2000ware\device_supp
    2720                      .dwattr $C$DW$134, DW_AT_decl_line(0x4e)
    2721                      .dwattr $C$DW$134, DW_AT_decl_column(0x0c)
    2722              
    2723              $C$DW$135       .dwtag  DW_TAG_member
    2724                      .dwattr $C$DW$135, DW_AT_type(*$C$DW$T$29)
    2725                      .dwattr $C$DW$135, DW_AT_name("SEL")
    2726                      .dwattr $C$DW$135, DW_AT_bit_offset(0x09)
    2727                      .dwattr $C$DW$135, DW_AT_bit_size(0x01)
    2728                      .dwattr $C$DW$135, DW_AT_accessibility(DW_ACCESS_public)
    2729                      .dwattr $C$DW$135, DW_AT_decl_file("C:\TI\C2000Ware_MotorControl_SDK_5_04_00_00\c2000ware\device_supp
    2730                      .dwattr $C$DW$135, DW_AT_decl_line(0x4f)
    2731                      .dwattr $C$DW$135, DW_AT_decl_column(0x0c)
    2732              
    2733              $C$DW$136       .dwtag  DW_TAG_member
    2734                      .dwattr $C$DW$136, DW_AT_type(*$C$DW$T$29)
    2735                      .dwattr $C$DW$136, DW_AT_name("SWI")
    2736                      .dwattr $C$DW$136, DW_AT_bit_offset(0x08)
    2737                      .dwattr $C$DW$136, DW_AT_bit_size(0x01)
    2738                      .dwattr $C$DW$136, DW_AT_accessibility(DW_ACCESS_public)
    2739                      .dwattr $C$DW$136, DW_AT_decl_file("C:\TI\C2000Ware_MotorControl_SDK_5_04_00_00\c2000ware\device_supp
    2740                      .dwattr $C$DW$136, DW_AT_decl_line(0x50)
TMS320C2000 Assembler PC v22.6.2 Fri Apr  3 17:22:04 2026

Copyright (c) 1996-2018 Texas Instruments Incorporated
fcl_cla_code_dm.asm                                                  PAGE   65

    2741                      .dwattr $C$DW$136, DW_AT_decl_column(0x0c)
    2742              
    2743              $C$DW$137       .dwtag  DW_TAG_member
    2744                      .dwattr $C$DW$137, DW_AT_type(*$C$DW$T$29)
    2745                      .dwattr $C$DW$137, DW_AT_name("IEI")
    2746                      .dwattr $C$DW$137, DW_AT_bit_offset(0x06)
    2747                      .dwattr $C$DW$137, DW_AT_bit_size(0x02)
    2748                      .dwattr $C$DW$137, DW_AT_accessibility(DW_ACCESS_public)
    2749                      .dwattr $C$DW$137, DW_AT_decl_file("C:\TI\C2000Ware_MotorControl_SDK_5_04_00_00\c2000ware\device_supp
    2750                      .dwattr $C$DW$137, DW_AT_decl_line(0x51)
    2751                      .dwattr $C$DW$137, DW_AT_decl_column(0x0c)
    2752              
    2753              $C$DW$138       .dwtag  DW_TAG_member
    2754                      .dwattr $C$DW$138, DW_AT_type(*$C$DW$T$29)
    2755                      .dwattr $C$DW$138, DW_AT_name("SEI")
    2756                      .dwattr $C$DW$138, DW_AT_bit_offset(0x04)
    2757                      .dwattr $C$DW$138, DW_AT_bit_size(0x02)
    2758                      .dwattr $C$DW$138, DW_AT_accessibility(DW_ACCESS_public)
    2759                      .dwattr $C$DW$138, DW_AT_decl_file("C:\TI\C2000Ware_MotorControl_SDK_5_04_00_00\c2000ware\device_supp
    2760                      .dwattr $C$DW$138, DW_AT_decl_line(0x52)
    2761                      .dwattr $C$DW$138, DW_AT_decl_column(0x0c)
    2762              
    2763              $C$DW$139       .dwtag  DW_TAG_member
    2764                      .dwattr $C$DW$139, DW_AT_type(*$C$DW$T$29)
    2765                      .dwattr $C$DW$139, DW_AT_name("PCRM")
    2766                      .dwattr $C$DW$139, DW_AT_bit_offset(0x02)
    2767                      .dwattr $C$DW$139, DW_AT_bit_size(0x02)
    2768                      .dwattr $C$DW$139, DW_AT_accessibility(DW_ACCESS_public)
    2769                      .dwattr $C$DW$139, DW_AT_decl_file("C:\TI\C2000Ware_MotorControl_SDK_5_04_00_00\c2000ware\device_supp
    2770                      .dwattr $C$DW$139, DW_AT_decl_line(0x53)
    2771                      .dwattr $C$DW$139, DW_AT_decl_column(0x0c)
    2772              
    2773              $C$DW$140       .dwtag  DW_TAG_member
    2774                      .dwattr $C$DW$140, DW_AT_type(*$C$DW$T$29)
    2775                      .dwattr $C$DW$140, DW_AT_name("FREE_SOFT")
    2776                      .dwattr $C$DW$140, DW_AT_bit_offset(0x00)
    2777                      .dwattr $C$DW$140, DW_AT_bit_size(0x02)
    2778                      .dwattr $C$DW$140, DW_AT_accessibility(DW_ACCESS_public)
    2779                      .dwattr $C$DW$140, DW_AT_decl_file("C:\TI\C2000Ware_MotorControl_SDK_5_04_00_00\c2000ware\device_supp
    2780                      .dwattr $C$DW$140, DW_AT_decl_line(0x54)
    2781                      .dwattr $C$DW$140, DW_AT_decl_column(0x0c)
    2782              
    2783                      .dwattr $C$DW$T$38, DW_AT_decl_file("C:\TI\C2000Ware_MotorControl_SDK_5_04_00_00\c2000ware\device_sup
    2784                      .dwattr $C$DW$T$38, DW_AT_decl_line(0x49)
    2785                      .dwattr $C$DW$T$38, DW_AT_decl_column(0x08)
    2786                      .dwendtag $C$DW$T$38
    2787              
    2788                      .dwendtag $C$DW$TU$38
    2789              
    2790              
    2791              $C$DW$TU$39     .dwtag  DW_TAG_type_unit
    2792                      .dwmtype  $C$DW$T$39
    2793              
    2794              $C$DW$T$39      .dwtag  DW_TAG_union_type
    2795                      .dwattr $C$DW$T$39, DW_AT_name("QEPCTL_REG")
TMS320C2000 Assembler PC v22.6.2 Fri Apr  3 17:22:04 2026

Copyright (c) 1996-2018 Texas Instruments Incorporated
fcl_cla_code_dm.asm                                                  PAGE   66

    2796                      .dwattr $C$DW$T$39, DW_AT_byte_size(0x01)
    2797              $C$DW$141       .dwtag  DW_TAG_member
    2798                      .dwattr $C$DW$141, DW_AT_type(*$C$DW$T$29)
    2799                      .dwattr $C$DW$141, DW_AT_name("all")
    2800                      .dwattr $C$DW$141, DW_AT_accessibility(DW_ACCESS_public)
    2801                      .dwattr $C$DW$141, DW_AT_decl_file("C:\TI\C2000Ware_MotorControl_SDK_5_04_00_00\c2000ware\device_supp
    2802                      .dwattr $C$DW$141, DW_AT_decl_line(0x58)
    2803                      .dwattr $C$DW$141, DW_AT_decl_column(0x0d)
    2804              
    2805              $C$DW$142       .dwtag  DW_TAG_member
    2806                      .dwattr $C$DW$142, DW_AT_type(*$C$DW$T$38)
    2807                      .dwattr $C$DW$142, DW_AT_name("bit")
    2808                      .dwattr $C$DW$142, DW_AT_accessibility(DW_ACCESS_public)
    2809                      .dwattr $C$DW$142, DW_AT_decl_file("C:\TI\C2000Ware_MotorControl_SDK_5_04_00_00\c2000ware\device_supp
    2810                      .dwattr $C$DW$142, DW_AT_decl_line(0x59)
    2811                      .dwattr $C$DW$142, DW_AT_decl_column(0x1a)
    2812              
    2813                      .dwattr $C$DW$T$39, DW_AT_decl_file("C:\TI\C2000Ware_MotorControl_SDK_5_04_00_00\c2000ware\device_sup
    2814                      .dwattr $C$DW$T$39, DW_AT_decl_line(0x57)
    2815                      .dwattr $C$DW$T$39, DW_AT_decl_column(0x07)
    2816                      .dwendtag $C$DW$T$39
    2817              
    2818                      .dwendtag $C$DW$TU$39
    2819              
    2820              
    2821              $C$DW$TU$40     .dwtag  DW_TAG_type_unit
    2822                      .dwmtype  $C$DW$T$40
    2823              
    2824              $C$DW$T$40      .dwtag  DW_TAG_structure_type
    2825                      .dwattr $C$DW$T$40, DW_AT_name("QEPSTS_BITS")
    2826                      .dwattr $C$DW$T$40, DW_AT_byte_size(0x01)
    2827              $C$DW$143       .dwtag  DW_TAG_member
    2828                      .dwattr $C$DW$143, DW_AT_type(*$C$DW$T$29)
    2829                      .dwattr $C$DW$143, DW_AT_name("PCEF")
    2830                      .dwattr $C$DW$143, DW_AT_bit_offset(0x0f)
    2831                      .dwattr $C$DW$143, DW_AT_bit_size(0x01)
    2832                      .dwattr $C$DW$143, DW_AT_accessibility(DW_ACCESS_public)
    2833                      .dwattr $C$DW$143, DW_AT_decl_file("C:\TI\C2000Ware_MotorControl_SDK_5_04_00_00\c2000ware\device_supp
    2834                      .dwattr $C$DW$143, DW_AT_decl_line(0xca)
    2835                      .dwattr $C$DW$143, DW_AT_decl_column(0x0c)
    2836              
    2837              $C$DW$144       .dwtag  DW_TAG_member
    2838                      .dwattr $C$DW$144, DW_AT_type(*$C$DW$T$29)
    2839                      .dwattr $C$DW$144, DW_AT_name("FIMF")
    2840                      .dwattr $C$DW$144, DW_AT_bit_offset(0x0e)
    2841                      .dwattr $C$DW$144, DW_AT_bit_size(0x01)
    2842                      .dwattr $C$DW$144, DW_AT_accessibility(DW_ACCESS_public)
    2843                      .dwattr $C$DW$144, DW_AT_decl_file("C:\TI\C2000Ware_MotorControl_SDK_5_04_00_00\c2000ware\device_supp
    2844                      .dwattr $C$DW$144, DW_AT_decl_line(0xcb)
    2845                      .dwattr $C$DW$144, DW_AT_decl_column(0x0c)
    2846              
    2847              $C$DW$145       .dwtag  DW_TAG_member
    2848                      .dwattr $C$DW$145, DW_AT_type(*$C$DW$T$29)
    2849                      .dwattr $C$DW$145, DW_AT_name("CDEF")
    2850                      .dwattr $C$DW$145, DW_AT_bit_offset(0x0d)
TMS320C2000 Assembler PC v22.6.2 Fri Apr  3 17:22:04 2026

Copyright (c) 1996-2018 Texas Instruments Incorporated
fcl_cla_code_dm.asm                                                  PAGE   67

    2851                      .dwattr $C$DW$145, DW_AT_bit_size(0x01)
    2852                      .dwattr $C$DW$145, DW_AT_accessibility(DW_ACCESS_public)
    2853                      .dwattr $C$DW$145, DW_AT_decl_file("C:\TI\C2000Ware_MotorControl_SDK_5_04_00_00\c2000ware\device_supp
    2854                      .dwattr $C$DW$145, DW_AT_decl_line(0xcc)
    2855                      .dwattr $C$DW$145, DW_AT_decl_column(0x0c)
    2856              
    2857              $C$DW$146       .dwtag  DW_TAG_member
    2858                      .dwattr $C$DW$146, DW_AT_type(*$C$DW$T$29)
    2859                      .dwattr $C$DW$146, DW_AT_name("COEF")
    2860                      .dwattr $C$DW$146, DW_AT_bit_offset(0x0c)
    2861                      .dwattr $C$DW$146, DW_AT_bit_size(0x01)
    2862                      .dwattr $C$DW$146, DW_AT_accessibility(DW_ACCESS_public)
    2863                      .dwattr $C$DW$146, DW_AT_decl_file("C:\TI\C2000Ware_MotorControl_SDK_5_04_00_00\c2000ware\device_supp
    2864                      .dwattr $C$DW$146, DW_AT_decl_line(0xcd)
    2865                      .dwattr $C$DW$146, DW_AT_decl_column(0x0c)
    2866              
    2867              $C$DW$147       .dwtag  DW_TAG_member
    2868                      .dwattr $C$DW$147, DW_AT_type(*$C$DW$T$29)
    2869                      .dwattr $C$DW$147, DW_AT_name("QDLF")
    2870                      .dwattr $C$DW$147, DW_AT_bit_offset(0x0b)
    2871                      .dwattr $C$DW$147, DW_AT_bit_size(0x01)
    2872                      .dwattr $C$DW$147, DW_AT_accessibility(DW_ACCESS_public)
    2873                      .dwattr $C$DW$147, DW_AT_decl_file("C:\TI\C2000Ware_MotorControl_SDK_5_04_00_00\c2000ware\device_supp
    2874                      .dwattr $C$DW$147, DW_AT_decl_line(0xce)
    2875                      .dwattr $C$DW$147, DW_AT_decl_column(0x0c)
    2876              
    2877              $C$DW$148       .dwtag  DW_TAG_member
    2878                      .dwattr $C$DW$148, DW_AT_type(*$C$DW$T$29)
    2879                      .dwattr $C$DW$148, DW_AT_name("QDF")
    2880                      .dwattr $C$DW$148, DW_AT_bit_offset(0x0a)
    2881                      .dwattr $C$DW$148, DW_AT_bit_size(0x01)
    2882                      .dwattr $C$DW$148, DW_AT_accessibility(DW_ACCESS_public)
    2883                      .dwattr $C$DW$148, DW_AT_decl_file("C:\TI\C2000Ware_MotorControl_SDK_5_04_00_00\c2000ware\device_supp
    2884                      .dwattr $C$DW$148, DW_AT_decl_line(0xcf)
    2885                      .dwattr $C$DW$148, DW_AT_decl_column(0x0c)
    2886              
    2887              $C$DW$149       .dwtag  DW_TAG_member
    2888                      .dwattr $C$DW$149, DW_AT_type(*$C$DW$T$29)
    2889                      .dwattr $C$DW$149, DW_AT_name("FIDF")
    2890                      .dwattr $C$DW$149, DW_AT_bit_offset(0x09)
    2891                      .dwattr $C$DW$149, DW_AT_bit_size(0x01)
    2892                      .dwattr $C$DW$149, DW_AT_accessibility(DW_ACCESS_public)
    2893                      .dwattr $C$DW$149, DW_AT_decl_file("C:\TI\C2000Ware_MotorControl_SDK_5_04_00_00\c2000ware\device_supp
    2894                      .dwattr $C$DW$149, DW_AT_decl_line(0xd0)
    2895                      .dwattr $C$DW$149, DW_AT_decl_column(0x0c)
    2896              
    2897              $C$DW$150       .dwtag  DW_TAG_member
    2898                      .dwattr $C$DW$150, DW_AT_type(*$C$DW$T$29)
    2899                      .dwattr $C$DW$150, DW_AT_name("UPEVNT")
    2900                      .dwattr $C$DW$150, DW_AT_bit_offset(0x08)
    2901                      .dwattr $C$DW$150, DW_AT_bit_size(0x01)
    2902                      .dwattr $C$DW$150, DW_AT_accessibility(DW_ACCESS_public)
    2903                      .dwattr $C$DW$150, DW_AT_decl_file("C:\TI\C2000Ware_MotorControl_SDK_5_04_00_00\c2000ware\device_supp
    2904                      .dwattr $C$DW$150, DW_AT_decl_line(0xd1)
    2905                      .dwattr $C$DW$150, DW_AT_decl_column(0x0c)
TMS320C2000 Assembler PC v22.6.2 Fri Apr  3 17:22:04 2026

Copyright (c) 1996-2018 Texas Instruments Incorporated
fcl_cla_code_dm.asm                                                  PAGE   68

    2906              
    2907              $C$DW$151       .dwtag  DW_TAG_member
    2908                      .dwattr $C$DW$151, DW_AT_type(*$C$DW$T$29)
    2909                      .dwattr $C$DW$151, DW_AT_name("rsvd1")
    2910                      .dwattr $C$DW$151, DW_AT_bit_offset(0x00)
    2911                      .dwattr $C$DW$151, DW_AT_bit_size(0x08)
    2912                      .dwattr $C$DW$151, DW_AT_accessibility(DW_ACCESS_public)
    2913                      .dwattr $C$DW$151, DW_AT_decl_file("C:\TI\C2000Ware_MotorControl_SDK_5_04_00_00\c2000ware\device_supp
    2914                      .dwattr $C$DW$151, DW_AT_decl_line(0xd2)
    2915                      .dwattr $C$DW$151, DW_AT_decl_column(0x0c)
    2916              
    2917                      .dwattr $C$DW$T$40, DW_AT_decl_file("C:\TI\C2000Ware_MotorControl_SDK_5_04_00_00\c2000ware\device_sup
    2918                      .dwattr $C$DW$T$40, DW_AT_decl_line(0xc9)
    2919                      .dwattr $C$DW$T$40, DW_AT_decl_column(0x08)
    2920                      .dwendtag $C$DW$T$40
    2921              
    2922                      .dwendtag $C$DW$TU$40
    2923              
    2924              
    2925              $C$DW$TU$41     .dwtag  DW_TAG_type_unit
    2926                      .dwmtype  $C$DW$T$41
    2927              
    2928              $C$DW$T$41      .dwtag  DW_TAG_union_type
    2929                      .dwattr $C$DW$T$41, DW_AT_name("QEPSTS_REG")
    2930                      .dwattr $C$DW$T$41, DW_AT_byte_size(0x01)
    2931              $C$DW$152       .dwtag  DW_TAG_member
    2932                      .dwattr $C$DW$152, DW_AT_type(*$C$DW$T$29)
    2933                      .dwattr $C$DW$152, DW_AT_name("all")
    2934                      .dwattr $C$DW$152, DW_AT_accessibility(DW_ACCESS_public)
    2935                      .dwattr $C$DW$152, DW_AT_decl_file("C:\TI\C2000Ware_MotorControl_SDK_5_04_00_00\c2000ware\device_supp
    2936                      .dwattr $C$DW$152, DW_AT_decl_line(0xd6)
    2937                      .dwattr $C$DW$152, DW_AT_decl_column(0x0d)
    2938              
    2939              $C$DW$153       .dwtag  DW_TAG_member
    2940                      .dwattr $C$DW$153, DW_AT_type(*$C$DW$T$40)
    2941                      .dwattr $C$DW$153, DW_AT_name("bit")
    2942                      .dwattr $C$DW$153, DW_AT_accessibility(DW_ACCESS_public)
    2943                      .dwattr $C$DW$153, DW_AT_decl_file("C:\TI\C2000Ware_MotorControl_SDK_5_04_00_00\c2000ware\device_supp
    2944                      .dwattr $C$DW$153, DW_AT_decl_line(0xd7)
    2945                      .dwattr $C$DW$153, DW_AT_decl_column(0x1a)
    2946              
    2947                      .dwattr $C$DW$T$41, DW_AT_decl_file("C:\TI\C2000Ware_MotorControl_SDK_5_04_00_00\c2000ware\device_sup
    2948                      .dwattr $C$DW$T$41, DW_AT_decl_line(0xd5)
    2949                      .dwattr $C$DW$T$41, DW_AT_decl_column(0x07)
    2950                      .dwendtag $C$DW$T$41
    2951              
    2952                      .dwendtag $C$DW$TU$41
    2953              
    2954              
    2955              $C$DW$TU$52     .dwtag  DW_TAG_type_unit
    2956                      .dwmtype  $C$DW$T$52
    2957              
    2958              $C$DW$T$52      .dwtag  DW_TAG_structure_type
    2959                      .dwattr $C$DW$T$52, DW_AT_name("QFLG_BITS")
    2960                      .dwattr $C$DW$T$52, DW_AT_byte_size(0x01)
TMS320C2000 Assembler PC v22.6.2 Fri Apr  3 17:22:04 2026

Copyright (c) 1996-2018 Texas Instruments Incorporated
fcl_cla_code_dm.asm                                                  PAGE   69

    2961              $C$DW$154       .dwtag  DW_TAG_member
    2962                      .dwattr $C$DW$154, DW_AT_type(*$C$DW$T$29)
    2963                      .dwattr $C$DW$154, DW_AT_name("INT")
    2964                      .dwattr $C$DW$154, DW_AT_bit_offset(0x0f)
    2965                      .dwattr $C$DW$154, DW_AT_bit_size(0x01)
    2966                      .dwattr $C$DW$154, DW_AT_accessibility(DW_ACCESS_public)
    2967                      .dwattr $C$DW$154, DW_AT_decl_file("C:\TI\C2000Ware_MotorControl_SDK_5_04_00_00\c2000ware\device_supp
    2968                      .dwattr $C$DW$154, DW_AT_decl_line(0x8b)
    2969                      .dwattr $C$DW$154, DW_AT_decl_column(0x0c)
    2970              
    2971              $C$DW$155       .dwtag  DW_TAG_member
    2972                      .dwattr $C$DW$155, DW_AT_type(*$C$DW$T$29)
    2973                      .dwattr $C$DW$155, DW_AT_name("PCE")
    2974                      .dwattr $C$DW$155, DW_AT_bit_offset(0x0e)
    2975                      .dwattr $C$DW$155, DW_AT_bit_size(0x01)
    2976                      .dwattr $C$DW$155, DW_AT_accessibility(DW_ACCESS_public)
    2977                      .dwattr $C$DW$155, DW_AT_decl_file("C:\TI\C2000Ware_MotorControl_SDK_5_04_00_00\c2000ware\device_supp
    2978                      .dwattr $C$DW$155, DW_AT_decl_line(0x8c)
    2979                      .dwattr $C$DW$155, DW_AT_decl_column(0x0c)
    2980              
    2981              $C$DW$156       .dwtag  DW_TAG_member
    2982                      .dwattr $C$DW$156, DW_AT_type(*$C$DW$T$29)
    2983                      .dwattr $C$DW$156, DW_AT_name("PHE")
    2984                      .dwattr $C$DW$156, DW_AT_bit_offset(0x0d)
    2985                      .dwattr $C$DW$156, DW_AT_bit_size(0x01)
    2986                      .dwattr $C$DW$156, DW_AT_accessibility(DW_ACCESS_public)
    2987                      .dwattr $C$DW$156, DW_AT_decl_file("C:\TI\C2000Ware_MotorControl_SDK_5_04_00_00\c2000ware\device_supp
    2988                      .dwattr $C$DW$156, DW_AT_decl_line(0x8d)
    2989                      .dwattr $C$DW$156, DW_AT_decl_column(0x0c)
    2990              
    2991              $C$DW$157       .dwtag  DW_TAG_member
    2992                      .dwattr $C$DW$157, DW_AT_type(*$C$DW$T$29)
    2993                      .dwattr $C$DW$157, DW_AT_name("QDC")
    2994                      .dwattr $C$DW$157, DW_AT_bit_offset(0x0c)
    2995                      .dwattr $C$DW$157, DW_AT_bit_size(0x01)
    2996                      .dwattr $C$DW$157, DW_AT_accessibility(DW_ACCESS_public)
    2997                      .dwattr $C$DW$157, DW_AT_decl_file("C:\TI\C2000Ware_MotorControl_SDK_5_04_00_00\c2000ware\device_supp
    2998                      .dwattr $C$DW$157, DW_AT_decl_line(0x8e)
    2999                      .dwattr $C$DW$157, DW_AT_decl_column(0x0c)
    3000              
    3001              $C$DW$158       .dwtag  DW_TAG_member
    3002                      .dwattr $C$DW$158, DW_AT_type(*$C$DW$T$29)
    3003                      .dwattr $C$DW$158, DW_AT_name("WTO")
    3004                      .dwattr $C$DW$158, DW_AT_bit_offset(0x0b)
    3005                      .dwattr $C$DW$158, DW_AT_bit_size(0x01)
    3006                      .dwattr $C$DW$158, DW_AT_accessibility(DW_ACCESS_public)
    3007                      .dwattr $C$DW$158, DW_AT_decl_file("C:\TI\C2000Ware_MotorControl_SDK_5_04_00_00\c2000ware\device_supp
    3008                      .dwattr $C$DW$158, DW_AT_decl_line(0x8f)
    3009                      .dwattr $C$DW$158, DW_AT_decl_column(0x0c)
    3010              
    3011              $C$DW$159       .dwtag  DW_TAG_member
    3012                      .dwattr $C$DW$159, DW_AT_type(*$C$DW$T$29)
    3013                      .dwattr $C$DW$159, DW_AT_name("PCU")
    3014                      .dwattr $C$DW$159, DW_AT_bit_offset(0x0a)
    3015                      .dwattr $C$DW$159, DW_AT_bit_size(0x01)
TMS320C2000 Assembler PC v22.6.2 Fri Apr  3 17:22:04 2026

Copyright (c) 1996-2018 Texas Instruments Incorporated
fcl_cla_code_dm.asm                                                  PAGE   70

    3016                      .dwattr $C$DW$159, DW_AT_accessibility(DW_ACCESS_public)
    3017                      .dwattr $C$DW$159, DW_AT_decl_file("C:\TI\C2000Ware_MotorControl_SDK_5_04_00_00\c2000ware\device_supp
    3018                      .dwattr $C$DW$159, DW_AT_decl_line(0x90)
    3019                      .dwattr $C$DW$159, DW_AT_decl_column(0x0c)
    3020              
    3021              $C$DW$160       .dwtag  DW_TAG_member
    3022                      .dwattr $C$DW$160, DW_AT_type(*$C$DW$T$29)
    3023                      .dwattr $C$DW$160, DW_AT_name("PCO")
    3024                      .dwattr $C$DW$160, DW_AT_bit_offset(0x09)
    3025                      .dwattr $C$DW$160, DW_AT_bit_size(0x01)
    3026                      .dwattr $C$DW$160, DW_AT_accessibility(DW_ACCESS_public)
    3027                      .dwattr $C$DW$160, DW_AT_decl_file("C:\TI\C2000Ware_MotorControl_SDK_5_04_00_00\c2000ware\device_supp
    3028                      .dwattr $C$DW$160, DW_AT_decl_line(0x91)
    3029                      .dwattr $C$DW$160, DW_AT_decl_column(0x0c)
    3030              
    3031              $C$DW$161       .dwtag  DW_TAG_member
    3032                      .dwattr $C$DW$161, DW_AT_type(*$C$DW$T$29)
    3033                      .dwattr $C$DW$161, DW_AT_name("PCR")
    3034                      .dwattr $C$DW$161, DW_AT_bit_offset(0x08)
    3035                      .dwattr $C$DW$161, DW_AT_bit_size(0x01)
    3036                      .dwattr $C$DW$161, DW_AT_accessibility(DW_ACCESS_public)
    3037                      .dwattr $C$DW$161, DW_AT_decl_file("C:\TI\C2000Ware_MotorControl_SDK_5_04_00_00\c2000ware\device_supp
    3038                      .dwattr $C$DW$161, DW_AT_decl_line(0x92)
    3039                      .dwattr $C$DW$161, DW_AT_decl_column(0x0c)
    3040              
    3041              $C$DW$162       .dwtag  DW_TAG_member
    3042                      .dwattr $C$DW$162, DW_AT_type(*$C$DW$T$29)
    3043                      .dwattr $C$DW$162, DW_AT_name("PCM")
    3044                      .dwattr $C$DW$162, DW_AT_bit_offset(0x07)
    3045                      .dwattr $C$DW$162, DW_AT_bit_size(0x01)
    3046                      .dwattr $C$DW$162, DW_AT_accessibility(DW_ACCESS_public)
    3047                      .dwattr $C$DW$162, DW_AT_decl_file("C:\TI\C2000Ware_MotorControl_SDK_5_04_00_00\c2000ware\device_supp
    3048                      .dwattr $C$DW$162, DW_AT_decl_line(0x93)
    3049                      .dwattr $C$DW$162, DW_AT_decl_column(0x0c)
    3050              
    3051              $C$DW$163       .dwtag  DW_TAG_member
    3052                      .dwattr $C$DW$163, DW_AT_type(*$C$DW$T$29)
    3053                      .dwattr $C$DW$163, DW_AT_name("SEL")
    3054                      .dwattr $C$DW$163, DW_AT_bit_offset(0x06)
    3055                      .dwattr $C$DW$163, DW_AT_bit_size(0x01)
    3056                      .dwattr $C$DW$163, DW_AT_accessibility(DW_ACCESS_public)
    3057                      .dwattr $C$DW$163, DW_AT_decl_file("C:\TI\C2000Ware_MotorControl_SDK_5_04_00_00\c2000ware\device_supp
    3058                      .dwattr $C$DW$163, DW_AT_decl_line(0x94)
    3059                      .dwattr $C$DW$163, DW_AT_decl_column(0x0c)
    3060              
    3061              $C$DW$164       .dwtag  DW_TAG_member
    3062                      .dwattr $C$DW$164, DW_AT_type(*$C$DW$T$29)
    3063                      .dwattr $C$DW$164, DW_AT_name("IEL")
    3064                      .dwattr $C$DW$164, DW_AT_bit_offset(0x05)
    3065                      .dwattr $C$DW$164, DW_AT_bit_size(0x01)
    3066                      .dwattr $C$DW$164, DW_AT_accessibility(DW_ACCESS_public)
    3067                      .dwattr $C$DW$164, DW_AT_decl_file("C:\TI\C2000Ware_MotorControl_SDK_5_04_00_00\c2000ware\device_supp
    3068                      .dwattr $C$DW$164, DW_AT_decl_line(0x95)
    3069                      .dwattr $C$DW$164, DW_AT_decl_column(0x0c)
    3070              
TMS320C2000 Assembler PC v22.6.2 Fri Apr  3 17:22:04 2026

Copyright (c) 1996-2018 Texas Instruments Incorporated
fcl_cla_code_dm.asm                                                  PAGE   71

    3071              $C$DW$165       .dwtag  DW_TAG_member
    3072                      .dwattr $C$DW$165, DW_AT_type(*$C$DW$T$29)
    3073                      .dwattr $C$DW$165, DW_AT_name("UTO")
    3074                      .dwattr $C$DW$165, DW_AT_bit_offset(0x04)
    3075                      .dwattr $C$DW$165, DW_AT_bit_size(0x01)
    3076                      .dwattr $C$DW$165, DW_AT_accessibility(DW_ACCESS_public)
    3077                      .dwattr $C$DW$165, DW_AT_decl_file("C:\TI\C2000Ware_MotorControl_SDK_5_04_00_00\c2000ware\device_supp
    3078                      .dwattr $C$DW$165, DW_AT_decl_line(0x96)
    3079                      .dwattr $C$DW$165, DW_AT_decl_column(0x0c)
    3080              
    3081              $C$DW$166       .dwtag  DW_TAG_member
    3082                      .dwattr $C$DW$166, DW_AT_type(*$C$DW$T$29)
    3083                      .dwattr $C$DW$166, DW_AT_name("rsvd1")
    3084                      .dwattr $C$DW$166, DW_AT_bit_offset(0x00)
    3085                      .dwattr $C$DW$166, DW_AT_bit_size(0x04)
    3086                      .dwattr $C$DW$166, DW_AT_accessibility(DW_ACCESS_public)
    3087                      .dwattr $C$DW$166, DW_AT_decl_file("C:\TI\C2000Ware_MotorControl_SDK_5_04_00_00\c2000ware\device_supp
    3088                      .dwattr $C$DW$166, DW_AT_decl_line(0x97)
    3089                      .dwattr $C$DW$166, DW_AT_decl_column(0x0c)
    3090              
    3091                      .dwattr $C$DW$T$52, DW_AT_decl_file("C:\TI\C2000Ware_MotorControl_SDK_5_04_00_00\c2000ware\device_sup
    3092                      .dwattr $C$DW$T$52, DW_AT_decl_line(0x8a)
    3093                      .dwattr $C$DW$T$52, DW_AT_decl_column(0x08)
    3094                      .dwendtag $C$DW$T$52
    3095              
    3096                      .dwendtag $C$DW$TU$52
    3097              
    3098              
    3099              $C$DW$TU$53     .dwtag  DW_TAG_type_unit
    3100                      .dwmtype  $C$DW$T$53
    3101              
    3102              $C$DW$T$53      .dwtag  DW_TAG_union_type
    3103                      .dwattr $C$DW$T$53, DW_AT_name("QFLG_REG")
    3104                      .dwattr $C$DW$T$53, DW_AT_byte_size(0x01)
    3105              $C$DW$167       .dwtag  DW_TAG_member
    3106                      .dwattr $C$DW$167, DW_AT_type(*$C$DW$T$29)
    3107                      .dwattr $C$DW$167, DW_AT_name("all")
    3108                      .dwattr $C$DW$167, DW_AT_accessibility(DW_ACCESS_public)
    3109                      .dwattr $C$DW$167, DW_AT_decl_file("C:\TI\C2000Ware_MotorControl_SDK_5_04_00_00\c2000ware\device_supp
    3110                      .dwattr $C$DW$167, DW_AT_decl_line(0x9b)
    3111                      .dwattr $C$DW$167, DW_AT_decl_column(0x0d)
    3112              
    3113              $C$DW$168       .dwtag  DW_TAG_member
    3114                      .dwattr $C$DW$168, DW_AT_type(*$C$DW$T$52)
    3115                      .dwattr $C$DW$168, DW_AT_name("bit")
    3116                      .dwattr $C$DW$168, DW_AT_accessibility(DW_ACCESS_public)
    3117                      .dwattr $C$DW$168, DW_AT_decl_file("C:\TI\C2000Ware_MotorControl_SDK_5_04_00_00\c2000ware\device_supp
    3118                      .dwattr $C$DW$168, DW_AT_decl_line(0x9c)
    3119                      .dwattr $C$DW$168, DW_AT_decl_column(0x18)
    3120              
    3121                      .dwattr $C$DW$T$53, DW_AT_decl_file("C:\TI\C2000Ware_MotorControl_SDK_5_04_00_00\c2000ware\device_sup
    3122                      .dwattr $C$DW$T$53, DW_AT_decl_line(0x9a)
    3123                      .dwattr $C$DW$T$53, DW_AT_decl_column(0x07)
    3124                      .dwendtag $C$DW$T$53
    3125              
TMS320C2000 Assembler PC v22.6.2 Fri Apr  3 17:22:04 2026

Copyright (c) 1996-2018 Texas Instruments Incorporated
fcl_cla_code_dm.asm                                                  PAGE   72

    3126                      .dwendtag $C$DW$TU$53
    3127              
    3128              
    3129              $C$DW$TU$54     .dwtag  DW_TAG_type_unit
    3130                      .dwmtype  $C$DW$T$54
    3131              
    3132              $C$DW$T$54      .dwtag  DW_TAG_structure_type
    3133                      .dwattr $C$DW$T$54, DW_AT_name("QFRC_BITS")
    3134                      .dwattr $C$DW$T$54, DW_AT_byte_size(0x01)
    3135              $C$DW$169       .dwtag  DW_TAG_member
    3136                      .dwattr $C$DW$169, DW_AT_type(*$C$DW$T$29)
    3137                      .dwattr $C$DW$169, DW_AT_name("rsvd1")
    3138                      .dwattr $C$DW$169, DW_AT_bit_offset(0x0f)
    3139                      .dwattr $C$DW$169, DW_AT_bit_size(0x01)
    3140                      .dwattr $C$DW$169, DW_AT_accessibility(DW_ACCESS_public)
    3141                      .dwattr $C$DW$169, DW_AT_decl_file("C:\TI\C2000Ware_MotorControl_SDK_5_04_00_00\c2000ware\device_supp
    3142                      .dwattr $C$DW$169, DW_AT_decl_line(0xb5)
    3143                      .dwattr $C$DW$169, DW_AT_decl_column(0x0c)
    3144              
    3145              $C$DW$170       .dwtag  DW_TAG_member
    3146                      .dwattr $C$DW$170, DW_AT_type(*$C$DW$T$29)
    3147                      .dwattr $C$DW$170, DW_AT_name("PCE")
    3148                      .dwattr $C$DW$170, DW_AT_bit_offset(0x0e)
    3149                      .dwattr $C$DW$170, DW_AT_bit_size(0x01)
    3150                      .dwattr $C$DW$170, DW_AT_accessibility(DW_ACCESS_public)
    3151                      .dwattr $C$DW$170, DW_AT_decl_file("C:\TI\C2000Ware_MotorControl_SDK_5_04_00_00\c2000ware\device_supp
    3152                      .dwattr $C$DW$170, DW_AT_decl_line(0xb6)
    3153                      .dwattr $C$DW$170, DW_AT_decl_column(0x0c)
    3154              
    3155              $C$DW$171       .dwtag  DW_TAG_member
    3156                      .dwattr $C$DW$171, DW_AT_type(*$C$DW$T$29)
    3157                      .dwattr $C$DW$171, DW_AT_name("PHE")
    3158                      .dwattr $C$DW$171, DW_AT_bit_offset(0x0d)
    3159                      .dwattr $C$DW$171, DW_AT_bit_size(0x01)
    3160                      .dwattr $C$DW$171, DW_AT_accessibility(DW_ACCESS_public)
    3161                      .dwattr $C$DW$171, DW_AT_decl_file("C:\TI\C2000Ware_MotorControl_SDK_5_04_00_00\c2000ware\device_supp
    3162                      .dwattr $C$DW$171, DW_AT_decl_line(0xb7)
    3163                      .dwattr $C$DW$171, DW_AT_decl_column(0x0c)
    3164              
    3165              $C$DW$172       .dwtag  DW_TAG_member
    3166                      .dwattr $C$DW$172, DW_AT_type(*$C$DW$T$29)
    3167                      .dwattr $C$DW$172, DW_AT_name("QDC")
    3168                      .dwattr $C$DW$172, DW_AT_bit_offset(0x0c)
    3169                      .dwattr $C$DW$172, DW_AT_bit_size(0x01)
    3170                      .dwattr $C$DW$172, DW_AT_accessibility(DW_ACCESS_public)
    3171                      .dwattr $C$DW$172, DW_AT_decl_file("C:\TI\C2000Ware_MotorControl_SDK_5_04_00_00\c2000ware\device_supp
    3172                      .dwattr $C$DW$172, DW_AT_decl_line(0xb8)
    3173                      .dwattr $C$DW$172, DW_AT_decl_column(0x0c)
    3174              
    3175              $C$DW$173       .dwtag  DW_TAG_member
    3176                      .dwattr $C$DW$173, DW_AT_type(*$C$DW$T$29)
    3177                      .dwattr $C$DW$173, DW_AT_name("WTO")
    3178                      .dwattr $C$DW$173, DW_AT_bit_offset(0x0b)
    3179                      .dwattr $C$DW$173, DW_AT_bit_size(0x01)
    3180                      .dwattr $C$DW$173, DW_AT_accessibility(DW_ACCESS_public)
TMS320C2000 Assembler PC v22.6.2 Fri Apr  3 17:22:04 2026

Copyright (c) 1996-2018 Texas Instruments Incorporated
fcl_cla_code_dm.asm                                                  PAGE   73

    3181                      .dwattr $C$DW$173, DW_AT_decl_file("C:\TI\C2000Ware_MotorControl_SDK_5_04_00_00\c2000ware\device_supp
    3182                      .dwattr $C$DW$173, DW_AT_decl_line(0xb9)
    3183                      .dwattr $C$DW$173, DW_AT_decl_column(0x0c)
    3184              
    3185              $C$DW$174       .dwtag  DW_TAG_member
    3186                      .dwattr $C$DW$174, DW_AT_type(*$C$DW$T$29)
    3187                      .dwattr $C$DW$174, DW_AT_name("PCU")
    3188                      .dwattr $C$DW$174, DW_AT_bit_offset(0x0a)
    3189                      .dwattr $C$DW$174, DW_AT_bit_size(0x01)
    3190                      .dwattr $C$DW$174, DW_AT_accessibility(DW_ACCESS_public)
    3191                      .dwattr $C$DW$174, DW_AT_decl_file("C:\TI\C2000Ware_MotorControl_SDK_5_04_00_00\c2000ware\device_supp
    3192                      .dwattr $C$DW$174, DW_AT_decl_line(0xba)
    3193                      .dwattr $C$DW$174, DW_AT_decl_column(0x0c)
    3194              
    3195              $C$DW$175       .dwtag  DW_TAG_member
    3196                      .dwattr $C$DW$175, DW_AT_type(*$C$DW$T$29)
    3197                      .dwattr $C$DW$175, DW_AT_name("PCO")
    3198                      .dwattr $C$DW$175, DW_AT_bit_offset(0x09)
    3199                      .dwattr $C$DW$175, DW_AT_bit_size(0x01)
    3200                      .dwattr $C$DW$175, DW_AT_accessibility(DW_ACCESS_public)
    3201                      .dwattr $C$DW$175, DW_AT_decl_file("C:\TI\C2000Ware_MotorControl_SDK_5_04_00_00\c2000ware\device_supp
    3202                      .dwattr $C$DW$175, DW_AT_decl_line(0xbb)
    3203                      .dwattr $C$DW$175, DW_AT_decl_column(0x0c)
    3204              
    3205              $C$DW$176       .dwtag  DW_TAG_member
    3206                      .dwattr $C$DW$176, DW_AT_type(*$C$DW$T$29)
    3207                      .dwattr $C$DW$176, DW_AT_name("PCR")
    3208                      .dwattr $C$DW$176, DW_AT_bit_offset(0x08)
    3209                      .dwattr $C$DW$176, DW_AT_bit_size(0x01)
    3210                      .dwattr $C$DW$176, DW_AT_accessibility(DW_ACCESS_public)
    3211                      .dwattr $C$DW$176, DW_AT_decl_file("C:\TI\C2000Ware_MotorControl_SDK_5_04_00_00\c2000ware\device_supp
    3212                      .dwattr $C$DW$176, DW_AT_decl_line(0xbc)
    3213                      .dwattr $C$DW$176, DW_AT_decl_column(0x0c)
    3214              
    3215              $C$DW$177       .dwtag  DW_TAG_member
    3216                      .dwattr $C$DW$177, DW_AT_type(*$C$DW$T$29)
    3217                      .dwattr $C$DW$177, DW_AT_name("PCM")
    3218                      .dwattr $C$DW$177, DW_AT_bit_offset(0x07)
    3219                      .dwattr $C$DW$177, DW_AT_bit_size(0x01)
    3220                      .dwattr $C$DW$177, DW_AT_accessibility(DW_ACCESS_public)
    3221                      .dwattr $C$DW$177, DW_AT_decl_file("C:\TI\C2000Ware_MotorControl_SDK_5_04_00_00\c2000ware\device_supp
    3222                      .dwattr $C$DW$177, DW_AT_decl_line(0xbd)
    3223                      .dwattr $C$DW$177, DW_AT_decl_column(0x0c)
    3224              
    3225              $C$DW$178       .dwtag  DW_TAG_member
    3226                      .dwattr $C$DW$178, DW_AT_type(*$C$DW$T$29)
    3227                      .dwattr $C$DW$178, DW_AT_name("SEL")
    3228                      .dwattr $C$DW$178, DW_AT_bit_offset(0x06)
    3229                      .dwattr $C$DW$178, DW_AT_bit_size(0x01)
    3230                      .dwattr $C$DW$178, DW_AT_accessibility(DW_ACCESS_public)
    3231                      .dwattr $C$DW$178, DW_AT_decl_file("C:\TI\C2000Ware_MotorControl_SDK_5_04_00_00\c2000ware\device_supp
    3232                      .dwattr $C$DW$178, DW_AT_decl_line(0xbe)
    3233                      .dwattr $C$DW$178, DW_AT_decl_column(0x0c)
    3234              
    3235              $C$DW$179       .dwtag  DW_TAG_member
TMS320C2000 Assembler PC v22.6.2 Fri Apr  3 17:22:04 2026

Copyright (c) 1996-2018 Texas Instruments Incorporated
fcl_cla_code_dm.asm                                                  PAGE   74

    3236                      .dwattr $C$DW$179, DW_AT_type(*$C$DW$T$29)
    3237                      .dwattr $C$DW$179, DW_AT_name("IEL")
    3238                      .dwattr $C$DW$179, DW_AT_bit_offset(0x05)
    3239                      .dwattr $C$DW$179, DW_AT_bit_size(0x01)
    3240                      .dwattr $C$DW$179, DW_AT_accessibility(DW_ACCESS_public)
    3241                      .dwattr $C$DW$179, DW_AT_decl_file("C:\TI\C2000Ware_MotorControl_SDK_5_04_00_00\c2000ware\device_supp
    3242                      .dwattr $C$DW$179, DW_AT_decl_line(0xbf)
    3243                      .dwattr $C$DW$179, DW_AT_decl_column(0x0c)
    3244              
    3245              $C$DW$180       .dwtag  DW_TAG_member
    3246                      .dwattr $C$DW$180, DW_AT_type(*$C$DW$T$29)
    3247                      .dwattr $C$DW$180, DW_AT_name("UTO")
    3248                      .dwattr $C$DW$180, DW_AT_bit_offset(0x04)
    3249                      .dwattr $C$DW$180, DW_AT_bit_size(0x01)
    3250                      .dwattr $C$DW$180, DW_AT_accessibility(DW_ACCESS_public)
    3251                      .dwattr $C$DW$180, DW_AT_decl_file("C:\TI\C2000Ware_MotorControl_SDK_5_04_00_00\c2000ware\device_supp
    3252                      .dwattr $C$DW$180, DW_AT_decl_line(0xc0)
    3253                      .dwattr $C$DW$180, DW_AT_decl_column(0x0c)
    3254              
    3255              $C$DW$181       .dwtag  DW_TAG_member
    3256                      .dwattr $C$DW$181, DW_AT_type(*$C$DW$T$29)
    3257                      .dwattr $C$DW$181, DW_AT_name("rsvd2")
    3258                      .dwattr $C$DW$181, DW_AT_bit_offset(0x00)
    3259                      .dwattr $C$DW$181, DW_AT_bit_size(0x04)
    3260                      .dwattr $C$DW$181, DW_AT_accessibility(DW_ACCESS_public)
    3261                      .dwattr $C$DW$181, DW_AT_decl_file("C:\TI\C2000Ware_MotorControl_SDK_5_04_00_00\c2000ware\device_supp
    3262                      .dwattr $C$DW$181, DW_AT_decl_line(0xc1)
    3263                      .dwattr $C$DW$181, DW_AT_decl_column(0x0c)
    3264              
    3265                      .dwattr $C$DW$T$54, DW_AT_decl_file("C:\TI\C2000Ware_MotorControl_SDK_5_04_00_00\c2000ware\device_sup
    3266                      .dwattr $C$DW$T$54, DW_AT_decl_line(0xb4)
    3267                      .dwattr $C$DW$T$54, DW_AT_decl_column(0x08)
    3268                      .dwendtag $C$DW$T$54
    3269              
    3270                      .dwendtag $C$DW$TU$54
    3271              
    3272              
    3273              $C$DW$TU$55     .dwtag  DW_TAG_type_unit
    3274                      .dwmtype  $C$DW$T$55
    3275              
    3276              $C$DW$T$55      .dwtag  DW_TAG_union_type
    3277                      .dwattr $C$DW$T$55, DW_AT_name("QFRC_REG")
    3278                      .dwattr $C$DW$T$55, DW_AT_byte_size(0x01)
    3279              $C$DW$182       .dwtag  DW_TAG_member
    3280                      .dwattr $C$DW$182, DW_AT_type(*$C$DW$T$29)
    3281                      .dwattr $C$DW$182, DW_AT_name("all")
    3282                      .dwattr $C$DW$182, DW_AT_accessibility(DW_ACCESS_public)
    3283                      .dwattr $C$DW$182, DW_AT_decl_file("C:\TI\C2000Ware_MotorControl_SDK_5_04_00_00\c2000ware\device_supp
    3284                      .dwattr $C$DW$182, DW_AT_decl_line(0xc5)
    3285                      .dwattr $C$DW$182, DW_AT_decl_column(0x0d)
    3286              
    3287              $C$DW$183       .dwtag  DW_TAG_member
    3288                      .dwattr $C$DW$183, DW_AT_type(*$C$DW$T$54)
    3289                      .dwattr $C$DW$183, DW_AT_name("bit")
    3290                      .dwattr $C$DW$183, DW_AT_accessibility(DW_ACCESS_public)
TMS320C2000 Assembler PC v22.6.2 Fri Apr  3 17:22:04 2026

Copyright (c) 1996-2018 Texas Instruments Incorporated
fcl_cla_code_dm.asm                                                  PAGE   75

    3291                      .dwattr $C$DW$183, DW_AT_decl_file("C:\TI\C2000Ware_MotorControl_SDK_5_04_00_00\c2000ware\device_supp
    3292                      .dwattr $C$DW$183, DW_AT_decl_line(0xc6)
    3293                      .dwattr $C$DW$183, DW_AT_decl_column(0x18)
    3294              
    3295                      .dwattr $C$DW$T$55, DW_AT_decl_file("C:\TI\C2000Ware_MotorControl_SDK_5_04_00_00\c2000ware\device_sup
    3296                      .dwattr $C$DW$T$55, DW_AT_decl_line(0xc4)
    3297                      .dwattr $C$DW$T$55, DW_AT_decl_column(0x07)
    3298                      .dwendtag $C$DW$T$55
    3299              
    3300                      .dwendtag $C$DW$TU$55
    3301              
    3302              
    3303              $C$DW$TU$56     .dwtag  DW_TAG_type_unit
    3304                      .dwmtype  $C$DW$T$56
    3305              
    3306              $C$DW$T$56      .dwtag  DW_TAG_structure_type
    3307                      .dwattr $C$DW$T$56, DW_AT_name("QPOSCTL_BITS")
    3308                      .dwattr $C$DW$T$56, DW_AT_byte_size(0x01)
    3309              $C$DW$184       .dwtag  DW_TAG_member
    3310                      .dwattr $C$DW$184, DW_AT_type(*$C$DW$T$29)
    3311                      .dwattr $C$DW$184, DW_AT_name("PCSPW")
    3312                      .dwattr $C$DW$184, DW_AT_bit_offset(0x04)
    3313                      .dwattr $C$DW$184, DW_AT_bit_size(0x0c)
    3314                      .dwattr $C$DW$184, DW_AT_accessibility(DW_ACCESS_public)
    3315                      .dwattr $C$DW$184, DW_AT_decl_file("C:\TI\C2000Ware_MotorControl_SDK_5_04_00_00\c2000ware\device_supp
    3316                      .dwattr $C$DW$184, DW_AT_decl_line(0x69)
    3317                      .dwattr $C$DW$184, DW_AT_decl_column(0x0c)
    3318              
    3319              $C$DW$185       .dwtag  DW_TAG_member
    3320                      .dwattr $C$DW$185, DW_AT_type(*$C$DW$T$29)
    3321                      .dwattr $C$DW$185, DW_AT_name("PCE")
    3322                      .dwattr $C$DW$185, DW_AT_bit_offset(0x03)
    3323                      .dwattr $C$DW$185, DW_AT_bit_size(0x01)
    3324                      .dwattr $C$DW$185, DW_AT_accessibility(DW_ACCESS_public)
    3325                      .dwattr $C$DW$185, DW_AT_decl_file("C:\TI\C2000Ware_MotorControl_SDK_5_04_00_00\c2000ware\device_supp
    3326                      .dwattr $C$DW$185, DW_AT_decl_line(0x6a)
    3327                      .dwattr $C$DW$185, DW_AT_decl_column(0x0c)
    3328              
    3329              $C$DW$186       .dwtag  DW_TAG_member
    3330                      .dwattr $C$DW$186, DW_AT_type(*$C$DW$T$29)
    3331                      .dwattr $C$DW$186, DW_AT_name("PCPOL")
    3332                      .dwattr $C$DW$186, DW_AT_bit_offset(0x02)
    3333                      .dwattr $C$DW$186, DW_AT_bit_size(0x01)
    3334                      .dwattr $C$DW$186, DW_AT_accessibility(DW_ACCESS_public)
    3335                      .dwattr $C$DW$186, DW_AT_decl_file("C:\TI\C2000Ware_MotorControl_SDK_5_04_00_00\c2000ware\device_supp
    3336                      .dwattr $C$DW$186, DW_AT_decl_line(0x6b)
    3337                      .dwattr $C$DW$186, DW_AT_decl_column(0x0c)
    3338              
    3339              $C$DW$187       .dwtag  DW_TAG_member
    3340                      .dwattr $C$DW$187, DW_AT_type(*$C$DW$T$29)
    3341                      .dwattr $C$DW$187, DW_AT_name("PCLOAD")
    3342                      .dwattr $C$DW$187, DW_AT_bit_offset(0x01)
    3343                      .dwattr $C$DW$187, DW_AT_bit_size(0x01)
    3344                      .dwattr $C$DW$187, DW_AT_accessibility(DW_ACCESS_public)
    3345                      .dwattr $C$DW$187, DW_AT_decl_file("C:\TI\C2000Ware_MotorControl_SDK_5_04_00_00\c2000ware\device_supp
TMS320C2000 Assembler PC v22.6.2 Fri Apr  3 17:22:04 2026

Copyright (c) 1996-2018 Texas Instruments Incorporated
fcl_cla_code_dm.asm                                                  PAGE   76

    3346                      .dwattr $C$DW$187, DW_AT_decl_line(0x6c)
    3347                      .dwattr $C$DW$187, DW_AT_decl_column(0x0c)
    3348              
    3349              $C$DW$188       .dwtag  DW_TAG_member
    3350                      .dwattr $C$DW$188, DW_AT_type(*$C$DW$T$29)
    3351                      .dwattr $C$DW$188, DW_AT_name("PCSHDW")
    3352                      .dwattr $C$DW$188, DW_AT_bit_offset(0x00)
    3353                      .dwattr $C$DW$188, DW_AT_bit_size(0x01)
    3354                      .dwattr $C$DW$188, DW_AT_accessibility(DW_ACCESS_public)
    3355                      .dwattr $C$DW$188, DW_AT_decl_file("C:\TI\C2000Ware_MotorControl_SDK_5_04_00_00\c2000ware\device_supp
    3356                      .dwattr $C$DW$188, DW_AT_decl_line(0x6d)
    3357                      .dwattr $C$DW$188, DW_AT_decl_column(0x0c)
    3358              
    3359                      .dwattr $C$DW$T$56, DW_AT_decl_file("C:\TI\C2000Ware_MotorControl_SDK_5_04_00_00\c2000ware\device_sup
    3360                      .dwattr $C$DW$T$56, DW_AT_decl_line(0x68)
    3361                      .dwattr $C$DW$T$56, DW_AT_decl_column(0x08)
    3362                      .dwendtag $C$DW$T$56
    3363              
    3364                      .dwendtag $C$DW$TU$56
    3365              
    3366              
    3367              $C$DW$TU$57     .dwtag  DW_TAG_type_unit
    3368                      .dwmtype  $C$DW$T$57
    3369              
    3370              $C$DW$T$57      .dwtag  DW_TAG_union_type
    3371                      .dwattr $C$DW$T$57, DW_AT_name("QPOSCTL_REG")
    3372                      .dwattr $C$DW$T$57, DW_AT_byte_size(0x01)
    3373              $C$DW$189       .dwtag  DW_TAG_member
    3374                      .dwattr $C$DW$189, DW_AT_type(*$C$DW$T$29)
    3375                      .dwattr $C$DW$189, DW_AT_name("all")
    3376                      .dwattr $C$DW$189, DW_AT_accessibility(DW_ACCESS_public)
    3377                      .dwattr $C$DW$189, DW_AT_decl_file("C:\TI\C2000Ware_MotorControl_SDK_5_04_00_00\c2000ware\device_supp
    3378                      .dwattr $C$DW$189, DW_AT_decl_line(0x71)
    3379                      .dwattr $C$DW$189, DW_AT_decl_column(0x0d)
    3380              
    3381              $C$DW$190       .dwtag  DW_TAG_member
    3382                      .dwattr $C$DW$190, DW_AT_type(*$C$DW$T$56)
    3383                      .dwattr $C$DW$190, DW_AT_name("bit")
    3384                      .dwattr $C$DW$190, DW_AT_accessibility(DW_ACCESS_public)
    3385                      .dwattr $C$DW$190, DW_AT_decl_file("C:\TI\C2000Ware_MotorControl_SDK_5_04_00_00\c2000ware\device_supp
    3386                      .dwattr $C$DW$190, DW_AT_decl_line(0x72)
    3387                      .dwattr $C$DW$190, DW_AT_decl_column(0x1b)
    3388              
    3389                      .dwattr $C$DW$T$57, DW_AT_decl_file("C:\TI\C2000Ware_MotorControl_SDK_5_04_00_00\c2000ware\device_sup
    3390                      .dwattr $C$DW$T$57, DW_AT_decl_line(0x70)
    3391                      .dwattr $C$DW$T$57, DW_AT_decl_column(0x07)
    3392                      .dwendtag $C$DW$T$57
    3393              
    3394                      .dwendtag $C$DW$TU$57
    3395              
    3396              
    3397              $C$DW$TU$51     .dwtag  DW_TAG_type_unit
    3398                      .dwmtype  $C$DW$T$51
    3399              
    3400              $C$DW$T$51      .dwtag  DW_TAG_structure_type
TMS320C2000 Assembler PC v22.6.2 Fri Apr  3 17:22:04 2026

Copyright (c) 1996-2018 Texas Instruments Incorporated
fcl_cla_code_dm.asm                                                  PAGE   77

    3401                      .dwattr $C$DW$T$51, DW_AT_name("_FCL_Vars_t_")
    3402                      .dwattr $C$DW$T$51, DW_AT_byte_size(0x52)
    3403              $C$DW$191       .dwtag  DW_TAG_member
    3404                      .dwattr $C$DW$191, DW_AT_type(*$C$DW$T$43)
    3405                      .dwattr $C$DW$191, DW_AT_name("lsw")
    3406                      .dwattr $C$DW$191, DW_AT_accessibility(DW_ACCESS_public)
    3407                      .dwattr $C$DW$191, DW_AT_decl_file("C:/TI/C2000Ware_MotorControl_SDK_5_04_00_00/libraries/fcl/include
    3408                      .dwattr $C$DW$191, DW_AT_decl_line(0x7f)
    3409                      .dwattr $C$DW$191, DW_AT_decl_column(0x12)
    3410              
    3411              $C$DW$192       .dwtag  DW_TAG_member
    3412                      .dwattr $C$DW$192, DW_AT_type(*$C$DW$T$44)
    3413                      .dwattr $C$DW$192, DW_AT_name("Q_cla")
    3414                      .dwattr $C$DW$192, DW_AT_data_member_location[DW_OP_plus_uconst 0x2]
    3415                      .dwattr $C$DW$192, DW_AT_accessibility(DW_ACCESS_public)
    3416                      .dwattr $C$DW$192, DW_AT_decl_file("C:/TI/C2000Ware_MotorControl_SDK_5_04_00_00/libraries/fcl/include
    3417                      .dwattr $C$DW$192, DW_AT_decl_line(0x81)
    3418                      .dwattr $C$DW$192, DW_AT_decl_column(0x11)
    3419              
    3420              $C$DW$193       .dwtag  DW_TAG_member
    3421                      .dwattr $C$DW$193, DW_AT_type(*$C$DW$T$19)
    3422                      .dwattr $C$DW$193, DW_AT_name("speedWePrev")
    3423                      .dwattr $C$DW$193, DW_AT_data_member_location[DW_OP_plus_uconst 0x10]
    3424                      .dwattr $C$DW$193, DW_AT_accessibility(DW_ACCESS_public)
    3425                      .dwattr $C$DW$193, DW_AT_decl_file("C:/TI/C2000Ware_MotorControl_SDK_5_04_00_00/libraries/fcl/include
    3426                      .dwattr $C$DW$193, DW_AT_decl_line(0x82)
    3427                      .dwattr $C$DW$193, DW_AT_decl_column(0x0f)
    3428              
    3429              $C$DW$194       .dwtag  DW_TAG_member
    3430                      .dwattr $C$DW$194, DW_AT_type(*$C$DW$T$19)
    3431                      .dwattr $C$DW$194, DW_AT_name("pangle")
    3432                      .dwattr $C$DW$194, DW_AT_data_member_location[DW_OP_plus_uconst 0x12]
    3433                      .dwattr $C$DW$194, DW_AT_accessibility(DW_ACCESS_public)
    3434                      .dwattr $C$DW$194, DW_AT_decl_file("C:/TI/C2000Ware_MotorControl_SDK_5_04_00_00/libraries/fcl/include
    3435                      .dwattr $C$DW$194, DW_AT_decl_line(0x83)
    3436                      .dwattr $C$DW$194, DW_AT_decl_column(0x0f)
    3437              
    3438              $C$DW$195       .dwtag  DW_TAG_member
    3439                      .dwattr $C$DW$195, DW_AT_type(*$C$DW$T$45)
    3440                      .dwattr $C$DW$195, DW_AT_name("rg")
    3441                      .dwattr $C$DW$195, DW_AT_data_member_location[DW_OP_plus_uconst 0x14]
    3442                      .dwattr $C$DW$195, DW_AT_accessibility(DW_ACCESS_public)
    3443                      .dwattr $C$DW$195, DW_AT_decl_file("C:/TI/C2000Ware_MotorControl_SDK_5_04_00_00/libraries/fcl/include
    3444                      .dwattr $C$DW$195, DW_AT_decl_line(0x84)
    3445                      .dwattr $C$DW$195, DW_AT_decl_column(0x12)
    3446              
    3447              $C$DW$196       .dwtag  DW_TAG_member
    3448                      .dwattr $C$DW$196, DW_AT_type(*$C$DW$T$46)
    3449                      .dwattr $C$DW$196, DW_AT_name("pi_iq")
    3450                      .dwattr $C$DW$196, DW_AT_data_member_location[DW_OP_plus_uconst 0x20]
    3451                      .dwattr $C$DW$196, DW_AT_accessibility(DW_ACCESS_public)
    3452                      .dwattr $C$DW$196, DW_AT_decl_file("C:/TI/C2000Ware_MotorControl_SDK_5_04_00_00/libraries/fcl/include
    3453                      .dwattr $C$DW$196, DW_AT_decl_line(0x85)
    3454                      .dwattr $C$DW$196, DW_AT_decl_column(0x18)
    3455              
TMS320C2000 Assembler PC v22.6.2 Fri Apr  3 17:22:04 2026

Copyright (c) 1996-2018 Texas Instruments Incorporated
fcl_cla_code_dm.asm                                                  PAGE   78

    3456              $C$DW$197       .dwtag  DW_TAG_member
    3457                      .dwattr $C$DW$197, DW_AT_type(*$C$DW$T$47)
    3458                      .dwattr $C$DW$197, DW_AT_name("qep")
    3459                      .dwattr $C$DW$197, DW_AT_data_member_location[DW_OP_plus_uconst 0x36]
    3460                      .dwattr $C$DW$197, DW_AT_accessibility(DW_ACCESS_public)
    3461                      .dwattr $C$DW$197, DW_AT_decl_file("C:/TI/C2000Ware_MotorControl_SDK_5_04_00_00/libraries/fcl/include
    3462                      .dwattr $C$DW$197, DW_AT_decl_line(0x86)
    3463                      .dwattr $C$DW$197, DW_AT_decl_column(0x09)
    3464              
    3465              $C$DW$198       .dwtag  DW_TAG_member
    3466                      .dwattr $C$DW$198, DW_AT_type(*$C$DW$T$49)
    3467                      .dwattr $C$DW$198, DW_AT_name("ptrQEP")
    3468                      .dwattr $C$DW$198, DW_AT_data_member_location[DW_OP_plus_uconst 0x48]
    3469                      .dwattr $C$DW$198, DW_AT_accessibility(DW_ACCESS_public)
    3470                      .dwattr $C$DW$198, DW_AT_decl_file("C:/TI/C2000Ware_MotorControl_SDK_5_04_00_00/libraries/fcl/include
    3471                      .dwattr $C$DW$198, DW_AT_decl_line(0x87)
    3472                      .dwattr $C$DW$198, DW_AT_decl_column(0x20)
    3473              
    3474              $C$DW$199       .dwtag  DW_TAG_member
    3475                      .dwattr $C$DW$199, DW_AT_type(*$C$DW$T$50)
    3476                      .dwattr $C$DW$199, DW_AT_name("taskCount")
    3477                      .dwattr $C$DW$199, DW_AT_data_member_location[DW_OP_plus_uconst 0x4a]
    3478                      .dwattr $C$DW$199, DW_AT_accessibility(DW_ACCESS_public)
    3479                      .dwattr $C$DW$199, DW_AT_decl_file("C:/TI/C2000Ware_MotorControl_SDK_5_04_00_00/libraries/fcl/include
    3480                      .dwattr $C$DW$199, DW_AT_decl_line(0x88)
    3481                      .dwattr $C$DW$199, DW_AT_decl_column(0x0e)
    3482              
    3483                      .dwattr $C$DW$T$51, DW_AT_decl_file("C:/TI/C2000Ware_MotorControl_SDK_5_04_00_00/libraries/fcl/includ
    3484                      .dwattr $C$DW$T$51, DW_AT_decl_line(0x7d)
    3485                      .dwattr $C$DW$T$51, DW_AT_decl_column(0x10)
    3486                      .dwendtag $C$DW$T$51
    3487              
    3488                      .dwendtag $C$DW$TU$51
    3489              
    3490              
    3491              $C$DW$TU$66     .dwtag  DW_TAG_type_unit
    3492                      .dwmtype  $C$DW$T$66
    3493              $C$DW$T$66      .dwtag  DW_TAG_typedef
    3494                      .dwattr $C$DW$T$66, DW_AT_name("FCL_Vars_t")
    3495                      .dwattr $C$DW$T$66, DW_AT_type(*$C$DW$T$51)
    3496                      .dwattr $C$DW$T$66, DW_AT_decl_file("C:/TI/C2000Ware_MotorControl_SDK_5_04_00_00/libraries/fcl/includ
    3497                      .dwattr $C$DW$T$66, DW_AT_decl_line(0x89)
    3498                      .dwattr $C$DW$T$66, DW_AT_decl_column(0x03)
    3499              
    3500                      .dwendtag $C$DW$TU$66
    3501              
    3502              
    3503              $C$DW$TU$67     .dwtag  DW_TAG_type_unit
    3504                      .dwmtype  $C$DW$T$67
    3505              
    3506              $C$DW$T$67      .dwtag  DW_TAG_array_type
    3507                      .dwattr $C$DW$T$67, DW_AT_type(*$C$DW$T$66)
    3508                      .dwattr $C$DW$T$67, DW_AT_byte_size(0xa4)
    3509              $C$DW$200       .dwtag  DW_TAG_subrange_type
    3510                      .dwattr $C$DW$200, DW_AT_upper_bound(0x01)
TMS320C2000 Assembler PC v22.6.2 Fri Apr  3 17:22:04 2026

Copyright (c) 1996-2018 Texas Instruments Incorporated
fcl_cla_code_dm.asm                                                  PAGE   79

    3511              
    3512                      .dwendtag $C$DW$T$67
    3513              
    3514                      .dwendtag $C$DW$TU$67
    3515              
    3516              
    3517              $C$DW$TU$2      .dwtag  DW_TAG_type_unit
    3518                      .dwmtype  $C$DW$T$2
    3519              $C$DW$T$2       .dwtag  DW_TAG_unspecified_type
    3520                      .dwattr $C$DW$T$2, DW_AT_name("void")
    3521              
    3522                      .dwendtag $C$DW$TU$2
    3523              
    3524              
    3525              $C$DW$TU$4      .dwtag  DW_TAG_type_unit
    3526                      .dwmtype  $C$DW$T$4
    3527              $C$DW$T$4       .dwtag  DW_TAG_base_type
    3528                      .dwattr $C$DW$T$4, DW_AT_encoding(DW_ATE_boolean)
    3529                      .dwattr $C$DW$T$4, DW_AT_name("bool")
    3530                      .dwattr $C$DW$T$4, DW_AT_byte_size(0x02)
    3531              
    3532                      .dwendtag $C$DW$TU$4
    3533              
    3534              
    3535              $C$DW$TU$5      .dwtag  DW_TAG_type_unit
    3536                      .dwmtype  $C$DW$T$5
    3537              $C$DW$T$5       .dwtag  DW_TAG_base_type
    3538                      .dwattr $C$DW$T$5, DW_AT_encoding(DW_ATE_signed_char)
    3539                      .dwattr $C$DW$T$5, DW_AT_name("signed char")
    3540                      .dwattr $C$DW$T$5, DW_AT_byte_size(0x01)
    3541              
    3542                      .dwendtag $C$DW$TU$5
    3543              
    3544              
    3545              $C$DW$TU$6      .dwtag  DW_TAG_type_unit
    3546                      .dwmtype  $C$DW$T$6
    3547              $C$DW$T$6       .dwtag  DW_TAG_base_type
    3548                      .dwattr $C$DW$T$6, DW_AT_encoding(DW_ATE_unsigned_char)
    3549                      .dwattr $C$DW$T$6, DW_AT_name("unsigned char")
    3550                      .dwattr $C$DW$T$6, DW_AT_byte_size(0x01)
    3551              
    3552                      .dwendtag $C$DW$TU$6
    3553              
    3554              
    3555              $C$DW$TU$7      .dwtag  DW_TAG_type_unit
    3556                      .dwmtype  $C$DW$T$7
    3557              $C$DW$T$7       .dwtag  DW_TAG_base_type
    3558                      .dwattr $C$DW$T$7, DW_AT_encoding(DW_ATE_signed_char)
    3559                      .dwattr $C$DW$T$7, DW_AT_name("wchar_t")
    3560                      .dwattr $C$DW$T$7, DW_AT_byte_size(0x01)
    3561              
    3562                      .dwendtag $C$DW$TU$7
    3563              
    3564              
    3565              $C$DW$TU$8      .dwtag  DW_TAG_type_unit
TMS320C2000 Assembler PC v22.6.2 Fri Apr  3 17:22:04 2026

Copyright (c) 1996-2018 Texas Instruments Incorporated
fcl_cla_code_dm.asm                                                  PAGE   80

    3566                      .dwmtype  $C$DW$T$8
    3567              $C$DW$T$8       .dwtag  DW_TAG_base_type
    3568                      .dwattr $C$DW$T$8, DW_AT_encoding(DW_ATE_signed)
    3569                      .dwattr $C$DW$T$8, DW_AT_name("short")
    3570                      .dwattr $C$DW$T$8, DW_AT_byte_size(0x01)
    3571              
    3572                      .dwendtag $C$DW$TU$8
    3573              
    3574              
    3575              $C$DW$TU$9      .dwtag  DW_TAG_type_unit
    3576                      .dwmtype  $C$DW$T$9
    3577              $C$DW$T$9       .dwtag  DW_TAG_base_type
    3578                      .dwattr $C$DW$T$9, DW_AT_encoding(DW_ATE_unsigned)
    3579                      .dwattr $C$DW$T$9, DW_AT_name("unsigned short")
    3580                      .dwattr $C$DW$T$9, DW_AT_byte_size(0x01)
    3581              
    3582                      .dwendtag $C$DW$TU$9
    3583              
    3584              
    3585              $C$DW$TU$29     .dwtag  DW_TAG_type_unit
    3586                      .dwmtype  $C$DW$T$29
    3587              $C$DW$T$29      .dwtag  DW_TAG_typedef
    3588                      .dwattr $C$DW$T$29, DW_AT_name("Uint16")
    3589                      .dwattr $C$DW$T$29, DW_AT_type(*$C$DW$T$9)
    3590                      .dwattr $C$DW$T$29, DW_AT_decl_file("C:\TI\C2000Ware_MotorControl_SDK_5_04_00_00\c2000ware\device_sup
    3591                      .dwattr $C$DW$T$29, DW_AT_decl_line(0x4d)
    3592                      .dwattr $C$DW$T$29, DW_AT_decl_column(0x31)
    3593              
    3594                      .dwendtag $C$DW$TU$29
    3595              
    3596              
    3597              $C$DW$TU$22     .dwtag  DW_TAG_type_unit
    3598                      .dwmtype  $C$DW$T$22
    3599              $C$DW$T$22      .dwtag  DW_TAG_typedef
    3600                      .dwattr $C$DW$T$22, DW_AT_name("__uint16_t")
    3601                      .dwattr $C$DW$T$22, DW_AT_type(*$C$DW$T$9)
    3602                      .dwattr $C$DW$T$22, DW_AT_decl_file("D:/TI/ccs/ccs/tools/compiler/ti-cgt-c2000_22.6.2.LTS/include/mac
    3603                      .dwattr $C$DW$T$22, DW_AT_decl_line(0x3c)
    3604                      .dwattr $C$DW$T$22, DW_AT_decl_column(0x1c)
    3605              
    3606                      .dwendtag $C$DW$TU$22
    3607              
    3608              
    3609              $C$DW$TU$23     .dwtag  DW_TAG_type_unit
    3610                      .dwmtype  $C$DW$T$23
    3611              $C$DW$T$23      .dwtag  DW_TAG_typedef
    3612                      .dwattr $C$DW$T$23, DW_AT_name("uint16_t")
    3613                      .dwattr $C$DW$T$23, DW_AT_type(*$C$DW$T$22)
    3614                      .dwattr $C$DW$T$23, DW_AT_decl_file("D:/TI/ccs/ccs/tools/compiler/ti-cgt-c2000_22.6.2.LTS/include/sys
    3615                      .dwattr $C$DW$T$23, DW_AT_decl_line(0x41)
    3616                      .dwattr $C$DW$T$23, DW_AT_decl_column(0x15)
    3617              
    3618                      .dwendtag $C$DW$TU$23
    3619              
    3620              
TMS320C2000 Assembler PC v22.6.2 Fri Apr  3 17:22:04 2026

Copyright (c) 1996-2018 Texas Instruments Incorporated
fcl_cla_code_dm.asm                                                  PAGE   81

    3621              $C$DW$TU$77     .dwtag  DW_TAG_type_unit
    3622                      .dwmtype  $C$DW$T$77
    3623              $C$DW$201       .dwtag  DW_TAG_TI_far_type
    3624                      .dwattr $C$DW$201, DW_AT_type(*$C$DW$T$23)
    3625              
    3626              $C$DW$T$77      .dwtag  DW_TAG_volatile_type
    3627                      .dwattr $C$DW$T$77, DW_AT_type(*$C$DW$201)
    3628              
    3629                      .dwendtag $C$DW$TU$77
    3630              
    3631              
    3632              $C$DW$TU$78     .dwtag  DW_TAG_type_unit
    3633                      .dwmtype  $C$DW$T$78
    3634              
    3635              $C$DW$T$78      .dwtag  DW_TAG_array_type
    3636                      .dwattr $C$DW$T$78, DW_AT_type(*$C$DW$T$77)
    3637                      .dwattr $C$DW$T$78, DW_AT_byte_size(0x02)
    3638              $C$DW$202       .dwtag  DW_TAG_subrange_type
    3639                      .dwattr $C$DW$202, DW_AT_upper_bound(0x01)
    3640              
    3641                      .dwendtag $C$DW$T$78
    3642              
    3643                      .dwendtag $C$DW$TU$78
    3644              
    3645              
    3646              $C$DW$TU$10     .dwtag  DW_TAG_type_unit
    3647                      .dwmtype  $C$DW$T$10
    3648              $C$DW$T$10      .dwtag  DW_TAG_base_type
    3649                      .dwattr $C$DW$T$10, DW_AT_encoding(DW_ATE_signed)
    3650                      .dwattr $C$DW$T$10, DW_AT_name("int")
    3651                      .dwattr $C$DW$T$10, DW_AT_byte_size(0x02)
    3652              
    3653                      .dwendtag $C$DW$TU$10
    3654              
    3655              
    3656              $C$DW$TU$26     .dwtag  DW_TAG_type_unit
    3657                      .dwmtype  $C$DW$T$26
    3658              $C$DW$T$26      .dwtag  DW_TAG_typedef
    3659                      .dwattr $C$DW$T$26, DW_AT_name("__int32_t")
    3660                      .dwattr $C$DW$T$26, DW_AT_type(*$C$DW$T$10)
    3661                      .dwattr $C$DW$T$26, DW_AT_decl_file("D:/TI/ccs/ccs/tools/compiler/ti-cgt-c2000_22.6.2.LTS/include/mac
    3662                      .dwattr $C$DW$T$26, DW_AT_decl_line(0x3d)
    3663                      .dwattr $C$DW$T$26, DW_AT_decl_column(0x1d)
    3664              
    3665                      .dwendtag $C$DW$TU$26
    3666              
    3667              
    3668              $C$DW$TU$27     .dwtag  DW_TAG_type_unit
    3669                      .dwmtype  $C$DW$T$27
    3670              $C$DW$T$27      .dwtag  DW_TAG_typedef
    3671                      .dwattr $C$DW$T$27, DW_AT_name("int32_t")
    3672                      .dwattr $C$DW$T$27, DW_AT_type(*$C$DW$T$26)
    3673                      .dwattr $C$DW$T$27, DW_AT_decl_file("D:/TI/ccs/ccs/tools/compiler/ti-cgt-c2000_22.6.2.LTS/include/sys
    3674                      .dwattr $C$DW$T$27, DW_AT_decl_line(0x30)
    3675                      .dwattr $C$DW$T$27, DW_AT_decl_column(0x14)
TMS320C2000 Assembler PC v22.6.2 Fri Apr  3 17:22:04 2026

Copyright (c) 1996-2018 Texas Instruments Incorporated
fcl_cla_code_dm.asm                                                  PAGE   82

    3676              
    3677                      .dwendtag $C$DW$TU$27
    3678              
    3679              
    3680              $C$DW$TU$11     .dwtag  DW_TAG_type_unit
    3681                      .dwmtype  $C$DW$T$11
    3682              $C$DW$T$11      .dwtag  DW_TAG_base_type
    3683                      .dwattr $C$DW$T$11, DW_AT_encoding(DW_ATE_unsigned)
    3684                      .dwattr $C$DW$T$11, DW_AT_name("unsigned int")
    3685                      .dwattr $C$DW$T$11, DW_AT_byte_size(0x02)
    3686              
    3687                      .dwendtag $C$DW$TU$11
    3688              
    3689              
    3690              $C$DW$TU$24     .dwtag  DW_TAG_type_unit
    3691                      .dwmtype  $C$DW$T$24
    3692              $C$DW$T$24      .dwtag  DW_TAG_typedef
    3693                      .dwattr $C$DW$T$24, DW_AT_name("__uint32_t")
    3694                      .dwattr $C$DW$T$24, DW_AT_type(*$C$DW$T$11)
    3695                      .dwattr $C$DW$T$24, DW_AT_decl_file("D:/TI/ccs/ccs/tools/compiler/ti-cgt-c2000_22.6.2.LTS/include/mac
    3696                      .dwattr $C$DW$T$24, DW_AT_decl_line(0x3e)
    3697                      .dwattr $C$DW$T$24, DW_AT_decl_column(0x1c)
    3698              
    3699                      .dwendtag $C$DW$TU$24
    3700              
    3701              
    3702              $C$DW$TU$25     .dwtag  DW_TAG_type_unit
    3703                      .dwmtype  $C$DW$T$25
    3704              $C$DW$T$25      .dwtag  DW_TAG_typedef
    3705                      .dwattr $C$DW$T$25, DW_AT_name("uint32_t")
    3706                      .dwattr $C$DW$T$25, DW_AT_type(*$C$DW$T$24)
    3707                      .dwattr $C$DW$T$25, DW_AT_decl_file("D:/TI/ccs/ccs/tools/compiler/ti-cgt-c2000_22.6.2.LTS/include/sys
    3708                      .dwattr $C$DW$T$25, DW_AT_decl_line(0x46)
    3709                      .dwattr $C$DW$T$25, DW_AT_decl_column(0x15)
    3710              
    3711                      .dwendtag $C$DW$TU$25
    3712              
    3713              
    3714              $C$DW$TU$50     .dwtag  DW_TAG_type_unit
    3715                      .dwmtype  $C$DW$T$50
    3716              
    3717              $C$DW$T$50      .dwtag  DW_TAG_array_type
    3718                      .dwattr $C$DW$T$50, DW_AT_type(*$C$DW$T$25)
    3719                      .dwattr $C$DW$T$50, DW_AT_byte_size(0x08)
    3720              $C$DW$203       .dwtag  DW_TAG_subrange_type
    3721                      .dwattr $C$DW$203, DW_AT_upper_bound(0x03)
    3722              
    3723                      .dwendtag $C$DW$T$50
    3724              
    3725                      .dwendtag $C$DW$TU$50
    3726              
    3727              
    3728              $C$DW$TU$12     .dwtag  DW_TAG_type_unit
    3729                      .dwmtype  $C$DW$T$12
    3730              $C$DW$T$12      .dwtag  DW_TAG_base_type
TMS320C2000 Assembler PC v22.6.2 Fri Apr  3 17:22:04 2026

Copyright (c) 1996-2018 Texas Instruments Incorporated
fcl_cla_code_dm.asm                                                  PAGE   83

    3731                      .dwattr $C$DW$T$12, DW_AT_encoding(DW_ATE_signed)
    3732                      .dwattr $C$DW$T$12, DW_AT_name("long")
    3733                      .dwattr $C$DW$T$12, DW_AT_byte_size(0x02)
    3734              
    3735                      .dwendtag $C$DW$TU$12
    3736              
    3737              
    3738              $C$DW$TU$85     .dwtag  DW_TAG_type_unit
    3739                      .dwmtype  $C$DW$T$85
    3740              $C$DW$T$85      .dwtag  DW_TAG_typedef
    3741                      .dwattr $C$DW$T$85, DW_AT_name("int32")
    3742                      .dwattr $C$DW$T$85, DW_AT_type(*$C$DW$T$12)
    3743                      .dwattr $C$DW$T$85, DW_AT_decl_file("C:\TI\C2000Ware_MotorControl_SDK_5_04_00_00\c2000ware\device_sup
    3744                      .dwattr $C$DW$T$85, DW_AT_decl_line(0x4b)
    3745                      .dwattr $C$DW$T$85, DW_AT_decl_column(0x31)
    3746              
    3747                      .dwendtag $C$DW$TU$85
    3748              
    3749              
    3750              $C$DW$TU$13     .dwtag  DW_TAG_type_unit
    3751                      .dwmtype  $C$DW$T$13
    3752              $C$DW$T$13      .dwtag  DW_TAG_base_type
    3753                      .dwattr $C$DW$T$13, DW_AT_encoding(DW_ATE_unsigned)
    3754                      .dwattr $C$DW$T$13, DW_AT_name("unsigned long")
    3755                      .dwattr $C$DW$T$13, DW_AT_byte_size(0x02)
    3756              
    3757                      .dwendtag $C$DW$TU$13
    3758              
    3759              
    3760              $C$DW$TU$58     .dwtag  DW_TAG_type_unit
    3761                      .dwmtype  $C$DW$T$58
    3762              $C$DW$T$58      .dwtag  DW_TAG_typedef
    3763                      .dwattr $C$DW$T$58, DW_AT_name("Uint32")
    3764                      .dwattr $C$DW$T$58, DW_AT_type(*$C$DW$T$13)
    3765                      .dwattr $C$DW$T$58, DW_AT_decl_file("C:\TI\C2000Ware_MotorControl_SDK_5_04_00_00\c2000ware\device_sup
    3766                      .dwattr $C$DW$T$58, DW_AT_decl_line(0x4e)
    3767                      .dwattr $C$DW$T$58, DW_AT_decl_column(0x31)
    3768              
    3769                      .dwendtag $C$DW$TU$58
    3770              
    3771              
    3772              $C$DW$TU$14     .dwtag  DW_TAG_type_unit
    3773                      .dwmtype  $C$DW$T$14
    3774              $C$DW$T$14      .dwtag  DW_TAG_base_type
    3775                      .dwattr $C$DW$T$14, DW_AT_encoding(DW_ATE_signed)
    3776                      .dwattr $C$DW$T$14, DW_AT_name("long long")
    3777                      .dwattr $C$DW$T$14, DW_AT_byte_size(0x04)
    3778              
    3779                      .dwendtag $C$DW$TU$14
    3780              
    3781              
    3782              $C$DW$TU$15     .dwtag  DW_TAG_type_unit
    3783                      .dwmtype  $C$DW$T$15
    3784              $C$DW$T$15      .dwtag  DW_TAG_base_type
    3785                      .dwattr $C$DW$T$15, DW_AT_encoding(DW_ATE_unsigned)
TMS320C2000 Assembler PC v22.6.2 Fri Apr  3 17:22:04 2026

Copyright (c) 1996-2018 Texas Instruments Incorporated
fcl_cla_code_dm.asm                                                  PAGE   84

    3786                      .dwattr $C$DW$T$15, DW_AT_name("unsigned long long")
    3787                      .dwattr $C$DW$T$15, DW_AT_byte_size(0x04)
    3788              
    3789                      .dwendtag $C$DW$TU$15
    3790              
    3791              
    3792              $C$DW$TU$16     .dwtag  DW_TAG_type_unit
    3793                      .dwmtype  $C$DW$T$16
    3794              $C$DW$T$16      .dwtag  DW_TAG_base_type
    3795                      .dwattr $C$DW$T$16, DW_AT_encoding(DW_ATE_float)
    3796                      .dwattr $C$DW$T$16, DW_AT_name("float")
    3797                      .dwattr $C$DW$T$16, DW_AT_byte_size(0x02)
    3798              
    3799                      .dwendtag $C$DW$TU$16
    3800              
    3801              
    3802              $C$DW$TU$19     .dwtag  DW_TAG_type_unit
    3803                      .dwmtype  $C$DW$T$19
    3804              $C$DW$T$19      .dwtag  DW_TAG_typedef
    3805                      .dwattr $C$DW$T$19, DW_AT_name("float32_t")
    3806                      .dwattr $C$DW$T$19, DW_AT_type(*$C$DW$T$16)
    3807                      .dwattr $C$DW$T$19, DW_AT_decl_file("C:/TI/C2000Ware_MotorControl_SDK_5_04_00_00/c2000ware/driverlib/
    3808                      .dwattr $C$DW$T$19, DW_AT_decl_line(0x66)
    3809                      .dwattr $C$DW$T$19, DW_AT_decl_column(0x17)
    3810              
    3811                      .dwendtag $C$DW$TU$19
    3812              
    3813              
    3814              $C$DW$TU$17     .dwtag  DW_TAG_type_unit
    3815                      .dwmtype  $C$DW$T$17
    3816              $C$DW$T$17      .dwtag  DW_TAG_base_type
    3817                      .dwattr $C$DW$T$17, DW_AT_encoding(DW_ATE_float)
    3818                      .dwattr $C$DW$T$17, DW_AT_name("double")
    3819                      .dwattr $C$DW$T$17, DW_AT_byte_size(0x04)
    3820              
    3821                      .dwendtag $C$DW$TU$17
    3822              
    3823              
    3824              $C$DW$TU$18     .dwtag  DW_TAG_type_unit
    3825                      .dwmtype  $C$DW$T$18
    3826              $C$DW$T$18      .dwtag  DW_TAG_base_type
    3827                      .dwattr $C$DW$T$18, DW_AT_encoding(DW_ATE_float)
    3828                      .dwattr $C$DW$T$18, DW_AT_name("long double")
    3829                      .dwattr $C$DW$T$18, DW_AT_byte_size(0x04)
    3830              
    3831                      .dwendtag $C$DW$TU$18
    3832              
    3833              
    3834              $C$DW$TU$60     .dwtag  DW_TAG_type_unit
    3835                      .dwmtype  $C$DW$T$60
    3836              
    3837              $C$DW$T$60      .dwtag  DW_TAG_structure_type
    3838                      .dwattr $C$DW$T$60, DW_AT_name("motPars")
    3839                      .dwattr $C$DW$T$60, DW_AT_byte_size(0x0e)
    3840              $C$DW$204       .dwtag  DW_TAG_member
TMS320C2000 Assembler PC v22.6.2 Fri Apr  3 17:22:04 2026

Copyright (c) 1996-2018 Texas Instruments Incorporated
fcl_cla_code_dm.asm                                                  PAGE   85

    3841                      .dwattr $C$DW$204, DW_AT_type(*$C$DW$T$19)
    3842                      .dwattr $C$DW$204, DW_AT_name("cosWTs")
    3843                      .dwattr $C$DW$204, DW_AT_accessibility(DW_ACCESS_public)
    3844                      .dwattr $C$DW$204, DW_AT_decl_file("C:/TI/C2000Ware_MotorControl_SDK_5_04_00_00/libraries/fcl/include
    3845                      .dwattr $C$DW$204, DW_AT_decl_line(0x4c)
    3846                      .dwattr $C$DW$204, DW_AT_decl_column(0x0f)
    3847              
    3848              $C$DW$205       .dwtag  DW_TAG_member
    3849                      .dwattr $C$DW$205, DW_AT_type(*$C$DW$T$19)
    3850                      .dwattr $C$DW$205, DW_AT_name("sinWTs")
    3851                      .dwattr $C$DW$205, DW_AT_data_member_location[DW_OP_plus_uconst 0x2]
    3852                      .dwattr $C$DW$205, DW_AT_accessibility(DW_ACCESS_public)
    3853                      .dwattr $C$DW$205, DW_AT_decl_file("C:/TI/C2000Ware_MotorControl_SDK_5_04_00_00/libraries/fcl/include
    3854                      .dwattr $C$DW$205, DW_AT_decl_line(0x4d)
    3855                      .dwattr $C$DW$205, DW_AT_decl_column(0x0f)
    3856              
    3857              $C$DW$206       .dwtag  DW_TAG_member
    3858                      .dwattr $C$DW$206, DW_AT_type(*$C$DW$T$19)
    3859                      .dwattr $C$DW$206, DW_AT_name("expVal")
    3860                      .dwattr $C$DW$206, DW_AT_data_member_location[DW_OP_plus_uconst 0x4]
    3861                      .dwattr $C$DW$206, DW_AT_accessibility(DW_ACCESS_public)
    3862                      .dwattr $C$DW$206, DW_AT_decl_file("C:/TI/C2000Ware_MotorControl_SDK_5_04_00_00/libraries/fcl/include
    3863                      .dwattr $C$DW$206, DW_AT_decl_line(0x4e)
    3864                      .dwattr $C$DW$206, DW_AT_decl_column(0x0f)
    3865              
    3866              $C$DW$207       .dwtag  DW_TAG_member
    3867                      .dwattr $C$DW$207, DW_AT_type(*$C$DW$T$19)
    3868                      .dwattr $C$DW$207, DW_AT_name("kDirect")
    3869                      .dwattr $C$DW$207, DW_AT_data_member_location[DW_OP_plus_uconst 0x6]
    3870                      .dwattr $C$DW$207, DW_AT_accessibility(DW_ACCESS_public)
    3871                      .dwattr $C$DW$207, DW_AT_decl_file("C:/TI/C2000Ware_MotorControl_SDK_5_04_00_00/libraries/fcl/include
    3872                      .dwattr $C$DW$207, DW_AT_decl_line(0x4f)
    3873                      .dwattr $C$DW$207, DW_AT_decl_column(0x0f)
    3874              
    3875              $C$DW$208       .dwtag  DW_TAG_member
    3876                      .dwattr $C$DW$208, DW_AT_type(*$C$DW$T$19)
    3877                      .dwattr $C$DW$208, DW_AT_name("idErr")
    3878                      .dwattr $C$DW$208, DW_AT_data_member_location[DW_OP_plus_uconst 0x8]
    3879                      .dwattr $C$DW$208, DW_AT_accessibility(DW_ACCESS_public)
    3880                      .dwattr $C$DW$208, DW_AT_decl_file("C:/TI/C2000Ware_MotorControl_SDK_5_04_00_00/libraries/fcl/include
    3881                      .dwattr $C$DW$208, DW_AT_decl_line(0x50)
    3882                      .dwattr $C$DW$208, DW_AT_decl_column(0x0f)
    3883              
    3884              $C$DW$209       .dwtag  DW_TAG_member
    3885                      .dwattr $C$DW$209, DW_AT_type(*$C$DW$T$19)
    3886                      .dwattr $C$DW$209, DW_AT_name("iqErr")
    3887                      .dwattr $C$DW$209, DW_AT_data_member_location[DW_OP_plus_uconst 0xa]
    3888                      .dwattr $C$DW$209, DW_AT_accessibility(DW_ACCESS_public)
    3889                      .dwattr $C$DW$209, DW_AT_decl_file("C:/TI/C2000Ware_MotorControl_SDK_5_04_00_00/libraries/fcl/include
    3890                      .dwattr $C$DW$209, DW_AT_decl_line(0x51)
    3891                      .dwattr $C$DW$209, DW_AT_decl_column(0x0f)
    3892              
    3893              $C$DW$210       .dwtag  DW_TAG_member
    3894                      .dwattr $C$DW$210, DW_AT_type(*$C$DW$T$19)
    3895                      .dwattr $C$DW$210, DW_AT_name("carryOver")
TMS320C2000 Assembler PC v22.6.2 Fri Apr  3 17:22:04 2026

Copyright (c) 1996-2018 Texas Instruments Incorporated
fcl_cla_code_dm.asm                                                  PAGE   86

    3896                      .dwattr $C$DW$210, DW_AT_data_member_location[DW_OP_plus_uconst 0xc]
    3897                      .dwattr $C$DW$210, DW_AT_accessibility(DW_ACCESS_public)
    3898                      .dwattr $C$DW$210, DW_AT_decl_file("C:/TI/C2000Ware_MotorControl_SDK_5_04_00_00/libraries/fcl/include
    3899                      .dwattr $C$DW$210, DW_AT_decl_line(0x52)
    3900                      .dwattr $C$DW$210, DW_AT_decl_column(0x0f)
    3901              
    3902                      .dwattr $C$DW$T$60, DW_AT_decl_file("C:/TI/C2000Ware_MotorControl_SDK_5_04_00_00/libraries/fcl/includ
    3903                      .dwattr $C$DW$T$60, DW_AT_decl_line(0x4b)
    3904                      .dwattr $C$DW$T$60, DW_AT_decl_column(0x10)
    3905                      .dwendtag $C$DW$T$60
    3906              
    3907                      .dwendtag $C$DW$TU$60
    3908              
    3909              
    3910              $C$DW$TU$44     .dwtag  DW_TAG_type_unit
    3911                      .dwmtype  $C$DW$T$44
    3912              $C$DW$T$44      .dwtag  DW_TAG_typedef
    3913                      .dwattr $C$DW$T$44, DW_AT_name("cmplxPars_t")
    3914                      .dwattr $C$DW$T$44, DW_AT_type(*$C$DW$T$60)
    3915                      .dwattr $C$DW$T$44, DW_AT_decl_file("C:/TI/C2000Ware_MotorControl_SDK_5_04_00_00/libraries/fcl/includ
    3916                      .dwattr $C$DW$T$44, DW_AT_decl_line(0x53)
    3917                      .dwattr $C$DW$T$44, DW_AT_decl_column(0x03)
    3918              
    3919                      .dwendtag $C$DW$TU$44
    3920              

No Assembly Errors, No Assembly Warnings
