TMS320C2000 Assembler PC v22.6.2 Fri Mar 13 19:45:53 2026

Copyright (c) 1996-2018 Texas Instruments Incorporated
motor_sci.asm                                                        PAGE    1

       1              ;***************************************************************
       2              ;* TMS320C2000 G3 C/C++ Codegen                               PC v22.6.2.LTS *
       3              ;* Date/Time created: Fri Mar 13 19:45:53 2026                 *
       4              ;***************************************************************
       5                      .compiler_opts --abi=eabi --cla_support=cla1 --diag_wrap=off --float_support=fpu32 --hll_source=on --
       6                      .asg    XAR2, FP
       7              
       8              $C$DW$CU        .dwtag  DW_TAG_compile_unit
       9                      .dwattr $C$DW$CU, DW_AT_name("../sources/motor_sci.c")
      10                      .dwattr $C$DW$CU, DW_AT_producer("TI TMS320C2000 G3 C/C++ Codegen PC v22.6.2.LTS Copyright (c) 1996-2
      11                      .dwattr $C$DW$CU, DW_AT_TI_version(0x01)
      12                      .dwattr $C$DW$CU, DW_AT_comp_dir("C:\Users\JUNLI\workspace_ccstheia\dual_axis_servo_drive_fcl_qep_f28
      13              
      14              $C$DW$1 .dwtag  DW_TAG_subprogram
      15                      .dwattr $C$DW$1, DW_AT_name("SCI_clearInterruptStatus")
      16                      .dwattr $C$DW$1, DW_AT_linkage_name("SCI_clearInterruptStatus")
      17                      .dwattr $C$DW$1, DW_AT_declaration
      18                      .dwattr $C$DW$1, DW_AT_external
      19                      .dwattr $C$DW$1, DW_AT_decl_file("C:/TI/C2000Ware_MotorControl_SDK_5_04_00_00/c2000ware/driverlib/f28
      20                      .dwattr $C$DW$1, DW_AT_decl_line(0x636)
      21                      .dwattr $C$DW$1, DW_AT_decl_column(0x01)
      22              $C$DW$2 .dwtag  DW_TAG_formal_parameter
      23                      .dwattr $C$DW$2, DW_AT_type(*$C$DW$T$22)
      24              
      25              $C$DW$3 .dwtag  DW_TAG_formal_parameter
      26                      .dwattr $C$DW$3, DW_AT_type(*$C$DW$T$22)
      27              
      28                      .dwendtag $C$DW$1
      29              
      30              
      31              $C$DW$4 .dwtag  DW_TAG_subprogram
      32                      .dwattr $C$DW$4, DW_AT_name("SCI_setConfig")
      33                      .dwattr $C$DW$4, DW_AT_linkage_name("SCI_setConfig")
      34                      .dwattr $C$DW$4, DW_AT_declaration
      35                      .dwattr $C$DW$4, DW_AT_external
      36                      .dwattr $C$DW$4, DW_AT_decl_file("C:/TI/C2000Ware_MotorControl_SDK_5_04_00_00/c2000ware/driverlib/f28
      37                      .dwattr $C$DW$4, DW_AT_decl_line(0x5b6)
      38                      .dwattr $C$DW$4, DW_AT_decl_column(0x01)
      39              $C$DW$5 .dwtag  DW_TAG_formal_parameter
      40                      .dwattr $C$DW$5, DW_AT_type(*$C$DW$T$22)
      41              
      42              $C$DW$6 .dwtag  DW_TAG_formal_parameter
      43                      .dwattr $C$DW$6, DW_AT_type(*$C$DW$T$22)
      44              
      45              $C$DW$7 .dwtag  DW_TAG_formal_parameter
      46                      .dwattr $C$DW$7, DW_AT_type(*$C$DW$T$22)
      47              
      48              $C$DW$8 .dwtag  DW_TAG_formal_parameter
      49                      .dwattr $C$DW$8, DW_AT_type(*$C$DW$T$22)
      50              
      51                      .dwendtag $C$DW$4
      52              
      53              
      54              $C$DW$9 .dwtag  DW_TAG_subprogram
      55                      .dwattr $C$DW$9, DW_AT_name("SCI_enableInterrupt")
TMS320C2000 Assembler PC v22.6.2 Fri Mar 13 19:45:53 2026

Copyright (c) 1996-2018 Texas Instruments Incorporated
motor_sci.asm                                                        PAGE    2

      56                      .dwattr $C$DW$9, DW_AT_linkage_name("SCI_enableInterrupt")
      57                      .dwattr $C$DW$9, DW_AT_declaration
      58                      .dwattr $C$DW$9, DW_AT_external
      59                      .dwattr $C$DW$9, DW_AT_decl_file("C:/TI/C2000Ware_MotorControl_SDK_5_04_00_00/c2000ware/driverlib/f28
      60                      .dwattr $C$DW$9, DW_AT_decl_line(0x601)
      61                      .dwattr $C$DW$9, DW_AT_decl_column(0x01)
      62              $C$DW$10        .dwtag  DW_TAG_formal_parameter
      63                      .dwattr $C$DW$10, DW_AT_type(*$C$DW$T$22)
      64              
      65              $C$DW$11        .dwtag  DW_TAG_formal_parameter
      66                      .dwattr $C$DW$11, DW_AT_type(*$C$DW$T$22)
      67              
      68                      .dwendtag $C$DW$9
      69              
      70                      .global ||sciRxIndex||
      71 00000000               .data
      72                      .align  1
      73                      .elfsym ||sciRxIndex||,SYM_SIZE(1),SYM_BLOCKED(1)
      74 00000000       ||sciRxIndex||:
      75 00000000 0000          .bits           0,16
      76                                      ; sciRxIndex @ 0
      77              
      78              $C$DW$12        .dwtag  DW_TAG_variable
      79                      .dwattr $C$DW$12, DW_AT_name("sciRxIndex")
      80                      .dwattr $C$DW$12, DW_AT_linkage_name("sciRxIndex")
      81                      .dwattr $C$DW$12, DW_AT_location[DW_OP_addr ||sciRxIndex||]
      82                      .dwattr $C$DW$12, DW_AT_type(*$C$DW$T$66)
      83                      .dwattr $C$DW$12, DW_AT_external
      84                      .dwattr $C$DW$12, DW_AT_decl_file("../sources/motor_sci.c")
      85                      .dwattr $C$DW$12, DW_AT_decl_line(0x43)
      86                      .dwattr $C$DW$12, DW_AT_decl_column(0x13)
      87              
      88                      .global ||sciTxIndex||
      89 00000001               .data
      90                      .align  1
      91                      .elfsym ||sciTxIndex||,SYM_SIZE(1),SYM_BLOCKED(1)
      92 00000001       ||sciTxIndex||:
      93 00000001 0000          .bits           0,16
      94                                      ; sciTxIndex @ 0
      95              
      96              $C$DW$13        .dwtag  DW_TAG_variable
      97                      .dwattr $C$DW$13, DW_AT_name("sciTxIndex")
      98                      .dwattr $C$DW$13, DW_AT_linkage_name("sciTxIndex")
      99                      .dwattr $C$DW$13, DW_AT_location[DW_OP_addr ||sciTxIndex||]
     100                      .dwattr $C$DW$13, DW_AT_type(*$C$DW$T$66)
     101                      .dwattr $C$DW$13, DW_AT_external
     102                      .dwattr $C$DW$13, DW_AT_decl_file("../sources/motor_sci.c")
     103                      .dwattr $C$DW$13, DW_AT_decl_line(0x44)
     104                      .dwattr $C$DW$13, DW_AT_decl_column(0x13)
     105              
     106                      .global ||sciRxFlag||
     107 00000002               .data
     108                      .align  1
     109                      .elfsym ||sciRxFlag||,SYM_SIZE(1),SYM_BLOCKED(1)
     110 00000002       ||sciRxFlag||:
TMS320C2000 Assembler PC v22.6.2 Fri Mar 13 19:45:53 2026

Copyright (c) 1996-2018 Texas Instruments Incorporated
motor_sci.asm                                                        PAGE    3

     111 00000002 0000          .bits           0,16
     112                                      ; sciRxFlag @ 0
     113              
     114              $C$DW$14        .dwtag  DW_TAG_variable
     115                      .dwattr $C$DW$14, DW_AT_name("sciRxFlag")
     116                      .dwattr $C$DW$14, DW_AT_linkage_name("sciRxFlag")
     117                      .dwattr $C$DW$14, DW_AT_location[DW_OP_addr ||sciRxFlag||]
     118                      .dwattr $C$DW$14, DW_AT_type(*$C$DW$T$66)
     119                      .dwattr $C$DW$14, DW_AT_external
     120                      .dwattr $C$DW$14, DW_AT_decl_file("../sources/motor_sci.c")
     121                      .dwattr $C$DW$14, DW_AT_decl_line(0x45)
     122                      .dwattr $C$DW$14, DW_AT_decl_column(0x13)
     123              
     124              
     125              $C$DW$15        .dwtag  DW_TAG_subprogram
     126                      .dwattr $C$DW$15, DW_AT_name("sprintf")
     127                      .dwattr $C$DW$15, DW_AT_linkage_name("sprintf")
     128                      .dwattr $C$DW$15, DW_AT_type(*$C$DW$T$10)
     129                      .dwattr $C$DW$15, DW_AT_declaration
     130                      .dwattr $C$DW$15, DW_AT_external
     131                      .dwattr $C$DW$15, DW_AT_decl_file("D:/TI/ccs/ccs/tools/compiler/ti-cgt-c2000_22.6.2.LTS/include/stdio
     132                      .dwattr $C$DW$15, DW_AT_decl_line(0x104)
     133                      .dwattr $C$DW$15, DW_AT_decl_column(0x19)
     134              $C$DW$16        .dwtag  DW_TAG_formal_parameter
     135                      .dwattr $C$DW$16, DW_AT_type(*$C$DW$T$48)
     136              
     137              $C$DW$17        .dwtag  DW_TAG_formal_parameter
     138                      .dwattr $C$DW$17, DW_AT_type(*$C$DW$T$49)
     139              
     140              $C$DW$18        .dwtag  DW_TAG_unspecified_parameters
     141              
     142                      .dwendtag $C$DW$15
     143              
     144                      .global ||targetSpeed||
     145 00000003               .data
     146                      .align  2
     147                      .elfsym ||targetSpeed||,SYM_SIZE(2),SYM_BLOCKED(1)
     148 00000004       ||targetSpeed||:
     149 00000004 0000          .xfloat $strtod("0x0p+0")               ; targetSpeed @ 0
         00000005 0000 
     150              
     151              $C$DW$19        .dwtag  DW_TAG_variable
     152                      .dwattr $C$DW$19, DW_AT_name("targetSpeed")
     153                      .dwattr $C$DW$19, DW_AT_linkage_name("targetSpeed")
     154                      .dwattr $C$DW$19, DW_AT_location[DW_OP_addr ||targetSpeed||]
     155                      .dwattr $C$DW$19, DW_AT_type(*$C$DW$T$77)
     156                      .dwattr $C$DW$19, DW_AT_external
     157                      .dwattr $C$DW$19, DW_AT_decl_file("../sources/motor_sci.c")
     158                      .dwattr $C$DW$19, DW_AT_decl_line(0x46)
     159                      .dwattr $C$DW$19, DW_AT_decl_column(0x10)
     160              
     161              
     162              $C$DW$20        .dwtag  DW_TAG_subprogram
     163                      .dwattr $C$DW$20, DW_AT_name("SCI_getInterruptStatus")
     164                      .dwattr $C$DW$20, DW_AT_linkage_name("SCI_getInterruptStatus")
TMS320C2000 Assembler PC v22.6.2 Fri Mar 13 19:45:53 2026

Copyright (c) 1996-2018 Texas Instruments Incorporated
motor_sci.asm                                                        PAGE    4

     165                      .dwattr $C$DW$20, DW_AT_type(*$C$DW$T$22)
     166                      .dwattr $C$DW$20, DW_AT_declaration
     167                      .dwattr $C$DW$20, DW_AT_external
     168                      .dwattr $C$DW$20, DW_AT_decl_file("C:/TI/C2000Ware_MotorControl_SDK_5_04_00_00/c2000ware/driverlib/f2
     169                      .dwattr $C$DW$20, DW_AT_decl_line(0x622)
     170                      .dwattr $C$DW$20, DW_AT_decl_column(0x01)
     171              $C$DW$21        .dwtag  DW_TAG_formal_parameter
     172                      .dwattr $C$DW$21, DW_AT_type(*$C$DW$T$22)
     173              
     174                      .dwendtag $C$DW$20
     175              
     176              
     177              $C$DW$22        .dwtag  DW_TAG_subprogram
     178                      .dwattr $C$DW$22, DW_AT_name("strtod")
     179                      .dwattr $C$DW$22, DW_AT_linkage_name("strtod")
     180                      .dwattr $C$DW$22, DW_AT_type(*$C$DW$T$17)
     181                      .dwattr $C$DW$22, DW_AT_declaration
     182                      .dwattr $C$DW$22, DW_AT_external
     183                      .dwattr $C$DW$22, DW_AT_decl_file("D:/TI/ccs/ccs/tools/compiler/ti-cgt-c2000_22.6.2.LTS/include/stdli
     184                      .dwattr $C$DW$22, DW_AT_decl_line(0xb3)
     185                      .dwattr $C$DW$22, DW_AT_decl_column(0x1c)
     186              $C$DW$23        .dwtag  DW_TAG_formal_parameter
     187                      .dwattr $C$DW$23, DW_AT_type(*$C$DW$T$49)
     188              
     189              $C$DW$24        .dwtag  DW_TAG_formal_parameter
     190                      .dwattr $C$DW$24, DW_AT_type(*$C$DW$T$82)
     191              
     192                      .dwendtag $C$DW$22
     193              
     194                      .global ||sciRxBuffer||
     195 00000000       ||sciRxBuffer||:        .usect  ".bss:sciRxBuffer",64,0,0
     196              $C$DW$25        .dwtag  DW_TAG_variable
     197                      .dwattr $C$DW$25, DW_AT_name("sciRxBuffer")
     198                      .dwattr $C$DW$25, DW_AT_linkage_name("sciRxBuffer")
     199                      .dwattr $C$DW$25, DW_AT_location[DW_OP_addr ||sciRxBuffer||]
     200                      .dwattr $C$DW$25, DW_AT_type(*$C$DW$T$67)
     201                      .dwattr $C$DW$25, DW_AT_external
     202                      .dwattr $C$DW$25, DW_AT_decl_file("../sources/motor_sci.c")
     203                      .dwattr $C$DW$25, DW_AT_decl_line(0x41)
     204                      .dwattr $C$DW$25, DW_AT_decl_column(0x13)
     205              
     206                      .global ||sciTxBuffer||
     207 00000000       ||sciTxBuffer||:        .usect  ".bss:sciTxBuffer",64,0,0
     208              $C$DW$26        .dwtag  DW_TAG_variable
     209                      .dwattr $C$DW$26, DW_AT_name("sciTxBuffer")
     210                      .dwattr $C$DW$26, DW_AT_linkage_name("sciTxBuffer")
     211                      .dwattr $C$DW$26, DW_AT_location[DW_OP_addr ||sciTxBuffer||]
     212                      .dwattr $C$DW$26, DW_AT_type(*$C$DW$T$67)
     213                      .dwattr $C$DW$26, DW_AT_external
     214                      .dwattr $C$DW$26, DW_AT_decl_file("../sources/motor_sci.c")
     215                      .dwattr $C$DW$26, DW_AT_decl_line(0x42)
     216                      .dwattr $C$DW$26, DW_AT_decl_column(0x13)
     217              
     218                      .sblock ".data"
     219              ;       D:\TI\ccs\ccs\tools\compiler\ti-cgt-c2000_22.6.2.LTS\bin\opt2000.exe C:\\Users\\JUNLI\\AppData\\Local
TMS320C2000 Assembler PC v22.6.2 Fri Mar 13 19:45:53 2026

Copyright (c) 1996-2018 Texas Instruments Incorporated
motor_sci.asm                                                        PAGE    5

     220              ;       D:\TI\ccs\ccs\tools\compiler\ti-cgt-c2000_22.6.2.LTS\bin\acia2000.exe -@C:\\Users\\JUNLI\\AppData\\Lo
     221 00000000               .sect   ".text:__signbitl"
     222                      .clink
     223                      .global ||__signbitl||
     224              
     225              $C$DW$27        .dwtag  DW_TAG_subprogram
     226                      .dwattr $C$DW$27, DW_AT_name("__signbitl")
     227                      .dwattr $C$DW$27, DW_AT_low_pc(||__signbitl||)
     228                      .dwattr $C$DW$27, DW_AT_high_pc(0x00)
     229                      .dwattr $C$DW$27, DW_AT_linkage_name("__signbitl")
     230                      .dwattr $C$DW$27, DW_AT_external
     231                      .dwattr $C$DW$27, DW_AT_type(*$C$DW$T$10)
     232                      .dwattr $C$DW$27, DW_AT_decl_file("D:/TI/ccs/ccs/tools/compiler/ti-cgt-c2000_22.6.2.LTS/include/_defs
     233                      .dwattr $C$DW$27, DW_AT_decl_line(0x16f)
     234                      .dwattr $C$DW$27, DW_AT_decl_column(0x18)
     235                      .dwattr $C$DW$27, DW_AT_TI_max_frame_size(-6)
     236                      .dwpsn  file "D:/TI/ccs/ccs/tools/compiler/ti-cgt-c2000_22.6.2.LTS/include/_defs.h",line 368,column 1
     237              
     238                      .dwfde $C$DW$CIE, ||__signbitl||
     239              $C$DW$28        .dwtag  DW_TAG_formal_parameter
     240                      .dwattr $C$DW$28, DW_AT_name("e")
     241                      .dwattr $C$DW$28, DW_AT_type(*$C$DW$T$86)
     242                      .dwattr $C$DW$28, DW_AT_location[DW_OP_reg12]
     243              
     244              
     245              ;***************************************************************
     246              ;* FNAME: __signbitl                    FR SIZE:   4           *
     247              ;*                                                             *
     248              ;* FUNCTION ENVIRONMENT                                        *
     249              ;*                                                             *
     250              ;* FUNCTION PROPERTIES                                         *
     251              ;*                            4 Parameter,  0 Auto,  0 SOE     *
     252              ;***************************************************************
     253              
     254              ||__signbitl||:
     255              ;* AR4   assigned to e
     256              $C$DW$29        .dwtag  DW_TAG_variable
     257                      .dwattr $C$DW$29, DW_AT_name("e")
     258                      .dwattr $C$DW$29, DW_AT_type(*$C$DW$T$87)
     259                      .dwattr $C$DW$29, DW_AT_location[DW_OP_reg12]
     260              
     261                      .dwcfi  cfa_offset, -2
     262                      .dwcfi  save_reg_to_mem, 26, 0
     263 00000000 FE04          ADDB      SP,#4                 ; [CPU_ARAU] 
     264                      .dwcfi  cfa_offset, -6
     265                      .dwpsn  file "D:/TI/ccs/ccs/tools/compiler/ti-cgt-c2000_22.6.2.LTS/include/_defs.h",line 368,column 3
     266 00000001 0200          MOVB      ACC,#0                ; [CPU_ALU] |368| 
     267 00000002 1E44          MOVL      *-SP[4],ACC           ; [CPU_ALU] |368| 
     268 00000003 2B42          MOV       *-SP[2],#0            ; [CPU_ALU] |368| 
     269 00000004 2B41          MOV       *-SP[1],#0            ; [CPU_ALU] |368| 
     270 00000005 A3C4          MOVL      P,*+XAR4[0]           ; [CPU_ALU] |368| 
     271 00000006 06D4          MOVL      ACC,*+XAR4[2]         ; [CPU_ALU] |368| 
     272 00000007 18AB          AND       PL,#0                 ; [CPU_ALU] |368| 
         00000008 0000 
     273 00000009 18AA          AND       PH,#0                 ; [CPU_ALU] |368| 
TMS320C2000 Assembler PC v22.6.2 Fri Mar 13 19:45:53 2026

Copyright (c) 1996-2018 Texas Instruments Incorporated
motor_sci.asm                                                        PAGE    6

         0000000a 0000 
     274 0000000b 9000          ANDB      AL,#0                 ; [CPU_ALU] |368| 
     275 0000000c 18A8          AND       AH,#32768             ; [CPU_ALU] |368| 
         0000000d 8000 
     276              $C$DW$30        .dwtag  DW_TAG_TI_branch
     277                      .dwattr $C$DW$30, DW_AT_low_pc(0x00)
     278                      .dwattr $C$DW$30, DW_AT_name("__c28xabi_cmpull")
     279                      .dwattr $C$DW$30, DW_AT_TI_call
     280              
     281 0000000e 7640!         LCR       #||__c28xabi_cmpull|| ; [CPU_ALU] |368| 
         0000000f 0000 
     282                      ; call occurs [#||__c28xabi_cmpull||] ; [] |368| 
     283 00000010 9B00          MOVB      AH,#0                 ; [CPU_ALU] |368| 
     284 00000011 5200          CMPB      AL,#0                 ; [CPU_ALU] |368| 
     285 00000012 56B0          MOVB      AH,#1,NEQ             ; [CPU_ALU] |368| 
         00000013 01A8 
     286 00000014 92A8          MOV       AL,AH                 ; [CPU_ALU] |368| 
     287 00000015 FE84          SUBB      SP,#4                 ; [CPU_ARAU] 
     288                      .dwcfi  cfa_offset, -2
     289              $C$DW$31        .dwtag  DW_TAG_TI_branch
     290                      .dwattr $C$DW$31, DW_AT_low_pc(0x00)
     291                      .dwattr $C$DW$31, DW_AT_TI_return
     292              
     293 00000016 0006          LRETR     ; [CPU_ALU] 
     294                      ; return occurs ; [] 
     295                      .dwattr $C$DW$27, DW_AT_TI_end_file("D:/TI/ccs/ccs/tools/compiler/ti-cgt-c2000_22.6.2.LTS/include/_de
     296                      .dwattr $C$DW$27, DW_AT_TI_end_line(0x170)
     297                      .dwattr $C$DW$27, DW_AT_TI_end_column(0x2b)
     298                      .dwendentry
     299                      .dwendtag $C$DW$27
     300              
     301 00000000               .sect   ".text:__signbitf"
     302                      .clink
     303                      .global ||__signbitf||
     304              
     305              $C$DW$32        .dwtag  DW_TAG_subprogram
     306                      .dwattr $C$DW$32, DW_AT_name("__signbitf")
     307                      .dwattr $C$DW$32, DW_AT_low_pc(||__signbitf||)
     308                      .dwattr $C$DW$32, DW_AT_high_pc(0x00)
     309                      .dwattr $C$DW$32, DW_AT_linkage_name("__signbitf")
     310                      .dwattr $C$DW$32, DW_AT_external
     311                      .dwattr $C$DW$32, DW_AT_type(*$C$DW$T$10)
     312                      .dwattr $C$DW$32, DW_AT_decl_file("D:/TI/ccs/ccs/tools/compiler/ti-cgt-c2000_22.6.2.LTS/include/_defs
     313                      .dwattr $C$DW$32, DW_AT_decl_line(0x16d)
     314                      .dwattr $C$DW$32, DW_AT_decl_column(0x18)
     315                      .dwattr $C$DW$32, DW_AT_TI_max_frame_size(-2)
     316                      .dwpsn  file "D:/TI/ccs/ccs/tools/compiler/ti-cgt-c2000_22.6.2.LTS/include/_defs.h",line 366,column 1
     317              
     318                      .dwfde $C$DW$CIE, ||__signbitf||
     319              $C$DW$33        .dwtag  DW_TAG_formal_parameter
     320                      .dwattr $C$DW$33, DW_AT_name("f")
     321                      .dwattr $C$DW$33, DW_AT_type(*$C$DW$T$16)
     322                      .dwattr $C$DW$33, DW_AT_location[DW_OP_regx 0x2b]
     323              
     324              
TMS320C2000 Assembler PC v22.6.2 Fri Mar 13 19:45:53 2026

Copyright (c) 1996-2018 Texas Instruments Incorporated
motor_sci.asm                                                        PAGE    7

     325              ;***************************************************************
     326              ;* FNAME: __signbitf                    FR SIZE:   0           *
     327              ;*                                                             *
     328              ;* FUNCTION ENVIRONMENT                                        *
     329              ;*                                                             *
     330              ;* FUNCTION PROPERTIES                                         *
     331              ;*                            0 Parameter,  0 Auto,  0 SOE     *
     332              ;***************************************************************
     333              
     334              ||__signbitf||:
     335              ;* R0    assigned to f
     336              $C$DW$34        .dwtag  DW_TAG_variable
     337                      .dwattr $C$DW$34, DW_AT_name("f")
     338                      .dwattr $C$DW$34, DW_AT_type(*$C$DW$T$78)
     339                      .dwattr $C$DW$34, DW_AT_location[DW_OP_regx 0x2b]
     340              
     341                      .dwcfi  cfa_offset, -2
     342                      .dwcfi  save_reg_to_mem, 26, 0
     343                      .dwpsn  file "D:/TI/ccs/ccs/tools/compiler/ti-cgt-c2000_22.6.2.LTS/include/_defs.h",line 366,column 3
     344 00000000 BFA9          MOV32     ACC,R0H               ; [CPU_FPU] |366| 
         00000001 0F12 
     345 00000002 BE00          MOVB      XAR6,#0               ; [CPU_ALU] |366| 
     346 00000003 9000          ANDB      AL,#0                 ; [CPU_ALU] |366| 
     347 00000004 18A8          AND       AH,#32768             ; [CPU_ALU] |366| 
         00000005 8000 
     348 00000006 FF58          TEST      ACC                   ; [CPU_ALU] |366| 
     349 00000007 56B0          MOVB      XAR6,#1,NEQ           ; [CPU_ALU] |366| 
         00000008 01A6 
     350 00000009 92A6          MOV       AL,AR6                ; [CPU_ALU] |366| 
     351              $C$DW$35        .dwtag  DW_TAG_TI_branch
     352                      .dwattr $C$DW$35, DW_AT_low_pc(0x00)
     353                      .dwattr $C$DW$35, DW_AT_TI_return
     354              
     355 0000000a 0006          LRETR     ; [CPU_ALU] 
     356                      ; return occurs ; [] 
     357                      .dwattr $C$DW$32, DW_AT_TI_end_file("D:/TI/ccs/ccs/tools/compiler/ti-cgt-c2000_22.6.2.LTS/include/_de
     358                      .dwattr $C$DW$32, DW_AT_TI_end_line(0x16e)
     359                      .dwattr $C$DW$32, DW_AT_TI_end_column(0x29)
     360                      .dwendentry
     361                      .dwendtag $C$DW$32
     362              
     363 00000000               .sect   ".text:__signbit"
     364                      .clink
     365                      .global ||__signbit||
     366              
     367              $C$DW$36        .dwtag  DW_TAG_subprogram
     368                      .dwattr $C$DW$36, DW_AT_name("__signbit")
     369                      .dwattr $C$DW$36, DW_AT_low_pc(||__signbit||)
     370                      .dwattr $C$DW$36, DW_AT_high_pc(0x00)
     371                      .dwattr $C$DW$36, DW_AT_linkage_name("__signbit")
     372                      .dwattr $C$DW$36, DW_AT_external
     373                      .dwattr $C$DW$36, DW_AT_type(*$C$DW$T$10)
     374                      .dwattr $C$DW$36, DW_AT_decl_file("D:/TI/ccs/ccs/tools/compiler/ti-cgt-c2000_22.6.2.LTS/include/_defs
     375                      .dwattr $C$DW$36, DW_AT_decl_line(0x16b)
     376                      .dwattr $C$DW$36, DW_AT_decl_column(0x18)
TMS320C2000 Assembler PC v22.6.2 Fri Mar 13 19:45:53 2026

Copyright (c) 1996-2018 Texas Instruments Incorporated
motor_sci.asm                                                        PAGE    8

     377                      .dwattr $C$DW$36, DW_AT_TI_max_frame_size(-6)
     378                      .dwpsn  file "D:/TI/ccs/ccs/tools/compiler/ti-cgt-c2000_22.6.2.LTS/include/_defs.h",line 364,column 1
     379              
     380                      .dwfde $C$DW$CIE, ||__signbit||
     381              $C$DW$37        .dwtag  DW_TAG_formal_parameter
     382                      .dwattr $C$DW$37, DW_AT_name("d")
     383                      .dwattr $C$DW$37, DW_AT_type(*$C$DW$T$79)
     384                      .dwattr $C$DW$37, DW_AT_location[DW_OP_reg12]
     385              
     386              
     387              ;***************************************************************
     388              ;* FNAME: __signbit                     FR SIZE:   4           *
     389              ;*                                                             *
     390              ;* FUNCTION ENVIRONMENT                                        *
     391              ;*                                                             *
     392              ;* FUNCTION PROPERTIES                                         *
     393              ;*                            4 Parameter,  0 Auto,  0 SOE     *
     394              ;***************************************************************
     395              
     396              ||__signbit||:
     397              ;* AR4   assigned to d
     398              $C$DW$38        .dwtag  DW_TAG_variable
     399                      .dwattr $C$DW$38, DW_AT_name("d")
     400                      .dwattr $C$DW$38, DW_AT_type(*$C$DW$T$80)
     401                      .dwattr $C$DW$38, DW_AT_location[DW_OP_reg12]
     402              
     403                      .dwcfi  cfa_offset, -2
     404                      .dwcfi  save_reg_to_mem, 26, 0
     405 00000000 FE04          ADDB      SP,#4                 ; [CPU_ARAU] 
     406                      .dwcfi  cfa_offset, -6
     407                      .dwpsn  file "D:/TI/ccs/ccs/tools/compiler/ti-cgt-c2000_22.6.2.LTS/include/_defs.h",line 364,column 3
     408 00000001 0200          MOVB      ACC,#0                ; [CPU_ALU] |364| 
     409 00000002 1E44          MOVL      *-SP[4],ACC           ; [CPU_ALU] |364| 
     410 00000003 2B42          MOV       *-SP[2],#0            ; [CPU_ALU] |364| 
     411 00000004 2B41          MOV       *-SP[1],#0            ; [CPU_ALU] |364| 
     412 00000005 A3C4          MOVL      P,*+XAR4[0]           ; [CPU_ALU] |364| 
     413 00000006 06D4          MOVL      ACC,*+XAR4[2]         ; [CPU_ALU] |364| 
     414 00000007 18AB          AND       PL,#0                 ; [CPU_ALU] |364| 
         00000008 0000 
     415 00000009 18AA          AND       PH,#0                 ; [CPU_ALU] |364| 
         0000000a 0000 
     416 0000000b 9000          ANDB      AL,#0                 ; [CPU_ALU] |364| 
     417 0000000c 18A8          AND       AH,#32768             ; [CPU_ALU] |364| 
         0000000d 8000 
     418              $C$DW$39        .dwtag  DW_TAG_TI_branch
     419                      .dwattr $C$DW$39, DW_AT_low_pc(0x00)
     420                      .dwattr $C$DW$39, DW_AT_name("__c28xabi_cmpull")
     421                      .dwattr $C$DW$39, DW_AT_TI_call
     422              
     423 0000000e 7640!         LCR       #||__c28xabi_cmpull|| ; [CPU_ALU] |364| 
         0000000f 0000 
     424                      ; call occurs [#||__c28xabi_cmpull||] ; [] |364| 
     425 00000010 9B00          MOVB      AH,#0                 ; [CPU_ALU] |364| 
     426 00000011 5200          CMPB      AL,#0                 ; [CPU_ALU] |364| 
     427 00000012 56B0          MOVB      AH,#1,NEQ             ; [CPU_ALU] |364| 
TMS320C2000 Assembler PC v22.6.2 Fri Mar 13 19:45:53 2026

Copyright (c) 1996-2018 Texas Instruments Incorporated
motor_sci.asm                                                        PAGE    9

         00000013 01A8 
     428 00000014 92A8          MOV       AL,AH                 ; [CPU_ALU] |364| 
     429 00000015 FE84          SUBB      SP,#4                 ; [CPU_ARAU] 
     430                      .dwcfi  cfa_offset, -2
     431              $C$DW$40        .dwtag  DW_TAG_TI_branch
     432                      .dwattr $C$DW$40, DW_AT_low_pc(0x00)
     433                      .dwattr $C$DW$40, DW_AT_TI_return
     434              
     435 00000016 0006          LRETR     ; [CPU_ALU] 
     436                      ; return occurs ; [] 
     437                      .dwattr $C$DW$36, DW_AT_TI_end_file("D:/TI/ccs/ccs/tools/compiler/ti-cgt-c2000_22.6.2.LTS/include/_de
     438                      .dwattr $C$DW$36, DW_AT_TI_end_line(0x16c)
     439                      .dwattr $C$DW$36, DW_AT_TI_end_column(0x2a)
     440                      .dwendentry
     441                      .dwendtag $C$DW$36
     442              
     443 00000000               .sect   ".text:__relaxed_sqrtf"
     444                      .clink
     445                      .global ||__relaxed_sqrtf||
     446              
     447              $C$DW$41        .dwtag  DW_TAG_subprogram
     448                      .dwattr $C$DW$41, DW_AT_name("__relaxed_sqrtf")
     449                      .dwattr $C$DW$41, DW_AT_low_pc(||__relaxed_sqrtf||)
     450                      .dwattr $C$DW$41, DW_AT_high_pc(0x00)
     451                      .dwattr $C$DW$41, DW_AT_linkage_name("__relaxed_sqrtf")
     452                      .dwattr $C$DW$41, DW_AT_external
     453                      .dwattr $C$DW$41, DW_AT_type(*$C$DW$T$16)
     454                      .dwattr $C$DW$41, DW_AT_decl_file("D:/TI/ccs/ccs/tools/compiler/ti-cgt-c2000_22.6.2.LTS/include/math.
     455                      .dwattr $C$DW$41, DW_AT_decl_line(0x103)
     456                      .dwattr $C$DW$41, DW_AT_decl_column(0x10)
     457                      .dwattr $C$DW$41, DW_AT_TI_max_frame_size(-2)
     458                      .dwpsn  file "D:/TI/ccs/ccs/tools/compiler/ti-cgt-c2000_22.6.2.LTS/include/math.h",line 260,column 1,
     459              
     460                      .dwfde $C$DW$CIE, ||__relaxed_sqrtf||
     461              $C$DW$42        .dwtag  DW_TAG_formal_parameter
     462                      .dwattr $C$DW$42, DW_AT_name("x")
     463                      .dwattr $C$DW$42, DW_AT_type(*$C$DW$T$16)
     464                      .dwattr $C$DW$42, DW_AT_location[DW_OP_regx 0x2b]
     465              
     466              
     467              ;***************************************************************
     468              ;* FNAME: __relaxed_sqrtf               FR SIZE:   0           *
     469              ;*                                                             *
     470              ;* FUNCTION ENVIRONMENT                                        *
     471              ;*                                                             *
     472              ;* FUNCTION PROPERTIES                                         *
     473              ;*                            0 Parameter,  0 Auto,  0 SOE     *
     474              ;***************************************************************
     475              
     476              ||__relaxed_sqrtf||:
     477              ;* R0    assigned to x
     478              $C$DW$43        .dwtag  DW_TAG_variable
     479                      .dwattr $C$DW$43, DW_AT_name("x")
     480                      .dwattr $C$DW$43, DW_AT_type(*$C$DW$T$78)
     481                      .dwattr $C$DW$43, DW_AT_location[DW_OP_regx 0x2b]
TMS320C2000 Assembler PC v22.6.2 Fri Mar 13 19:45:53 2026

Copyright (c) 1996-2018 Texas Instruments Incorporated
motor_sci.asm                                                        PAGE   10

     482              
     483                      .dwcfi  cfa_offset, -2
     484                      .dwcfi  save_reg_to_mem, 26, 0
     485                      .dwpsn  file "D:/TI/ccs/ccs/tools/compiler/ti-cgt-c2000_22.6.2.LTS/include/math.h",line 261,column 5,
     486 00000000 E277          SQRTF32   R0H,R0H               ; [CPU_FPU] |261| 
         00000001 0000 
     487 00000002 7700          NOP       ; [CPU_ALU] 
     488 00000003 7700          NOP       ; [CPU_ALU] 
     489 00000004 7700          NOP       ; [CPU_ALU] 
     490              $C$DW$44        .dwtag  DW_TAG_TI_branch
     491                      .dwattr $C$DW$44, DW_AT_low_pc(0x00)
     492                      .dwattr $C$DW$44, DW_AT_TI_return
     493              
     494 00000005 0006          LRETR     ; [CPU_ALU] 
     495                      ; return occurs ; [] 
     496                      .dwattr $C$DW$41, DW_AT_TI_end_file("D:/TI/ccs/ccs/tools/compiler/ti-cgt-c2000_22.6.2.LTS/include/mat
     497                      .dwattr $C$DW$41, DW_AT_TI_end_line(0x106)
     498                      .dwattr $C$DW$41, DW_AT_TI_end_column(0x01)
     499                      .dwendentry
     500                      .dwendtag $C$DW$41
     501              
     502 00000000               .sect   ".text:__relaxed_sinf"
     503                      .clink
     504                      .global ||__relaxed_sinf||
     505              
     506              $C$DW$45        .dwtag  DW_TAG_subprogram
     507                      .dwattr $C$DW$45, DW_AT_name("__relaxed_sinf")
     508                      .dwattr $C$DW$45, DW_AT_low_pc(||__relaxed_sinf||)
     509                      .dwattr $C$DW$45, DW_AT_high_pc(0x00)
     510                      .dwattr $C$DW$45, DW_AT_linkage_name("__relaxed_sinf")
     511                      .dwattr $C$DW$45, DW_AT_external
     512                      .dwattr $C$DW$45, DW_AT_type(*$C$DW$T$16)
     513                      .dwattr $C$DW$45, DW_AT_decl_file("D:/TI/ccs/ccs/tools/compiler/ti-cgt-c2000_22.6.2.LTS/include/math.
     514                      .dwattr $C$DW$45, DW_AT_decl_line(0x108)
     515                      .dwattr $C$DW$45, DW_AT_decl_column(0x10)
     516                      .dwattr $C$DW$45, DW_AT_TI_max_frame_size(-2)
     517                      .dwpsn  file "D:/TI/ccs/ccs/tools/compiler/ti-cgt-c2000_22.6.2.LTS/include/math.h",line 265,column 1,
     518              
     519                      .dwfde $C$DW$CIE, ||__relaxed_sinf||
     520              $C$DW$46        .dwtag  DW_TAG_formal_parameter
     521                      .dwattr $C$DW$46, DW_AT_name("x")
     522                      .dwattr $C$DW$46, DW_AT_type(*$C$DW$T$16)
     523                      .dwattr $C$DW$46, DW_AT_location[DW_OP_regx 0x2b]
     524              
     525              
     526              ;***************************************************************
     527              ;* FNAME: __relaxed_sinf                FR SIZE:   0           *
     528              ;*                                                             *
     529              ;* FUNCTION ENVIRONMENT                                        *
     530              ;*                                                             *
     531              ;* FUNCTION PROPERTIES                                         *
     532              ;*                            0 Parameter,  0 Auto,  0 SOE     *
     533              ;***************************************************************
     534              
     535              ||__relaxed_sinf||:
TMS320C2000 Assembler PC v22.6.2 Fri Mar 13 19:45:53 2026

Copyright (c) 1996-2018 Texas Instruments Incorporated
motor_sci.asm                                                        PAGE   11

     536              ;* R0    assigned to x
     537              $C$DW$47        .dwtag  DW_TAG_variable
     538                      .dwattr $C$DW$47, DW_AT_name("x")
     539                      .dwattr $C$DW$47, DW_AT_type(*$C$DW$T$78)
     540                      .dwattr $C$DW$47, DW_AT_location[DW_OP_regx 0x2b]
     541              
     542                      .dwcfi  cfa_offset, -2
     543                      .dwcfi  save_reg_to_mem, 26, 0
     544                      .dwpsn  file "D:/TI/ccs/ccs/tools/compiler/ti-cgt-c2000_22.6.2.LTS/include/math.h",line 266,column 5,
     545 00000000 E271          DIV2PIF32 R0H,R0H               ; [CPU_FPU] |266| 
         00000001 0000 
     546 00000002 7700          NOP       ; [CPU_ALU] 
     547 00000003 E278          SINPUF32  R0H,R0H               ; [CPU_FPU] |266| 
         00000004 0000 
     548 00000005 7700          NOP       ; [CPU_ALU] 
     549 00000006 7700          NOP       ; [CPU_ALU] 
     550              $C$DW$48        .dwtag  DW_TAG_TI_branch
     551                      .dwattr $C$DW$48, DW_AT_low_pc(0x00)
     552                      .dwattr $C$DW$48, DW_AT_TI_return
     553              
     554 00000007 0006          LRETR     ; [CPU_ALU] 
     555                      ; return occurs ; [] 
     556                      .dwattr $C$DW$45, DW_AT_TI_end_file("D:/TI/ccs/ccs/tools/compiler/ti-cgt-c2000_22.6.2.LTS/include/mat
     557                      .dwattr $C$DW$45, DW_AT_TI_end_line(0x10b)
     558                      .dwattr $C$DW$45, DW_AT_TI_end_column(0x01)
     559                      .dwendentry
     560                      .dwendtag $C$DW$45
     561              
     562 00000000               .sect   ".text:__relaxed_fmodf"
     563                      .clink
     564                      .global ||__relaxed_fmodf||
     565              
     566              $C$DW$49        .dwtag  DW_TAG_subprogram
     567                      .dwattr $C$DW$49, DW_AT_name("__relaxed_fmodf")
     568                      .dwattr $C$DW$49, DW_AT_low_pc(||__relaxed_fmodf||)
     569                      .dwattr $C$DW$49, DW_AT_high_pc(0x00)
     570                      .dwattr $C$DW$49, DW_AT_linkage_name("__relaxed_fmodf")
     571                      .dwattr $C$DW$49, DW_AT_external
     572                      .dwattr $C$DW$49, DW_AT_type(*$C$DW$T$16)
     573                      .dwattr $C$DW$49, DW_AT_decl_file("D:/TI/ccs/ccs/tools/compiler/ti-cgt-c2000_22.6.2.LTS/include/math.
     574                      .dwattr $C$DW$49, DW_AT_decl_line(0x11c)
     575                      .dwattr $C$DW$49, DW_AT_decl_column(0x10)
     576                      .dwattr $C$DW$49, DW_AT_TI_max_frame_size(-2)
     577                      .dwpsn  file "D:/TI/ccs/ccs/tools/compiler/ti-cgt-c2000_22.6.2.LTS/include/math.h",line 285,column 1,
     578              
     579                      .dwfde $C$DW$CIE, ||__relaxed_fmodf||
     580              $C$DW$50        .dwtag  DW_TAG_formal_parameter
     581                      .dwattr $C$DW$50, DW_AT_name("y")
     582                      .dwattr $C$DW$50, DW_AT_type(*$C$DW$T$16)
     583                      .dwattr $C$DW$50, DW_AT_location[DW_OP_regx 0x2b]
     584              
     585              $C$DW$51        .dwtag  DW_TAG_formal_parameter
     586                      .dwattr $C$DW$51, DW_AT_name("x")
     587                      .dwattr $C$DW$51, DW_AT_type(*$C$DW$T$16)
     588                      .dwattr $C$DW$51, DW_AT_location[DW_OP_regx 0x2f]
TMS320C2000 Assembler PC v22.6.2 Fri Mar 13 19:45:53 2026

Copyright (c) 1996-2018 Texas Instruments Incorporated
motor_sci.asm                                                        PAGE   12

     589              
     590              
     591              ;***************************************************************
     592              ;* FNAME: __relaxed_fmodf               FR SIZE:   0           *
     593              ;*                                                             *
     594              ;* FUNCTION ENVIRONMENT                                        *
     595              ;*                                                             *
     596              ;* FUNCTION PROPERTIES                                         *
     597              ;*                            0 Parameter,  0 Auto,  0 SOE     *
     598              ;***************************************************************
     599              
     600              ||__relaxed_fmodf||:
     601              ;* R0    assigned to y
     602              $C$DW$52        .dwtag  DW_TAG_variable
     603                      .dwattr $C$DW$52, DW_AT_name("y")
     604                      .dwattr $C$DW$52, DW_AT_type(*$C$DW$T$78)
     605                      .dwattr $C$DW$52, DW_AT_location[DW_OP_regx 0x2b]
     606              
     607              ;* R1    assigned to x
     608              $C$DW$53        .dwtag  DW_TAG_variable
     609                      .dwattr $C$DW$53, DW_AT_name("x")
     610                      .dwattr $C$DW$53, DW_AT_type(*$C$DW$T$78)
     611                      .dwattr $C$DW$53, DW_AT_location[DW_OP_regx 0x2f]
     612              
     613                      .dwcfi  cfa_offset, -2
     614                      .dwcfi  save_reg_to_mem, 26, 0
     615                      .dwpsn  file "D:/TI/ccs/ccs/tools/compiler/ti-cgt-c2000_22.6.2.LTS/include/math.h",line 286,column 3,
     616 00000000 E274          DIVF32    R2H,R0H,R1H           ; [CPU_FPU] |286| 
         00000001 0042 
     617 00000002 7700          NOP       ; [CPU_ALU] 
     618 00000003 7700          NOP       ; [CPU_ALU] 
     619 00000004 7700          NOP       ; [CPU_ALU] 
     620 00000005 7700          NOP       ; [CPU_ALU] 
     621 00000006 E688          F32TOI32  R2H,R2H               ; [CPU_FPU] |286| 
         00000007 0012 
     622 00000008 7700          NOP       ; [CPU_ALU] 
     623 00000009 E689          I32TOF32  R2H,R2H               ; [CPU_FPU] |286| 
         0000000a 0012 
     624 0000000b 7700          NOP       ; [CPU_ALU] 
     625 0000000c E700          MPYF32    R1H,R1H,R2H           ; [CPU_FPU] |286| 
         0000000d 0089 
     626 0000000e 7700          NOP       ; [CPU_ALU] 
     627 0000000f E720          SUBF32    R0H,R0H,R1H           ; [CPU_FPU] |286| 
         00000010 0040 
     628              $C$DW$54        .dwtag  DW_TAG_TI_branch
     629                      .dwattr $C$DW$54, DW_AT_low_pc(0x00)
     630                      .dwattr $C$DW$54, DW_AT_TI_return
     631              
     632 00000011 0006          LRETR     ; [CPU_ALU] 
     633                      ; return occurs ; [] 
     634                      .dwattr $C$DW$49, DW_AT_TI_end_file("D:/TI/ccs/ccs/tools/compiler/ti-cgt-c2000_22.6.2.LTS/include/mat
     635                      .dwattr $C$DW$49, DW_AT_TI_end_line(0x11f)
     636                      .dwattr $C$DW$49, DW_AT_TI_end_column(0x01)
     637                      .dwendentry
     638                      .dwendtag $C$DW$49
TMS320C2000 Assembler PC v22.6.2 Fri Mar 13 19:45:53 2026

Copyright (c) 1996-2018 Texas Instruments Incorporated
motor_sci.asm                                                        PAGE   13

     639              
     640 00000000               .sect   ".text:__relaxed_fminf"
     641                      .clink
     642                      .global ||__relaxed_fminf||
     643              
     644              $C$DW$55        .dwtag  DW_TAG_subprogram
     645                      .dwattr $C$DW$55, DW_AT_name("__relaxed_fminf")
     646                      .dwattr $C$DW$55, DW_AT_low_pc(||__relaxed_fminf||)
     647                      .dwattr $C$DW$55, DW_AT_high_pc(0x00)
     648                      .dwattr $C$DW$55, DW_AT_linkage_name("__relaxed_fminf")
     649                      .dwattr $C$DW$55, DW_AT_external
     650                      .dwattr $C$DW$55, DW_AT_type(*$C$DW$T$16)
     651                      .dwattr $C$DW$55, DW_AT_decl_file("D:/TI/ccs/ccs/tools/compiler/ti-cgt-c2000_22.6.2.LTS/include/math.
     652                      .dwattr $C$DW$55, DW_AT_decl_line(0xee)
     653                      .dwattr $C$DW$55, DW_AT_decl_column(0x10)
     654                      .dwattr $C$DW$55, DW_AT_TI_max_frame_size(-2)
     655                      .dwpsn  file "D:/TI/ccs/ccs/tools/compiler/ti-cgt-c2000_22.6.2.LTS/include/math.h",line 239,column 1,
     656              
     657                      .dwfde $C$DW$CIE, ||__relaxed_fminf||
     658              $C$DW$56        .dwtag  DW_TAG_formal_parameter
     659                      .dwattr $C$DW$56, DW_AT_name("x")
     660                      .dwattr $C$DW$56, DW_AT_type(*$C$DW$T$16)
     661                      .dwattr $C$DW$56, DW_AT_location[DW_OP_regx 0x2b]
     662              
     663              $C$DW$57        .dwtag  DW_TAG_formal_parameter
     664                      .dwattr $C$DW$57, DW_AT_name("y")
     665                      .dwattr $C$DW$57, DW_AT_type(*$C$DW$T$16)
     666                      .dwattr $C$DW$57, DW_AT_location[DW_OP_regx 0x2f]
     667              
     668              
     669              ;***************************************************************
     670              ;* FNAME: __relaxed_fminf               FR SIZE:   0           *
     671              ;*                                                             *
     672              ;* FUNCTION ENVIRONMENT                                        *
     673              ;*                                                             *
     674              ;* FUNCTION PROPERTIES                                         *
     675              ;*                            0 Parameter,  0 Auto,  0 SOE     *
     676              ;***************************************************************
     677              
     678              ||__relaxed_fminf||:
     679              ;* R1    assigned to y
     680              $C$DW$58        .dwtag  DW_TAG_variable
     681                      .dwattr $C$DW$58, DW_AT_name("y")
     682                      .dwattr $C$DW$58, DW_AT_type(*$C$DW$T$78)
     683                      .dwattr $C$DW$58, DW_AT_location[DW_OP_regx 0x2f]
     684              
     685                      .dwcfi  cfa_offset, -2
     686                      .dwcfi  save_reg_to_mem, 26, 0
     687                      .dwpsn  file "D:/TI/ccs/ccs/tools/compiler/ti-cgt-c2000_22.6.2.LTS/include/math.h",line 240,column 5,
     688 00000000 E697          MINF32    R0H,R1H               ; [CPU_FPU] |240| 
         00000001 0008 
     689              $C$DW$59        .dwtag  DW_TAG_TI_branch
     690                      .dwattr $C$DW$59, DW_AT_low_pc(0x00)
     691                      .dwattr $C$DW$59, DW_AT_TI_return
     692              
TMS320C2000 Assembler PC v22.6.2 Fri Mar 13 19:45:53 2026

Copyright (c) 1996-2018 Texas Instruments Incorporated
motor_sci.asm                                                        PAGE   14

     693 00000002 0006          LRETR     ; [CPU_ALU] 
     694                      ; return occurs ; [] 
     695                      .dwattr $C$DW$55, DW_AT_TI_end_file("D:/TI/ccs/ccs/tools/compiler/ti-cgt-c2000_22.6.2.LTS/include/mat
     696                      .dwattr $C$DW$55, DW_AT_TI_end_line(0xf1)
     697                      .dwattr $C$DW$55, DW_AT_TI_end_column(0x01)
     698                      .dwendentry
     699                      .dwendtag $C$DW$55
     700              
     701 00000000               .sect   ".text:__relaxed_fmaxf"
     702                      .clink
     703                      .global ||__relaxed_fmaxf||
     704              
     705              $C$DW$60        .dwtag  DW_TAG_subprogram
     706                      .dwattr $C$DW$60, DW_AT_name("__relaxed_fmaxf")
     707                      .dwattr $C$DW$60, DW_AT_low_pc(||__relaxed_fmaxf||)
     708                      .dwattr $C$DW$60, DW_AT_high_pc(0x00)
     709                      .dwattr $C$DW$60, DW_AT_linkage_name("__relaxed_fmaxf")
     710                      .dwattr $C$DW$60, DW_AT_external
     711                      .dwattr $C$DW$60, DW_AT_type(*$C$DW$T$16)
     712                      .dwattr $C$DW$60, DW_AT_decl_file("D:/TI/ccs/ccs/tools/compiler/ti-cgt-c2000_22.6.2.LTS/include/math.
     713                      .dwattr $C$DW$60, DW_AT_decl_line(0xe8)
     714                      .dwattr $C$DW$60, DW_AT_decl_column(0x10)
     715                      .dwattr $C$DW$60, DW_AT_TI_max_frame_size(-2)
     716                      .dwpsn  file "D:/TI/ccs/ccs/tools/compiler/ti-cgt-c2000_22.6.2.LTS/include/math.h",line 233,column 1,
     717              
     718                      .dwfde $C$DW$CIE, ||__relaxed_fmaxf||
     719              $C$DW$61        .dwtag  DW_TAG_formal_parameter
     720                      .dwattr $C$DW$61, DW_AT_name("x")
     721                      .dwattr $C$DW$61, DW_AT_type(*$C$DW$T$16)
     722                      .dwattr $C$DW$61, DW_AT_location[DW_OP_regx 0x2b]
     723              
     724              $C$DW$62        .dwtag  DW_TAG_formal_parameter
     725                      .dwattr $C$DW$62, DW_AT_name("y")
     726                      .dwattr $C$DW$62, DW_AT_type(*$C$DW$T$16)
     727                      .dwattr $C$DW$62, DW_AT_location[DW_OP_regx 0x2f]
     728              
     729              
     730              ;***************************************************************
     731              ;* FNAME: __relaxed_fmaxf               FR SIZE:   0           *
     732              ;*                                                             *
     733              ;* FUNCTION ENVIRONMENT                                        *
     734              ;*                                                             *
     735              ;* FUNCTION PROPERTIES                                         *
     736              ;*                            0 Parameter,  0 Auto,  0 SOE     *
     737              ;***************************************************************
     738              
     739              ||__relaxed_fmaxf||:
     740              ;* R1    assigned to y
     741              $C$DW$63        .dwtag  DW_TAG_variable
     742                      .dwattr $C$DW$63, DW_AT_name("y")
     743                      .dwattr $C$DW$63, DW_AT_type(*$C$DW$T$78)
     744                      .dwattr $C$DW$63, DW_AT_location[DW_OP_regx 0x2f]
     745              
     746                      .dwcfi  cfa_offset, -2
     747                      .dwcfi  save_reg_to_mem, 26, 0
TMS320C2000 Assembler PC v22.6.2 Fri Mar 13 19:45:53 2026

Copyright (c) 1996-2018 Texas Instruments Incorporated
motor_sci.asm                                                        PAGE   15

     748                      .dwpsn  file "D:/TI/ccs/ccs/tools/compiler/ti-cgt-c2000_22.6.2.LTS/include/math.h",line 234,column 5,
     749 00000000 E696          MAXF32    R0H,R1H               ; [CPU_FPU] |234| 
         00000001 0008 
     750              $C$DW$64        .dwtag  DW_TAG_TI_branch
     751                      .dwattr $C$DW$64, DW_AT_low_pc(0x00)
     752                      .dwattr $C$DW$64, DW_AT_TI_return
     753              
     754 00000002 0006          LRETR     ; [CPU_ALU] 
     755                      ; return occurs ; [] 
     756                      .dwattr $C$DW$60, DW_AT_TI_end_file("D:/TI/ccs/ccs/tools/compiler/ti-cgt-c2000_22.6.2.LTS/include/mat
     757                      .dwattr $C$DW$60, DW_AT_TI_end_line(0xeb)
     758                      .dwattr $C$DW$60, DW_AT_TI_end_column(0x01)
     759                      .dwendentry
     760                      .dwendtag $C$DW$60
     761              
     762 00000000               .sect   ".text:__relaxed_cosf"
     763                      .clink
     764                      .global ||__relaxed_cosf||
     765              
     766              $C$DW$65        .dwtag  DW_TAG_subprogram
     767                      .dwattr $C$DW$65, DW_AT_name("__relaxed_cosf")
     768                      .dwattr $C$DW$65, DW_AT_low_pc(||__relaxed_cosf||)
     769                      .dwattr $C$DW$65, DW_AT_high_pc(0x00)
     770                      .dwattr $C$DW$65, DW_AT_linkage_name("__relaxed_cosf")
     771                      .dwattr $C$DW$65, DW_AT_external
     772                      .dwattr $C$DW$65, DW_AT_type(*$C$DW$T$16)
     773                      .dwattr $C$DW$65, DW_AT_decl_file("D:/TI/ccs/ccs/tools/compiler/ti-cgt-c2000_22.6.2.LTS/include/math.
     774                      .dwattr $C$DW$65, DW_AT_decl_line(0x10d)
     775                      .dwattr $C$DW$65, DW_AT_decl_column(0x10)
     776                      .dwattr $C$DW$65, DW_AT_TI_max_frame_size(-2)
     777                      .dwpsn  file "D:/TI/ccs/ccs/tools/compiler/ti-cgt-c2000_22.6.2.LTS/include/math.h",line 270,column 1,
     778              
     779                      .dwfde $C$DW$CIE, ||__relaxed_cosf||
     780              $C$DW$66        .dwtag  DW_TAG_formal_parameter
     781                      .dwattr $C$DW$66, DW_AT_name("x")
     782                      .dwattr $C$DW$66, DW_AT_type(*$C$DW$T$16)
     783                      .dwattr $C$DW$66, DW_AT_location[DW_OP_regx 0x2b]
     784              
     785              
     786              ;***************************************************************
     787              ;* FNAME: __relaxed_cosf                FR SIZE:   0           *
     788              ;*                                                             *
     789              ;* FUNCTION ENVIRONMENT                                        *
     790              ;*                                                             *
     791              ;* FUNCTION PROPERTIES                                         *
     792              ;*                            0 Parameter,  0 Auto,  0 SOE     *
     793              ;***************************************************************
     794              
     795              ||__relaxed_cosf||:
     796              ;* R0    assigned to x
     797              $C$DW$67        .dwtag  DW_TAG_variable
     798                      .dwattr $C$DW$67, DW_AT_name("x")
     799                      .dwattr $C$DW$67, DW_AT_type(*$C$DW$T$78)
     800                      .dwattr $C$DW$67, DW_AT_location[DW_OP_regx 0x2b]
     801              
TMS320C2000 Assembler PC v22.6.2 Fri Mar 13 19:45:53 2026

Copyright (c) 1996-2018 Texas Instruments Incorporated
motor_sci.asm                                                        PAGE   16

     802                      .dwcfi  cfa_offset, -2
     803                      .dwcfi  save_reg_to_mem, 26, 0
     804                      .dwpsn  file "D:/TI/ccs/ccs/tools/compiler/ti-cgt-c2000_22.6.2.LTS/include/math.h",line 271,column 5,
     805 00000000 E271          DIV2PIF32 R0H,R0H               ; [CPU_FPU] |271| 
         00000001 0000 
     806 00000002 7700          NOP       ; [CPU_ALU] 
     807 00000003 E279          COSPUF32  R0H,R0H               ; [CPU_FPU] |271| 
         00000004 0000 
     808 00000005 7700          NOP       ; [CPU_ALU] 
     809 00000006 7700          NOP       ; [CPU_ALU] 
     810              $C$DW$68        .dwtag  DW_TAG_TI_branch
     811                      .dwattr $C$DW$68, DW_AT_low_pc(0x00)
     812                      .dwattr $C$DW$68, DW_AT_TI_return
     813              
     814 00000007 0006          LRETR     ; [CPU_ALU] 
     815                      ; return occurs ; [] 
     816                      .dwattr $C$DW$65, DW_AT_TI_end_file("D:/TI/ccs/ccs/tools/compiler/ti-cgt-c2000_22.6.2.LTS/include/mat
     817                      .dwattr $C$DW$65, DW_AT_TI_end_line(0x110)
     818                      .dwattr $C$DW$65, DW_AT_TI_end_column(0x01)
     819                      .dwendentry
     820                      .dwendtag $C$DW$65
     821              
     822 00000000               .sect   ".text:__relaxed_atanf"
     823                      .clink
     824                      .global ||__relaxed_atanf||
     825              
     826              $C$DW$69        .dwtag  DW_TAG_subprogram
     827                      .dwattr $C$DW$69, DW_AT_name("__relaxed_atanf")
     828                      .dwattr $C$DW$69, DW_AT_low_pc(||__relaxed_atanf||)
     829                      .dwattr $C$DW$69, DW_AT_high_pc(0x00)
     830                      .dwattr $C$DW$69, DW_AT_linkage_name("__relaxed_atanf")
     831                      .dwattr $C$DW$69, DW_AT_external
     832                      .dwattr $C$DW$69, DW_AT_type(*$C$DW$T$16)
     833                      .dwattr $C$DW$69, DW_AT_decl_file("D:/TI/ccs/ccs/tools/compiler/ti-cgt-c2000_22.6.2.LTS/include/math.
     834                      .dwattr $C$DW$69, DW_AT_decl_line(0x112)
     835                      .dwattr $C$DW$69, DW_AT_decl_column(0x10)
     836                      .dwattr $C$DW$69, DW_AT_TI_max_frame_size(-2)
     837                      .dwpsn  file "D:/TI/ccs/ccs/tools/compiler/ti-cgt-c2000_22.6.2.LTS/include/math.h",line 275,column 1,
     838              
     839                      .dwfde $C$DW$CIE, ||__relaxed_atanf||
     840              $C$DW$70        .dwtag  DW_TAG_formal_parameter
     841                      .dwattr $C$DW$70, DW_AT_name("x")
     842                      .dwattr $C$DW$70, DW_AT_type(*$C$DW$T$16)
     843                      .dwattr $C$DW$70, DW_AT_location[DW_OP_regx 0x2b]
     844              
     845              
     846              ;***************************************************************
     847              ;* FNAME: __relaxed_atanf               FR SIZE:   0           *
     848              ;*                                                             *
     849              ;* FUNCTION ENVIRONMENT                                        *
     850              ;*                                                             *
     851              ;* FUNCTION PROPERTIES                                         *
     852              ;*                            0 Parameter,  0 Auto,  0 SOE     *
     853              ;***************************************************************
     854              
TMS320C2000 Assembler PC v22.6.2 Fri Mar 13 19:45:53 2026

Copyright (c) 1996-2018 Texas Instruments Incorporated
motor_sci.asm                                                        PAGE   17

     855              ||__relaxed_atanf||:
     856              ;* R0    assigned to x
     857              $C$DW$71        .dwtag  DW_TAG_variable
     858                      .dwattr $C$DW$71, DW_AT_name("x")
     859                      .dwattr $C$DW$71, DW_AT_type(*$C$DW$T$78)
     860                      .dwattr $C$DW$71, DW_AT_location[DW_OP_regx 0x2b]
     861              
     862                      .dwcfi  cfa_offset, -2
     863                      .dwcfi  save_reg_to_mem, 26, 0
     864                      .dwpsn  file "D:/TI/ccs/ccs/tools/compiler/ti-cgt-c2000_22.6.2.LTS/include/math.h",line 276,column 3,
     865 00000000 E801          MOVIZ     R1H,#16256            ; [CPU_FPU] |276| 
         00000001 FC01 
     866 00000002 E27C          QUADF32   R1H,R0H,R0H,R1H       ; [CPU_FPU] |276| 
         00000003 0201 
     867 00000004 7700          NOP       ; [CPU_ALU] 
     868 00000005 7700          NOP       ; [CPU_ALU] 
     869 00000006 7700          NOP       ; [CPU_ALU] 
     870 00000007 7700          NOP       ; [CPU_ALU] 
     871 00000008 E27A          ATANPUF32 R0H,R0H               ; [CPU_FPU] |276| 
         00000009 0000 
     872 0000000a 7700          NOP       ; [CPU_ALU] 
     873 0000000b 7700          NOP       ; [CPU_ALU] 
     874 0000000c 7700          NOP       ; [CPU_ALU] 
     875 0000000d E710          ADDF32    R0H,R0H,R1H           ; [CPU_FPU] |276| 
         0000000e 0040 
     876 0000000f 7700          NOP       ; [CPU_ALU] 
     877 00000010 7700          NOP       ; [CPU_ALU] 
     878 00000011 E270          MPY2PIF32 R0H,R0H               ; [CPU_FPU] |276| 
         00000012 0000 
     879 00000013 7700          NOP       ; [CPU_ALU] 
     880              $C$DW$72        .dwtag  DW_TAG_TI_branch
     881                      .dwattr $C$DW$72, DW_AT_low_pc(0x00)
     882                      .dwattr $C$DW$72, DW_AT_TI_return
     883              
     884 00000014 0006          LRETR     ; [CPU_ALU] 
     885                      ; return occurs ; [] 
     886                      .dwattr $C$DW$69, DW_AT_TI_end_file("D:/TI/ccs/ccs/tools/compiler/ti-cgt-c2000_22.6.2.LTS/include/mat
     887                      .dwattr $C$DW$69, DW_AT_TI_end_line(0x115)
     888                      .dwattr $C$DW$69, DW_AT_TI_end_column(0x01)
     889                      .dwendentry
     890                      .dwendtag $C$DW$69
     891              
     892 00000000               .sect   ".text:__relaxed_atan2f"
     893                      .clink
     894                      .global ||__relaxed_atan2f||
     895              
     896              $C$DW$73        .dwtag  DW_TAG_subprogram
     897                      .dwattr $C$DW$73, DW_AT_name("__relaxed_atan2f")
     898                      .dwattr $C$DW$73, DW_AT_low_pc(||__relaxed_atan2f||)
     899                      .dwattr $C$DW$73, DW_AT_high_pc(0x00)
     900                      .dwattr $C$DW$73, DW_AT_linkage_name("__relaxed_atan2f")
     901                      .dwattr $C$DW$73, DW_AT_external
     902                      .dwattr $C$DW$73, DW_AT_type(*$C$DW$T$16)
     903                      .dwattr $C$DW$73, DW_AT_decl_file("D:/TI/ccs/ccs/tools/compiler/ti-cgt-c2000_22.6.2.LTS/include/math.
     904                      .dwattr $C$DW$73, DW_AT_decl_line(0x117)
TMS320C2000 Assembler PC v22.6.2 Fri Mar 13 19:45:53 2026

Copyright (c) 1996-2018 Texas Instruments Incorporated
motor_sci.asm                                                        PAGE   18

     905                      .dwattr $C$DW$73, DW_AT_decl_column(0x10)
     906                      .dwattr $C$DW$73, DW_AT_TI_max_frame_size(-2)
     907                      .dwpsn  file "D:/TI/ccs/ccs/tools/compiler/ti-cgt-c2000_22.6.2.LTS/include/math.h",line 280,column 1,
     908              
     909                      .dwfde $C$DW$CIE, ||__relaxed_atan2f||
     910              $C$DW$74        .dwtag  DW_TAG_formal_parameter
     911                      .dwattr $C$DW$74, DW_AT_name("y")
     912                      .dwattr $C$DW$74, DW_AT_type(*$C$DW$T$16)
     913                      .dwattr $C$DW$74, DW_AT_location[DW_OP_regx 0x2b]
     914              
     915              $C$DW$75        .dwtag  DW_TAG_formal_parameter
     916                      .dwattr $C$DW$75, DW_AT_name("x")
     917                      .dwattr $C$DW$75, DW_AT_type(*$C$DW$T$16)
     918                      .dwattr $C$DW$75, DW_AT_location[DW_OP_regx 0x2f]
     919              
     920              
     921              ;***************************************************************
     922              ;* FNAME: __relaxed_atan2f              FR SIZE:   0           *
     923              ;*                                                             *
     924              ;* FUNCTION ENVIRONMENT                                        *
     925              ;*                                                             *
     926              ;* FUNCTION PROPERTIES                                         *
     927              ;*                            0 Parameter,  0 Auto,  0 SOE     *
     928              ;***************************************************************
     929              
     930              ||__relaxed_atan2f||:
     931              ;* R0    assigned to y
     932              $C$DW$76        .dwtag  DW_TAG_variable
     933                      .dwattr $C$DW$76, DW_AT_name("y")
     934                      .dwattr $C$DW$76, DW_AT_type(*$C$DW$T$78)
     935                      .dwattr $C$DW$76, DW_AT_location[DW_OP_regx 0x2b]
     936              
     937              ;* R1    assigned to x
     938              $C$DW$77        .dwtag  DW_TAG_variable
     939                      .dwattr $C$DW$77, DW_AT_name("x")
     940                      .dwattr $C$DW$77, DW_AT_type(*$C$DW$T$78)
     941                      .dwattr $C$DW$77, DW_AT_location[DW_OP_regx 0x2f]
     942              
     943                      .dwcfi  cfa_offset, -2
     944                      .dwcfi  save_reg_to_mem, 26, 0
     945                      .dwpsn  file "D:/TI/ccs/ccs/tools/compiler/ti-cgt-c2000_22.6.2.LTS/include/math.h",line 281,column 3,
     946 00000000 E27C          QUADF32   R1H,R0H,R0H,R1H       ; [CPU_FPU] |281| 
         00000001 0201 
     947 00000002 7700          NOP       ; [CPU_ALU] 
     948 00000003 7700          NOP       ; [CPU_ALU] 
     949 00000004 7700          NOP       ; [CPU_ALU] 
     950 00000005 7700          NOP       ; [CPU_ALU] 
     951 00000006 E27A          ATANPUF32 R0H,R0H               ; [CPU_FPU] |281| 
         00000007 0000 
     952 00000008 7700          NOP       ; [CPU_ALU] 
     953 00000009 7700          NOP       ; [CPU_ALU] 
     954 0000000a 7700          NOP       ; [CPU_ALU] 
     955 0000000b E710          ADDF32    R0H,R0H,R1H           ; [CPU_FPU] |281| 
         0000000c 0040 
     956 0000000d 7700          NOP       ; [CPU_ALU] 
TMS320C2000 Assembler PC v22.6.2 Fri Mar 13 19:45:53 2026

Copyright (c) 1996-2018 Texas Instruments Incorporated
motor_sci.asm                                                        PAGE   19

     957 0000000e 7700          NOP       ; [CPU_ALU] 
     958 0000000f E270          MPY2PIF32 R0H,R0H               ; [CPU_FPU] |281| 
         00000010 0000 
     959 00000011 7700          NOP       ; [CPU_ALU] 
     960              $C$DW$78        .dwtag  DW_TAG_TI_branch
     961                      .dwattr $C$DW$78, DW_AT_low_pc(0x00)
     962                      .dwattr $C$DW$78, DW_AT_TI_return
     963              
     964 00000012 0006          LRETR     ; [CPU_ALU] 
     965                      ; return occurs ; [] 
     966                      .dwattr $C$DW$73, DW_AT_TI_end_file("D:/TI/ccs/ccs/tools/compiler/ti-cgt-c2000_22.6.2.LTS/include/mat
     967                      .dwattr $C$DW$73, DW_AT_TI_end_line(0x11a)
     968                      .dwattr $C$DW$73, DW_AT_TI_end_column(0x01)
     969                      .dwendentry
     970                      .dwendtag $C$DW$73
     971              
     972 00000000               .sect   ".text:__isnormall"
     973                      .clink
     974                      .global ||__isnormall||
     975              
     976              $C$DW$79        .dwtag  DW_TAG_subprogram
     977                      .dwattr $C$DW$79, DW_AT_name("__isnormall")
     978                      .dwattr $C$DW$79, DW_AT_low_pc(||__isnormall||)
     979                      .dwattr $C$DW$79, DW_AT_high_pc(0x00)
     980                      .dwattr $C$DW$79, DW_AT_linkage_name("__isnormall")
     981                      .dwattr $C$DW$79, DW_AT_external
     982                      .dwattr $C$DW$79, DW_AT_type(*$C$DW$T$10)
     983                      .dwattr $C$DW$79, DW_AT_decl_file("D:/TI/ccs/ccs/tools/compiler/ti-cgt-c2000_22.6.2.LTS/include/_defs
     984                      .dwattr $C$DW$79, DW_AT_decl_line(0x167)
     985                      .dwattr $C$DW$79, DW_AT_decl_column(0x18)
     986                      .dwattr $C$DW$79, DW_AT_TI_max_frame_size(-6)
     987                      .dwpsn  file "D:/TI/ccs/ccs/tools/compiler/ti-cgt-c2000_22.6.2.LTS/include/_defs.h",line 360,column 1
     988              
     989                      .dwfde $C$DW$CIE, ||__isnormall||
     990              $C$DW$80        .dwtag  DW_TAG_formal_parameter
     991                      .dwattr $C$DW$80, DW_AT_name("e")
     992                      .dwattr $C$DW$80, DW_AT_type(*$C$DW$T$86)
     993                      .dwattr $C$DW$80, DW_AT_location[DW_OP_reg12]
     994              
     995              
     996              ;***************************************************************
     997              ;* FNAME: __isnormall                   FR SIZE:   4           *
     998              ;*                                                             *
     999              ;* FUNCTION ENVIRONMENT                                        *
    1000              ;*                                                             *
    1001              ;* FUNCTION PROPERTIES                                         *
    1002              ;*                            4 Parameter,  0 Auto,  0 SOE     *
    1003              ;***************************************************************
    1004              
    1005              ||__isnormall||:
    1006              ;* AR5   assigned to $O$C2
    1007              ;* AR6   assigned to $O$S1
    1008              ;* AR4   assigned to e
    1009              $C$DW$81        .dwtag  DW_TAG_variable
    1010                      .dwattr $C$DW$81, DW_AT_name("e")
TMS320C2000 Assembler PC v22.6.2 Fri Mar 13 19:45:53 2026

Copyright (c) 1996-2018 Texas Instruments Incorporated
motor_sci.asm                                                        PAGE   20

    1011                      .dwattr $C$DW$81, DW_AT_type(*$C$DW$T$87)
    1012                      .dwattr $C$DW$81, DW_AT_location[DW_OP_reg12]
    1013              
    1014                      .dwcfi  cfa_offset, -2
    1015                      .dwcfi  save_reg_to_mem, 26, 0
    1016 00000000 FE04          ADDB      SP,#4                 ; [CPU_ARAU] 
    1017                      .dwcfi  cfa_offset, -6
    1018                      .dwpsn  file "D:/TI/ccs/ccs/tools/compiler/ti-cgt-c2000_22.6.2.LTS/include/_defs.h",line 360,column 3
    1019 00000001 83C4          MOVL      XAR5,*+XAR4[0]        ; [CPU_ALU] |360| 
    1020 00000002 8AD4          MOVL      XAR4,*+XAR4[2]        ; [CPU_ALU] |360| 
    1021 00000003 BE00          MOVB      XAR6,#0               ; [CPU_ALU] |360| 
    1022 00000004 28AC          MOV       T,#52                 ; [CPU_ALU] |360| 
         00000005 0034 
    1023 00000006 A0AB          MOVL      P,XAR5                ; [CPU_ALU] |360| 
    1024 00000007 A8A9          MOVL      ACC,XAR4              ; [CPU_ALU] |360| 
    1025 00000008 C244          MOVL      *-SP[4],XAR6          ; [CPU_ALU] |360| 
    1026 00000009 2B42          MOV       *-SP[2],#0            ; [CPU_ALU] |360| 
    1027 0000000a 565B          LSR64     ACC:P,T               ; [CPU_ALU] |360| 
    1028 0000000b 2B41          MOV       *-SP[1],#0            ; [CPU_FPU] |360| 
    1029 0000000c 9000          ANDB      AL,#0                 ; [CPU_ALU] |360| 
    1030 0000000d 9100          ANDB      AH,#0                 ; [CPU_ALU] |360| 
    1031 0000000e 18AB          AND       PL,#2047              ; [CPU_ALU] |360| 
         0000000f 07FF 
    1032 00000010 18AA          AND       PH,#0                 ; [CPU_ALU] |360| 
         00000011 0000 
    1033              $C$DW$82        .dwtag  DW_TAG_TI_branch
    1034                      .dwattr $C$DW$82, DW_AT_low_pc(0x00)
    1035                      .dwattr $C$DW$82, DW_AT_name("__c28xabi_cmpull")
    1036                      .dwattr $C$DW$82, DW_AT_TI_call
    1037              
    1038 00000012 7640!         LCR       #||__c28xabi_cmpull|| ; [CPU_ALU] |360| 
         00000013 0000 
    1039                      ; call occurs [#||__c28xabi_cmpull||] ; [] |360| 
    1040 00000014 BE00          MOVB      XAR6,#0               ; [CPU_ALU] |360| 
    1041 00000015 5200          CMPB      AL,#0                 ; [CPU_ALU] |360| 
    1042 00000016 610E          B         ||$C$L1||,EQ          ; [CPU_ALU] |360| 
    1043                      ; branchcc occurs ; [] |360| 
    1044 00000017 A0AB          MOVL      P,XAR5                ; [CPU_ALU] |360| 
    1045 00000018 A8A9          MOVL      ACC,XAR4              ; [CPU_ALU] |360| 
    1046 00000019 28AC          MOV       T,#48                 ; [CPU_ALU] |360| 
         0000001a 0030 
    1047 0000001b 565B          LSR64     ACC:P,T               ; [CPU_ALU] |360| 
    1048 0000001c 18AB          AND       PL,#0x7ff0            ; [CPU_ALU] |360| 
         0000001d 7FF0 
    1049 0000001e 80AB          MOVZ      AR7,PL                ; [CPU_ALU] |360| 
    1050 0000001f FF20          MOV       ACC,#32752            ; [CPU_ALU] |360| 
         00000020 7FF0 
    1051 00000021 0FA7          CMPL      ACC,XAR7              ; [CPU_ALU] |360| 
    1052 00000022 56B0          MOVB      XAR6,#1,NEQ           ; [CPU_ALU] |360| 
         00000023 01A6 
    1053 00000024       ||$C$L1||:    
    1054 00000024 FE84          SUBB      SP,#4                 ; [CPU_ARAU] 
    1055                      .dwcfi  cfa_offset, -2
    1056 00000025 92A6          MOV       AL,AR6                ; [CPU_ALU] |360| 
    1057              $C$DW$83        .dwtag  DW_TAG_TI_branch
TMS320C2000 Assembler PC v22.6.2 Fri Mar 13 19:45:53 2026

Copyright (c) 1996-2018 Texas Instruments Incorporated
motor_sci.asm                                                        PAGE   21

    1058                      .dwattr $C$DW$83, DW_AT_low_pc(0x00)
    1059                      .dwattr $C$DW$83, DW_AT_TI_return
    1060              
    1061 00000026 0006          LRETR     ; [CPU_ALU] 
    1062                      ; return occurs ; [] 
    1063                      .dwattr $C$DW$79, DW_AT_TI_end_file("D:/TI/ccs/ccs/tools/compiler/ti-cgt-c2000_22.6.2.LTS/include/_de
    1064                      .dwattr $C$DW$79, DW_AT_TI_end_line(0x169)
    1065                      .dwattr $C$DW$79, DW_AT_TI_end_column(0x31)
    1066                      .dwendentry
    1067                      .dwendtag $C$DW$79
    1068              
    1069 00000000               .sect   ".text:__isnormalf"
    1070                      .clink
    1071                      .global ||__isnormalf||
    1072              
    1073              $C$DW$84        .dwtag  DW_TAG_subprogram
    1074                      .dwattr $C$DW$84, DW_AT_name("__isnormalf")
    1075                      .dwattr $C$DW$84, DW_AT_low_pc(||__isnormalf||)
    1076                      .dwattr $C$DW$84, DW_AT_high_pc(0x00)
    1077                      .dwattr $C$DW$84, DW_AT_linkage_name("__isnormalf")
    1078                      .dwattr $C$DW$84, DW_AT_external
    1079                      .dwattr $C$DW$84, DW_AT_type(*$C$DW$T$10)
    1080                      .dwattr $C$DW$84, DW_AT_decl_file("D:/TI/ccs/ccs/tools/compiler/ti-cgt-c2000_22.6.2.LTS/include/_defs
    1081                      .dwattr $C$DW$84, DW_AT_decl_line(0x163)
    1082                      .dwattr $C$DW$84, DW_AT_decl_column(0x18)
    1083                      .dwattr $C$DW$84, DW_AT_TI_max_frame_size(-2)
    1084                      .dwpsn  file "D:/TI/ccs/ccs/tools/compiler/ti-cgt-c2000_22.6.2.LTS/include/_defs.h",line 356,column 1
    1085              
    1086                      .dwfde $C$DW$CIE, ||__isnormalf||
    1087              $C$DW$85        .dwtag  DW_TAG_formal_parameter
    1088                      .dwattr $C$DW$85, DW_AT_name("f")
    1089                      .dwattr $C$DW$85, DW_AT_type(*$C$DW$T$16)
    1090                      .dwattr $C$DW$85, DW_AT_location[DW_OP_regx 0x2b]
    1091              
    1092              
    1093              ;***************************************************************
    1094              ;* FNAME: __isnormalf                   FR SIZE:   0           *
    1095              ;*                                                             *
    1096              ;* FUNCTION ENVIRONMENT                                        *
    1097              ;*                                                             *
    1098              ;* FUNCTION PROPERTIES                                         *
    1099              ;*                            0 Parameter,  0 Auto,  0 SOE     *
    1100              ;***************************************************************
    1101              
    1102              ||__isnormalf||:
    1103              ;* PL    assigned to $O$K3
    1104              ;* AR6   assigned to $O$S1
    1105              ;* R0    assigned to f
    1106              $C$DW$86        .dwtag  DW_TAG_variable
    1107                      .dwattr $C$DW$86, DW_AT_name("f")
    1108                      .dwattr $C$DW$86, DW_AT_type(*$C$DW$T$78)
    1109                      .dwattr $C$DW$86, DW_AT_location[DW_OP_regx 0x2b]
    1110              
    1111                      .dwcfi  cfa_offset, -2
    1112                      .dwcfi  save_reg_to_mem, 26, 0
TMS320C2000 Assembler PC v22.6.2 Fri Mar 13 19:45:53 2026

Copyright (c) 1996-2018 Texas Instruments Incorporated
motor_sci.asm                                                        PAGE   22

    1113                      .dwpsn  file "D:/TI/ccs/ccs/tools/compiler/ti-cgt-c2000_22.6.2.LTS/include/_defs.h",line 356,column 3
    1114 00000000 BFAB          MOV32     P,R0H                 ; [CPU_FPU] |356| 
         00000001 0F12 
    1115 00000002 28AC          MOV       T,#23                 ; [CPU_ALU] |356| 
         00000003 0017 
    1116 00000004 A9A9          MOVL      ACC,P                 ; [CPU_ALU] |356| 
    1117 00000005 BE00          MOVB      XAR6,#0               ; [CPU_ALU] |356| 
    1118 00000006 5622          LSRL      ACC,T                 ; [CPU_ALU] |356| 
    1119 00000007 90FF          ANDB      AL,#0xff              ; [CPU_ALU] |356| 
    1120 00000008 6109          B         ||$C$L2||,EQ          ; [CPU_ALU] |356| 
    1121                      ; branchcc occurs ; [] |356| 
    1122 00000009 CCAA          AND       AL,PH,#0x7f80         ; [CPU_ALU] |356| 
         0000000a 7F80 
    1123 0000000b 80A9          MOVZ      AR7,AL                ; [CPU_ALU] |356| 
    1124 0000000c FF20          MOV       ACC,#32640            ; [CPU_ALU] |356| 
         0000000d 7F80 
    1125 0000000e 0FA7          CMPL      ACC,XAR7              ; [CPU_ALU] |356| 
    1126 0000000f 56B0          MOVB      XAR6,#1,NEQ           ; [CPU_ALU] |356| 
         00000010 01A6 
    1127 00000011       ||$C$L2||:    
    1128 00000011 92A6          MOV       AL,AR6                ; [CPU_ALU] |356| 
    1129              $C$DW$87        .dwtag  DW_TAG_TI_branch
    1130                      .dwattr $C$DW$87, DW_AT_low_pc(0x00)
    1131                      .dwattr $C$DW$87, DW_AT_TI_return
    1132              
    1133 00000012 0006          LRETR     ; [CPU_ALU] 
    1134                      ; return occurs ; [] 
    1135                      .dwattr $C$DW$84, DW_AT_TI_end_file("D:/TI/ccs/ccs/tools/compiler/ti-cgt-c2000_22.6.2.LTS/include/_de
    1136                      .dwattr $C$DW$84, DW_AT_TI_end_line(0x165)
    1137                      .dwattr $C$DW$84, DW_AT_TI_end_column(0x2f)
    1138                      .dwendentry
    1139                      .dwendtag $C$DW$84
    1140              
    1141 00000000               .sect   ".text:__isnormal"
    1142                      .clink
    1143                      .global ||__isnormal||
    1144              
    1145              $C$DW$88        .dwtag  DW_TAG_subprogram
    1146                      .dwattr $C$DW$88, DW_AT_name("__isnormal")
    1147                      .dwattr $C$DW$88, DW_AT_low_pc(||__isnormal||)
    1148                      .dwattr $C$DW$88, DW_AT_high_pc(0x00)
    1149                      .dwattr $C$DW$88, DW_AT_linkage_name("__isnormal")
    1150                      .dwattr $C$DW$88, DW_AT_external
    1151                      .dwattr $C$DW$88, DW_AT_type(*$C$DW$T$10)
    1152                      .dwattr $C$DW$88, DW_AT_decl_file("D:/TI/ccs/ccs/tools/compiler/ti-cgt-c2000_22.6.2.LTS/include/_defs
    1153                      .dwattr $C$DW$88, DW_AT_decl_line(0x15f)
    1154                      .dwattr $C$DW$88, DW_AT_decl_column(0x18)
    1155                      .dwattr $C$DW$88, DW_AT_TI_max_frame_size(-6)
    1156                      .dwpsn  file "D:/TI/ccs/ccs/tools/compiler/ti-cgt-c2000_22.6.2.LTS/include/_defs.h",line 352,column 1
    1157              
    1158                      .dwfde $C$DW$CIE, ||__isnormal||
    1159              $C$DW$89        .dwtag  DW_TAG_formal_parameter
    1160                      .dwattr $C$DW$89, DW_AT_name("d")
    1161                      .dwattr $C$DW$89, DW_AT_type(*$C$DW$T$79)
    1162                      .dwattr $C$DW$89, DW_AT_location[DW_OP_reg12]
TMS320C2000 Assembler PC v22.6.2 Fri Mar 13 19:45:53 2026

Copyright (c) 1996-2018 Texas Instruments Incorporated
motor_sci.asm                                                        PAGE   23

    1163              
    1164              
    1165              ;***************************************************************
    1166              ;* FNAME: __isnormal                    FR SIZE:   4           *
    1167              ;*                                                             *
    1168              ;* FUNCTION ENVIRONMENT                                        *
    1169              ;*                                                             *
    1170              ;* FUNCTION PROPERTIES                                         *
    1171              ;*                            4 Parameter,  0 Auto,  0 SOE     *
    1172              ;***************************************************************
    1173              
    1174              ||__isnormal||:
    1175              ;* AR5   assigned to $O$C2
    1176              ;* AR6   assigned to $O$S1
    1177              ;* AR4   assigned to d
    1178              $C$DW$90        .dwtag  DW_TAG_variable
    1179                      .dwattr $C$DW$90, DW_AT_name("d")
    1180                      .dwattr $C$DW$90, DW_AT_type(*$C$DW$T$80)
    1181                      .dwattr $C$DW$90, DW_AT_location[DW_OP_reg12]
    1182              
    1183                      .dwcfi  cfa_offset, -2
    1184                      .dwcfi  save_reg_to_mem, 26, 0
    1185 00000000 FE04          ADDB      SP,#4                 ; [CPU_ARAU] 
    1186                      .dwcfi  cfa_offset, -6
    1187                      .dwpsn  file "D:/TI/ccs/ccs/tools/compiler/ti-cgt-c2000_22.6.2.LTS/include/_defs.h",line 352,column 3
    1188 00000001 83C4          MOVL      XAR5,*+XAR4[0]        ; [CPU_ALU] |352| 
    1189 00000002 8AD4          MOVL      XAR4,*+XAR4[2]        ; [CPU_ALU] |352| 
    1190 00000003 BE00          MOVB      XAR6,#0               ; [CPU_ALU] |352| 
    1191 00000004 28AC          MOV       T,#52                 ; [CPU_ALU] |352| 
         00000005 0034 
    1192 00000006 A0AB          MOVL      P,XAR5                ; [CPU_ALU] |352| 
    1193 00000007 A8A9          MOVL      ACC,XAR4              ; [CPU_ALU] |352| 
    1194 00000008 C244          MOVL      *-SP[4],XAR6          ; [CPU_ALU] |352| 
    1195 00000009 2B42          MOV       *-SP[2],#0            ; [CPU_ALU] |352| 
    1196 0000000a 565B          LSR64     ACC:P,T               ; [CPU_ALU] |352| 
    1197 0000000b 2B41          MOV       *-SP[1],#0            ; [CPU_FPU] |352| 
    1198 0000000c 9000          ANDB      AL,#0                 ; [CPU_ALU] |352| 
    1199 0000000d 9100          ANDB      AH,#0                 ; [CPU_ALU] |352| 
    1200 0000000e 18AB          AND       PL,#2047              ; [CPU_ALU] |352| 
         0000000f 07FF 
    1201 00000010 18AA          AND       PH,#0                 ; [CPU_ALU] |352| 
         00000011 0000 
    1202              $C$DW$91        .dwtag  DW_TAG_TI_branch
    1203                      .dwattr $C$DW$91, DW_AT_low_pc(0x00)
    1204                      .dwattr $C$DW$91, DW_AT_name("__c28xabi_cmpull")
    1205                      .dwattr $C$DW$91, DW_AT_TI_call
    1206              
    1207 00000012 7640!         LCR       #||__c28xabi_cmpull|| ; [CPU_ALU] |352| 
         00000013 0000 
    1208                      ; call occurs [#||__c28xabi_cmpull||] ; [] |352| 
    1209 00000014 BE00          MOVB      XAR6,#0               ; [CPU_ALU] |352| 
    1210 00000015 5200          CMPB      AL,#0                 ; [CPU_ALU] |352| 
    1211 00000016 610E          B         ||$C$L3||,EQ          ; [CPU_ALU] |352| 
    1212                      ; branchcc occurs ; [] |352| 
    1213 00000017 A0AB          MOVL      P,XAR5                ; [CPU_ALU] |352| 
TMS320C2000 Assembler PC v22.6.2 Fri Mar 13 19:45:53 2026

Copyright (c) 1996-2018 Texas Instruments Incorporated
motor_sci.asm                                                        PAGE   24

    1214 00000018 A8A9          MOVL      ACC,XAR4              ; [CPU_ALU] |352| 
    1215 00000019 28AC          MOV       T,#48                 ; [CPU_ALU] |352| 
         0000001a 0030 
    1216 0000001b 565B          LSR64     ACC:P,T               ; [CPU_ALU] |352| 
    1217 0000001c 18AB          AND       PL,#0x7ff0            ; [CPU_ALU] |352| 
         0000001d 7FF0 
    1218 0000001e 80AB          MOVZ      AR7,PL                ; [CPU_ALU] |352| 
    1219 0000001f FF20          MOV       ACC,#32752            ; [CPU_ALU] |352| 
         00000020 7FF0 
    1220 00000021 0FA7          CMPL      ACC,XAR7              ; [CPU_ALU] |352| 
    1221 00000022 56B0          MOVB      XAR6,#1,NEQ           ; [CPU_ALU] |352| 
         00000023 01A6 
    1222 00000024       ||$C$L3||:    
    1223 00000024 FE84          SUBB      SP,#4                 ; [CPU_ARAU] 
    1224                      .dwcfi  cfa_offset, -2
    1225 00000025 92A6          MOV       AL,AR6                ; [CPU_ALU] |352| 
    1226              $C$DW$92        .dwtag  DW_TAG_TI_branch
    1227                      .dwattr $C$DW$92, DW_AT_low_pc(0x00)
    1228                      .dwattr $C$DW$92, DW_AT_TI_return
    1229              
    1230 00000026 0006          LRETR     ; [CPU_ALU] 
    1231                      ; return occurs ; [] 
    1232                      .dwattr $C$DW$88, DW_AT_TI_end_file("D:/TI/ccs/ccs/tools/compiler/ti-cgt-c2000_22.6.2.LTS/include/_de
    1233                      .dwattr $C$DW$88, DW_AT_TI_end_line(0x161)
    1234                      .dwattr $C$DW$88, DW_AT_TI_end_column(0x30)
    1235                      .dwendentry
    1236                      .dwendtag $C$DW$88
    1237              
    1238 00000000               .sect   ".text:__isnanl"
    1239                      .clink
    1240                      .global ||__isnanl||
    1241              
    1242              $C$DW$93        .dwtag  DW_TAG_subprogram
    1243                      .dwattr $C$DW$93, DW_AT_name("__isnanl")
    1244                      .dwattr $C$DW$93, DW_AT_low_pc(||__isnanl||)
    1245                      .dwattr $C$DW$93, DW_AT_high_pc(0x00)
    1246                      .dwattr $C$DW$93, DW_AT_linkage_name("__isnanl")
    1247                      .dwattr $C$DW$93, DW_AT_external
    1248                      .dwattr $C$DW$93, DW_AT_type(*$C$DW$T$10)
    1249                      .dwattr $C$DW$93, DW_AT_decl_file("D:/TI/ccs/ccs/tools/compiler/ti-cgt-c2000_22.6.2.LTS/include/_defs
    1250                      .dwattr $C$DW$93, DW_AT_decl_line(0x15b)
    1251                      .dwattr $C$DW$93, DW_AT_decl_column(0x18)
    1252                      .dwattr $C$DW$93, DW_AT_TI_max_frame_size(-6)
    1253                      .dwpsn  file "D:/TI/ccs/ccs/tools/compiler/ti-cgt-c2000_22.6.2.LTS/include/_defs.h",line 348,column 1
    1254              
    1255                      .dwfde $C$DW$CIE, ||__isnanl||
    1256              $C$DW$94        .dwtag  DW_TAG_formal_parameter
    1257                      .dwattr $C$DW$94, DW_AT_name("e")
    1258                      .dwattr $C$DW$94, DW_AT_type(*$C$DW$T$86)
    1259                      .dwattr $C$DW$94, DW_AT_location[DW_OP_reg12]
    1260              
    1261              
    1262              ;***************************************************************
    1263              ;* FNAME: __isnanl                      FR SIZE:   4           *
    1264              ;*                                                             *
TMS320C2000 Assembler PC v22.6.2 Fri Mar 13 19:45:53 2026

Copyright (c) 1996-2018 Texas Instruments Incorporated
motor_sci.asm                                                        PAGE   25

    1265              ;* FUNCTION ENVIRONMENT                                        *
    1266              ;*                                                             *
    1267              ;* FUNCTION PROPERTIES                                         *
    1268              ;*                            4 Parameter,  0 Auto,  0 SOE     *
    1269              ;***************************************************************
    1270              
    1271              ||__isnanl||:
    1272              ;* AR7   assigned to $O$C2
    1273              ;* AR4   assigned to $O$S1
    1274              ;* AR4   assigned to e
    1275              $C$DW$95        .dwtag  DW_TAG_variable
    1276                      .dwattr $C$DW$95, DW_AT_name("e")
    1277                      .dwattr $C$DW$95, DW_AT_type(*$C$DW$T$87)
    1278                      .dwattr $C$DW$95, DW_AT_location[DW_OP_reg12]
    1279              
    1280                      .dwcfi  cfa_offset, -2
    1281                      .dwcfi  save_reg_to_mem, 26, 0
    1282 00000000 FE04          ADDB      SP,#4                 ; [CPU_ARAU] 
    1283                      .dwcfi  cfa_offset, -6
    1284                      .dwpsn  file "D:/TI/ccs/ccs/tools/compiler/ti-cgt-c2000_22.6.2.LTS/include/_defs.h",line 348,column 3
    1285 00000001 C5C4          MOVL      XAR7,*+XAR4[0]        ; [CPU_ALU] |348| 
    1286 00000002 06D4          MOVL      ACC,*+XAR4[2]         ; [CPU_ALU] |348| 
    1287 00000003 28AC          MOV       T,#48                 ; [CPU_ALU] |348| 
         00000004 0030 
    1288 00000005 1EA6          MOVL      XAR6,ACC              ; [CPU_ALU] |348| 
    1289 00000006 A3A7          MOVL      P,XAR7                ; [CPU_ALU] |348| 
    1290 00000007 D400          MOVB      XAR4,#0               ; [CPU_ALU] |348| 
    1291 00000008 565B          LSR64     ACC:P,T               ; [CPU_ALU] |348| 
    1292 00000009 2BAA          MOV       PH,#0                 ; [CPU_ALU] |348| 
    1293 0000000a 18AB          AND       PL,#0x7ff0            ; [CPU_ALU] |348| 
         0000000b 7FF0 
    1294 0000000c FF20          MOV       ACC,#32752            ; [CPU_ALU] |348| 
         0000000d 7FF0 
    1295 0000000e 0FAB          CMPL      ACC,P                 ; [CPU_ALU] |348| 
    1296 0000000f 6013          B         ||$C$L4||,NEQ         ; [CPU_ALU] |348| 
    1297                      ; branchcc occurs ; [] |348| 
    1298 00000010 06A6          MOVL      ACC,XAR6              ; [CPU_ALU] |348| 
    1299 00000011 A3A7          MOVL      P,XAR7                ; [CPU_ALU] |348| 
    1300 00000012 BE00          MOVB      XAR6,#0               ; [CPU_ALU] |348| 
    1301 00000013 18A9          AND       AL,#65535             ; [CPU_ALU] |348| 
         00000014 FFFF 
    1302 00000015 910F          ANDB      AH,#15                ; [CPU_ALU] |348| 
    1303 00000016 18AB          AND       PL,#65535             ; [CPU_ALU] |348| 
         00000017 FFFF 
    1304 00000018 18AA          AND       PH,#65535             ; [CPU_ALU] |348| 
         00000019 FFFF 
    1305 0000001a C244          MOVL      *-SP[4],XAR6          ; [CPU_FPU] |348| 
    1306 0000001b 2B42          MOV       *-SP[2],#0            ; [CPU_FPU] |348| 
    1307 0000001c 2B41          MOV       *-SP[1],#0            ; [CPU_FPU] |348| 
    1308              $C$DW$96        .dwtag  DW_TAG_TI_branch
    1309                      .dwattr $C$DW$96, DW_AT_low_pc(0x00)
    1310                      .dwattr $C$DW$96, DW_AT_name("__c28xabi_cmpull")
    1311                      .dwattr $C$DW$96, DW_AT_TI_call
    1312              
    1313 0000001d 7640!         LCR       #||__c28xabi_cmpull|| ; [CPU_ALU] |348| 
TMS320C2000 Assembler PC v22.6.2 Fri Mar 13 19:45:53 2026

Copyright (c) 1996-2018 Texas Instruments Incorporated
motor_sci.asm                                                        PAGE   26

         0000001e 0000 
    1314                      ; call occurs [#||__c28xabi_cmpull||] ; [] |348| 
    1315 0000001f 5200          CMPB      AL,#0                 ; [CPU_ALU] |348| 
    1316 00000020 56B0          MOVB      XAR4,#1,NEQ           ; [CPU_ALU] |348| 
         00000021 01A4 
    1317 00000022       ||$C$L4||:    
    1318 00000022 FE84          SUBB      SP,#4                 ; [CPU_ARAU] 
    1319                      .dwcfi  cfa_offset, -2
    1320 00000023 92A4          MOV       AL,AR4                ; [CPU_ALU] |348| 
    1321              $C$DW$97        .dwtag  DW_TAG_TI_branch
    1322                      .dwattr $C$DW$97, DW_AT_low_pc(0x00)
    1323                      .dwattr $C$DW$97, DW_AT_TI_return
    1324              
    1325 00000024 0006          LRETR     ; [CPU_ALU] 
    1326                      ; return occurs ; [] 
    1327                      .dwattr $C$DW$93, DW_AT_TI_end_file("D:/TI/ccs/ccs/tools/compiler/ti-cgt-c2000_22.6.2.LTS/include/_de
    1328                      .dwattr $C$DW$93, DW_AT_TI_end_line(0x15d)
    1329                      .dwattr $C$DW$93, DW_AT_TI_end_column(0x30)
    1330                      .dwendentry
    1331                      .dwendtag $C$DW$93
    1332              
    1333 00000000               .sect   ".text:__isnanf"
    1334                      .clink
    1335                      .global ||__isnanf||
    1336              
    1337              $C$DW$98        .dwtag  DW_TAG_subprogram
    1338                      .dwattr $C$DW$98, DW_AT_name("__isnanf")
    1339                      .dwattr $C$DW$98, DW_AT_low_pc(||__isnanf||)
    1340                      .dwattr $C$DW$98, DW_AT_high_pc(0x00)
    1341                      .dwattr $C$DW$98, DW_AT_linkage_name("__isnanf")
    1342                      .dwattr $C$DW$98, DW_AT_external
    1343                      .dwattr $C$DW$98, DW_AT_type(*$C$DW$T$10)
    1344                      .dwattr $C$DW$98, DW_AT_decl_file("D:/TI/ccs/ccs/tools/compiler/ti-cgt-c2000_22.6.2.LTS/include/_defs
    1345                      .dwattr $C$DW$98, DW_AT_decl_line(0x158)
    1346                      .dwattr $C$DW$98, DW_AT_decl_column(0x18)
    1347                      .dwattr $C$DW$98, DW_AT_TI_max_frame_size(-2)
    1348                      .dwpsn  file "D:/TI/ccs/ccs/tools/compiler/ti-cgt-c2000_22.6.2.LTS/include/_defs.h",line 345,column 1
    1349              
    1350                      .dwfde $C$DW$CIE, ||__isnanf||
    1351              $C$DW$99        .dwtag  DW_TAG_formal_parameter
    1352                      .dwattr $C$DW$99, DW_AT_name("f")
    1353                      .dwattr $C$DW$99, DW_AT_type(*$C$DW$T$16)
    1354                      .dwattr $C$DW$99, DW_AT_location[DW_OP_regx 0x2b]
    1355              
    1356              
    1357              ;***************************************************************
    1358              ;* FNAME: __isnanf                      FR SIZE:   0           *
    1359              ;*                                                             *
    1360              ;* FUNCTION ENVIRONMENT                                        *
    1361              ;*                                                             *
    1362              ;* FUNCTION PROPERTIES                                         *
    1363              ;*                            0 Parameter,  0 Auto,  0 SOE     *
    1364              ;***************************************************************
    1365              
    1366              ||__isnanf||:
TMS320C2000 Assembler PC v22.6.2 Fri Mar 13 19:45:53 2026

Copyright (c) 1996-2018 Texas Instruments Incorporated
motor_sci.asm                                                        PAGE   27

    1367              ;* PL    assigned to $O$K3
    1368              ;* AR6   assigned to $O$S1
    1369              ;* R0    assigned to f
    1370              $C$DW$100       .dwtag  DW_TAG_variable
    1371                      .dwattr $C$DW$100, DW_AT_name("f")
    1372                      .dwattr $C$DW$100, DW_AT_type(*$C$DW$T$78)
    1373                      .dwattr $C$DW$100, DW_AT_location[DW_OP_regx 0x2b]
    1374              
    1375                      .dwcfi  cfa_offset, -2
    1376                      .dwcfi  save_reg_to_mem, 26, 0
    1377                      .dwpsn  file "D:/TI/ccs/ccs/tools/compiler/ti-cgt-c2000_22.6.2.LTS/include/_defs.h",line 345,column 3
    1378 00000000 BFAB          MOV32     P,R0H                 ; [CPU_FPU] |345| 
         00000001 0F12 
    1379 00000002 CCAA          AND       AL,PH,#0x7f80         ; [CPU_ALU] |345| 
         00000003 7F80 
    1380 00000004 80A9          MOVZ      AR7,AL                ; [CPU_ALU] |345| 
    1381 00000005 BE00          MOVB      XAR6,#0               ; [CPU_ALU] |345| 
    1382 00000006 FF20          MOV       ACC,#32640            ; [CPU_ALU] |345| 
         00000007 7F80 
    1383 00000008 0FA7          CMPL      ACC,XAR7              ; [CPU_ALU] |345| 
    1384 00000009 6006          B         ||$C$L5||,NEQ         ; [CPU_ALU] |345| 
    1385                      ; branchcc occurs ; [] |345| 
    1386 0000000a A9A9          MOVL      ACC,P                 ; [CPU_ALU] |345| 
    1387 0000000b 917F          ANDB      AH,#127               ; [CPU_ALU] |345| 
    1388 0000000c FF58          TEST      ACC                   ; [CPU_ALU] |345| 
    1389 0000000d 56B0          MOVB      XAR6,#1,NEQ           ; [CPU_ALU] |345| 
         0000000e 01A6 
    1390 0000000f       ||$C$L5||:    
    1391 0000000f 92A6          MOV       AL,AR6                ; [CPU_ALU] |345| 
    1392              $C$DW$101       .dwtag  DW_TAG_TI_branch
    1393                      .dwattr $C$DW$101, DW_AT_low_pc(0x00)
    1394                      .dwattr $C$DW$101, DW_AT_TI_return
    1395              
    1396 00000010 0006          LRETR     ; [CPU_ALU] 
    1397                      ; return occurs ; [] 
    1398                      .dwattr $C$DW$98, DW_AT_TI_end_file("D:/TI/ccs/ccs/tools/compiler/ti-cgt-c2000_22.6.2.LTS/include/_de
    1399                      .dwattr $C$DW$98, DW_AT_TI_end_line(0x15a)
    1400                      .dwattr $C$DW$98, DW_AT_TI_end_column(0x2e)
    1401                      .dwendentry
    1402                      .dwendtag $C$DW$98
    1403              
    1404 00000000               .sect   ".text:__isnan"
    1405                      .clink
    1406                      .global ||__isnan||
    1407              
    1408              $C$DW$102       .dwtag  DW_TAG_subprogram
    1409                      .dwattr $C$DW$102, DW_AT_name("__isnan")
    1410                      .dwattr $C$DW$102, DW_AT_low_pc(||__isnan||)
    1411                      .dwattr $C$DW$102, DW_AT_high_pc(0x00)
    1412                      .dwattr $C$DW$102, DW_AT_linkage_name("__isnan")
    1413                      .dwattr $C$DW$102, DW_AT_external
    1414                      .dwattr $C$DW$102, DW_AT_type(*$C$DW$T$10)
    1415                      .dwattr $C$DW$102, DW_AT_decl_file("D:/TI/ccs/ccs/tools/compiler/ti-cgt-c2000_22.6.2.LTS/include/_def
    1416                      .dwattr $C$DW$102, DW_AT_decl_line(0x155)
    1417                      .dwattr $C$DW$102, DW_AT_decl_column(0x18)
TMS320C2000 Assembler PC v22.6.2 Fri Mar 13 19:45:53 2026

Copyright (c) 1996-2018 Texas Instruments Incorporated
motor_sci.asm                                                        PAGE   28

    1418                      .dwattr $C$DW$102, DW_AT_TI_max_frame_size(-6)
    1419                      .dwpsn  file "D:/TI/ccs/ccs/tools/compiler/ti-cgt-c2000_22.6.2.LTS/include/_defs.h",line 342,column 1
    1420              
    1421                      .dwfde $C$DW$CIE, ||__isnan||
    1422              $C$DW$103       .dwtag  DW_TAG_formal_parameter
    1423                      .dwattr $C$DW$103, DW_AT_name("d")
    1424                      .dwattr $C$DW$103, DW_AT_type(*$C$DW$T$79)
    1425                      .dwattr $C$DW$103, DW_AT_location[DW_OP_reg12]
    1426              
    1427              
    1428              ;***************************************************************
    1429              ;* FNAME: __isnan                       FR SIZE:   4           *
    1430              ;*                                                             *
    1431              ;* FUNCTION ENVIRONMENT                                        *
    1432              ;*                                                             *
    1433              ;* FUNCTION PROPERTIES                                         *
    1434              ;*                            4 Parameter,  0 Auto,  0 SOE     *
    1435              ;***************************************************************
    1436              
    1437              ||__isnan||:
    1438              ;* AR7   assigned to $O$C2
    1439              ;* AR4   assigned to $O$S1
    1440              ;* AR4   assigned to d
    1441              $C$DW$104       .dwtag  DW_TAG_variable
    1442                      .dwattr $C$DW$104, DW_AT_name("d")
    1443                      .dwattr $C$DW$104, DW_AT_type(*$C$DW$T$80)
    1444                      .dwattr $C$DW$104, DW_AT_location[DW_OP_reg12]
    1445              
    1446                      .dwcfi  cfa_offset, -2
    1447                      .dwcfi  save_reg_to_mem, 26, 0
    1448 00000000 FE04          ADDB      SP,#4                 ; [CPU_ARAU] 
    1449                      .dwcfi  cfa_offset, -6
    1450                      .dwpsn  file "D:/TI/ccs/ccs/tools/compiler/ti-cgt-c2000_22.6.2.LTS/include/_defs.h",line 342,column 3
    1451 00000001 C5C4          MOVL      XAR7,*+XAR4[0]        ; [CPU_ALU] |342| 
    1452 00000002 06D4          MOVL      ACC,*+XAR4[2]         ; [CPU_ALU] |342| 
    1453 00000003 28AC          MOV       T,#48                 ; [CPU_ALU] |342| 
         00000004 0030 
    1454 00000005 1EA6          MOVL      XAR6,ACC              ; [CPU_ALU] |342| 
    1455 00000006 A3A7          MOVL      P,XAR7                ; [CPU_ALU] |342| 
    1456 00000007 D400          MOVB      XAR4,#0               ; [CPU_ALU] |342| 
    1457 00000008 565B          LSR64     ACC:P,T               ; [CPU_ALU] |342| 
    1458 00000009 2BAA          MOV       PH,#0                 ; [CPU_ALU] |342| 
    1459 0000000a 18AB          AND       PL,#0x7ff0            ; [CPU_ALU] |342| 
         0000000b 7FF0 
    1460 0000000c FF20          MOV       ACC,#32752            ; [CPU_ALU] |342| 
         0000000d 7FF0 
    1461 0000000e 0FAB          CMPL      ACC,P                 ; [CPU_ALU] |342| 
    1462 0000000f 6013          B         ||$C$L6||,NEQ         ; [CPU_ALU] |342| 
    1463                      ; branchcc occurs ; [] |342| 
    1464 00000010 06A6          MOVL      ACC,XAR6              ; [CPU_ALU] |342| 
    1465 00000011 A3A7          MOVL      P,XAR7                ; [CPU_ALU] |342| 
    1466 00000012 BE00          MOVB      XAR6,#0               ; [CPU_ALU] |342| 
    1467 00000013 18A9          AND       AL,#65535             ; [CPU_ALU] |342| 
         00000014 FFFF 
    1468 00000015 910F          ANDB      AH,#15                ; [CPU_ALU] |342| 
TMS320C2000 Assembler PC v22.6.2 Fri Mar 13 19:45:53 2026

Copyright (c) 1996-2018 Texas Instruments Incorporated
motor_sci.asm                                                        PAGE   29

    1469 00000016 18AB          AND       PL,#65535             ; [CPU_ALU] |342| 
         00000017 FFFF 
    1470 00000018 18AA          AND       PH,#65535             ; [CPU_ALU] |342| 
         00000019 FFFF 
    1471 0000001a C244          MOVL      *-SP[4],XAR6          ; [CPU_FPU] |342| 
    1472 0000001b 2B42          MOV       *-SP[2],#0            ; [CPU_FPU] |342| 
    1473 0000001c 2B41          MOV       *-SP[1],#0            ; [CPU_FPU] |342| 
    1474              $C$DW$105       .dwtag  DW_TAG_TI_branch
    1475                      .dwattr $C$DW$105, DW_AT_low_pc(0x00)
    1476                      .dwattr $C$DW$105, DW_AT_name("__c28xabi_cmpull")
    1477                      .dwattr $C$DW$105, DW_AT_TI_call
    1478              
    1479 0000001d 7640!         LCR       #||__c28xabi_cmpull|| ; [CPU_ALU] |342| 
         0000001e 0000 
    1480                      ; call occurs [#||__c28xabi_cmpull||] ; [] |342| 
    1481 0000001f 5200          CMPB      AL,#0                 ; [CPU_ALU] |342| 
    1482 00000020 56B0          MOVB      XAR4,#1,NEQ           ; [CPU_ALU] |342| 
         00000021 01A4 
    1483 00000022       ||$C$L6||:    
    1484 00000022 FE84          SUBB      SP,#4                 ; [CPU_ARAU] 
    1485                      .dwcfi  cfa_offset, -2
    1486 00000023 92A4          MOV       AL,AR4                ; [CPU_ALU] |342| 
    1487              $C$DW$106       .dwtag  DW_TAG_TI_branch
    1488                      .dwattr $C$DW$106, DW_AT_low_pc(0x00)
    1489                      .dwattr $C$DW$106, DW_AT_TI_return
    1490              
    1491 00000024 0006          LRETR     ; [CPU_ALU] 
    1492                      ; return occurs ; [] 
    1493                      .dwattr $C$DW$102, DW_AT_TI_end_file("D:/TI/ccs/ccs/tools/compiler/ti-cgt-c2000_22.6.2.LTS/include/_d
    1494                      .dwattr $C$DW$102, DW_AT_TI_end_line(0x157)
    1495                      .dwattr $C$DW$102, DW_AT_TI_end_column(0x2f)
    1496                      .dwendentry
    1497                      .dwendtag $C$DW$102
    1498              
    1499 00000000               .sect   ".text:__isinfl"
    1500                      .clink
    1501                      .global ||__isinfl||
    1502              
    1503              $C$DW$107       .dwtag  DW_TAG_subprogram
    1504                      .dwattr $C$DW$107, DW_AT_name("__isinfl")
    1505                      .dwattr $C$DW$107, DW_AT_low_pc(||__isinfl||)
    1506                      .dwattr $C$DW$107, DW_AT_high_pc(0x00)
    1507                      .dwattr $C$DW$107, DW_AT_linkage_name("__isinfl")
    1508                      .dwattr $C$DW$107, DW_AT_external
    1509                      .dwattr $C$DW$107, DW_AT_type(*$C$DW$T$10)
    1510                      .dwattr $C$DW$107, DW_AT_decl_file("D:/TI/ccs/ccs/tools/compiler/ti-cgt-c2000_22.6.2.LTS/include/_def
    1511                      .dwattr $C$DW$107, DW_AT_decl_line(0x17a)
    1512                      .dwattr $C$DW$107, DW_AT_decl_column(0x18)
    1513                      .dwattr $C$DW$107, DW_AT_TI_max_frame_size(-6)
    1514                      .dwpsn  file "D:/TI/ccs/ccs/tools/compiler/ti-cgt-c2000_22.6.2.LTS/include/_defs.h",line 379,column 1
    1515              
    1516                      .dwfde $C$DW$CIE, ||__isinfl||
    1517              $C$DW$108       .dwtag  DW_TAG_formal_parameter
    1518                      .dwattr $C$DW$108, DW_AT_name("e")
    1519                      .dwattr $C$DW$108, DW_AT_type(*$C$DW$T$86)
TMS320C2000 Assembler PC v22.6.2 Fri Mar 13 19:45:53 2026

Copyright (c) 1996-2018 Texas Instruments Incorporated
motor_sci.asm                                                        PAGE   30

    1520                      .dwattr $C$DW$108, DW_AT_location[DW_OP_reg12]
    1521              
    1522              
    1523              ;***************************************************************
    1524              ;* FNAME: __isinfl                      FR SIZE:   4           *
    1525              ;*                                                             *
    1526              ;* FUNCTION ENVIRONMENT                                        *
    1527              ;*                                                             *
    1528              ;* FUNCTION PROPERTIES                                         *
    1529              ;*                            4 Parameter,  0 Auto,  0 SOE     *
    1530              ;***************************************************************
    1531              
    1532              ||__isinfl||:
    1533              ;* AR7   assigned to $O$C2
    1534              ;* AR4   assigned to $O$S1
    1535              ;* AR4   assigned to e
    1536              $C$DW$109       .dwtag  DW_TAG_variable
    1537                      .dwattr $C$DW$109, DW_AT_name("e")
    1538                      .dwattr $C$DW$109, DW_AT_type(*$C$DW$T$87)
    1539                      .dwattr $C$DW$109, DW_AT_location[DW_OP_reg12]
    1540              
    1541                      .dwcfi  cfa_offset, -2
    1542                      .dwcfi  save_reg_to_mem, 26, 0
    1543 00000000 FE04          ADDB      SP,#4                 ; [CPU_ARAU] 
    1544                      .dwcfi  cfa_offset, -6
    1545                      .dwpsn  file "D:/TI/ccs/ccs/tools/compiler/ti-cgt-c2000_22.6.2.LTS/include/_defs.h",line 379,column 3
    1546 00000001 C5C4          MOVL      XAR7,*+XAR4[0]        ; [CPU_ALU] |379| 
    1547 00000002 06D4          MOVL      ACC,*+XAR4[2]         ; [CPU_ALU] |379| 
    1548 00000003 28AC          MOV       T,#48                 ; [CPU_ALU] |379| 
         00000004 0030 
    1549 00000005 1EA6          MOVL      XAR6,ACC              ; [CPU_ALU] |379| 
    1550 00000006 A3A7          MOVL      P,XAR7                ; [CPU_ALU] |379| 
    1551 00000007 D400          MOVB      XAR4,#0               ; [CPU_ALU] |379| 
    1552 00000008 565B          LSR64     ACC:P,T               ; [CPU_ALU] |379| 
    1553 00000009 2BAA          MOV       PH,#0                 ; [CPU_ALU] |379| 
    1554 0000000a 18AB          AND       PL,#0x7ff0            ; [CPU_ALU] |379| 
         0000000b 7FF0 
    1555 0000000c FF20          MOV       ACC,#32752            ; [CPU_ALU] |379| 
         0000000d 7FF0 
    1556 0000000e 0FAB          CMPL      ACC,P                 ; [CPU_ALU] |379| 
    1557 0000000f 6013          B         ||$C$L7||,NEQ         ; [CPU_ALU] |379| 
    1558                      ; branchcc occurs ; [] |379| 
    1559 00000010 06A6          MOVL      ACC,XAR6              ; [CPU_ALU] |379| 
    1560 00000011 A3A7          MOVL      P,XAR7                ; [CPU_ALU] |379| 
    1561 00000012 BE00          MOVB      XAR6,#0               ; [CPU_ALU] |379| 
    1562 00000013 18A9          AND       AL,#65535             ; [CPU_ALU] |379| 
         00000014 FFFF 
    1563 00000015 910F          ANDB      AH,#15                ; [CPU_ALU] |379| 
    1564 00000016 18AB          AND       PL,#65535             ; [CPU_ALU] |379| 
         00000017 FFFF 
    1565 00000018 18AA          AND       PH,#65535             ; [CPU_ALU] |379| 
         00000019 FFFF 
    1566 0000001a C244          MOVL      *-SP[4],XAR6          ; [CPU_FPU] |379| 
    1567 0000001b 2B42          MOV       *-SP[2],#0            ; [CPU_FPU] |379| 
    1568 0000001c 2B41          MOV       *-SP[1],#0            ; [CPU_FPU] |379| 
TMS320C2000 Assembler PC v22.6.2 Fri Mar 13 19:45:53 2026

Copyright (c) 1996-2018 Texas Instruments Incorporated
motor_sci.asm                                                        PAGE   31

    1569              $C$DW$110       .dwtag  DW_TAG_TI_branch
    1570                      .dwattr $C$DW$110, DW_AT_low_pc(0x00)
    1571                      .dwattr $C$DW$110, DW_AT_name("__c28xabi_cmpull")
    1572                      .dwattr $C$DW$110, DW_AT_TI_call
    1573              
    1574 0000001d 7640!         LCR       #||__c28xabi_cmpull|| ; [CPU_ALU] |379| 
         0000001e 0000 
    1575                      ; call occurs [#||__c28xabi_cmpull||] ; [] |379| 
    1576 0000001f 5200          CMPB      AL,#0                 ; [CPU_ALU] |379| 
    1577 00000020 56B1          MOVB      XAR4,#1,EQ            ; [CPU_ALU] |379| 
         00000021 01A4 
    1578 00000022       ||$C$L7||:    
    1579 00000022 FE84          SUBB      SP,#4                 ; [CPU_ARAU] 
    1580                      .dwcfi  cfa_offset, -2
    1581 00000023 92A4          MOV       AL,AR4                ; [CPU_ALU] |379| 
    1582              $C$DW$111       .dwtag  DW_TAG_TI_branch
    1583                      .dwattr $C$DW$111, DW_AT_low_pc(0x00)
    1584                      .dwattr $C$DW$111, DW_AT_TI_return
    1585              
    1586 00000024 0006          LRETR     ; [CPU_ALU] 
    1587                      ; return occurs ; [] 
    1588                      .dwattr $C$DW$107, DW_AT_TI_end_file("D:/TI/ccs/ccs/tools/compiler/ti-cgt-c2000_22.6.2.LTS/include/_d
    1589                      .dwattr $C$DW$107, DW_AT_TI_end_line(0x17b)
    1590                      .dwattr $C$DW$107, DW_AT_TI_end_column(0x4c)
    1591                      .dwendentry
    1592                      .dwendtag $C$DW$107
    1593              
    1594 00000000               .sect   ".text:__isinff"
    1595                      .clink
    1596                      .global ||__isinff||
    1597              
    1598              $C$DW$112       .dwtag  DW_TAG_subprogram
    1599                      .dwattr $C$DW$112, DW_AT_name("__isinff")
    1600                      .dwattr $C$DW$112, DW_AT_low_pc(||__isinff||)
    1601                      .dwattr $C$DW$112, DW_AT_high_pc(0x00)
    1602                      .dwattr $C$DW$112, DW_AT_linkage_name("__isinff")
    1603                      .dwattr $C$DW$112, DW_AT_external
    1604                      .dwattr $C$DW$112, DW_AT_type(*$C$DW$T$10)
    1605                      .dwattr $C$DW$112, DW_AT_decl_file("D:/TI/ccs/ccs/tools/compiler/ti-cgt-c2000_22.6.2.LTS/include/_def
    1606                      .dwattr $C$DW$112, DW_AT_decl_line(0x176)
    1607                      .dwattr $C$DW$112, DW_AT_decl_column(0x18)
    1608                      .dwattr $C$DW$112, DW_AT_TI_max_frame_size(-2)
    1609                      .dwpsn  file "D:/TI/ccs/ccs/tools/compiler/ti-cgt-c2000_22.6.2.LTS/include/_defs.h",line 375,column 1
    1610              
    1611                      .dwfde $C$DW$CIE, ||__isinff||
    1612              $C$DW$113       .dwtag  DW_TAG_formal_parameter
    1613                      .dwattr $C$DW$113, DW_AT_name("f")
    1614                      .dwattr $C$DW$113, DW_AT_type(*$C$DW$T$16)
    1615                      .dwattr $C$DW$113, DW_AT_location[DW_OP_regx 0x2b]
    1616              
    1617              
    1618              ;***************************************************************
    1619              ;* FNAME: __isinff                      FR SIZE:   0           *
    1620              ;*                                                             *
    1621              ;* FUNCTION ENVIRONMENT                                        *
TMS320C2000 Assembler PC v22.6.2 Fri Mar 13 19:45:53 2026

Copyright (c) 1996-2018 Texas Instruments Incorporated
motor_sci.asm                                                        PAGE   32

    1622              ;*                                                             *
    1623              ;* FUNCTION PROPERTIES                                         *
    1624              ;*                            0 Parameter,  0 Auto,  0 SOE     *
    1625              ;***************************************************************
    1626              
    1627              ||__isinff||:
    1628              ;* PL    assigned to $O$K3
    1629              ;* AR6   assigned to $O$S1
    1630              ;* R0    assigned to f
    1631              $C$DW$114       .dwtag  DW_TAG_variable
    1632                      .dwattr $C$DW$114, DW_AT_name("f")
    1633                      .dwattr $C$DW$114, DW_AT_type(*$C$DW$T$78)
    1634                      .dwattr $C$DW$114, DW_AT_location[DW_OP_regx 0x2b]
    1635              
    1636                      .dwcfi  cfa_offset, -2
    1637                      .dwcfi  save_reg_to_mem, 26, 0
    1638                      .dwpsn  file "D:/TI/ccs/ccs/tools/compiler/ti-cgt-c2000_22.6.2.LTS/include/_defs.h",line 375,column 3
    1639 00000000 BFAB          MOV32     P,R0H                 ; [CPU_FPU] |375| 
         00000001 0F12 
    1640 00000002 CCAA          AND       AL,PH,#0x7f80         ; [CPU_ALU] |375| 
         00000003 7F80 
    1641 00000004 80A9          MOVZ      AR7,AL                ; [CPU_ALU] |375| 
    1642 00000005 BE00          MOVB      XAR6,#0               ; [CPU_ALU] |375| 
    1643 00000006 FF20          MOV       ACC,#32640            ; [CPU_ALU] |375| 
         00000007 7F80 
    1644 00000008 0FA7          CMPL      ACC,XAR7              ; [CPU_ALU] |375| 
    1645 00000009 6006          B         ||$C$L8||,NEQ         ; [CPU_ALU] |375| 
    1646                      ; branchcc occurs ; [] |375| 
    1647 0000000a A9A9          MOVL      ACC,P                 ; [CPU_ALU] |375| 
    1648 0000000b 917F          ANDB      AH,#127               ; [CPU_ALU] |375| 
    1649 0000000c FF58          TEST      ACC                   ; [CPU_ALU] |375| 
    1650 0000000d 56B1          MOVB      XAR6,#1,EQ            ; [CPU_ALU] |375| 
         0000000e 01A6 
    1651 0000000f       ||$C$L8||:    
    1652 0000000f 92A6          MOV       AL,AR6                ; [CPU_ALU] |375| 
    1653              $C$DW$115       .dwtag  DW_TAG_TI_branch
    1654                      .dwattr $C$DW$115, DW_AT_low_pc(0x00)
    1655                      .dwattr $C$DW$115, DW_AT_TI_return
    1656              
    1657 00000010 0006          LRETR     ; [CPU_ALU] 
    1658                      ; return occurs ; [] 
    1659                      .dwattr $C$DW$112, DW_AT_TI_end_file("D:/TI/ccs/ccs/tools/compiler/ti-cgt-c2000_22.6.2.LTS/include/_d
    1660                      .dwattr $C$DW$112, DW_AT_TI_end_line(0x177)
    1661                      .dwattr $C$DW$112, DW_AT_TI_end_column(0x48)
    1662                      .dwendentry
    1663                      .dwendtag $C$DW$112
    1664              
    1665 00000000               .sect   ".text:__isinf"
    1666                      .clink
    1667                      .global ||__isinf||
    1668              
    1669              $C$DW$116       .dwtag  DW_TAG_subprogram
    1670                      .dwattr $C$DW$116, DW_AT_name("__isinf")
    1671                      .dwattr $C$DW$116, DW_AT_low_pc(||__isinf||)
    1672                      .dwattr $C$DW$116, DW_AT_high_pc(0x00)
TMS320C2000 Assembler PC v22.6.2 Fri Mar 13 19:45:53 2026

Copyright (c) 1996-2018 Texas Instruments Incorporated
motor_sci.asm                                                        PAGE   33

    1673                      .dwattr $C$DW$116, DW_AT_linkage_name("__isinf")
    1674                      .dwattr $C$DW$116, DW_AT_external
    1675                      .dwattr $C$DW$116, DW_AT_type(*$C$DW$T$10)
    1676                      .dwattr $C$DW$116, DW_AT_decl_file("D:/TI/ccs/ccs/tools/compiler/ti-cgt-c2000_22.6.2.LTS/include/_def
    1677                      .dwattr $C$DW$116, DW_AT_decl_line(0x178)
    1678                      .dwattr $C$DW$116, DW_AT_decl_column(0x18)
    1679                      .dwattr $C$DW$116, DW_AT_TI_max_frame_size(-6)
    1680                      .dwpsn  file "D:/TI/ccs/ccs/tools/compiler/ti-cgt-c2000_22.6.2.LTS/include/_defs.h",line 377,column 1
    1681              
    1682                      .dwfde $C$DW$CIE, ||__isinf||
    1683              $C$DW$117       .dwtag  DW_TAG_formal_parameter
    1684                      .dwattr $C$DW$117, DW_AT_name("d")
    1685                      .dwattr $C$DW$117, DW_AT_type(*$C$DW$T$79)
    1686                      .dwattr $C$DW$117, DW_AT_location[DW_OP_reg12]
    1687              
    1688              
    1689              ;***************************************************************
    1690              ;* FNAME: __isinf                       FR SIZE:   4           *
    1691              ;*                                                             *
    1692              ;* FUNCTION ENVIRONMENT                                        *
    1693              ;*                                                             *
    1694              ;* FUNCTION PROPERTIES                                         *
    1695              ;*                            4 Parameter,  0 Auto,  0 SOE     *
    1696              ;***************************************************************
    1697              
    1698              ||__isinf||:
    1699              ;* AR7   assigned to $O$C2
    1700              ;* AR4   assigned to $O$S1
    1701              ;* AR4   assigned to d
    1702              $C$DW$118       .dwtag  DW_TAG_variable
    1703                      .dwattr $C$DW$118, DW_AT_name("d")
    1704                      .dwattr $C$DW$118, DW_AT_type(*$C$DW$T$80)
    1705                      .dwattr $C$DW$118, DW_AT_location[DW_OP_reg12]
    1706              
    1707                      .dwcfi  cfa_offset, -2
    1708                      .dwcfi  save_reg_to_mem, 26, 0
    1709 00000000 FE04          ADDB      SP,#4                 ; [CPU_ARAU] 
    1710                      .dwcfi  cfa_offset, -6
    1711                      .dwpsn  file "D:/TI/ccs/ccs/tools/compiler/ti-cgt-c2000_22.6.2.LTS/include/_defs.h",line 377,column 3
    1712 00000001 C5C4          MOVL      XAR7,*+XAR4[0]        ; [CPU_ALU] |377| 
    1713 00000002 06D4          MOVL      ACC,*+XAR4[2]         ; [CPU_ALU] |377| 
    1714 00000003 28AC          MOV       T,#48                 ; [CPU_ALU] |377| 
         00000004 0030 
    1715 00000005 1EA6          MOVL      XAR6,ACC              ; [CPU_ALU] |377| 
    1716 00000006 A3A7          MOVL      P,XAR7                ; [CPU_ALU] |377| 
    1717 00000007 D400          MOVB      XAR4,#0               ; [CPU_ALU] |377| 
    1718 00000008 565B          LSR64     ACC:P,T               ; [CPU_ALU] |377| 
    1719 00000009 2BAA          MOV       PH,#0                 ; [CPU_ALU] |377| 
    1720 0000000a 18AB          AND       PL,#0x7ff0            ; [CPU_ALU] |377| 
         0000000b 7FF0 
    1721 0000000c FF20          MOV       ACC,#32752            ; [CPU_ALU] |377| 
         0000000d 7FF0 
    1722 0000000e 0FAB          CMPL      ACC,P                 ; [CPU_ALU] |377| 
    1723 0000000f 6013          B         ||$C$L9||,NEQ         ; [CPU_ALU] |377| 
    1724                      ; branchcc occurs ; [] |377| 
TMS320C2000 Assembler PC v22.6.2 Fri Mar 13 19:45:53 2026

Copyright (c) 1996-2018 Texas Instruments Incorporated
motor_sci.asm                                                        PAGE   34

    1725 00000010 06A6          MOVL      ACC,XAR6              ; [CPU_ALU] |377| 
    1726 00000011 A3A7          MOVL      P,XAR7                ; [CPU_ALU] |377| 
    1727 00000012 BE00          MOVB      XAR6,#0               ; [CPU_ALU] |377| 
    1728 00000013 18A9          AND       AL,#65535             ; [CPU_ALU] |377| 
         00000014 FFFF 
    1729 00000015 910F          ANDB      AH,#15                ; [CPU_ALU] |377| 
    1730 00000016 18AB          AND       PL,#65535             ; [CPU_ALU] |377| 
         00000017 FFFF 
    1731 00000018 18AA          AND       PH,#65535             ; [CPU_ALU] |377| 
         00000019 FFFF 
    1732 0000001a C244          MOVL      *-SP[4],XAR6          ; [CPU_FPU] |377| 
    1733 0000001b 2B42          MOV       *-SP[2],#0            ; [CPU_FPU] |377| 
    1734 0000001c 2B41          MOV       *-SP[1],#0            ; [CPU_FPU] |377| 
    1735              $C$DW$119       .dwtag  DW_TAG_TI_branch
    1736                      .dwattr $C$DW$119, DW_AT_low_pc(0x00)
    1737                      .dwattr $C$DW$119, DW_AT_name("__c28xabi_cmpull")
    1738                      .dwattr $C$DW$119, DW_AT_TI_call
    1739              
    1740 0000001d 7640!         LCR       #||__c28xabi_cmpull|| ; [CPU_ALU] |377| 
         0000001e 0000 
    1741                      ; call occurs [#||__c28xabi_cmpull||] ; [] |377| 
    1742 0000001f 5200          CMPB      AL,#0                 ; [CPU_ALU] |377| 
    1743 00000020 56B1          MOVB      XAR4,#1,EQ            ; [CPU_ALU] |377| 
         00000021 01A4 
    1744 00000022       ||$C$L9||:    
    1745 00000022 FE84          SUBB      SP,#4                 ; [CPU_ARAU] 
    1746                      .dwcfi  cfa_offset, -2
    1747 00000023 92A4          MOV       AL,AR4                ; [CPU_ALU] |377| 
    1748              $C$DW$120       .dwtag  DW_TAG_TI_branch
    1749                      .dwattr $C$DW$120, DW_AT_low_pc(0x00)
    1750                      .dwattr $C$DW$120, DW_AT_TI_return
    1751              
    1752 00000024 0006          LRETR     ; [CPU_ALU] 
    1753                      ; return occurs ; [] 
    1754                      .dwattr $C$DW$116, DW_AT_TI_end_file("D:/TI/ccs/ccs/tools/compiler/ti-cgt-c2000_22.6.2.LTS/include/_d
    1755                      .dwattr $C$DW$116, DW_AT_TI_end_line(0x179)
    1756                      .dwattr $C$DW$116, DW_AT_TI_end_column(0x4a)
    1757                      .dwendentry
    1758                      .dwendtag $C$DW$116
    1759              
    1760 00000000               .sect   ".text:__isfinitel"
    1761                      .clink
    1762                      .global ||__isfinitel||
    1763              
    1764              $C$DW$121       .dwtag  DW_TAG_subprogram
    1765                      .dwattr $C$DW$121, DW_AT_name("__isfinitel")
    1766                      .dwattr $C$DW$121, DW_AT_low_pc(||__isfinitel||)
    1767                      .dwattr $C$DW$121, DW_AT_high_pc(0x00)
    1768                      .dwattr $C$DW$121, DW_AT_linkage_name("__isfinitel")
    1769                      .dwattr $C$DW$121, DW_AT_external
    1770                      .dwattr $C$DW$121, DW_AT_type(*$C$DW$T$10)
    1771                      .dwattr $C$DW$121, DW_AT_decl_file("D:/TI/ccs/ccs/tools/compiler/ti-cgt-c2000_22.6.2.LTS/include/_def
    1772                      .dwattr $C$DW$121, DW_AT_decl_line(0x152)
    1773                      .dwattr $C$DW$121, DW_AT_decl_column(0x18)
    1774                      .dwattr $C$DW$121, DW_AT_TI_max_frame_size(-2)
TMS320C2000 Assembler PC v22.6.2 Fri Mar 13 19:45:53 2026

Copyright (c) 1996-2018 Texas Instruments Incorporated
motor_sci.asm                                                        PAGE   35

    1775                      .dwpsn  file "D:/TI/ccs/ccs/tools/compiler/ti-cgt-c2000_22.6.2.LTS/include/_defs.h",line 339,column 1
    1776              
    1777                      .dwfde $C$DW$CIE, ||__isfinitel||
    1778              $C$DW$122       .dwtag  DW_TAG_formal_parameter
    1779                      .dwattr $C$DW$122, DW_AT_name("e")
    1780                      .dwattr $C$DW$122, DW_AT_type(*$C$DW$T$86)
    1781                      .dwattr $C$DW$122, DW_AT_location[DW_OP_reg12]
    1782              
    1783              
    1784              ;***************************************************************
    1785              ;* FNAME: __isfinitel                   FR SIZE:   0           *
    1786              ;*                                                             *
    1787              ;* FUNCTION ENVIRONMENT                                        *
    1788              ;*                                                             *
    1789              ;* FUNCTION PROPERTIES                                         *
    1790              ;*                            0 Parameter,  0 Auto,  0 SOE     *
    1791              ;***************************************************************
    1792              
    1793              ||__isfinitel||:
    1794              ;* AR4   assigned to e
    1795              $C$DW$123       .dwtag  DW_TAG_variable
    1796                      .dwattr $C$DW$123, DW_AT_name("e")
    1797                      .dwattr $C$DW$123, DW_AT_type(*$C$DW$T$87)
    1798                      .dwattr $C$DW$123, DW_AT_location[DW_OP_reg12]
    1799              
    1800                      .dwcfi  cfa_offset, -2
    1801                      .dwcfi  save_reg_to_mem, 26, 0
    1802                      .dwpsn  file "D:/TI/ccs/ccs/tools/compiler/ti-cgt-c2000_22.6.2.LTS/include/_defs.h",line 339,column 3
    1803 00000000 A3C4          MOVL      P,*+XAR4[0]           ; [CPU_ALU] |339| 
    1804 00000001 06D4          MOVL      ACC,*+XAR4[2]         ; [CPU_ALU] |339| 
    1805 00000002 28AC          MOV       T,#48                 ; [CPU_ALU] |339| 
         00000003 0030 
    1806 00000004 565B          LSR64     ACC:P,T               ; [CPU_ALU] |339| 
    1807 00000005 18AB          AND       PL,#0x7ff0            ; [CPU_ALU] |339| 
         00000006 7FF0 
    1808 00000007 80AB          MOVZ      AR7,PL                ; [CPU_ALU] |339| 
    1809 00000008 FF20          MOV       ACC,#32752            ; [CPU_ALU] |339| 
         00000009 7FF0 
    1810 0000000a BE00          MOVB      XAR6,#0               ; [CPU_ALU] |339| 
    1811 0000000b 0FA7          CMPL      ACC,XAR7              ; [CPU_ALU] |339| 
    1812 0000000c 56B0          MOVB      XAR6,#1,NEQ           ; [CPU_ALU] |339| 
         0000000d 01A6 
    1813 0000000e 92A6          MOV       AL,AR6                ; [CPU_ALU] |339| 
    1814              $C$DW$124       .dwtag  DW_TAG_TI_branch
    1815                      .dwattr $C$DW$124, DW_AT_low_pc(0x00)
    1816                      .dwattr $C$DW$124, DW_AT_TI_return
    1817              
    1818 0000000f 0006          LRETR     ; [CPU_ALU] 
    1819                      ; return occurs ; [] 
    1820                      .dwattr $C$DW$121, DW_AT_TI_end_file("D:/TI/ccs/ccs/tools/compiler/ti-cgt-c2000_22.6.2.LTS/include/_d
    1821                      .dwattr $C$DW$121, DW_AT_TI_end_line(0x153)
    1822                      .dwattr $C$DW$121, DW_AT_TI_end_column(0x2f)
    1823                      .dwendentry
    1824                      .dwendtag $C$DW$121
    1825              
TMS320C2000 Assembler PC v22.6.2 Fri Mar 13 19:45:53 2026

Copyright (c) 1996-2018 Texas Instruments Incorporated
motor_sci.asm                                                        PAGE   36

    1826 00000000               .sect   ".text:__isfinitef"
    1827                      .clink
    1828                      .global ||__isfinitef||
    1829              
    1830              $C$DW$125       .dwtag  DW_TAG_subprogram
    1831                      .dwattr $C$DW$125, DW_AT_name("__isfinitef")
    1832                      .dwattr $C$DW$125, DW_AT_low_pc(||__isfinitef||)
    1833                      .dwattr $C$DW$125, DW_AT_high_pc(0x00)
    1834                      .dwattr $C$DW$125, DW_AT_linkage_name("__isfinitef")
    1835                      .dwattr $C$DW$125, DW_AT_external
    1836                      .dwattr $C$DW$125, DW_AT_type(*$C$DW$T$10)
    1837                      .dwattr $C$DW$125, DW_AT_decl_file("D:/TI/ccs/ccs/tools/compiler/ti-cgt-c2000_22.6.2.LTS/include/_def
    1838                      .dwattr $C$DW$125, DW_AT_decl_line(0x150)
    1839                      .dwattr $C$DW$125, DW_AT_decl_column(0x18)
    1840                      .dwattr $C$DW$125, DW_AT_TI_max_frame_size(-2)
    1841                      .dwpsn  file "D:/TI/ccs/ccs/tools/compiler/ti-cgt-c2000_22.6.2.LTS/include/_defs.h",line 337,column 1
    1842              
    1843                      .dwfde $C$DW$CIE, ||__isfinitef||
    1844              $C$DW$126       .dwtag  DW_TAG_formal_parameter
    1845                      .dwattr $C$DW$126, DW_AT_name("f")
    1846                      .dwattr $C$DW$126, DW_AT_type(*$C$DW$T$16)
    1847                      .dwattr $C$DW$126, DW_AT_location[DW_OP_regx 0x2b]
    1848              
    1849              
    1850              ;***************************************************************
    1851              ;* FNAME: __isfinitef                   FR SIZE:   0           *
    1852              ;*                                                             *
    1853              ;* FUNCTION ENVIRONMENT                                        *
    1854              ;*                                                             *
    1855              ;* FUNCTION PROPERTIES                                         *
    1856              ;*                            0 Parameter,  0 Auto,  0 SOE     *
    1857              ;***************************************************************
    1858              
    1859              ||__isfinitef||:
    1860              ;* R0    assigned to f
    1861              $C$DW$127       .dwtag  DW_TAG_variable
    1862                      .dwattr $C$DW$127, DW_AT_name("f")
    1863                      .dwattr $C$DW$127, DW_AT_type(*$C$DW$T$78)
    1864                      .dwattr $C$DW$127, DW_AT_location[DW_OP_regx 0x2b]
    1865              
    1866                      .dwcfi  cfa_offset, -2
    1867                      .dwcfi  save_reg_to_mem, 26, 0
    1868                      .dwpsn  file "D:/TI/ccs/ccs/tools/compiler/ti-cgt-c2000_22.6.2.LTS/include/_defs.h",line 337,column 3
    1869 00000000 BFAB          MOV32     P,R0H                 ; [CPU_FPU] |337| 
         00000001 0F12 
    1870 00000002 18AA          AND       PH,#0x7f80            ; [CPU_ALU] |337| 
         00000003 7F80 
    1871 00000004 80AA          MOVZ      AR7,PH                ; [CPU_ALU] |337| 
    1872 00000005 FF20          MOV       ACC,#32640            ; [CPU_ALU] |337| 
         00000006 7F80 
    1873 00000007 BE00          MOVB      XAR6,#0               ; [CPU_ALU] |337| 
    1874 00000008 0FA7          CMPL      ACC,XAR7              ; [CPU_ALU] |337| 
    1875 00000009 56B0          MOVB      XAR6,#1,NEQ           ; [CPU_ALU] |337| 
         0000000a 01A6 
    1876 0000000b 92A6          MOV       AL,AR6                ; [CPU_ALU] |337| 
TMS320C2000 Assembler PC v22.6.2 Fri Mar 13 19:45:53 2026

Copyright (c) 1996-2018 Texas Instruments Incorporated
motor_sci.asm                                                        PAGE   37

    1877              $C$DW$128       .dwtag  DW_TAG_TI_branch
    1878                      .dwattr $C$DW$128, DW_AT_low_pc(0x00)
    1879                      .dwattr $C$DW$128, DW_AT_TI_return
    1880              
    1881 0000000c 0006          LRETR     ; [CPU_ALU] 
    1882                      ; return occurs ; [] 
    1883                      .dwattr $C$DW$125, DW_AT_TI_end_file("D:/TI/ccs/ccs/tools/compiler/ti-cgt-c2000_22.6.2.LTS/include/_d
    1884                      .dwattr $C$DW$125, DW_AT_TI_end_line(0x151)
    1885                      .dwattr $C$DW$125, DW_AT_TI_end_column(0x2d)
    1886                      .dwendentry
    1887                      .dwendtag $C$DW$125
    1888              
    1889 00000000               .sect   ".text:__isfinite"
    1890                      .clink
    1891                      .global ||__isfinite||
    1892              
    1893              $C$DW$129       .dwtag  DW_TAG_subprogram
    1894                      .dwattr $C$DW$129, DW_AT_name("__isfinite")
    1895                      .dwattr $C$DW$129, DW_AT_low_pc(||__isfinite||)
    1896                      .dwattr $C$DW$129, DW_AT_high_pc(0x00)
    1897                      .dwattr $C$DW$129, DW_AT_linkage_name("__isfinite")
    1898                      .dwattr $C$DW$129, DW_AT_external
    1899                      .dwattr $C$DW$129, DW_AT_type(*$C$DW$T$10)
    1900                      .dwattr $C$DW$129, DW_AT_decl_file("D:/TI/ccs/ccs/tools/compiler/ti-cgt-c2000_22.6.2.LTS/include/_def
    1901                      .dwattr $C$DW$129, DW_AT_decl_line(0x14e)
    1902                      .dwattr $C$DW$129, DW_AT_decl_column(0x18)
    1903                      .dwattr $C$DW$129, DW_AT_TI_max_frame_size(-2)
    1904                      .dwpsn  file "D:/TI/ccs/ccs/tools/compiler/ti-cgt-c2000_22.6.2.LTS/include/_defs.h",line 335,column 1
    1905              
    1906                      .dwfde $C$DW$CIE, ||__isfinite||
    1907              $C$DW$130       .dwtag  DW_TAG_formal_parameter
    1908                      .dwattr $C$DW$130, DW_AT_name("d")
    1909                      .dwattr $C$DW$130, DW_AT_type(*$C$DW$T$79)
    1910                      .dwattr $C$DW$130, DW_AT_location[DW_OP_reg12]
    1911              
    1912              
    1913              ;***************************************************************
    1914              ;* FNAME: __isfinite                    FR SIZE:   0           *
    1915              ;*                                                             *
    1916              ;* FUNCTION ENVIRONMENT                                        *
    1917              ;*                                                             *
    1918              ;* FUNCTION PROPERTIES                                         *
    1919              ;*                            0 Parameter,  0 Auto,  0 SOE     *
    1920              ;***************************************************************
    1921              
    1922              ||__isfinite||:
    1923              ;* AR4   assigned to d
    1924              $C$DW$131       .dwtag  DW_TAG_variable
    1925                      .dwattr $C$DW$131, DW_AT_name("d")
    1926                      .dwattr $C$DW$131, DW_AT_type(*$C$DW$T$80)
    1927                      .dwattr $C$DW$131, DW_AT_location[DW_OP_reg12]
    1928              
    1929                      .dwcfi  cfa_offset, -2
    1930                      .dwcfi  save_reg_to_mem, 26, 0
    1931                      .dwpsn  file "D:/TI/ccs/ccs/tools/compiler/ti-cgt-c2000_22.6.2.LTS/include/_defs.h",line 335,column 3
TMS320C2000 Assembler PC v22.6.2 Fri Mar 13 19:45:53 2026

Copyright (c) 1996-2018 Texas Instruments Incorporated
motor_sci.asm                                                        PAGE   38

    1932 00000000 A3C4          MOVL      P,*+XAR4[0]           ; [CPU_ALU] |335| 
    1933 00000001 06D4          MOVL      ACC,*+XAR4[2]         ; [CPU_ALU] |335| 
    1934 00000002 28AC          MOV       T,#48                 ; [CPU_ALU] |335| 
         00000003 0030 
    1935 00000004 565B          LSR64     ACC:P,T               ; [CPU_ALU] |335| 
    1936 00000005 18AB          AND       PL,#0x7ff0            ; [CPU_ALU] |335| 
         00000006 7FF0 
    1937 00000007 80AB          MOVZ      AR7,PL                ; [CPU_ALU] |335| 
    1938 00000008 FF20          MOV       ACC,#32752            ; [CPU_ALU] |335| 
         00000009 7FF0 
    1939 0000000a BE00          MOVB      XAR6,#0               ; [CPU_ALU] |335| 
    1940 0000000b 0FA7          CMPL      ACC,XAR7              ; [CPU_ALU] |335| 
    1941 0000000c 56B0          MOVB      XAR6,#1,NEQ           ; [CPU_ALU] |335| 
         0000000d 01A6 
    1942 0000000e 92A6          MOV       AL,AR6                ; [CPU_ALU] |335| 
    1943              $C$DW$132       .dwtag  DW_TAG_TI_branch
    1944                      .dwattr $C$DW$132, DW_AT_low_pc(0x00)
    1945                      .dwattr $C$DW$132, DW_AT_TI_return
    1946              
    1947 0000000f 0006          LRETR     ; [CPU_ALU] 
    1948                      ; return occurs ; [] 
    1949                      .dwattr $C$DW$129, DW_AT_TI_end_file("D:/TI/ccs/ccs/tools/compiler/ti-cgt-c2000_22.6.2.LTS/include/_d
    1950                      .dwattr $C$DW$129, DW_AT_TI_end_line(0x14f)
    1951                      .dwattr $C$DW$129, DW_AT_TI_end_column(0x2e)
    1952                      .dwendentry
    1953                      .dwendtag $C$DW$129
    1954              
    1955 00000000               .sect   ".text:__fpclassifyl"
    1956                      .clink
    1957                      .global ||__fpclassifyl||
    1958              
    1959              $C$DW$133       .dwtag  DW_TAG_subprogram
    1960                      .dwattr $C$DW$133, DW_AT_name("__fpclassifyl")
    1961                      .dwattr $C$DW$133, DW_AT_low_pc(||__fpclassifyl||)
    1962                      .dwattr $C$DW$133, DW_AT_high_pc(0x00)
    1963                      .dwattr $C$DW$133, DW_AT_linkage_name("__fpclassifyl")
    1964                      .dwattr $C$DW$133, DW_AT_external
    1965                      .dwattr $C$DW$133, DW_AT_type(*$C$DW$T$10)
    1966                      .dwattr $C$DW$133, DW_AT_decl_file("D:/TI/ccs/ccs/tools/compiler/ti-cgt-c2000_22.6.2.LTS/include/_def
    1967                      .dwattr $C$DW$133, DW_AT_decl_line(0x1ae)
    1968                      .dwattr $C$DW$133, DW_AT_decl_column(0x18)
    1969                      .dwattr $C$DW$133, DW_AT_TI_max_frame_size(-10)
    1970                      .dwpsn  file "D:/TI/ccs/ccs/tools/compiler/ti-cgt-c2000_22.6.2.LTS/include/_defs.h",line 431,column 1
    1971              
    1972                      .dwfde $C$DW$CIE, ||__fpclassifyl||
    1973              $C$DW$134       .dwtag  DW_TAG_formal_parameter
    1974                      .dwattr $C$DW$134, DW_AT_name("e")
    1975                      .dwattr $C$DW$134, DW_AT_type(*$C$DW$T$86)
    1976                      .dwattr $C$DW$134, DW_AT_location[DW_OP_reg12]
    1977              
    1978              
    1979              ;***************************************************************
    1980              ;* FNAME: __fpclassifyl                 FR SIZE:   8           *
    1981              ;*                                                             *
    1982              ;* FUNCTION ENVIRONMENT                                        *
TMS320C2000 Assembler PC v22.6.2 Fri Mar 13 19:45:53 2026

Copyright (c) 1996-2018 Texas Instruments Incorporated
motor_sci.asm                                                        PAGE   39

    1983              ;*                                                             *
    1984              ;* FUNCTION PROPERTIES                                         *
    1985              ;*                            4 Parameter,  4 Auto,  0 SOE     *
    1986              ;***************************************************************
    1987              
    1988              ||__fpclassifyl||:
    1989              $C$DW$135       .dwtag  DW_TAG_variable
    1990                      .dwattr $C$DW$135, DW_AT_name("e")
    1991                      .dwattr $C$DW$135, DW_AT_type(*$C$DW$T$18)
    1992                      .dwattr $C$DW$135, DW_AT_location[DW_OP_breg20 -8]
    1993              
    1994              ;* AR5   assigned to $O$C1
    1995              ;* AR4   assigned to e
    1996              $C$DW$136       .dwtag  DW_TAG_variable
    1997                      .dwattr $C$DW$136, DW_AT_name("e")
    1998                      .dwattr $C$DW$136, DW_AT_type(*$C$DW$T$87)
    1999                      .dwattr $C$DW$136, DW_AT_location[DW_OP_reg12]
    2000              
    2001                      .dwcfi  cfa_offset, -2
    2002                      .dwcfi  save_reg_to_mem, 26, 0
    2003 00000000 FE08          ADDB      SP,#8                 ; [CPU_ARAU] 
    2004                      .dwcfi  cfa_offset, -10
    2005 00000001 C4D4          MOVL      XAR6,*+XAR4[2]        ; [CPU_ALU] |431| 
    2006 00000002 06C4          MOVL      ACC,*+XAR4[0]         ; [CPU_ALU] |431| 
    2007 00000003 1E48          MOVL      *-SP[8],ACC           ; [CPU_ALU] |431| 
    2008 00000004 C246          MOVL      *-SP[6],XAR6          ; [CPU_ALU] |431| 
    2009                      .dwpsn  file "D:/TI/ccs/ccs/tools/compiler/ti-cgt-c2000_22.6.2.LTS/include/_defs.h",line 432,column 5
    2010 00000005 8348          MOVL      XAR5,*-SP[8]          ; [CPU_ALU] |432| 
    2011 00000006 8A46          MOVL      XAR4,*-SP[6]          ; [CPU_ALU] |432| 
    2012                      .dwpsn  file "D:/TI/ccs/ccs/tools/compiler/ti-cgt-c2000_22.6.2.LTS/include/_defs.h",line 436,column 1
    2013 00000007 28AC          MOV       T,#48                 ; [CPU_ALU] |436| 
         00000008 0030 
    2014 00000009 A0AB          MOVL      P,XAR5                ; [CPU_ALU] |436| 
    2015 0000000a A8A9          MOVL      ACC,XAR4              ; [CPU_ALU] |436| 
    2016 0000000b 565B          LSR64     ACC:P,T               ; [CPU_ALU] |436| 
    2017 0000000c 18AB          AND       PL,#0x7ff0            ; [CPU_ALU] |436| 
         0000000d 7FF0 
    2018 0000000e 88AB          MOVZ      AR6,PL                ; [CPU_ALU] |436| 
    2019 0000000f FF20          MOV       ACC,#32752            ; [CPU_ALU] |436| 
         00000010 7FF0 
    2020 00000011 0FA6          CMPL      ACC,XAR6              ; [CPU_ALU] |436| 
    2021 00000012 6016          B         ||$C$L11||,NEQ        ; [CPU_ALU] |436| 
    2022                      ; branchcc occurs ; [] |436| 
    2023 00000013 0200          MOVB      ACC,#0                ; [CPU_ALU] |436| 
    2024 00000014 1E44          MOVL      *-SP[4],ACC           ; [CPU_ALU] |436| 
    2025 00000015 2B42          MOV       *-SP[2],#0            ; [CPU_ALU] |436| 
    2026 00000016 2B41          MOV       *-SP[1],#0            ; [CPU_ALU] |436| 
    2027 00000017 A348          MOVL      P,*-SP[8]             ; [CPU_ALU] |436| 
    2028 00000018 0646          MOVL      ACC,*-SP[6]           ; [CPU_ALU] |436| 
    2029 00000019 18AB          AND       PL,#65535             ; [CPU_ALU] |436| 
         0000001a FFFF 
    2030 0000001b 18AA          AND       PH,#65535             ; [CPU_ALU] |436| 
         0000001c FFFF 
    2031 0000001d 18A9          AND       AL,#65535             ; [CPU_ALU] |436| 
         0000001e FFFF 
TMS320C2000 Assembler PC v22.6.2 Fri Mar 13 19:45:53 2026

Copyright (c) 1996-2018 Texas Instruments Incorporated
motor_sci.asm                                                        PAGE   40

    2032 0000001f 910F          ANDB      AH,#15                ; [CPU_ALU] |436| 
    2033              $C$DW$137       .dwtag  DW_TAG_TI_branch
    2034                      .dwattr $C$DW$137, DW_AT_low_pc(0x00)
    2035                      .dwattr $C$DW$137, DW_AT_name("__c28xabi_cmpull")
    2036                      .dwattr $C$DW$137, DW_AT_TI_call
    2037              
    2038 00000020 7640!         LCR       #||__c28xabi_cmpull|| ; [CPU_ALU] |436| 
         00000021 0000 
    2039                      ; call occurs [#||__c28xabi_cmpull||] ; [] |436| 
    2040 00000022 5200          CMPB      AL,#0                 ; [CPU_ALU] |436| 
    2041 00000023 6103          B         ||$C$L10||,EQ         ; [CPU_ALU] |436| 
    2042                      ; branchcc occurs ; [] |436| 
    2043 00000024 9A02          MOVB      AL,#2                 ; [CPU_ALU] |436| 
    2044 00000025 6F2D          B         ||$C$L14||,UNC        ; [CPU_ALU] |436| 
    2045                      ; branch occurs ; [] |436| 
    2046 00000026       ||$C$L10||:    
    2047 00000026 9A01          MOVB      AL,#1                 ; [CPU_ALU] |436| 
    2048 00000027 6F2B          B         ||$C$L14||,UNC        ; [CPU_ALU] |436| 
    2049                      ; branch occurs ; [] |436| 
    2050 00000028       ||$C$L11||:    
    2051 00000028 BE00          MOVB      XAR6,#0               ; [CPU_ALU] |436| 
    2052 00000029 A0AB          MOVL      P,XAR5                ; [CPU_ALU] |436| 
    2053 0000002a A8A9          MOVL      ACC,XAR4              ; [CPU_ALU] |436| 
    2054 0000002b 28AC          MOV       T,#52                 ; [CPU_ALU] |436| 
         0000002c 0034 
    2055 0000002d C244          MOVL      *-SP[4],XAR6          ; [CPU_ALU] |436| 
    2056 0000002e 2B42          MOV       *-SP[2],#0            ; [CPU_ALU] |436| 
    2057 0000002f 565B          LSR64     ACC:P,T               ; [CPU_ALU] |436| 
    2058 00000030 2B41          MOV       *-SP[1],#0            ; [CPU_FPU] |436| 
    2059 00000031 9000          ANDB      AL,#0                 ; [CPU_ALU] |436| 
    2060 00000032 9100          ANDB      AH,#0                 ; [CPU_ALU] |436| 
    2061 00000033 18AB          AND       PL,#2047              ; [CPU_ALU] |436| 
         00000034 07FF 
    2062 00000035 18AA          AND       PH,#0                 ; [CPU_ALU] |436| 
         00000036 0000 
    2063              $C$DW$138       .dwtag  DW_TAG_TI_branch
    2064                      .dwattr $C$DW$138, DW_AT_low_pc(0x00)
    2065                      .dwattr $C$DW$138, DW_AT_name("__c28xabi_cmpull")
    2066                      .dwattr $C$DW$138, DW_AT_TI_call
    2067              
    2068 00000037 7640!         LCR       #||__c28xabi_cmpull|| ; [CPU_ALU] |436| 
         00000038 0000 
    2069                      ; call occurs [#||__c28xabi_cmpull||] ; [] |436| 
    2070 00000039 5200          CMPB      AL,#0                 ; [CPU_ALU] |436| 
    2071 0000003a 6104          B         ||$C$L12||,EQ         ; [CPU_ALU] |436| 
    2072                      ; branchcc occurs ; [] |436| 
    2073 0000003b 28A9          MOV       AL,#-1                ; [CPU_ALU] |436| 
         0000003c FFFF 
    2074 0000003d 6F15          B         ||$C$L14||,UNC        ; [CPU_ALU] |436| 
    2075                      ; branch occurs ; [] |436| 
    2076 0000003e       ||$C$L12||:    
    2077 0000003e C244          MOVL      *-SP[4],XAR6          ; [CPU_ALU] |436| 
    2078 0000003f A8A9          MOVL      ACC,XAR4              ; [CPU_ALU] |436| 
    2079 00000040 A0AB          MOVL      P,XAR5                ; [CPU_ALU] |436| 
    2080 00000041 2B42          MOV       *-SP[2],#0            ; [CPU_ALU] |436| 
TMS320C2000 Assembler PC v22.6.2 Fri Mar 13 19:45:53 2026

Copyright (c) 1996-2018 Texas Instruments Incorporated
motor_sci.asm                                                        PAGE   41

    2081 00000042 18A9          AND       AL,#65535             ; [CPU_ALU] |436| 
         00000043 FFFF 
    2082 00000044 910F          ANDB      AH,#15                ; [CPU_ALU] |436| 
    2083 00000045 18AB          AND       PL,#65535             ; [CPU_ALU] |436| 
         00000046 FFFF 
    2084 00000047 18AA          AND       PH,#65535             ; [CPU_ALU] |436| 
         00000048 FFFF 
    2085 00000049 2B41          MOV       *-SP[1],#0            ; [CPU_FPU] |436| 
    2086              $C$DW$139       .dwtag  DW_TAG_TI_branch
    2087                      .dwattr $C$DW$139, DW_AT_low_pc(0x00)
    2088                      .dwattr $C$DW$139, DW_AT_name("__c28xabi_cmpull")
    2089                      .dwattr $C$DW$139, DW_AT_TI_call
    2090              
    2091 0000004a 7640!         LCR       #||__c28xabi_cmpull|| ; [CPU_ALU] |436| 
         0000004b 0000 
    2092                      ; call occurs [#||__c28xabi_cmpull||] ; [] |436| 
    2093 0000004c 5200          CMPB      AL,#0                 ; [CPU_ALU] |436| 
    2094 0000004d 6104          B         ||$C$L13||,EQ         ; [CPU_ALU] |436| 
    2095                      ; branchcc occurs ; [] |436| 
    2096 0000004e 28A9          MOV       AL,#-2                ; [CPU_ALU] |436| 
         0000004f FFFE 
    2097 00000050 6F02          B         ||$C$L14||,UNC        ; [CPU_ALU] |436| 
    2098                      ; branch occurs ; [] |436| 
    2099 00000051       ||$C$L13||:    
    2100 00000051 9A00          MOVB      AL,#0                 ; [CPU_ALU] |436| 
    2101 00000052       ||$C$L14||:    
    2102 00000052 FE88          SUBB      SP,#8                 ; [CPU_ARAU] 
    2103                      .dwcfi  cfa_offset, -2
    2104              $C$DW$140       .dwtag  DW_TAG_TI_branch
    2105                      .dwattr $C$DW$140, DW_AT_low_pc(0x00)
    2106                      .dwattr $C$DW$140, DW_AT_TI_return
    2107              
    2108 00000053 0006          LRETR     ; [CPU_ALU] 
    2109                      ; return occurs ; [] 
    2110                      .dwattr $C$DW$133, DW_AT_TI_end_file("D:/TI/ccs/ccs/tools/compiler/ti-cgt-c2000_22.6.2.LTS/include/_d
    2111                      .dwattr $C$DW$133, DW_AT_TI_end_line(0x1bd)
    2112                      .dwattr $C$DW$133, DW_AT_TI_end_column(0x01)
    2113                      .dwendentry
    2114                      .dwendtag $C$DW$133
    2115              
    2116 00000000               .sect   ".text:__fpclassifyf"
    2117                      .clink
    2118                      .global ||__fpclassifyf||
    2119              
    2120              $C$DW$141       .dwtag  DW_TAG_subprogram
    2121                      .dwattr $C$DW$141, DW_AT_name("__fpclassifyf")
    2122                      .dwattr $C$DW$141, DW_AT_low_pc(||__fpclassifyf||)
    2123                      .dwattr $C$DW$141, DW_AT_high_pc(0x00)
    2124                      .dwattr $C$DW$141, DW_AT_linkage_name("__fpclassifyf")
    2125                      .dwattr $C$DW$141, DW_AT_external
    2126                      .dwattr $C$DW$141, DW_AT_type(*$C$DW$T$10)
    2127                      .dwattr $C$DW$141, DW_AT_decl_file("D:/TI/ccs/ccs/tools/compiler/ti-cgt-c2000_22.6.2.LTS/include/_def
    2128                      .dwattr $C$DW$141, DW_AT_decl_line(0x18c)
    2129                      .dwattr $C$DW$141, DW_AT_decl_column(0x18)
    2130                      .dwattr $C$DW$141, DW_AT_TI_max_frame_size(-2)
TMS320C2000 Assembler PC v22.6.2 Fri Mar 13 19:45:53 2026

Copyright (c) 1996-2018 Texas Instruments Incorporated
motor_sci.asm                                                        PAGE   42

    2131                      .dwpsn  file "D:/TI/ccs/ccs/tools/compiler/ti-cgt-c2000_22.6.2.LTS/include/_defs.h",line 397,column 1
    2132              
    2133                      .dwfde $C$DW$CIE, ||__fpclassifyf||
    2134              $C$DW$142       .dwtag  DW_TAG_formal_parameter
    2135                      .dwattr $C$DW$142, DW_AT_name("f")
    2136                      .dwattr $C$DW$142, DW_AT_type(*$C$DW$T$16)
    2137                      .dwattr $C$DW$142, DW_AT_location[DW_OP_regx 0x2b]
    2138              
    2139              
    2140              ;***************************************************************
    2141              ;* FNAME: __fpclassifyf                 FR SIZE:   0           *
    2142              ;*                                                             *
    2143              ;* FUNCTION ENVIRONMENT                                        *
    2144              ;*                                                             *
    2145              ;* FUNCTION PROPERTIES                                         *
    2146              ;*                            0 Parameter,  0 Auto,  0 SOE     *
    2147              ;***************************************************************
    2148              
    2149              ||__fpclassifyf||:
    2150              ;* PL    assigned to $O$K1
    2151              ;* R0    assigned to f
    2152              $C$DW$143       .dwtag  DW_TAG_variable
    2153                      .dwattr $C$DW$143, DW_AT_name("f")
    2154                      .dwattr $C$DW$143, DW_AT_type(*$C$DW$T$78)
    2155                      .dwattr $C$DW$143, DW_AT_location[DW_OP_regx 0x2b]
    2156              
    2157                      .dwcfi  cfa_offset, -2
    2158                      .dwcfi  save_reg_to_mem, 26, 0
    2159                      .dwpsn  file "D:/TI/ccs/ccs/tools/compiler/ti-cgt-c2000_22.6.2.LTS/include/_defs.h",line 398,column 5
    2160 00000000 BFAB          MOV32     P,R0H                 ; [CPU_FPU] |398| 
         00000001 0F12 
    2161                      .dwpsn  file "D:/TI/ccs/ccs/tools/compiler/ti-cgt-c2000_22.6.2.LTS/include/_defs.h",line 402,column 1
    2162 00000002 CCAA          AND       AL,PH,#0x7f80         ; [CPU_ALU] |402| 
         00000003 7F80 
    2163 00000004 88A9          MOVZ      AR6,AL                ; [CPU_ALU] |402| 
    2164 00000005 FF20          MOV       ACC,#32640            ; [CPU_ALU] |402| 
         00000006 7F80 
    2165 00000007 0FA6          CMPL      ACC,XAR6              ; [CPU_ALU] |402| 
    2166 00000008 6009          B         ||$C$L16||,NEQ        ; [CPU_ALU] |402| 
    2167                      ; branchcc occurs ; [] |402| 
    2168 00000009 A9A9          MOVL      ACC,P                 ; [CPU_ALU] |402| 
    2169 0000000a 917F          ANDB      AH,#127               ; [CPU_ALU] |402| 
    2170 0000000b FF58          TEST      ACC                   ; [CPU_ALU] |402| 
    2171 0000000c 6103          B         ||$C$L15||,EQ         ; [CPU_ALU] |402| 
    2172                      ; branchcc occurs ; [] |402| 
    2173                      .dwcfi  remember_state
    2174 0000000d 9A02          MOVB      AL,#2                 ; [CPU_ALU] |402| 
    2175              $C$DW$144       .dwtag  DW_TAG_TI_branch
    2176                      .dwattr $C$DW$144, DW_AT_low_pc(0x00)
    2177                      .dwattr $C$DW$144, DW_AT_TI_return
    2178              
    2179 0000000e 0006          LRETR     ; [CPU_ALU] 
    2180                      ; return occurs ; [] 
    2181                      .dwcfi  restore_state
    2182 0000000f       ||$C$L15||:    
TMS320C2000 Assembler PC v22.6.2 Fri Mar 13 19:45:53 2026

Copyright (c) 1996-2018 Texas Instruments Incorporated
motor_sci.asm                                                        PAGE   43

    2183                      .dwcfi  remember_state
    2184 0000000f 9A01          MOVB      AL,#1                 ; [CPU_ALU] |402| 
    2185              $C$DW$145       .dwtag  DW_TAG_TI_branch
    2186                      .dwattr $C$DW$145, DW_AT_low_pc(0x00)
    2187                      .dwattr $C$DW$145, DW_AT_TI_return
    2188              
    2189 00000010 0006          LRETR     ; [CPU_ALU] 
    2190                      ; return occurs ; [] 
    2191                      .dwcfi  restore_state
    2192 00000011       ||$C$L16||:    
    2193 00000011 A9A9          MOVL      ACC,P                 ; [CPU_ALU] |402| 
    2194 00000012 28AC          MOV       T,#23                 ; [CPU_ALU] |402| 
         00000013 0017 
    2195 00000014 5622          LSRL      ACC,T                 ; [CPU_ALU] |402| 
    2196 00000015 90FF          ANDB      AL,#0xff              ; [CPU_ALU] |402| 
    2197 00000016 6104          B         ||$C$L17||,EQ         ; [CPU_ALU] |402| 
    2198                      ; branchcc occurs ; [] |402| 
    2199                      .dwcfi  remember_state
    2200 00000017 28A9          MOV       AL,#-1                ; [CPU_ALU] |402| 
         00000018 FFFF 
    2201              $C$DW$146       .dwtag  DW_TAG_TI_branch
    2202                      .dwattr $C$DW$146, DW_AT_low_pc(0x00)
    2203                      .dwattr $C$DW$146, DW_AT_TI_return
    2204              
    2205 00000019 0006          LRETR     ; [CPU_ALU] 
    2206                      ; return occurs ; [] 
    2207                      .dwcfi  restore_state
    2208 0000001a       ||$C$L17||:    
    2209 0000001a A9A9          MOVL      ACC,P                 ; [CPU_ALU] |402| 
    2210 0000001b 917F          ANDB      AH,#127               ; [CPU_ALU] |402| 
    2211 0000001c FF58          TEST      ACC                   ; [CPU_ALU] |402| 
    2212 0000001d 6104          B         ||$C$L18||,EQ         ; [CPU_ALU] |402| 
    2213                      ; branchcc occurs ; [] |402| 
    2214                      .dwcfi  remember_state
    2215 0000001e 28A9          MOV       AL,#-2                ; [CPU_ALU] |402| 
         0000001f FFFE 
    2216              $C$DW$147       .dwtag  DW_TAG_TI_branch
    2217                      .dwattr $C$DW$147, DW_AT_low_pc(0x00)
    2218                      .dwattr $C$DW$147, DW_AT_TI_return
    2219              
    2220 00000020 0006          LRETR     ; [CPU_ALU] 
    2221                      ; return occurs ; [] 
    2222                      .dwcfi  restore_state
    2223 00000021       ||$C$L18||:    
    2224 00000021 9A00          MOVB      AL,#0                 ; [CPU_ALU] |402| 
    2225              $C$DW$148       .dwtag  DW_TAG_TI_branch
    2226                      .dwattr $C$DW$148, DW_AT_low_pc(0x00)
    2227                      .dwattr $C$DW$148, DW_AT_TI_return
    2228              
    2229 00000022 0006          LRETR     ; [CPU_ALU] 
    2230                      ; return occurs ; [] 
    2231                      .dwattr $C$DW$141, DW_AT_TI_end_file("D:/TI/ccs/ccs/tools/compiler/ti-cgt-c2000_22.6.2.LTS/include/_d
    2232                      .dwattr $C$DW$141, DW_AT_TI_end_line(0x19b)
    2233                      .dwattr $C$DW$141, DW_AT_TI_end_column(0x01)
    2234                      .dwendentry
TMS320C2000 Assembler PC v22.6.2 Fri Mar 13 19:45:53 2026

Copyright (c) 1996-2018 Texas Instruments Incorporated
motor_sci.asm                                                        PAGE   44

    2235                      .dwendtag $C$DW$141
    2236              
    2237 00000000               .sect   ".text:__fpclassify"
    2238                      .clink
    2239                      .global ||__fpclassify||
    2240              
    2241              $C$DW$149       .dwtag  DW_TAG_subprogram
    2242                      .dwattr $C$DW$149, DW_AT_name("__fpclassify")
    2243                      .dwattr $C$DW$149, DW_AT_low_pc(||__fpclassify||)
    2244                      .dwattr $C$DW$149, DW_AT_high_pc(0x00)
    2245                      .dwattr $C$DW$149, DW_AT_linkage_name("__fpclassify")
    2246                      .dwattr $C$DW$149, DW_AT_external
    2247                      .dwattr $C$DW$149, DW_AT_type(*$C$DW$T$10)
    2248                      .dwattr $C$DW$149, DW_AT_decl_file("D:/TI/ccs/ccs/tools/compiler/ti-cgt-c2000_22.6.2.LTS/include/_def
    2249                      .dwattr $C$DW$149, DW_AT_decl_line(0x19d)
    2250                      .dwattr $C$DW$149, DW_AT_decl_column(0x18)
    2251                      .dwattr $C$DW$149, DW_AT_TI_max_frame_size(-10)
    2252                      .dwpsn  file "D:/TI/ccs/ccs/tools/compiler/ti-cgt-c2000_22.6.2.LTS/include/_defs.h",line 414,column 1
    2253              
    2254                      .dwfde $C$DW$CIE, ||__fpclassify||
    2255              $C$DW$150       .dwtag  DW_TAG_formal_parameter
    2256                      .dwattr $C$DW$150, DW_AT_name("d")
    2257                      .dwattr $C$DW$150, DW_AT_type(*$C$DW$T$79)
    2258                      .dwattr $C$DW$150, DW_AT_location[DW_OP_reg12]
    2259              
    2260              
    2261              ;***************************************************************
    2262              ;* FNAME: __fpclassify                  FR SIZE:   8           *
    2263              ;*                                                             *
    2264              ;* FUNCTION ENVIRONMENT                                        *
    2265              ;*                                                             *
    2266              ;* FUNCTION PROPERTIES                                         *
    2267              ;*                            4 Parameter,  4 Auto,  0 SOE     *
    2268              ;***************************************************************
    2269              
    2270              ||__fpclassify||:
    2271              $C$DW$151       .dwtag  DW_TAG_variable
    2272                      .dwattr $C$DW$151, DW_AT_name("d")
    2273                      .dwattr $C$DW$151, DW_AT_type(*$C$DW$T$17)
    2274                      .dwattr $C$DW$151, DW_AT_location[DW_OP_breg20 -8]
    2275              
    2276              ;* AR5   assigned to $O$C1
    2277              ;* AR4   assigned to d
    2278              $C$DW$152       .dwtag  DW_TAG_variable
    2279                      .dwattr $C$DW$152, DW_AT_name("d")
    2280                      .dwattr $C$DW$152, DW_AT_type(*$C$DW$T$80)
    2281                      .dwattr $C$DW$152, DW_AT_location[DW_OP_reg12]
    2282              
    2283                      .dwcfi  cfa_offset, -2
    2284                      .dwcfi  save_reg_to_mem, 26, 0
    2285 00000000 FE08          ADDB      SP,#8                 ; [CPU_ARAU] 
    2286                      .dwcfi  cfa_offset, -10
    2287 00000001 C4D4          MOVL      XAR6,*+XAR4[2]        ; [CPU_ALU] |414| 
    2288 00000002 06C4          MOVL      ACC,*+XAR4[0]         ; [CPU_ALU] |414| 
    2289 00000003 1E48          MOVL      *-SP[8],ACC           ; [CPU_ALU] |414| 
TMS320C2000 Assembler PC v22.6.2 Fri Mar 13 19:45:53 2026

Copyright (c) 1996-2018 Texas Instruments Incorporated
motor_sci.asm                                                        PAGE   45

    2290 00000004 C246          MOVL      *-SP[6],XAR6          ; [CPU_ALU] |414| 
    2291                      .dwpsn  file "D:/TI/ccs/ccs/tools/compiler/ti-cgt-c2000_22.6.2.LTS/include/_defs.h",line 415,column 5
    2292 00000005 8348          MOVL      XAR5,*-SP[8]          ; [CPU_ALU] |415| 
    2293 00000006 8A46          MOVL      XAR4,*-SP[6]          ; [CPU_ALU] |415| 
    2294                      .dwpsn  file "D:/TI/ccs/ccs/tools/compiler/ti-cgt-c2000_22.6.2.LTS/include/_defs.h",line 419,column 1
    2295 00000007 28AC          MOV       T,#48                 ; [CPU_ALU] |419| 
         00000008 0030 
    2296 00000009 A0AB          MOVL      P,XAR5                ; [CPU_ALU] |419| 
    2297 0000000a A8A9          MOVL      ACC,XAR4              ; [CPU_ALU] |419| 
    2298 0000000b 565B          LSR64     ACC:P,T               ; [CPU_ALU] |419| 
    2299 0000000c 18AB          AND       PL,#0x7ff0            ; [CPU_ALU] |419| 
         0000000d 7FF0 
    2300 0000000e 88AB          MOVZ      AR6,PL                ; [CPU_ALU] |419| 
    2301 0000000f FF20          MOV       ACC,#32752            ; [CPU_ALU] |419| 
         00000010 7FF0 
    2302 00000011 0FA6          CMPL      ACC,XAR6              ; [CPU_ALU] |419| 
    2303 00000012 6016          B         ||$C$L20||,NEQ        ; [CPU_ALU] |419| 
    2304                      ; branchcc occurs ; [] |419| 
    2305 00000013 0200          MOVB      ACC,#0                ; [CPU_ALU] |419| 
    2306 00000014 1E44          MOVL      *-SP[4],ACC           ; [CPU_ALU] |419| 
    2307 00000015 2B42          MOV       *-SP[2],#0            ; [CPU_ALU] |419| 
    2308 00000016 2B41          MOV       *-SP[1],#0            ; [CPU_ALU] |419| 
    2309 00000017 A348          MOVL      P,*-SP[8]             ; [CPU_ALU] |419| 
    2310 00000018 0646          MOVL      ACC,*-SP[6]           ; [CPU_ALU] |419| 
    2311 00000019 18AB          AND       PL,#65535             ; [CPU_ALU] |419| 
         0000001a FFFF 
    2312 0000001b 18AA          AND       PH,#65535             ; [CPU_ALU] |419| 
         0000001c FFFF 
    2313 0000001d 18A9          AND       AL,#65535             ; [CPU_ALU] |419| 
         0000001e FFFF 
    2314 0000001f 910F          ANDB      AH,#15                ; [CPU_ALU] |419| 
    2315              $C$DW$153       .dwtag  DW_TAG_TI_branch
    2316                      .dwattr $C$DW$153, DW_AT_low_pc(0x00)
    2317                      .dwattr $C$DW$153, DW_AT_name("__c28xabi_cmpull")
    2318                      .dwattr $C$DW$153, DW_AT_TI_call
    2319              
    2320 00000020 7640!         LCR       #||__c28xabi_cmpull|| ; [CPU_ALU] |419| 
         00000021 0000 
    2321                      ; call occurs [#||__c28xabi_cmpull||] ; [] |419| 
    2322 00000022 5200          CMPB      AL,#0                 ; [CPU_ALU] |419| 
    2323 00000023 6103          B         ||$C$L19||,EQ         ; [CPU_ALU] |419| 
    2324                      ; branchcc occurs ; [] |419| 
    2325 00000024 9A02          MOVB      AL,#2                 ; [CPU_ALU] |419| 
    2326 00000025 6F2D          B         ||$C$L23||,UNC        ; [CPU_ALU] |419| 
    2327                      ; branch occurs ; [] |419| 
    2328 00000026       ||$C$L19||:    
    2329 00000026 9A01          MOVB      AL,#1                 ; [CPU_ALU] |419| 
    2330 00000027 6F2B          B         ||$C$L23||,UNC        ; [CPU_ALU] |419| 
    2331                      ; branch occurs ; [] |419| 
    2332 00000028       ||$C$L20||:    
    2333 00000028 BE00          MOVB      XAR6,#0               ; [CPU_ALU] |419| 
    2334 00000029 A0AB          MOVL      P,XAR5                ; [CPU_ALU] |419| 
    2335 0000002a A8A9          MOVL      ACC,XAR4              ; [CPU_ALU] |419| 
    2336 0000002b 28AC          MOV       T,#52                 ; [CPU_ALU] |419| 
         0000002c 0034 
TMS320C2000 Assembler PC v22.6.2 Fri Mar 13 19:45:53 2026

Copyright (c) 1996-2018 Texas Instruments Incorporated
motor_sci.asm                                                        PAGE   46

    2337 0000002d C244          MOVL      *-SP[4],XAR6          ; [CPU_ALU] |419| 
    2338 0000002e 2B42          MOV       *-SP[2],#0            ; [CPU_ALU] |419| 
    2339 0000002f 565B          LSR64     ACC:P,T               ; [CPU_ALU] |419| 
    2340 00000030 2B41          MOV       *-SP[1],#0            ; [CPU_FPU] |419| 
    2341 00000031 9000          ANDB      AL,#0                 ; [CPU_ALU] |419| 
    2342 00000032 9100          ANDB      AH,#0                 ; [CPU_ALU] |419| 
    2343 00000033 18AB          AND       PL,#2047              ; [CPU_ALU] |419| 
         00000034 07FF 
    2344 00000035 18AA          AND       PH,#0                 ; [CPU_ALU] |419| 
         00000036 0000 
    2345              $C$DW$154       .dwtag  DW_TAG_TI_branch
    2346                      .dwattr $C$DW$154, DW_AT_low_pc(0x00)
    2347                      .dwattr $C$DW$154, DW_AT_name("__c28xabi_cmpull")
    2348                      .dwattr $C$DW$154, DW_AT_TI_call
    2349              
    2350 00000037 7640!         LCR       #||__c28xabi_cmpull|| ; [CPU_ALU] |419| 
         00000038 0000 
    2351                      ; call occurs [#||__c28xabi_cmpull||] ; [] |419| 
    2352 00000039 5200          CMPB      AL,#0                 ; [CPU_ALU] |419| 
    2353 0000003a 6104          B         ||$C$L21||,EQ         ; [CPU_ALU] |419| 
    2354                      ; branchcc occurs ; [] |419| 
    2355 0000003b 28A9          MOV       AL,#-1                ; [CPU_ALU] |419| 
         0000003c FFFF 
    2356 0000003d 6F15          B         ||$C$L23||,UNC        ; [CPU_ALU] |419| 
    2357                      ; branch occurs ; [] |419| 
    2358 0000003e       ||$C$L21||:    
    2359 0000003e C244          MOVL      *-SP[4],XAR6          ; [CPU_ALU] |419| 
    2360 0000003f A8A9          MOVL      ACC,XAR4              ; [CPU_ALU] |419| 
    2361 00000040 A0AB          MOVL      P,XAR5                ; [CPU_ALU] |419| 
    2362 00000041 2B42          MOV       *-SP[2],#0            ; [CPU_ALU] |419| 
    2363 00000042 18A9          AND       AL,#65535             ; [CPU_ALU] |419| 
         00000043 FFFF 
    2364 00000044 910F          ANDB      AH,#15                ; [CPU_ALU] |419| 
    2365 00000045 18AB          AND       PL,#65535             ; [CPU_ALU] |419| 
         00000046 FFFF 
    2366 00000047 18AA          AND       PH,#65535             ; [CPU_ALU] |419| 
         00000048 FFFF 
    2367 00000049 2B41          MOV       *-SP[1],#0            ; [CPU_FPU] |419| 
    2368              $C$DW$155       .dwtag  DW_TAG_TI_branch
    2369                      .dwattr $C$DW$155, DW_AT_low_pc(0x00)
    2370                      .dwattr $C$DW$155, DW_AT_name("__c28xabi_cmpull")
    2371                      .dwattr $C$DW$155, DW_AT_TI_call
    2372              
    2373 0000004a 7640!         LCR       #||__c28xabi_cmpull|| ; [CPU_ALU] |419| 
         0000004b 0000 
    2374                      ; call occurs [#||__c28xabi_cmpull||] ; [] |419| 
    2375 0000004c 5200          CMPB      AL,#0                 ; [CPU_ALU] |419| 
    2376 0000004d 6104          B         ||$C$L22||,EQ         ; [CPU_ALU] |419| 
    2377                      ; branchcc occurs ; [] |419| 
    2378 0000004e 28A9          MOV       AL,#-2                ; [CPU_ALU] |419| 
         0000004f FFFE 
    2379 00000050 6F02          B         ||$C$L23||,UNC        ; [CPU_ALU] |419| 
    2380                      ; branch occurs ; [] |419| 
    2381 00000051       ||$C$L22||:    
    2382 00000051 9A00          MOVB      AL,#0                 ; [CPU_ALU] |419| 
TMS320C2000 Assembler PC v22.6.2 Fri Mar 13 19:45:53 2026

Copyright (c) 1996-2018 Texas Instruments Incorporated
motor_sci.asm                                                        PAGE   47

    2383 00000052       ||$C$L23||:    
    2384 00000052 FE88          SUBB      SP,#8                 ; [CPU_ARAU] 
    2385                      .dwcfi  cfa_offset, -2
    2386              $C$DW$156       .dwtag  DW_TAG_TI_branch
    2387                      .dwattr $C$DW$156, DW_AT_low_pc(0x00)
    2388                      .dwattr $C$DW$156, DW_AT_TI_return
    2389              
    2390 00000053 0006          LRETR     ; [CPU_ALU] 
    2391                      ; return occurs ; [] 
    2392                      .dwattr $C$DW$149, DW_AT_TI_end_file("D:/TI/ccs/ccs/tools/compiler/ti-cgt-c2000_22.6.2.LTS/include/_d
    2393                      .dwattr $C$DW$149, DW_AT_TI_end_line(0x1ac)
    2394                      .dwattr $C$DW$149, DW_AT_TI_end_column(0x01)
    2395                      .dwendentry
    2396                      .dwendtag $C$DW$149
    2397              
    2398 00000000               .sect   ".text:SCI_B_ISR"
    2399                      .retain
    2400                      .retainrefs
    2401                      .global ||SCI_B_ISR||
    2402              
    2403              $C$DW$157       .dwtag  DW_TAG_subprogram
    2404                      .dwattr $C$DW$157, DW_AT_name("SCI_B_ISR")
    2405                      .dwattr $C$DW$157, DW_AT_low_pc(||SCI_B_ISR||)
    2406                      .dwattr $C$DW$157, DW_AT_high_pc(0x00)
    2407                      .dwattr $C$DW$157, DW_AT_linkage_name("SCI_B_ISR")
    2408                      .dwattr $C$DW$157, DW_AT_external
    2409                      .dwattr $C$DW$157, DW_AT_decl_file("../sources/motor_sci.c")
    2410                      .dwattr $C$DW$157, DW_AT_decl_line(0x104)
    2411                      .dwattr $C$DW$157, DW_AT_decl_column(0x12)
    2412                      .dwattr $C$DW$157, DW_AT_TI_interrupt
    2413                      .dwattr $C$DW$157, DW_AT_TI_max_frame_size(-28)
    2414                      .dwpsn  file "../sources/motor_sci.c",line 261,column 1,is_stmt,address ||SCI_B_ISR||,isa 0
    2415              
    2416                      .dwfde $C$DW$CIE, ||SCI_B_ISR||
    2417              
    2418              ;***************************************************************
    2419              ;* FNAME: SCI_B_ISR                     FR SIZE:  26           *
    2420              ;*                                                             *
    2421              ;* FUNCTION ENVIRONMENT                                        *
    2422              ;*                                                             *
    2423              ;* FUNCTION PROPERTIES                                         *
    2424              ;*                            2 Parameter,  0 Auto, 24 SOE     *
    2425              ;***************************************************************
    2426              
    2427              ||SCI_B_ISR||:
    2428              ;* AR0   assigned to $O$T1
    2429              ;* AR6   assigned to status
    2430              $C$DW$158       .dwtag  DW_TAG_variable
    2431                      .dwattr $C$DW$158, DW_AT_name("status")
    2432                      .dwattr $C$DW$158, DW_AT_type(*$C$DW$T$27)
    2433                      .dwattr $C$DW$158, DW_AT_location[DW_OP_reg16]
    2434              
    2435              ;* AH    assigned to data
    2436              $C$DW$159       .dwtag  DW_TAG_variable
    2437                      .dwattr $C$DW$159, DW_AT_name("data")
TMS320C2000 Assembler PC v22.6.2 Fri Mar 13 19:45:53 2026

Copyright (c) 1996-2018 Texas Instruments Incorporated
motor_sci.asm                                                        PAGE   48

    2438                      .dwattr $C$DW$159, DW_AT_type(*$C$DW$T$27)
    2439                      .dwattr $C$DW$159, DW_AT_location[DW_OP_reg1]
    2440              
    2441                      .dwcfi  cfa_offset, -2
    2442                      .dwcfi  save_reg_to_mem, 26, 0
    2443 00000000 761B          ASP       ; [CPU_ALU] 
    2444 00000001 FFF0          PUSH      RB                    ; [CPU_FPU] 
    2445                      .dwcfi  save_reg_to_mem, 74, 4
    2446                      .dwcfi  cfa_offset, -4
    2447 00000002 0005          PUSH      AR1H:AR0H             ; [CPU_ALU] 
    2448                      .dwcfi  save_reg_to_mem, 5, 4
    2449                      .dwcfi  save_reg_to_mem, 7, 5
    2450                      .dwcfi  cfa_offset, -6
    2451 00000003 ABBD          MOVL      *SP++,XT              ; [CPU_ALU] 
    2452                      .dwcfi  save_reg_to_mem, 21, 6
    2453                      .dwcfi  save_reg_to_mem, 22, 7
    2454                      .dwcfi  cfa_offset, -8
    2455 00000004 A8BD          MOVL      *SP++,XAR4            ; [CPU_ALU] 
    2456                      .dwcfi  save_reg_to_mem, 12, 8
    2457                      .dwcfi  save_reg_to_mem, 13, 9
    2458                      .dwcfi  cfa_offset, -10
    2459 00000005 A0BD          MOVL      *SP++,XAR5            ; [CPU_ALU] 
    2460                      .dwcfi  save_reg_to_mem, 14, 10
    2461                      .dwcfi  save_reg_to_mem, 15, 11
    2462                      .dwcfi  cfa_offset, -12
    2463 00000006 C2BD          MOVL      *SP++,XAR6            ; [CPU_ALU] 
    2464                      .dwcfi  save_reg_to_mem, 16, 12
    2465                      .dwcfi  save_reg_to_mem, 17, 13
    2466                      .dwcfi  cfa_offset, -14
    2467 00000007 C3BD          MOVL      *SP++,XAR7            ; [CPU_ALU] 
    2468                      .dwcfi  save_reg_to_mem, 18, 14
    2469                      .dwcfi  save_reg_to_mem, 19, 15
    2470                      .dwcfi  cfa_offset, -16
    2471 00000008 E200          MOV32     *SP++,STF             ; [CPU_FPU] 
         00000009 00BD 
    2472                      .dwcfi  save_reg_to_mem, 40, 18
    2473                      .dwcfi  cfa_offset, -18
    2474 0000000a E203          MOV32     *SP++,R0H             ; [CPU_FPU] 
         0000000b 00BD 
    2475                      .dwcfi  save_reg_to_mem, 43, 20
    2476                      .dwcfi  cfa_offset, -20
    2477 0000000c E203          MOV32     *SP++,R1H             ; [CPU_FPU] 
         0000000d 01BD 
    2478                      .dwcfi  save_reg_to_mem, 47, 22
    2479                      .dwcfi  cfa_offset, -22
    2480 0000000e E203          MOV32     *SP++,R2H             ; [CPU_FPU] 
         0000000f 02BD 
    2481                      .dwcfi  save_reg_to_mem, 51, 24
    2482                      .dwcfi  cfa_offset, -24
    2483 00000010 E203          MOV32     *SP++,R3H             ; [CPU_FPU] 
         00000011 03BD 
    2484                      .dwcfi  save_reg_to_mem, 55, 26
    2485                      .dwcfi  cfa_offset, -26
    2486 00000012 E630          SETFLG    RNDF32=1, RNDF64=1    ; [CPU_FPU] 
         00000013 0600 
TMS320C2000 Assembler PC v22.6.2 Fri Mar 13 19:45:53 2026

Copyright (c) 1996-2018 Texas Instruments Incorporated
motor_sci.asm                                                        PAGE   49

    2487 00000014 FE02          ADDB      SP,#2                 ; [CPU_ARAU] 
    2488                      .dwcfi  cfa_offset, -28
    2489 00000015 FF69          SPM       0                     ; [CPU_ALU] 
    2490 00000016 2942          CLRC      PAGE0,OVM             ; [CPU_ALU] 
    2491 00000017 5616          CLRC      AMODE                 ; [CPU_ALU] 
    2492                      .dwpsn  file "../sources/motor_sci.c",line 262,column 21,is_stmt,isa 0
    2493 00000018 FF20          MOV       ACC,#29200            ; [CPU_ALU] |262| 
         00000019 7210 
    2494              $C$DW$160       .dwtag  DW_TAG_TI_branch
    2495                      .dwattr $C$DW$160, DW_AT_low_pc(0x00)
    2496                      .dwattr $C$DW$160, DW_AT_name("SCI_getInterruptStatus")
    2497                      .dwattr $C$DW$160, DW_AT_TI_call
    2498              
    2499 0000001a 7640!         LCR       #||SCI_getInterruptStatus|| ; [CPU_ALU] |262| 
         0000001b 0000 
    2500                      ; call occurs [#||SCI_getInterruptStatus||] ; [] |262| 
    2501 0000001c 88A9          MOVZ      AR6,AL                ; [CPU_ALU] |262| 
    2502                      .dwpsn  file "../sources/motor_sci.c",line 264,column 5,is_stmt,isa 0
    2503 0000001d 41A6          TBIT      AR6,#1                ; [CPU_ALU] |264| 
    2504 0000001e 6C18          B         ||$C$L26||,NTC        ; [CPU_ALU] |264| 
    2505                      ; branchcc occurs ; [] |264| 
    2506                      .dwpsn  file "C:/TI/C2000Ware_MotorControl_SDK_5_04_00_00/c2000ware/driverlib/f2837xd/driverlib/sci.h
    2507 0000001f F5A8          MOV       AH,*(0:0x7217)        ; [CPU_ALU] |1285| 
         00000020 7217 
    2508 00000021 761F!         MOVW      DP,#||sciRxIndex||    ; [CPU_ARAU] 
         00000022 0000 
    2509 00000023 91FF          ANDB      AH,#0xff              ; [CPU_ALU] |1285| 
    2510                      .dwpsn  file "../sources/motor_sci.c",line 270,column 9,is_stmt,isa 0
    2511 00000024 9200!         MOV       AL,@||sciRxIndex||    ; [CPU_FPU] |270| 
    2512 00000025 523F          CMPB      AL,#63                ; [CPU_ALU] |270| 
    2513 00000026 670F          B         ||$C$L25||,HIS        ; [CPU_ALU] |270| 
    2514                      ; branchcc occurs ; [] |270| 
    2515                      .dwpsn  file "../sources/motor_sci.c",line 272,column 13,is_stmt,isa 0
    2516 00000027 5800!         MOVZ      AR0,@||sciRxIndex||   ; [CPU_ALU] |272| 
    2517 00000028 9A01          MOVB      AL,#1                 ; [CPU_ALU] |272| 
    2518 00000029 8F00!         MOVL      XAR4,#||sciRxBuffer|| ; [CPU_ARAU] |272| 
         0000002a 0000 
    2519 0000002b 94A0          ADD       AL,AR0                ; [CPU_ALU] |272| 
    2520 0000002c 9600!         MOV       @||sciRxIndex||,AL    ; [CPU_ALU] |272| 
    2521                      .dwpsn  file "../sources/motor_sci.c",line 275,column 13,is_stmt,isa 0
    2522 0000002d 530D          CMPB      AH,#13                ; [CPU_ALU] |275| 
    2523                      .dwpsn  file "../sources/motor_sci.c",line 272,column 13,is_stmt,isa 0
    2524 0000002e 9794          MOV       *+XAR4[AR0],AH        ; [CPU_FPU] |272| 
    2525                      .dwpsn  file "../sources/motor_sci.c",line 275,column 13,is_stmt,isa 0
    2526 0000002f 6103          B         ||$C$L24||,EQ         ; [CPU_ALU] |275| 
    2527                      ; branchcc occurs ; [] |275| 
    2528 00000030 530A          CMPB      AH,#10                ; [CPU_ALU] |275| 
    2529 00000031 6005          B         ||$C$L26||,NEQ        ; [CPU_ALU] |275| 
    2530                      ; branchcc occurs ; [] |275| 
    2531 00000032       ||$C$L24||:    
    2532                      .dwpsn  file "../sources/motor_sci.c",line 277,column 17,is_stmt,isa 0
    2533 00000032 56BF!         MOVB      @||sciRxFlag||,#1,UNC ; [CPU_ALU] |277| 
         00000033 0100 
    2534 00000034 6F02          B         ||$C$L26||,UNC        ; [CPU_ALU] |277| 
    2535                      ; branch occurs ; [] |277| 
TMS320C2000 Assembler PC v22.6.2 Fri Mar 13 19:45:53 2026

Copyright (c) 1996-2018 Texas Instruments Incorporated
motor_sci.asm                                                        PAGE   50

    2536 00000035       ||$C$L25||:    
    2537                      .dwpsn  file "../sources/motor_sci.c",line 283,column 13,is_stmt,isa 0
    2538 00000035 2B00!         MOV       @||sciRxIndex||,#0    ; [CPU_ALU] |283| 
    2539 00000036       ||$C$L26||:    
    2540                      .dwpsn  file "../sources/motor_sci.c",line 288,column 5,is_stmt,isa 0
    2541 00000036 0EA6          MOVU      ACC,AR6               ; [CPU_ALU] |288| 
    2542 00000037 8F00          MOVL      XAR4,#29200           ; [CPU_ARAU] |288| 
         00000038 7210 
    2543 00000039 1E42          MOVL      *-SP[2],ACC           ; [CPU_ALU] |288| 
    2544 0000003a A8A9          MOVL      ACC,XAR4              ; [CPU_ALU] |288| 
    2545              $C$DW$161       .dwtag  DW_TAG_TI_branch
    2546                      .dwattr $C$DW$161, DW_AT_low_pc(0x00)
    2547                      .dwattr $C$DW$161, DW_AT_name("SCI_clearInterruptStatus")
    2548                      .dwattr $C$DW$161, DW_AT_TI_call
    2549              
    2550 0000003b 7640!         LCR       #||SCI_clearInterruptStatus|| ; [CPU_ALU] |288| 
         0000003c 0000 
    2551                      ; call occurs [#||SCI_clearInterruptStatus||] ; [] |288| 
    2552                      .dwpsn  file "C:\TI\C2000Ware_MotorControl_SDK_5_04_00_00\c2000ware\driverlib\f2837xd\driverlib\inter
    2553 0000003d 28A9          MOV       AL,#256               ; [CPU_ALU] |379| 
         0000003e 0100 
    2554 0000003f F4A9          MOV       *(0:0x0ce1),AL        ; [CPU_ALU] |379| 
         00000040 0CE1 
    2555 00000041 FE82          SUBB      SP,#2                 ; [CPU_ARAU] 
    2556                      .dwcfi  cfa_offset, -26
    2557 00000042 E2AF          MOV32     R3H,*--SP             ; [CPU_FPU] 
         00000043 03BE 
    2558                      .dwcfi  cfa_offset, -24
    2559                      .dwcfi  restore_reg, 55
    2560 00000044 E2AF          MOV32     R2H,*--SP             ; [CPU_FPU] 
         00000045 02BE 
    2561                      .dwcfi  cfa_offset, -22
    2562                      .dwcfi  restore_reg, 51
    2563 00000046 E2AF          MOV32     R1H,*--SP             ; [CPU_FPU] 
         00000047 01BE 
    2564                      .dwcfi  cfa_offset, -20
    2565                      .dwcfi  restore_reg, 47
    2566 00000048 E2AF          MOV32     R0H,*--SP             ; [CPU_FPU] 
         00000049 00BE 
    2567                      .dwcfi  cfa_offset, -18
    2568                      .dwcfi  restore_reg, 43
    2569 0000004a E280          MOV32     STF,*--SP             ; [CPU_FPU] 
         0000004b 00BE 
    2570                      .dwcfi  cfa_offset, -16
    2571                      .dwcfi  restore_reg, 40
    2572 0000004c C5BE          MOVL      XAR7,*--SP            ; [CPU_ALU] 
    2573                      .dwcfi  cfa_offset, -14
    2574                      .dwcfi  restore_reg, 18
    2575 0000004d C4BE          MOVL      XAR6,*--SP            ; [CPU_ALU] 
    2576                      .dwcfi  cfa_offset, -12
    2577                      .dwcfi  restore_reg, 16
    2578 0000004e 83BE          MOVL      XAR5,*--SP            ; [CPU_ALU] 
    2579                      .dwcfi  cfa_offset, -10
    2580                      .dwcfi  restore_reg, 14
    2581 0000004f 8ABE          MOVL      XAR4,*--SP            ; [CPU_ALU] 
TMS320C2000 Assembler PC v22.6.2 Fri Mar 13 19:45:53 2026

Copyright (c) 1996-2018 Texas Instruments Incorporated
motor_sci.asm                                                        PAGE   51

    2582                      .dwcfi  cfa_offset, -8
    2583                      .dwcfi  restore_reg, 12
    2584 00000050 87BE          MOVL      XT,*--SP              ; [CPU_ALU] 
    2585                      .dwcfi  cfa_offset, -6
    2586                      .dwcfi  restore_reg, 22
    2587                      .dwcfi  restore_reg, 21
    2588 00000051 0003          POP       AR1H:AR0H             ; [CPU_ALU] 
    2589                      .dwcfi  cfa_offset, -4
    2590                      .dwcfi  restore_reg, 5
    2591                      .dwcfi  restore_reg, 7
    2592 00000052 3B30          SETC      INTM, DBGM            ; [CPU_ALU] 
    2593 00000053 FFF1          POP       RB                    ; [CPU_FPU] 
    2594                      .dwcfi  cfa_offset, -2
    2595                      .dwcfi  restore_reg, 74
    2596 00000054 7617          NASP      ; [CPU_ALU] 
    2597              $C$DW$162       .dwtag  DW_TAG_TI_branch
    2598                      .dwattr $C$DW$162, DW_AT_low_pc(0x00)
    2599                      .dwattr $C$DW$162, DW_AT_TI_return
    2600              
    2601 00000055 7602          IRET      ; [CPU_ALU] 
    2602                      ; return occurs ; [] 
    2603                      .dwattr $C$DW$157, DW_AT_TI_end_file("../sources/motor_sci.c")
    2604                      .dwattr $C$DW$157, DW_AT_TI_end_line(0x122)
    2605                      .dwattr $C$DW$157, DW_AT_TI_end_column(0x01)
    2606                      .dwendentry
    2607                      .dwendtag $C$DW$157
    2608              
    2609 00000000               .sect   ".text:MOTOR_SCI_sendString"
    2610                      .clink
    2611                      .global ||MOTOR_SCI_sendString||
    2612              
    2613              $C$DW$163       .dwtag  DW_TAG_subprogram
    2614                      .dwattr $C$DW$163, DW_AT_name("MOTOR_SCI_sendString")
    2615                      .dwattr $C$DW$163, DW_AT_low_pc(||MOTOR_SCI_sendString||)
    2616                      .dwattr $C$DW$163, DW_AT_high_pc(0x00)
    2617                      .dwattr $C$DW$163, DW_AT_linkage_name("MOTOR_SCI_sendString")
    2618                      .dwattr $C$DW$163, DW_AT_external
    2619                      .dwattr $C$DW$163, DW_AT_decl_file("../sources/motor_sci.c")
    2620                      .dwattr $C$DW$163, DW_AT_decl_line(0xdb)
    2621                      .dwattr $C$DW$163, DW_AT_decl_column(0x06)
    2622                      .dwattr $C$DW$163, DW_AT_TI_max_frame_size(-4)
    2623                      .dwpsn  file "../sources/motor_sci.c",line 220,column 1,is_stmt,address ||MOTOR_SCI_sendString||,isa 
    2624              
    2625                      .dwfde $C$DW$CIE, ||MOTOR_SCI_sendString||
    2626              $C$DW$164       .dwtag  DW_TAG_formal_parameter
    2627                      .dwattr $C$DW$164, DW_AT_name("sciBase")
    2628                      .dwattr $C$DW$164, DW_AT_type(*$C$DW$T$22)
    2629                      .dwattr $C$DW$164, DW_AT_location[DW_OP_reg0]
    2630              
    2631              $C$DW$165       .dwtag  DW_TAG_formal_parameter
    2632                      .dwattr $C$DW$165, DW_AT_name("str")
    2633                      .dwattr $C$DW$165, DW_AT_type(*$C$DW$T$39)
    2634                      .dwattr $C$DW$165, DW_AT_location[DW_OP_reg12]
    2635              
    2636              
TMS320C2000 Assembler PC v22.6.2 Fri Mar 13 19:45:53 2026

Copyright (c) 1996-2018 Texas Instruments Incorporated
motor_sci.asm                                                        PAGE   52

    2637              ;***************************************************************
    2638              ;* FNAME: MOTOR_SCI_sendString          FR SIZE:   2           *
    2639              ;*                                                             *
    2640              ;* FUNCTION ENVIRONMENT                                        *
    2641              ;*                                                             *
    2642              ;* FUNCTION PROPERTIES                                         *
    2643              ;*                            0 Parameter,  0 Auto,  2 SOE     *
    2644              ;***************************************************************
    2645              
    2646              ||MOTOR_SCI_sendString||:
    2647              ;* AL    assigned to $O$C2
    2648              ;* AL    assigned to $O$U20
    2649              ;* AR5   assigned to sciBase
    2650              $C$DW$166       .dwtag  DW_TAG_variable
    2651                      .dwattr $C$DW$166, DW_AT_name("sciBase")
    2652                      .dwattr $C$DW$166, DW_AT_type(*$C$DW$T$73)
    2653                      .dwattr $C$DW$166, DW_AT_location[DW_OP_reg14]
    2654              
    2655              ;* AR4   assigned to str
    2656              $C$DW$167       .dwtag  DW_TAG_variable
    2657                      .dwattr $C$DW$167, DW_AT_name("str")
    2658                      .dwattr $C$DW$167, DW_AT_type(*$C$DW$T$88)
    2659                      .dwattr $C$DW$167, DW_AT_location[DW_OP_reg12]
    2660              
    2661              ;* AR0   assigned to i
    2662              $C$DW$168       .dwtag  DW_TAG_variable
    2663                      .dwattr $C$DW$168, DW_AT_name("i")
    2664                      .dwattr $C$DW$168, DW_AT_type(*$C$DW$T$27)
    2665                      .dwattr $C$DW$168, DW_AT_location[DW_OP_reg4]
    2666              
    2667                      .dwcfi  cfa_offset, -2
    2668                      .dwcfi  save_reg_to_mem, 26, 0
    2669 00000000 B2BD          MOVL      *SP++,XAR1            ; [CPU_ALU] 
    2670                      .dwcfi  save_reg_to_mem, 7, 2
    2671                      .dwcfi  cfa_offset, -4
    2672 00000001 83A9          MOVL      XAR5,ACC              ; [CPU_ALU] |220| 
    2673                      .dwpsn  file "../sources/motor_sci.c",line 223,column 11,is_stmt,isa 0
    2674 00000002 92C4          MOV       AL,*+XAR4[0]          ; [CPU_ALU] |223| 
    2675 00000003 610D          B         ||$C$L28||,EQ         ; [CPU_ALU] |223| 
    2676                      ; branchcc occurs ; [] |223| 
    2677                      .dwpsn  file "../sources/motor_sci.c",line 221,column 16,is_stmt,isa 0
    2678 00000004 D000          MOVB      XAR0,#0               ; [CPU_ALU] |221| 
    2679 00000005       ||$C$L27||:    
    2680                      .dwpsn  file "C:/TI/C2000Ware_MotorControl_SDK_5_04_00_00/c2000ware/driverlib/f2837xd/driverlib/sci.h
    2681 00000005 D10A          MOVB      XAR1,#10              ; [CPU_ALU] |957| 
    2682 00000006 CD9D          AND       AH,*+XAR5[AR1],#0x1f00 ; [CPU_ALU] |957| 
         00000007 1F00 
    2683 00000008 FFD7          LSR       AH,8                  ; [CPU_ALU] |957| 
    2684 00000009 5310          CMPB      AH,#16                ; [CPU_ALU] |957| 
    2685 0000000a 61FB          B         ||$C$L27||,EQ         ; [CPU_ALU] |957| 
    2686                      ; branchcc occurs ; [] |957| 
    2687                      .dwpsn  file "C:/TI/C2000Ware_MotorControl_SDK_5_04_00_00/c2000ware/driverlib/f2837xd/driverlib/sci.h
    2688 0000000b D109          MOVB      XAR1,#9               ; [CPU_ALU] |1145| 
    2689                      .dwpsn  file "../sources/motor_sci.c",line 223,column 11,is_stmt,isa 0
    2690 0000000c D801          ADDB      XAR0,#1               ; [CPU_ALU] |223| 
TMS320C2000 Assembler PC v22.6.2 Fri Mar 13 19:45:53 2026

Copyright (c) 1996-2018 Texas Instruments Incorporated
motor_sci.asm                                                        PAGE   53

    2691                      .dwpsn  file "C:/TI/C2000Ware_MotorControl_SDK_5_04_00_00/c2000ware/driverlib/f2837xd/driverlib/sci.h
    2692 0000000d 969D          MOV       *+XAR5[AR1],AL        ; [CPU_FPU] |1145| 
    2693                      .dwpsn  file "../sources/motor_sci.c",line 223,column 11,is_stmt,isa 0
    2694 0000000e 9294          MOV       AL,*+XAR4[AR0]        ; [CPU_ALU] |223| 
    2695 0000000f 60F6          B         ||$C$L27||,NEQ        ; [CPU_ALU] |223| 
    2696                      ; branchcc occurs ; [] |223| 
    2697 00000010       ||$C$L28||:    
    2698 00000010 8BBE          MOVL      XAR1,*--SP            ; [CPU_ALU] 
    2699                      .dwcfi  cfa_offset, -2
    2700                      .dwcfi  restore_reg, 7
    2701              $C$DW$169       .dwtag  DW_TAG_TI_branch
    2702                      .dwattr $C$DW$169, DW_AT_low_pc(0x00)
    2703                      .dwattr $C$DW$169, DW_AT_TI_return
    2704              
    2705 00000011 0006          LRETR     ; [CPU_ALU] 
    2706                      ; return occurs ; [] 
    2707                      .dwattr $C$DW$163, DW_AT_TI_end_file("../sources/motor_sci.c")
    2708                      .dwattr $C$DW$163, DW_AT_TI_end_line(0xe5)
    2709                      .dwattr $C$DW$163, DW_AT_TI_end_column(0x01)
    2710                      .dwendentry
    2711                      .dwendtag $C$DW$163
    2712              
    2713 00000000               .sect   ".text:MOTOR_SCI_sendSpeedInfo"
    2714                      .clink
    2715                      .global ||MOTOR_SCI_sendSpeedInfo||
    2716              
    2717              $C$DW$170       .dwtag  DW_TAG_subprogram
    2718                      .dwattr $C$DW$170, DW_AT_name("MOTOR_SCI_sendSpeedInfo")
    2719                      .dwattr $C$DW$170, DW_AT_low_pc(||MOTOR_SCI_sendSpeedInfo||)
    2720                      .dwattr $C$DW$170, DW_AT_high_pc(0x00)
    2721                      .dwattr $C$DW$170, DW_AT_linkage_name("MOTOR_SCI_sendSpeedInfo")
    2722                      .dwattr $C$DW$170, DW_AT_external
    2723                      .dwattr $C$DW$170, DW_AT_decl_file("../sources/motor_sci.c")
    2724                      .dwattr $C$DW$170, DW_AT_decl_line(0xc7)
    2725                      .dwattr $C$DW$170, DW_AT_decl_column(0x06)
    2726                      .dwattr $C$DW$170, DW_AT_TI_max_frame_size(-100)
    2727                      .dwpsn  file "../sources/motor_sci.c",line 200,column 1,is_stmt,address ||MOTOR_SCI_sendSpeedInfo||,i
    2728              
    2729                      .dwfde $C$DW$CIE, ||MOTOR_SCI_sendSpeedInfo||
    2730              $C$DW$171       .dwtag  DW_TAG_formal_parameter
    2731                      .dwattr $C$DW$171, DW_AT_name("sciBase")
    2732                      .dwattr $C$DW$171, DW_AT_type(*$C$DW$T$22)
    2733                      .dwattr $C$DW$171, DW_AT_location[DW_OP_reg0]
    2734              
    2735              $C$DW$172       .dwtag  DW_TAG_formal_parameter
    2736                      .dwattr $C$DW$172, DW_AT_name("refSpeed")
    2737                      .dwattr $C$DW$172, DW_AT_type(*$C$DW$T$16)
    2738                      .dwattr $C$DW$172, DW_AT_location[DW_OP_regx 0x2b]
    2739              
    2740              $C$DW$173       .dwtag  DW_TAG_formal_parameter
    2741                      .dwattr $C$DW$173, DW_AT_name("actualSpeed")
    2742                      .dwattr $C$DW$173, DW_AT_type(*$C$DW$T$16)
    2743                      .dwattr $C$DW$173, DW_AT_location[DW_OP_regx 0x2f]
    2744              
    2745              $C$DW$174       .dwtag  DW_TAG_formal_parameter
TMS320C2000 Assembler PC v22.6.2 Fri Mar 13 19:45:53 2026

Copyright (c) 1996-2018 Texas Instruments Incorporated
motor_sci.asm                                                        PAGE   54

    2746                      .dwattr $C$DW$174, DW_AT_name("motorId")
    2747                      .dwattr $C$DW$174, DW_AT_type(*$C$DW$T$27)
    2748                      .dwattr $C$DW$174, DW_AT_location[DW_OP_reg12]
    2749              
    2750              
    2751              ;***************************************************************
    2752              ;* FNAME: MOTOR_SCI_sendSpeedInfo       FR SIZE:  98           *
    2753              ;*                                                             *
    2754              ;* FUNCTION ENVIRONMENT                                        *
    2755              ;*                                                             *
    2756              ;* FUNCTION PROPERTIES                                         *
    2757              ;*                            8 Parameter, 81 Auto,  8 SOE     *
    2758              ;***************************************************************
    2759              
    2760              ||MOTOR_SCI_sendSpeedInfo||:
    2761              $C$DW$175       .dwtag  DW_TAG_variable
    2762                      .dwattr $C$DW$175, DW_AT_name("buffer")
    2763                      .dwattr $C$DW$175, DW_AT_type(*$C$DW$T$90)
    2764                      .dwattr $C$DW$175, DW_AT_location[DW_OP_breg20 -72]
    2765              
    2766              ;* AL    assigned to sciBase
    2767              $C$DW$176       .dwtag  DW_TAG_variable
    2768                      .dwattr $C$DW$176, DW_AT_name("sciBase")
    2769                      .dwattr $C$DW$176, DW_AT_type(*$C$DW$T$73)
    2770                      .dwattr $C$DW$176, DW_AT_location[DW_OP_reg0]
    2771              
    2772              ;* R4    assigned to actualSpeed
    2773              $C$DW$177       .dwtag  DW_TAG_variable
    2774                      .dwattr $C$DW$177, DW_AT_name("actualSpeed")
    2775                      .dwattr $C$DW$177, DW_AT_type(*$C$DW$T$78)
    2776                      .dwattr $C$DW$177, DW_AT_location[DW_OP_regx 0x3b]
    2777              
    2778              ;* AL    assigned to motorId
    2779              $C$DW$178       .dwtag  DW_TAG_variable
    2780                      .dwattr $C$DW$178, DW_AT_name("motorId")
    2781                      .dwattr $C$DW$178, DW_AT_type(*$C$DW$T$68)
    2782                      .dwattr $C$DW$178, DW_AT_location[DW_OP_reg0]
    2783              
    2784                      .dwcfi  cfa_offset, -2
    2785                      .dwcfi  save_reg_to_mem, 26, 0
    2786 00000000 B2BD          MOVL      *SP++,XAR1            ; [CPU_ALU] 
    2787                      .dwcfi  save_reg_to_mem, 7, 2
    2788                      .dwcfi  cfa_offset, -4
    2789 00000001 AABD          MOVL      *SP++,XAR2            ; [CPU_ALU] 
    2790                      .dwcfi  save_reg_to_mem, 9, 4
    2791                      .dwcfi  cfa_offset, -6
    2792 00000002 A2BD          MOVL      *SP++,XAR3            ; [CPU_ALU] 
    2793                      .dwcfi  save_reg_to_mem, 11, 6
    2794                      .dwcfi  cfa_offset, -8
    2795 00000003 E203          MOV32     *SP++,R4H             ; [CPU_FPU] 
         00000004 04BD 
    2796                      .dwcfi  save_reg_to_mem, 59, 8
    2797                      .dwcfi  cfa_offset, -10
    2798 00000005 5AAD          MOVZ      AR2,SP                ; [CPU_ALU] 
    2799 00000006 DA8A          SUBB      FP,#10                ; [CPU_ARAU] 
TMS320C2000 Assembler PC v22.6.2 Fri Mar 13 19:45:53 2026

Copyright (c) 1996-2018 Texas Instruments Incorporated
motor_sci.asm                                                        PAGE   55

    2800 00000007 FE5A          ADDB      SP,#90                ; [CPU_ARAU] 
    2801                      .dwcfi  cfa_offset, -100
    2802 00000008 D00B          MOVL      XAR0,#11              ; [CPU_ALU] |200| 
    2803 00000009 7C92          MOV       *+FP[AR0],AR4         ; [CPU_ALU] |200| 
    2804                      .dwpsn  file "../sources/motor_sci.c",line 206,column 5,is_stmt,isa 0
    2805 0000000a 5CAD          MOVZ      AR4,SP                ; [CPU_ALU] |206| 
    2806                      .dwpsn  file "../sources/motor_sci.c",line 200,column 1,is_stmt,isa 0
    2807 0000000b 8BA9          MOVL      XAR1,ACC              ; [CPU_ALU] |200| 
    2808 0000000c E6CF          MOV32     R4H,R1H               ; [CPU_FPU] |200| 
         0000000d 000C 
    2809                      .dwpsn  file "../sources/motor_sci.c",line 206,column 5,is_stmt,isa 0
    2810 0000000e DCD0          SUBB      XAR4,#80              ; [CPU_ARAU] |206| 
    2811 0000000f 88A4          MOVZ      AR6,AR4               ; [CPU_ALU] |206| 
    2812              $C$DW$179       .dwtag  DW_TAG_TI_branch
    2813                      .dwattr $C$DW$179, DW_AT_low_pc(0x00)
    2814                      .dwattr $C$DW$179, DW_AT_name("__c28xabi_ftod")
    2815                      .dwattr $C$DW$179, DW_AT_TI_call
    2816              
    2817 00000010 7640!         LCR       #||__c28xabi_ftod||   ; [CPU_ALU] |206| 
         00000011 0000 
    2818                      ; call occurs [#||__c28xabi_ftod||] ; [] |206| 
    2819 00000012 5CAD          MOVZ      AR4,SP                ; [CPU_ALU] |206| 
    2820 00000013 DCD0          SUBB      XAR4,#80              ; [CPU_ARAU] |206| 
    2821 00000014 C4C4          MOVL      XAR6,*+XAR4[0]        ; [CPU_ALU] |206| 
    2822 00000015 06D4          MOVL      ACC,*+XAR4[2]         ; [CPU_ALU] |206| 
    2823 00000016 5CAD          MOVZ      AR4,SP                ; [CPU_ALU] |206| 
    2824 00000017 DCCC          SUBB      XAR4,#76              ; [CPU_ARAU] |206| 
    2825 00000018 C2C4          MOVL      *+XAR4[0],XAR6        ; [CPU_ALU] |206| 
    2826 00000019 1ED4          MOVL      *+XAR4[2],ACC         ; [CPU_ALU] |206| 
    2827 0000001a 5CAD          MOVZ      AR4,SP                ; [CPU_ALU] |206| 
    2828 0000001b DCCC          SUBB      XAR4,#76              ; [CPU_ARAU] |206| 
    2829 0000001c 5BA4          MOVZ      AR3,AR4               ; [CPU_ALU] |206| 
    2830 0000001d 5CAD          MOVZ      AR4,SP                ; [CPU_ALU] |206| 
    2831 0000001e E6CF          MOV32     R0H,R4H               ; [CPU_FPU] |206| 
         0000001f 0020 
    2832 00000020 DCD8          SUBB      XAR4,#88              ; [CPU_ARAU] |206| 
    2833 00000021 88A4          MOVZ      AR6,AR4               ; [CPU_ALU] |206| 
    2834              $C$DW$180       .dwtag  DW_TAG_TI_branch
    2835                      .dwattr $C$DW$180, DW_AT_low_pc(0x00)
    2836                      .dwattr $C$DW$180, DW_AT_name("__c28xabi_ftod")
    2837                      .dwattr $C$DW$180, DW_AT_TI_call
    2838              
    2839 00000022 7640!         LCR       #||__c28xabi_ftod||   ; [CPU_ALU] |206| 
         00000023 0000 
    2840                      ; call occurs [#||__c28xabi_ftod||] ; [] |206| 
    2841 00000024 5CAD          MOVZ      AR4,SP                ; [CPU_ALU] |206| 
    2842 00000025 DCD8          SUBB      XAR4,#88              ; [CPU_ARAU] |206| 
    2843 00000026 C5C4          MOVL      XAR7,*+XAR4[0]        ; [CPU_ALU] |206| 
    2844 00000027 C4D4          MOVL      XAR6,*+XAR4[2]        ; [CPU_ALU] |206| 
    2845 00000028 5CAD          MOVZ      AR4,SP                ; [CPU_ALU] |206| 
    2846 00000029 DCD4          SUBB      XAR4,#84              ; [CPU_ARAU] |206| 
    2847 0000002a C3C4          MOVL      *+XAR4[0],XAR7        ; [CPU_ALU] |206| 
    2848 0000002b C2D4          MOVL      *+XAR4[2],XAR6        ; [CPU_ALU] |206| 
    2849 0000002c 5CAD          MOVZ      AR4,SP                ; [CPU_ALU] |206| 
    2850 0000002d D00B          MOVL      XAR0,#11              ; [CPU_ALU] |206| 
TMS320C2000 Assembler PC v22.6.2 Fri Mar 13 19:45:53 2026

Copyright (c) 1996-2018 Texas Instruments Incorporated
motor_sci.asm                                                        PAGE   56

    2851 0000002e 8F40!         MOVL      XAR5,#$C$FSL1         ; [CPU_ARAU] |206| 
         0000002f 0000 
    2852 00000030 DCD4          SUBB      XAR4,#84              ; [CPU_ARAU] |206| 
    2853 00000031 88A4          MOVZ      AR6,AR4               ; [CPU_ALU] |206| 
    2854 00000032 5CAD          MOVZ      AR4,SP                ; [CPU_ALU] |206| 
    2855 00000033 9292          MOV       AL,*+FP[AR0]          ; [CPU_ALU] |206| 
    2856 00000034 A042          MOVL      *-SP[2],XAR5          ; [CPU_ALU] |206| 
    2857 00000035 9643          MOV       *-SP[3],AL            ; [CPU_ALU] |206| 
    2858 00000036 DCC8          SUBB      XAR4,#72              ; [CPU_ARAU] |206| 
    2859 00000037 5CA4          MOVZ      AR4,AR4               ; [CPU_ALU] |206| 
    2860 00000038 A246          MOVL      *-SP[6],XAR3          ; [CPU_ALU] |206| 
    2861 00000039 C248          MOVL      *-SP[8],XAR6          ; [CPU_ALU] |206| 
    2862              $C$DW$181       .dwtag  DW_TAG_TI_branch
    2863                      .dwattr $C$DW$181, DW_AT_low_pc(0x00)
    2864                      .dwattr $C$DW$181, DW_AT_name("sprintf")
    2865                      .dwattr $C$DW$181, DW_AT_TI_call
    2866              
    2867 0000003a 7640!         LCR       #||sprintf||          ; [CPU_ALU] |206| 
         0000003b 0000 
    2868                      ; call occurs [#||sprintf||] ; [] |206| 
    2869                      .dwpsn  file "../sources/motor_sci.c",line 211,column 5,is_stmt,isa 0
    2870 0000003c 5CAD          MOVZ      AR4,SP                ; [CPU_ALU] |211| 
    2871 0000003d DCC8          SUBB      XAR4,#72              ; [CPU_ARAU] |211| 
    2872                      .dwpsn  file "../sources/motor_sci.c",line 200,column 1,is_stmt,isa 0
    2873 0000003e B2A9          MOVL      ACC,XAR1              ; [CPU_ALU] |200| 
    2874                      .dwpsn  file "../sources/motor_sci.c",line 211,column 5,is_stmt,isa 0
    2875 0000003f 5CA4          MOVZ      AR4,AR4               ; [CPU_ALU] |211| 
    2876              $C$DW$182       .dwtag  DW_TAG_TI_branch
    2877                      .dwattr $C$DW$182, DW_AT_low_pc(0x00)
    2878                      .dwattr $C$DW$182, DW_AT_name("MOTOR_SCI_sendString")
    2879                      .dwattr $C$DW$182, DW_AT_TI_call
    2880              
    2881 00000040 7640!         LCR       #||MOTOR_SCI_sendString|| ; [CPU_ALU] |211| 
         00000041 0000 
    2882                      ; call occurs [#||MOTOR_SCI_sendString||] ; [] |211| 
    2883 00000042 FEDA          SUBB      SP,#90                ; [CPU_ARAU] 
    2884                      .dwcfi  cfa_offset, -10
    2885 00000043 E2AF          MOV32     R4H,*--SP             ; [CPU_FPU] 
         00000044 04BE 
    2886                      .dwcfi  cfa_offset, -8
    2887                      .dwcfi  restore_reg, 59
    2888 00000045 82BE          MOVL      XAR3,*--SP            ; [CPU_ALU] 
    2889                      .dwcfi  cfa_offset, -6
    2890                      .dwcfi  restore_reg, 11
    2891 00000046 86BE          MOVL      XAR2,*--SP            ; [CPU_ALU] 
    2892                      .dwcfi  cfa_offset, -4
    2893                      .dwcfi  restore_reg, 9
    2894 00000047 8BBE          MOVL      XAR1,*--SP            ; [CPU_ALU] 
    2895                      .dwcfi  cfa_offset, -2
    2896                      .dwcfi  restore_reg, 7
    2897              $C$DW$183       .dwtag  DW_TAG_TI_branch
    2898                      .dwattr $C$DW$183, DW_AT_low_pc(0x00)
    2899                      .dwattr $C$DW$183, DW_AT_TI_return
    2900              
    2901 00000048 0006          LRETR     ; [CPU_ALU] 
TMS320C2000 Assembler PC v22.6.2 Fri Mar 13 19:45:53 2026

Copyright (c) 1996-2018 Texas Instruments Incorporated
motor_sci.asm                                                        PAGE   57

    2902                      ; return occurs ; [] 
    2903                      .dwattr $C$DW$170, DW_AT_TI_end_file("../sources/motor_sci.c")
    2904                      .dwattr $C$DW$170, DW_AT_TI_end_line(0xd4)
    2905                      .dwattr $C$DW$170, DW_AT_TI_end_column(0x01)
    2906                      .dwendentry
    2907                      .dwendtag $C$DW$170
    2908              
    2909 00000000               .sect   ".text:MOTOR_SCI_sendInt"
    2910                      .clink
    2911                      .global ||MOTOR_SCI_sendInt||
    2912              
    2913              $C$DW$184       .dwtag  DW_TAG_subprogram
    2914                      .dwattr $C$DW$184, DW_AT_name("MOTOR_SCI_sendInt")
    2915                      .dwattr $C$DW$184, DW_AT_low_pc(||MOTOR_SCI_sendInt||)
    2916                      .dwattr $C$DW$184, DW_AT_high_pc(0x00)
    2917                      .dwattr $C$DW$184, DW_AT_linkage_name("MOTOR_SCI_sendInt")
    2918                      .dwattr $C$DW$184, DW_AT_external
    2919                      .dwattr $C$DW$184, DW_AT_decl_file("../sources/motor_sci.c")
    2920                      .dwattr $C$DW$184, DW_AT_decl_line(0xf8)
    2921                      .dwattr $C$DW$184, DW_AT_decl_column(0x06)
    2922                      .dwattr $C$DW$184, DW_AT_TI_max_frame_size(-24)
    2923                      .dwpsn  file "../sources/motor_sci.c",line 249,column 1,is_stmt,address ||MOTOR_SCI_sendInt||,isa 0
    2924              
    2925                      .dwfde $C$DW$CIE, ||MOTOR_SCI_sendInt||
    2926              $C$DW$185       .dwtag  DW_TAG_formal_parameter
    2927                      .dwattr $C$DW$185, DW_AT_name("sciBase")
    2928                      .dwattr $C$DW$185, DW_AT_type(*$C$DW$T$22)
    2929                      .dwattr $C$DW$185, DW_AT_location[DW_OP_reg0]
    2930              
    2931              $C$DW$186       .dwtag  DW_TAG_formal_parameter
    2932                      .dwattr $C$DW$186, DW_AT_name("value")
    2933                      .dwattr $C$DW$186, DW_AT_type(*$C$DW$T$10)
    2934                      .dwattr $C$DW$186, DW_AT_location[DW_OP_reg12]
    2935              
    2936              
    2937              ;***************************************************************
    2938              ;* FNAME: MOTOR_SCI_sendInt             FR SIZE:  22           *
    2939              ;*                                                             *
    2940              ;* FUNCTION ENVIRONMENT                                        *
    2941              ;*                                                             *
    2942              ;* FUNCTION PROPERTIES                                         *
    2943              ;*                            3 Parameter, 16 Auto,  2 SOE     *
    2944              ;***************************************************************
    2945              
    2946              ||MOTOR_SCI_sendInt||:
    2947              $C$DW$187       .dwtag  DW_TAG_variable
    2948                      .dwattr $C$DW$187, DW_AT_name("buffer")
    2949                      .dwattr $C$DW$187, DW_AT_type(*$C$DW$T$91)
    2950                      .dwattr $C$DW$187, DW_AT_location[DW_OP_breg20 -19]
    2951              
    2952              ;* AL    assigned to sciBase
    2953              $C$DW$188       .dwtag  DW_TAG_variable
    2954                      .dwattr $C$DW$188, DW_AT_name("sciBase")
    2955                      .dwattr $C$DW$188, DW_AT_type(*$C$DW$T$73)
    2956                      .dwattr $C$DW$188, DW_AT_location[DW_OP_reg0]
TMS320C2000 Assembler PC v22.6.2 Fri Mar 13 19:45:53 2026

Copyright (c) 1996-2018 Texas Instruments Incorporated
motor_sci.asm                                                        PAGE   58

    2957              
    2958              ;* AR4   assigned to value
    2959              $C$DW$189       .dwtag  DW_TAG_variable
    2960                      .dwattr $C$DW$189, DW_AT_name("value")
    2961                      .dwattr $C$DW$189, DW_AT_type(*$C$DW$T$55)
    2962                      .dwattr $C$DW$189, DW_AT_location[DW_OP_reg12]
    2963              
    2964                      .dwcfi  cfa_offset, -2
    2965                      .dwcfi  save_reg_to_mem, 26, 0
    2966 00000000 B2BD          MOVL      *SP++,XAR1            ; [CPU_ALU] 
    2967                      .dwcfi  save_reg_to_mem, 7, 2
    2968                      .dwcfi  cfa_offset, -4
    2969 00000001 FE14          ADDB      SP,#20                ; [CPU_ARAU] 
    2970                      .dwcfi  cfa_offset, -24
    2971                      .dwpsn  file "../sources/motor_sci.c",line 251,column 5,is_stmt,isa 0
    2972 00000002 5DAD          MOVZ      AR5,SP                ; [CPU_ALU] |251| 
    2973 00000003 7680!         MOVL      XAR6,#$C$FSL2         ; [CPU_ARAU] |251| 
         00000004 0000 
    2974                      .dwpsn  file "../sources/motor_sci.c",line 249,column 1,is_stmt,isa 0
    2975 00000005 8BA9          MOVL      XAR1,ACC              ; [CPU_ALU] |249| 
    2976                      .dwpsn  file "../sources/motor_sci.c",line 251,column 5,is_stmt,isa 0
    2977 00000006 C242          MOVL      *-SP[2],XAR6          ; [CPU_ALU] |251| 
    2978 00000007 DD93          SUBB      XAR5,#19              ; [CPU_ARAU] |251| 
    2979 00000008 7C43          MOV       *-SP[3],AR4           ; [CPU_ALU] |251| 
    2980 00000009 5CA5          MOVZ      AR4,AR5               ; [CPU_ALU] |251| 
    2981              $C$DW$190       .dwtag  DW_TAG_TI_branch
    2982                      .dwattr $C$DW$190, DW_AT_low_pc(0x00)
    2983                      .dwattr $C$DW$190, DW_AT_name("sprintf")
    2984                      .dwattr $C$DW$190, DW_AT_TI_call
    2985              
    2986 0000000a 7640!         LCR       #||sprintf||          ; [CPU_ALU] |251| 
         0000000b 0000 
    2987                      ; call occurs [#||sprintf||] ; [] |251| 
    2988                      .dwpsn  file "../sources/motor_sci.c",line 252,column 5,is_stmt,isa 0
    2989 0000000c 5CAD          MOVZ      AR4,SP                ; [CPU_ALU] |252| 
    2990 0000000d DC93          SUBB      XAR4,#19              ; [CPU_ARAU] |252| 
    2991                      .dwpsn  file "../sources/motor_sci.c",line 249,column 1,is_stmt,isa 0
    2992 0000000e B2A9          MOVL      ACC,XAR1              ; [CPU_ALU] |249| 
    2993                      .dwpsn  file "../sources/motor_sci.c",line 252,column 5,is_stmt,isa 0
    2994 0000000f 5CA4          MOVZ      AR4,AR4               ; [CPU_ALU] |252| 
    2995              $C$DW$191       .dwtag  DW_TAG_TI_branch
    2996                      .dwattr $C$DW$191, DW_AT_low_pc(0x00)
    2997                      .dwattr $C$DW$191, DW_AT_name("MOTOR_SCI_sendString")
    2998                      .dwattr $C$DW$191, DW_AT_TI_call
    2999              
    3000 00000010 7640!         LCR       #||MOTOR_SCI_sendString|| ; [CPU_ALU] |252| 
         00000011 0000 
    3001                      ; call occurs [#||MOTOR_SCI_sendString||] ; [] |252| 
    3002 00000012 FE94          SUBB      SP,#20                ; [CPU_ARAU] 
    3003                      .dwcfi  cfa_offset, -4
    3004 00000013 8BBE          MOVL      XAR1,*--SP            ; [CPU_ALU] 
    3005                      .dwcfi  cfa_offset, -2
    3006                      .dwcfi  restore_reg, 7
    3007              $C$DW$192       .dwtag  DW_TAG_TI_branch
    3008                      .dwattr $C$DW$192, DW_AT_low_pc(0x00)
TMS320C2000 Assembler PC v22.6.2 Fri Mar 13 19:45:53 2026

Copyright (c) 1996-2018 Texas Instruments Incorporated
motor_sci.asm                                                        PAGE   59

    3009                      .dwattr $C$DW$192, DW_AT_TI_return
    3010              
    3011 00000014 0006          LRETR     ; [CPU_ALU] 
    3012                      ; return occurs ; [] 
    3013                      .dwattr $C$DW$184, DW_AT_TI_end_file("../sources/motor_sci.c")
    3014                      .dwattr $C$DW$184, DW_AT_TI_end_line(0xfd)
    3015                      .dwattr $C$DW$184, DW_AT_TI_end_column(0x01)
    3016                      .dwendentry
    3017                      .dwendtag $C$DW$184
    3018              
    3019 00000000               .sect   ".text:MOTOR_SCI_sendFloat"
    3020                      .clink
    3021                      .global ||MOTOR_SCI_sendFloat||
    3022              
    3023              $C$DW$193       .dwtag  DW_TAG_subprogram
    3024                      .dwattr $C$DW$193, DW_AT_name("MOTOR_SCI_sendFloat")
    3025                      .dwattr $C$DW$193, DW_AT_low_pc(||MOTOR_SCI_sendFloat||)
    3026                      .dwattr $C$DW$193, DW_AT_high_pc(0x00)
    3027                      .dwattr $C$DW$193, DW_AT_linkage_name("MOTOR_SCI_sendFloat")
    3028                      .dwattr $C$DW$193, DW_AT_external
    3029                      .dwattr $C$DW$193, DW_AT_decl_file("../sources/motor_sci.c")
    3030                      .dwattr $C$DW$193, DW_AT_decl_line(0xec)
    3031                      .dwattr $C$DW$193, DW_AT_decl_column(0x06)
    3032                      .dwattr $C$DW$193, DW_AT_TI_max_frame_size(-32)
    3033                      .dwpsn  file "../sources/motor_sci.c",line 237,column 1,is_stmt,address ||MOTOR_SCI_sendFloat||,isa 0
    3034              
    3035                      .dwfde $C$DW$CIE, ||MOTOR_SCI_sendFloat||
    3036              $C$DW$194       .dwtag  DW_TAG_formal_parameter
    3037                      .dwattr $C$DW$194, DW_AT_name("sciBase")
    3038                      .dwattr $C$DW$194, DW_AT_type(*$C$DW$T$22)
    3039                      .dwattr $C$DW$194, DW_AT_location[DW_OP_reg0]
    3040              
    3041              $C$DW$195       .dwtag  DW_TAG_formal_parameter
    3042                      .dwattr $C$DW$195, DW_AT_name("value")
    3043                      .dwattr $C$DW$195, DW_AT_type(*$C$DW$T$16)
    3044                      .dwattr $C$DW$195, DW_AT_location[DW_OP_regx 0x2b]
    3045              
    3046              
    3047              ;***************************************************************
    3048              ;* FNAME: MOTOR_SCI_sendFloat           FR SIZE:  30           *
    3049              ;*                                                             *
    3050              ;* FUNCTION ENVIRONMENT                                        *
    3051              ;*                                                             *
    3052              ;* FUNCTION PROPERTIES                                         *
    3053              ;*                            4 Parameter, 24 Auto,  2 SOE     *
    3054              ;***************************************************************
    3055              
    3056              ||MOTOR_SCI_sendFloat||:
    3057              $C$DW$196       .dwtag  DW_TAG_variable
    3058                      .dwattr $C$DW$196, DW_AT_name("buffer")
    3059                      .dwattr $C$DW$196, DW_AT_type(*$C$DW$T$91)
    3060                      .dwattr $C$DW$196, DW_AT_location[DW_OP_breg20 -20]
    3061              
    3062              ;* AL    assigned to sciBase
    3063              $C$DW$197       .dwtag  DW_TAG_variable
TMS320C2000 Assembler PC v22.6.2 Fri Mar 13 19:45:53 2026

Copyright (c) 1996-2018 Texas Instruments Incorporated
motor_sci.asm                                                        PAGE   60

    3064                      .dwattr $C$DW$197, DW_AT_name("sciBase")
    3065                      .dwattr $C$DW$197, DW_AT_type(*$C$DW$T$73)
    3066                      .dwattr $C$DW$197, DW_AT_location[DW_OP_reg0]
    3067              
    3068                      .dwcfi  cfa_offset, -2
    3069                      .dwcfi  save_reg_to_mem, 26, 0
    3070 00000000 B2BD          MOVL      *SP++,XAR1            ; [CPU_ALU] 
    3071                      .dwcfi  save_reg_to_mem, 7, 2
    3072                      .dwcfi  cfa_offset, -4
    3073 00000001 FE1C          ADDB      SP,#28                ; [CPU_ARAU] 
    3074                      .dwcfi  cfa_offset, -32
    3075                      .dwpsn  file "../sources/motor_sci.c",line 239,column 5,is_stmt,isa 0
    3076 00000002 5CAD          MOVZ      AR4,SP                ; [CPU_ALU] |239| 
    3077                      .dwpsn  file "../sources/motor_sci.c",line 237,column 1,is_stmt,isa 0
    3078 00000003 8BA9          MOVL      XAR1,ACC              ; [CPU_ALU] |237| 
    3079                      .dwpsn  file "../sources/motor_sci.c",line 239,column 5,is_stmt,isa 0
    3080 00000004 DC9C          SUBB      XAR4,#28              ; [CPU_ARAU] |239| 
    3081 00000005 88A4          MOVZ      AR6,AR4               ; [CPU_ALU] |239| 
    3082              $C$DW$198       .dwtag  DW_TAG_TI_branch
    3083                      .dwattr $C$DW$198, DW_AT_low_pc(0x00)
    3084                      .dwattr $C$DW$198, DW_AT_name("__c28xabi_ftod")
    3085                      .dwattr $C$DW$198, DW_AT_TI_call
    3086              
    3087 00000006 7640!         LCR       #||__c28xabi_ftod||   ; [CPU_ALU] |239| 
         00000007 0000 
    3088                      ; call occurs [#||__c28xabi_ftod||] ; [] |239| 
    3089 00000008 5CAD          MOVZ      AR4,SP                ; [CPU_ALU] |239| 
    3090 00000009 C55C          MOVL      XAR7,*-SP[28]         ; [CPU_ALU] |239| 
    3091 0000000a DC98          SUBB      XAR4,#24              ; [CPU_ARAU] |239| 
    3092 0000000b 0EA4          MOVU      ACC,AR4               ; [CPU_ALU] |239| 
    3093 0000000c 5CAD          MOVZ      AR4,SP                ; [CPU_ALU] |239| 
    3094 0000000d C45A          MOVL      XAR6,*-SP[26]         ; [CPU_ALU] |239| 
    3095 0000000e C358          MOVL      *-SP[24],XAR7         ; [CPU_ALU] |239| 
    3096 0000000f 8F40!         MOVL      XAR5,#$C$FSL3         ; [CPU_ARAU] |239| 
         00000010 0000 
    3097 00000011 DC94          SUBB      XAR4,#20              ; [CPU_ARAU] |239| 
    3098 00000012 C256          MOVL      *-SP[22],XAR6         ; [CPU_ALU] |239| 
    3099 00000013 5CA4          MOVZ      AR4,AR4               ; [CPU_ALU] |239| 
    3100 00000014 A042          MOVL      *-SP[2],XAR5          ; [CPU_ALU] |239| 
    3101 00000015 1E44          MOVL      *-SP[4],ACC           ; [CPU_ALU] |239| 
    3102              $C$DW$199       .dwtag  DW_TAG_TI_branch
    3103                      .dwattr $C$DW$199, DW_AT_low_pc(0x00)
    3104                      .dwattr $C$DW$199, DW_AT_name("sprintf")
    3105                      .dwattr $C$DW$199, DW_AT_TI_call
    3106              
    3107 00000016 7640!         LCR       #||sprintf||          ; [CPU_ALU] |239| 
         00000017 0000 
    3108                      ; call occurs [#||sprintf||] ; [] |239| 
    3109                      .dwpsn  file "../sources/motor_sci.c",line 240,column 5,is_stmt,isa 0
    3110 00000018 5CAD          MOVZ      AR4,SP                ; [CPU_ALU] |240| 
    3111 00000019 DC94          SUBB      XAR4,#20              ; [CPU_ARAU] |240| 
    3112                      .dwpsn  file "../sources/motor_sci.c",line 237,column 1,is_stmt,isa 0
    3113 0000001a B2A9          MOVL      ACC,XAR1              ; [CPU_ALU] |237| 
    3114                      .dwpsn  file "../sources/motor_sci.c",line 240,column 5,is_stmt,isa 0
    3115 0000001b 5CA4          MOVZ      AR4,AR4               ; [CPU_ALU] |240| 
TMS320C2000 Assembler PC v22.6.2 Fri Mar 13 19:45:53 2026

Copyright (c) 1996-2018 Texas Instruments Incorporated
motor_sci.asm                                                        PAGE   61

    3116              $C$DW$200       .dwtag  DW_TAG_TI_branch
    3117                      .dwattr $C$DW$200, DW_AT_low_pc(0x00)
    3118                      .dwattr $C$DW$200, DW_AT_name("MOTOR_SCI_sendString")
    3119                      .dwattr $C$DW$200, DW_AT_TI_call
    3120              
    3121 0000001c 7640!         LCR       #||MOTOR_SCI_sendString|| ; [CPU_ALU] |240| 
         0000001d 0000 
    3122                      ; call occurs [#||MOTOR_SCI_sendString||] ; [] |240| 
    3123 0000001e FE9C          SUBB      SP,#28                ; [CPU_ARAU] 
    3124                      .dwcfi  cfa_offset, -4
    3125 0000001f 8BBE          MOVL      XAR1,*--SP            ; [CPU_ALU] 
    3126                      .dwcfi  cfa_offset, -2
    3127                      .dwcfi  restore_reg, 7
    3128              $C$DW$201       .dwtag  DW_TAG_TI_branch
    3129                      .dwattr $C$DW$201, DW_AT_low_pc(0x00)
    3130                      .dwattr $C$DW$201, DW_AT_TI_return
    3131              
    3132 00000020 0006          LRETR     ; [CPU_ALU] 
    3133                      ; return occurs ; [] 
    3134                      .dwattr $C$DW$193, DW_AT_TI_end_file("../sources/motor_sci.c")
    3135                      .dwattr $C$DW$193, DW_AT_TI_end_line(0xf1)
    3136                      .dwattr $C$DW$193, DW_AT_TI_end_column(0x01)
    3137                      .dwendentry
    3138                      .dwendtag $C$DW$193
    3139              
    3140 00000000               .sect   ".text:MOTOR_SCI_init"
    3141                      .clink
    3142                      .global ||MOTOR_SCI_init||
    3143              
    3144              $C$DW$202       .dwtag  DW_TAG_subprogram
    3145                      .dwattr $C$DW$202, DW_AT_name("MOTOR_SCI_init")
    3146                      .dwattr $C$DW$202, DW_AT_low_pc(||MOTOR_SCI_init||)
    3147                      .dwattr $C$DW$202, DW_AT_high_pc(0x00)
    3148                      .dwattr $C$DW$202, DW_AT_linkage_name("MOTOR_SCI_init")
    3149                      .dwattr $C$DW$202, DW_AT_external
    3150                      .dwattr $C$DW$202, DW_AT_decl_file("../sources/motor_sci.c")
    3151                      .dwattr $C$DW$202, DW_AT_decl_line(0x58)
    3152                      .dwattr $C$DW$202, DW_AT_decl_column(0x06)
    3153                      .dwattr $C$DW$202, DW_AT_TI_max_frame_size(-12)
    3154                      .dwpsn  file "../sources/motor_sci.c",line 89,column 1,is_stmt,address ||MOTOR_SCI_init||,isa 0
    3155              
    3156                      .dwfde $C$DW$CIE, ||MOTOR_SCI_init||
    3157              $C$DW$203       .dwtag  DW_TAG_formal_parameter
    3158                      .dwattr $C$DW$203, DW_AT_name("sciBase")
    3159                      .dwattr $C$DW$203, DW_AT_type(*$C$DW$T$22)
    3160                      .dwattr $C$DW$203, DW_AT_location[DW_OP_reg0]
    3161              
    3162              
    3163              ;***************************************************************
    3164              ;* FNAME: MOTOR_SCI_init                FR SIZE:  10           *
    3165              ;*                                                             *
    3166              ;* FUNCTION ENVIRONMENT                                        *
    3167              ;*                                                             *
    3168              ;* FUNCTION PROPERTIES                                         *
    3169              ;*                            6 Parameter,  0 Auto,  4 SOE     *
TMS320C2000 Assembler PC v22.6.2 Fri Mar 13 19:45:53 2026

Copyright (c) 1996-2018 Texas Instruments Incorporated
motor_sci.asm                                                        PAGE   62

    3170              ;***************************************************************
    3171              
    3172              ||MOTOR_SCI_init||:
    3173              ;* AR2   assigned to sciBase
    3174              $C$DW$204       .dwtag  DW_TAG_variable
    3175                      .dwattr $C$DW$204, DW_AT_name("sciBase")
    3176                      .dwattr $C$DW$204, DW_AT_type(*$C$DW$T$73)
    3177                      .dwattr $C$DW$204, DW_AT_location[DW_OP_reg8]
    3178              
    3179                      .dwcfi  cfa_offset, -2
    3180                      .dwcfi  save_reg_to_mem, 26, 0
    3181 00000000 B2BD          MOVL      *SP++,XAR1            ; [CPU_ALU] 
    3182                      .dwcfi  save_reg_to_mem, 7, 2
    3183                      .dwcfi  cfa_offset, -4
    3184 00000001 AABD          MOVL      *SP++,XAR2            ; [CPU_ALU] 
    3185                      .dwcfi  save_reg_to_mem, 9, 4
    3186                      .dwcfi  cfa_offset, -6
    3187 00000002 FE06          ADDB      SP,#6                 ; [CPU_ARAU] 
    3188                      .dwcfi  cfa_offset, -12
    3189 00000003 86A9          MOVL      XAR2,ACC              ; [CPU_ALU] |89| 
    3190                      .dwpsn  file "../sources/motor_sci.c",line 93,column 5,is_stmt,isa 0
    3191 00000004 02FF          MOVB      ACC,#255              ; [CPU_ALU] |93| 
    3192 00000005 1E42          MOVL      *-SP[2],ACC           ; [CPU_ALU] |93| 
    3193 00000006 AAA9          MOVL      ACC,XAR2              ; [CPU_ALU] |93| 
    3194              $C$DW$205       .dwtag  DW_TAG_TI_branch
    3195                      .dwattr $C$DW$205, DW_AT_low_pc(0x00)
    3196                      .dwattr $C$DW$205, DW_AT_name("SCI_clearInterruptStatus")
    3197                      .dwattr $C$DW$205, DW_AT_TI_call
    3198              
    3199 00000007 7640!         LCR       #||SCI_clearInterruptStatus|| ; [CPU_ALU] |93| 
         00000008 0000 
    3200                      ; call occurs [#||SCI_clearInterruptStatus||] ; [] |93| 
    3201                      .dwpsn  file "C:/TI/C2000Ware_MotorControl_SDK_5_04_00_00/c2000ware/driverlib/f2837xd/driverlib/sci.h
    3202 00000009 8EA2          MOVL      XAR0,XAR2             ; [CPU_ALU] |1417| 
    3203                      .dwpsn  file "../sources/motor_sci.c",line 109,column 5,is_stmt,isa 0
    3204 0000000a 28A9          MOV       AL,#61568             ; [CPU_ALU] |109| 
         0000000b F080 
    3205 0000000c 28A8          MOV       AH,#762               ; [CPU_ALU] |109| 
         0000000d 02FA 
    3206                      .dwpsn  file "C:/TI/C2000Ware_MotorControl_SDK_5_04_00_00/c2000ware/driverlib/f2837xd/driverlib/sci.h
    3207 0000000e C5A2          MOVL      XAR7,XAR2             ; [CPU_ALU] |844| 
    3208                      .dwpsn  file "C:/TI/C2000Ware_MotorControl_SDK_5_04_00_00/c2000ware/driverlib/f2837xd/driverlib/sci.h
    3209 0000000f C4A2          MOVL      XAR6,XAR2             ; [CPU_ALU] |845| 
    3210                      .dwpsn  file "C:/TI/C2000Ware_MotorControl_SDK_5_04_00_00/c2000ware/driverlib/f2837xd/driverlib/sci.h
    3211 00000010 83A2          MOVL      XAR5,XAR2             ; [CPU_ALU] |818| 
    3212                      .dwpsn  file "C:/TI/C2000Ware_MotorControl_SDK_5_04_00_00/c2000ware/driverlib/f2837xd/driverlib/sci.h
    3213 00000011 8AA2          MOVL      XAR4,XAR2             ; [CPU_ALU] |819| 
    3214                      .dwpsn  file "C:/TI/C2000Ware_MotorControl_SDK_5_04_00_00/c2000ware/driverlib/f2837xd/driverlib/sci.h
    3215 00000012 D80B          ADDB      XAR0,#11              ; [CPU_ALU] |1417| 
    3216                      .dwpsn  file "C:/TI/C2000Ware_MotorControl_SDK_5_04_00_00/c2000ware/driverlib/f2837xd/driverlib/sci.h
    3217 00000013 DF0A          ADDB      XAR7,#10              ; [CPU_ALU] |844| 
    3218                      .dwpsn  file "C:/TI/C2000Ware_MotorControl_SDK_5_04_00_00/c2000ware/driverlib/f2837xd/driverlib/sci.h
    3219 00000014 DE0A          ADDB      XAR6,#10              ; [CPU_ALU] |845| 
    3220                      .dwpsn  file "C:/TI/C2000Ware_MotorControl_SDK_5_04_00_00/c2000ware/driverlib/f2837xd/driverlib/sci.h
    3221 00000015 DD0B          ADDB      XAR5,#11              ; [CPU_ALU] |818| 
TMS320C2000 Assembler PC v22.6.2 Fri Mar 13 19:45:53 2026

Copyright (c) 1996-2018 Texas Instruments Incorporated
motor_sci.asm                                                        PAGE   63

    3222                      .dwpsn  file "C:/TI/C2000Ware_MotorControl_SDK_5_04_00_00/c2000ware/driverlib/f2837xd/driverlib/sci.h
    3223 00000016 DC0B          ADDB      XAR4,#11              ; [CPU_ALU] |819| 
    3224                      .dwpsn  file "C:/TI/C2000Ware_MotorControl_SDK_5_04_00_00/c2000ware/driverlib/f2837xd/driverlib/sci.h
    3225 00000017 1AC0          OR        *+XAR0[0],#0x4000     ; [CPU_ALU] |1417| 
         00000018 4000 
    3226                      .dwpsn  file "C:/TI/C2000Ware_MotorControl_SDK_5_04_00_00/c2000ware/driverlib/f2837xd/driverlib/sci.h
    3227 00000019 18C7          AND       *+XAR7[0],#0xdfff     ; [CPU_ALU] |844| 
         0000001a DFFF 
    3228                      .dwpsn  file "../sources/motor_sci.c",line 109,column 5,is_stmt,isa 0
    3229 0000001b B607          MOVB      XAR7,#7               ; [CPU_ALU] |109| 
    3230                      .dwpsn  file "C:/TI/C2000Ware_MotorControl_SDK_5_04_00_00/c2000ware/driverlib/f2837xd/driverlib/sci.h
    3231 0000001c 1AC6          OR        *+XAR6[0],#0x2000     ; [CPU_ALU] |845| 
         0000001d 2000 
    3232                      .dwpsn  file "../sources/motor_sci.c",line 109,column 5,is_stmt,isa 0
    3233 0000001e 7680          MOVL      XAR6,#9600            ; [CPU_ARAU] |109| 
         0000001f 2580 
    3234                      .dwpsn  file "C:/TI/C2000Ware_MotorControl_SDK_5_04_00_00/c2000ware/driverlib/f2837xd/driverlib/sci.h
    3235 00000020 18C5          AND       *+XAR5[0],#0xdfff     ; [CPU_ALU] |818| 
         00000021 DFFF 
    3236                      .dwpsn  file "C:/TI/C2000Ware_MotorControl_SDK_5_04_00_00/c2000ware/driverlib/f2837xd/driverlib/sci.h
    3237 00000022 1AC4          OR        *+XAR4[0],#0x2000     ; [CPU_ALU] |819| 
         00000023 2000 
    3238                      .dwpsn  file "../sources/motor_sci.c",line 109,column 5,is_stmt,isa 0
    3239 00000024 1E42          MOVL      *-SP[2],ACC           ; [CPU_ALU] |109| 
    3240 00000025 C244          MOVL      *-SP[4],XAR6          ; [CPU_ALU] |109| 
    3241 00000026 AAA9          MOVL      ACC,XAR2              ; [CPU_ALU] |109| 
    3242 00000027 C346          MOVL      *-SP[6],XAR7          ; [CPU_ALU] |109| 
    3243              $C$DW$206       .dwtag  DW_TAG_TI_branch
    3244                      .dwattr $C$DW$206, DW_AT_low_pc(0x00)
    3245                      .dwattr $C$DW$206, DW_AT_name("SCI_setConfig")
    3246                      .dwattr $C$DW$206, DW_AT_TI_call
    3247              
    3248 00000028 7640!         LCR       #||SCI_setConfig||    ; [CPU_ALU] |109| 
         00000029 0000 
    3249                      ; call occurs [#||SCI_setConfig||] ; [] |109| 
    3250                      .dwpsn  file "C:/TI/C2000Ware_MotorControl_SDK_5_04_00_00/c2000ware/driverlib/f2837xd/driverlib/sci.h
    3251 0000002a D10A          MOVB      XAR1,#10              ; [CPU_ALU] |412| 
    3252 0000002b D00A          MOVB      XAR0,#10              ; [CPU_ALU] |412| 
    3253                      .dwpsn  file "C:/TI/C2000Ware_MotorControl_SDK_5_04_00_00/c2000ware/driverlib/f2837xd/driverlib/sci.h
    3254 0000002c 18C2          AND       *+XAR2[0],#0xffef     ; [CPU_ALU] |1366| 
         0000002d FFEF 
    3255                      .dwpsn  file "C:/TI/C2000Ware_MotorControl_SDK_5_04_00_00/c2000ware/driverlib/f2837xd/driverlib/sci.h
    3256 0000002e C4A2          MOVL      XAR6,XAR2             ; [CPU_ALU] |738| 
    3257                      .dwpsn  file "C:/TI/C2000Ware_MotorControl_SDK_5_04_00_00/c2000ware/driverlib/f2837xd/driverlib/sci.h
    3258 0000002f 83A2          MOVL      XAR5,XAR2             ; [CPU_ALU] |739| 
    3259                      .dwpsn  file "C:/TI/C2000Ware_MotorControl_SDK_5_04_00_00/c2000ware/driverlib/f2837xd/driverlib/sci.h
    3260 00000030 8AA2          MOVL      XAR4,XAR2             ; [CPU_ALU] |740| 
    3261                      .dwpsn  file "../sources/motor_sci.c",line 140,column 5,is_stmt,isa 0
    3262 00000031 B602          MOVB      XAR7,#2               ; [CPU_ALU] |140| 
    3263                      .dwpsn  file "C:/TI/C2000Ware_MotorControl_SDK_5_04_00_00/c2000ware/driverlib/f2837xd/driverlib/sci.h
    3264 00000032 18CA          AND       *+XAR2[1],#0xffdf     ; [CPU_ALU] |1313| 
         00000033 FFDF 
    3265                      .dwpsn  file "C:/TI/C2000Ware_MotorControl_SDK_5_04_00_00/c2000ware/driverlib/f2837xd/driverlib/sci.h
    3266 00000034 DE0A          ADDB      XAR6,#10              ; [CPU_ALU] |738| 
    3267                      .dwpsn  file "C:/TI/C2000Ware_MotorControl_SDK_5_04_00_00/c2000ware/driverlib/f2837xd/driverlib/sci.h
TMS320C2000 Assembler PC v22.6.2 Fri Mar 13 19:45:53 2026

Copyright (c) 1996-2018 Texas Instruments Incorporated
motor_sci.asm                                                        PAGE   64

    3268 00000035 DD0A          ADDB      XAR5,#10              ; [CPU_ALU] |739| 
    3269                      .dwpsn  file "C:/TI/C2000Ware_MotorControl_SDK_5_04_00_00/c2000ware/driverlib/f2837xd/driverlib/sci.h
    3270 00000036 DC0B          ADDB      XAR4,#11              ; [CPU_ALU] |740| 
    3271                      .dwpsn  file "C:/TI/C2000Ware_MotorControl_SDK_5_04_00_00/c2000ware/driverlib/f2837xd/driverlib/sci.h
    3272 00000037 1ACA          OR        *+XAR2[1],#0x0020     ; [CPU_ALU] |1314| 
         00000038 0020 
    3273                      .dwpsn  file "C:/TI/C2000Ware_MotorControl_SDK_5_04_00_00/c2000ware/driverlib/f2837xd/driverlib/sci.h
    3274 00000039 CC92          AND       AL,*+XAR2[AR0],#0xffe0 ; [CPU_ALU] |412| 
         0000003a FFE0 
    3275                      .dwpsn  file "C:/TI/C2000Ware_MotorControl_SDK_5_04_00_00/c2000ware/driverlib/f2837xd/driverlib/sci.h
    3276 0000003b D00B          MOVB      XAR0,#11              ; [CPU_ALU] |414| 
    3277                      .dwpsn  file "C:/TI/C2000Ware_MotorControl_SDK_5_04_00_00/c2000ware/driverlib/f2837xd/driverlib/sci.h
    3278 0000003c 969A          MOV       *+XAR2[AR1],AL        ; [CPU_ALU] |412| 
    3279                      .dwpsn  file "C:/TI/C2000Ware_MotorControl_SDK_5_04_00_00/c2000ware/driverlib/f2837xd/driverlib/sci.h
    3280 0000003d D10B          MOVB      XAR1,#11              ; [CPU_ALU] |414| 
    3281 0000003e CC92          AND       AL,*+XAR2[AR0],#0xffe0 ; [CPU_ALU] |414| 
         0000003f FFE0 
    3282 00000040 969A          MOV       *+XAR2[AR1],AL        ; [CPU_ALU] |414| 
    3283                      .dwpsn  file "C:/TI/C2000Ware_MotorControl_SDK_5_04_00_00/c2000ware/driverlib/f2837xd/driverlib/sci.h
    3284 00000041 1AC6          OR        *+XAR6[0],#0x8000     ; [CPU_ALU] |738| 
         00000042 8000 
    3285                      .dwpsn  file "../sources/motor_sci.c",line 140,column 5,is_stmt,isa 0
    3286 00000043 AAA9          MOVL      ACC,XAR2              ; [CPU_ALU] |140| 
    3287                      .dwpsn  file "C:/TI/C2000Ware_MotorControl_SDK_5_04_00_00/c2000ware/driverlib/f2837xd/driverlib/sci.h
    3288 00000044 1AC5          OR        *+XAR5[0],#0x6000     ; [CPU_FPU] |739| 
         00000045 6000 
    3289                      .dwpsn  file "C:/TI/C2000Ware_MotorControl_SDK_5_04_00_00/c2000ware/driverlib/f2837xd/driverlib/sci.h
    3290 00000046 1AC4          OR        *+XAR4[0],#0x2000     ; [CPU_ALU] |740| 
         00000047 2000 
    3291                      .dwpsn  file "C:/TI/C2000Ware_MotorControl_SDK_5_04_00_00/c2000ware/driverlib/f2837xd/driverlib/sci.h
    3292 00000048 1ACA          OR        *+XAR2[1],#0x0023     ; [CPU_ALU] |527| 
         00000049 0023 
    3293                      .dwpsn  file "../sources/motor_sci.c",line 140,column 5,is_stmt,isa 0
    3294 0000004a C342          MOVL      *-SP[2],XAR7          ; [CPU_ALU] |140| 
    3295              $C$DW$207       .dwtag  DW_TAG_TI_branch
    3296                      .dwattr $C$DW$207, DW_AT_low_pc(0x00)
    3297                      .dwattr $C$DW$207, DW_AT_name("SCI_enableInterrupt")
    3298                      .dwattr $C$DW$207, DW_AT_TI_call
    3299              
    3300 0000004b 7640!         LCR       #||SCI_enableInterrupt|| ; [CPU_ALU] |140| 
         0000004c 0000 
    3301                      ; call occurs [#||SCI_enableInterrupt||] ; [] |140| 
    3302 0000004d FE86          SUBB      SP,#6                 ; [CPU_ARAU] 
    3303                      .dwcfi  cfa_offset, -6
    3304 0000004e 86BE          MOVL      XAR2,*--SP            ; [CPU_ALU] 
    3305                      .dwcfi  cfa_offset, -4
    3306                      .dwcfi  restore_reg, 9
    3307 0000004f 8BBE          MOVL      XAR1,*--SP            ; [CPU_ALU] 
    3308                      .dwcfi  cfa_offset, -2
    3309                      .dwcfi  restore_reg, 7
    3310              $C$DW$208       .dwtag  DW_TAG_TI_branch
    3311                      .dwattr $C$DW$208, DW_AT_low_pc(0x00)
    3312                      .dwattr $C$DW$208, DW_AT_TI_return
    3313              
    3314 00000050 0006          LRETR     ; [CPU_ALU] 
TMS320C2000 Assembler PC v22.6.2 Fri Mar 13 19:45:53 2026

Copyright (c) 1996-2018 Texas Instruments Incorporated
motor_sci.asm                                                        PAGE   65

    3315                      ; return occurs ; [] 
    3316                      .dwattr $C$DW$202, DW_AT_TI_end_file("../sources/motor_sci.c")
    3317                      .dwattr $C$DW$202, DW_AT_TI_end_line(0x8d)
    3318                      .dwattr $C$DW$202, DW_AT_TI_end_column(0x01)
    3319                      .dwendentry
    3320                      .dwendtag $C$DW$202
    3321              
    3322 00000000               .sect   ".text:MOTOR_SCI_getTargetSpeed"
    3323                      .clink
    3324                      .global ||MOTOR_SCI_getTargetSpeed||
    3325              
    3326              $C$DW$209       .dwtag  DW_TAG_subprogram
    3327                      .dwattr $C$DW$209, DW_AT_name("MOTOR_SCI_getTargetSpeed")
    3328                      .dwattr $C$DW$209, DW_AT_low_pc(||MOTOR_SCI_getTargetSpeed||)
    3329                      .dwattr $C$DW$209, DW_AT_high_pc(0x00)
    3330                      .dwattr $C$DW$209, DW_AT_linkage_name("MOTOR_SCI_getTargetSpeed")
    3331                      .dwattr $C$DW$209, DW_AT_external
    3332                      .dwattr $C$DW$209, DW_AT_type(*$C$DW$T$16)
    3333                      .dwattr $C$DW$209, DW_AT_decl_file("../sources/motor_sci.c")
    3334                      .dwattr $C$DW$209, DW_AT_decl_line(0xbd)
    3335                      .dwattr $C$DW$209, DW_AT_decl_column(0x07)
    3336                      .dwattr $C$DW$209, DW_AT_TI_max_frame_size(-2)
    3337                      .dwpsn  file "../sources/motor_sci.c",line 190,column 1,is_stmt,address ||MOTOR_SCI_getTargetSpeed||,
    3338              
    3339                      .dwfde $C$DW$CIE, ||MOTOR_SCI_getTargetSpeed||
    3340              
    3341              ;***************************************************************
    3342              ;* FNAME: MOTOR_SCI_getTargetSpeed      FR SIZE:   0           *
    3343              ;*                                                             *
    3344              ;* FUNCTION ENVIRONMENT                                        *
    3345              ;*                                                             *
    3346              ;* FUNCTION PROPERTIES                                         *
    3347              ;*                            0 Parameter,  0 Auto,  0 SOE     *
    3348              ;***************************************************************
    3349              
    3350 00000000       ||MOTOR_SCI_getTargetSpeed||:
    3351                      .dwcfi  cfa_offset, -2
    3352                      .dwcfi  save_reg_to_mem, 26, 0
    3353 00000000 761F!         MOVW      DP,#||targetSpeed||   ; [CPU_ARAU] 
         00000001 0000 
    3354                      .dwpsn  file "../sources/motor_sci.c",line 191,column 5,is_stmt,isa 0
    3355 00000002 E2AF!         MOV32     R0H,@||targetSpeed||  ; [CPU_FPU] |191| 
         00000003 0000 
    3356              $C$DW$210       .dwtag  DW_TAG_TI_branch
    3357                      .dwattr $C$DW$210, DW_AT_low_pc(0x00)
    3358                      .dwattr $C$DW$210, DW_AT_TI_return
    3359              
    3360 00000004 0006          LRETR     ; [CPU_ALU] 
    3361                      ; return occurs ; [] 
    3362                      .dwattr $C$DW$209, DW_AT_TI_end_file("../sources/motor_sci.c")
    3363                      .dwattr $C$DW$209, DW_AT_TI_end_line(0xc0)
    3364                      .dwattr $C$DW$209, DW_AT_TI_end_column(0x01)
    3365                      .dwendentry
    3366                      .dwendtag $C$DW$209
    3367              
TMS320C2000 Assembler PC v22.6.2 Fri Mar 13 19:45:53 2026

Copyright (c) 1996-2018 Texas Instruments Incorporated
motor_sci.asm                                                        PAGE   66

    3368 00000000               .sect   ".text:MOTOR_SCI_checkForCommand"
    3369                      .clink
    3370                      .global ||MOTOR_SCI_checkForCommand||
    3371              
    3372              $C$DW$211       .dwtag  DW_TAG_subprogram
    3373                      .dwattr $C$DW$211, DW_AT_name("MOTOR_SCI_checkForCommand")
    3374                      .dwattr $C$DW$211, DW_AT_low_pc(||MOTOR_SCI_checkForCommand||)
    3375                      .dwattr $C$DW$211, DW_AT_high_pc(0x00)
    3376                      .dwattr $C$DW$211, DW_AT_linkage_name("MOTOR_SCI_checkForCommand")
    3377                      .dwattr $C$DW$211, DW_AT_external
    3378                      .dwattr $C$DW$211, DW_AT_decl_file("../sources/motor_sci.c")
    3379                      .dwattr $C$DW$211, DW_AT_decl_line(0x94)
    3380                      .dwattr $C$DW$211, DW_AT_decl_column(0x06)
    3381                      .dwattr $C$DW$211, DW_AT_TI_max_frame_size(-114)
    3382                      .dwpsn  file "../sources/motor_sci.c",line 149,column 1,is_stmt,address ||MOTOR_SCI_checkForCommand||
    3383              
    3384                      .dwfde $C$DW$CIE, ||MOTOR_SCI_checkForCommand||
    3385              $C$DW$212       .dwtag  DW_TAG_formal_parameter
    3386                      .dwattr $C$DW$212, DW_AT_name("sciBase")
    3387                      .dwattr $C$DW$212, DW_AT_type(*$C$DW$T$22)
    3388                      .dwattr $C$DW$212, DW_AT_location[DW_OP_reg0]
    3389              
    3390              
    3391              ;***************************************************************
    3392              ;* FNAME: MOTOR_SCI_checkForCommand     FR SIZE: 112           *
    3393              ;*                                                             *
    3394              ;* FUNCTION ENVIRONMENT                                        *
    3395              ;*                                                             *
    3396              ;* FUNCTION PROPERTIES                                         *
    3397              ;*                            4 Parameter, 104 Auto,  4 SOE     *
    3398              ;***************************************************************
    3399              
    3400              ||MOTOR_SCI_checkForCommand||:
    3401              $C$DW$213       .dwtag  DW_TAG_variable
    3402                      .dwattr $C$DW$213, DW_AT_name("response")
    3403                      .dwattr $C$DW$213, DW_AT_type(*$C$DW$T$90)
    3404                      .dwattr $C$DW$213, DW_AT_location[DW_OP_breg20 -68]
    3405              
    3406              $C$DW$214       .dwtag  DW_TAG_variable
    3407                      .dwattr $C$DW$214, DW_AT_name("cmdBuffer")
    3408                      .dwattr $C$DW$214, DW_AT_type(*$C$DW$T$89)
    3409                      .dwattr $C$DW$214, DW_AT_location[DW_OP_breg20 -100]
    3410              
    3411              ;* AR5   assigned to $O$K3
    3412              ;* AR3   assigned to sciBase
    3413              $C$DW$215       .dwtag  DW_TAG_variable
    3414                      .dwattr $C$DW$215, DW_AT_name("sciBase")
    3415                      .dwattr $C$DW$215, DW_AT_type(*$C$DW$T$73)
    3416                      .dwattr $C$DW$215, DW_AT_location[DW_OP_reg10]
    3417              
    3418              ;* AR0   assigned to i
    3419              $C$DW$216       .dwtag  DW_TAG_variable
    3420                      .dwattr $C$DW$216, DW_AT_name("i")
    3421                      .dwattr $C$DW$216, DW_AT_type(*$C$DW$T$27)
    3422                      .dwattr $C$DW$216, DW_AT_location[DW_OP_reg4]
TMS320C2000 Assembler PC v22.6.2 Fri Mar 13 19:45:53 2026

Copyright (c) 1996-2018 Texas Instruments Incorporated
motor_sci.asm                                                        PAGE   67

    3423              
    3424              ;* R0    assigned to speed
    3425              $C$DW$217       .dwtag  DW_TAG_variable
    3426                      .dwattr $C$DW$217, DW_AT_name("speed")
    3427                      .dwattr $C$DW$217, DW_AT_type(*$C$DW$T$16)
    3428                      .dwattr $C$DW$217, DW_AT_location[DW_OP_regx 0x2b]
    3429              
    3430                      .dwcfi  cfa_offset, -2
    3431                      .dwcfi  save_reg_to_mem, 26, 0
    3432 00000000 B2BD          MOVL      *SP++,XAR1            ; [CPU_ALU] 
    3433                      .dwcfi  save_reg_to_mem, 7, 2
    3434                      .dwcfi  cfa_offset, -4
    3435 00000001 A2BD          MOVL      *SP++,XAR3            ; [CPU_ALU] 
    3436                      .dwcfi  save_reg_to_mem, 11, 4
    3437                      .dwcfi  cfa_offset, -6
    3438 00000002 FE6C          ADDB      SP,#108               ; [CPU_ARAU] 
    3439                      .dwcfi  cfa_offset, -114
    3440 00000003 761F!         MOVW      DP,#||sciRxFlag||     ; [CPU_ARAU] 
         00000004 0000 
    3441 00000005 82A9          MOVL      XAR3,ACC              ; [CPU_ALU] |149| 
    3442                      .dwpsn  file "../sources/motor_sci.c",line 150,column 5,is_stmt,isa 0
    3443 00000006 9200!         MOV       AL,@||sciRxFlag||     ; [CPU_ALU] |150| 
    3444 00000007 6152          B         ||$C$L32||,EQ         ; [CPU_ALU] |150| 
    3445                      ; branchcc occurs ; [] |150| 
    3446                      .dwpsn  file "../sources/motor_sci.c",line 152,column 9,is_stmt,isa 0
    3447 00000008 2B00!         MOV       @||sciRxFlag||,#0     ; [CPU_ALU] |152| 
    3448                      .dwpsn  file "../sources/motor_sci.c",line 155,column 9,is_stmt,isa 0
    3449 00000009 8F40!         MOVL      XAR5,#||sciRxBuffer|| ; [CPU_ARAU] |155| 
         0000000a 0000 
    3450 0000000b 92C5          MOV       AL,*+XAR5[0]          ; [CPU_ALU] |155| 
    3451 0000000c 5253          CMPB      AL,#83                ; [CPU_ALU] |155| 
    3452 0000000d 6049          B         ||$C$L31||,NEQ        ; [CPU_ALU] |155| 
    3453                      ; branchcc occurs ; [] |155| 
    3454                      .dwpsn  file "../sources/motor_sci.c",line 161,column 24,is_stmt,isa 0
    3455 0000000e 9200!         MOV       AL,@||sciRxIndex||    ; [CPU_ALU] |161| 
    3456                      .dwpsn  file "../sources/motor_sci.c",line 161,column 17,is_stmt,isa 0
    3457 0000000f D001          MOVB      XAR0,#1               ; [CPU_ALU] |161| 
    3458                      .dwpsn  file "../sources/motor_sci.c",line 161,column 24,is_stmt,isa 0
    3459 00000010 5201          CMPB      AL,#1                 ; [CPU_ALU] |161| 
    3460 00000011 690F          B         ||$C$L30||,LOS        ; [CPU_ALU] |161| 
    3461                      ; branchcc occurs ; [] |161| 
    3462 00000012       ||$C$L29||:    
    3463 00000012 92A0          MOV       AL,AR0                ; [CPU_ALU] 
    3464 00000013 521F          CMPB      AL,#31                ; [CPU_ALU] |161| 
    3465 00000014 670C          B         ||$C$L30||,HIS        ; [CPU_ALU] |161| 
    3466                      ; branchcc occurs ; [] |161| 
    3467                      .dwpsn  file "../sources/motor_sci.c",line 163,column 17,is_stmt,isa 0
    3468 00000015 5CAD          MOVZ      AR4,SP                ; [CPU_ALU] |163| 
    3469 00000016 59A0          MOVZ      AR1,AR0               ; [CPU_ALU] |163| 
    3470 00000017 DCE4          SUBB      XAR4,#100             ; [CPU_ARAU] |163| 
    3471 00000018 5CA4          MOVZ      AR4,AR4               ; [CPU_ALU] |163| 
    3472 00000019 9295          MOV       AL,*+XAR5[AR0]        ; [CPU_ALU] |163| 
    3473 0000001a D981          SUBB      XAR1,#1               ; [CPU_ARAU] |163| 
    3474                      .dwpsn  file "../sources/motor_sci.c",line 161,column 24,is_stmt,isa 0
    3475 0000001b D801          ADDB      XAR0,#1               ; [CPU_ALU] |161| 
TMS320C2000 Assembler PC v22.6.2 Fri Mar 13 19:45:53 2026

Copyright (c) 1996-2018 Texas Instruments Incorporated
motor_sci.asm                                                        PAGE   68

    3476                      .dwpsn  file "../sources/motor_sci.c",line 163,column 17,is_stmt,isa 0
    3477 0000001c 969C          MOV       *+XAR4[AR1],AL        ; [CPU_FPU] |163| 
    3478 0000001d 92A0          MOV       AL,AR0                ; [CPU_ALU] |163| 
    3479                      .dwpsn  file "../sources/motor_sci.c",line 161,column 24,is_stmt,isa 0
    3480 0000001e 5400!         CMP       AL,@||sciRxIndex||    ; [CPU_ALU] |161| 
    3481 0000001f 68F3          B         ||$C$L29||,LO         ; [CPU_ALU] |161| 
    3482                      ; branchcc occurs ; [] |161| 
    3483 00000020       ||$C$L30||:    
    3484                      .dwpsn  file "../sources/motor_sci.c",line 165,column 13,is_stmt,isa 0
    3485 00000020 5CAD          MOVZ      AR4,SP                ; [CPU_ALU] |165| 
    3486 00000021 DCE4          SUBB      XAR4,#100             ; [CPU_ARAU] |165| 
    3487 00000022 5DA4          MOVZ      AR5,AR4               ; [CPU_ALU] |165| 
    3488                      .dwpsn  file "D:/TI/ccs/ccs/tools/compiler/ti-cgt-c2000_22.6.2.LTS/include/stdlib.h",line 255,column 
    3489 00000023 5CAD          MOVZ      AR4,SP                ; [CPU_ALU] |255| 
    3490 00000024 DCE8          SUBB      XAR4,#104             ; [CPU_ARAU] |255| 
    3491 00000025 88A4          MOVZ      AR6,AR4               ; [CPU_ALU] |255| 
    3492 00000026 5CAD          MOVZ      AR4,SP                ; [CPU_ALU] |255| 
    3493                      .dwpsn  file "../sources/motor_sci.c",line 165,column 13,is_stmt,isa 0
    3494 00000027 D881          SUBB      XAR0,#1               ; [CPU_ARAU] |165| 
    3495 00000028 2B95          MOV       *+XAR5[AR0],#0        ; [CPU_ALU] |165| 
    3496                      .dwpsn  file "D:/TI/ccs/ccs/tools/compiler/ti-cgt-c2000_22.6.2.LTS/include/stdlib.h",line 255,column 
    3497 00000029 D500          MOVB      XAR5,#0               ; [CPU_ALU] |255| 
    3498 0000002a DCE4          SUBB      XAR4,#100             ; [CPU_ARAU] |255| 
    3499 0000002b 5CA4          MOVZ      AR4,AR4               ; [CPU_ALU] |255| 
    3500              $C$DW$218       .dwtag  DW_TAG_TI_branch
    3501                      .dwattr $C$DW$218, DW_AT_low_pc(0x00)
    3502                      .dwattr $C$DW$218, DW_AT_name("strtod")
    3503                      .dwattr $C$DW$218, DW_AT_TI_call
    3504              
    3505 0000002c 7640!         LCR       #||strtod||           ; [CPU_ALU] |255| 
         0000002d 0000 
    3506                      ; call occurs [#||strtod||] ; [] |255| 
    3507 0000002e 5CAD          MOVZ      AR4,SP                ; [CPU_ALU] |255| 
    3508 0000002f DCE8          SUBB      XAR4,#104             ; [CPU_ARAU] |255| 
    3509 00000030 5CA4          MOVZ      AR4,AR4               ; [CPU_ALU] |255| 
    3510              $C$DW$219       .dwtag  DW_TAG_TI_branch
    3511                      .dwattr $C$DW$219, DW_AT_low_pc(0x00)
    3512                      .dwattr $C$DW$219, DW_AT_name("__c28xabi_dtof")
    3513                      .dwattr $C$DW$219, DW_AT_TI_call
    3514              
    3515 00000031 7640!         LCR       #||__c28xabi_dtof||   ; [CPU_ALU] |255| 
         00000032 0000 
    3516                      ; call occurs [#||__c28xabi_dtof||] ; [] |255| 
    3517                      .dwpsn  file "../sources/motor_sci.c",line 175,column 13,is_stmt,isa 0
    3518 00000033 5CAD          MOVZ      AR4,SP                ; [CPU_ALU] |175| 
    3519 00000034 761F!         MOVW      DP,#||targetSpeed||   ; [CPU_ARAU] 
         00000035 0000 
    3520 00000036 DCEC          SUBB      XAR4,#108             ; [CPU_ARAU] |175| 
    3521                      .dwpsn  file "../sources/motor_sci.c",line 171,column 13,is_stmt,isa 0
    3522 00000037 E203!         MOV32     @||targetSpeed||,R0H  ; [CPU_FPU] |171| 
         00000038 0000 
    3523                      .dwpsn  file "../sources/motor_sci.c",line 175,column 13,is_stmt,isa 0
    3524 00000039 88A4          MOVZ      AR6,AR4               ; [CPU_ALU] |175| 
    3525              $C$DW$220       .dwtag  DW_TAG_TI_branch
    3526                      .dwattr $C$DW$220, DW_AT_low_pc(0x00)
TMS320C2000 Assembler PC v22.6.2 Fri Mar 13 19:45:53 2026

Copyright (c) 1996-2018 Texas Instruments Incorporated
motor_sci.asm                                                        PAGE   69

    3527                      .dwattr $C$DW$220, DW_AT_name("__c28xabi_ftod")
    3528                      .dwattr $C$DW$220, DW_AT_TI_call
    3529              
    3530 0000003a 7640!         LCR       #||__c28xabi_ftod||   ; [CPU_ALU] |175| 
         0000003b 0000 
    3531                      ; call occurs [#||__c28xabi_ftod||] ; [] |175| 
    3532 0000003c 5CAD          MOVZ      AR4,SP                ; [CPU_ALU] |175| 
    3533 0000003d DCEC          SUBB      XAR4,#108             ; [CPU_ARAU] |175| 
    3534 0000003e C4C4          MOVL      XAR6,*+XAR4[0]        ; [CPU_ALU] |175| 
    3535 0000003f 06D4          MOVL      ACC,*+XAR4[2]         ; [CPU_ALU] |175| 
    3536 00000040 5CAD          MOVZ      AR4,SP                ; [CPU_ALU] |175| 
    3537 00000041 DCE8          SUBB      XAR4,#104             ; [CPU_ARAU] |175| 
    3538 00000042 C2C4          MOVL      *+XAR4[0],XAR6        ; [CPU_ALU] |175| 
    3539 00000043 1ED4          MOVL      *+XAR4[2],ACC         ; [CPU_ALU] |175| 
    3540 00000044 5CAD          MOVZ      AR4,SP                ; [CPU_ALU] |175| 
    3541 00000045 DCE8          SUBB      XAR4,#104             ; [CPU_ARAU] |175| 
    3542 00000046 0EA4          MOVU      ACC,AR4               ; [CPU_ALU] |175| 
    3543 00000047 5CAD          MOVZ      AR4,SP                ; [CPU_ALU] |175| 
    3544 00000048 8F40!         MOVL      XAR5,#$C$FSL4         ; [CPU_ARAU] |175| 
         00000049 0000 
    3545 0000004a A042          MOVL      *-SP[2],XAR5          ; [CPU_ALU] |175| 
    3546 0000004b DCC4          SUBB      XAR4,#68              ; [CPU_ARAU] |175| 
    3547 0000004c 1E44          MOVL      *-SP[4],ACC           ; [CPU_ALU] |175| 
    3548 0000004d 5CA4          MOVZ      AR4,AR4               ; [CPU_ALU] |175| 
    3549              $C$DW$221       .dwtag  DW_TAG_TI_branch
    3550                      .dwattr $C$DW$221, DW_AT_low_pc(0x00)
    3551                      .dwattr $C$DW$221, DW_AT_name("sprintf")
    3552                      .dwattr $C$DW$221, DW_AT_TI_call
    3553              
    3554 0000004e 7640!         LCR       #||sprintf||          ; [CPU_ALU] |175| 
         0000004f 0000 
    3555                      ; call occurs [#||sprintf||] ; [] |175| 
    3556                      .dwpsn  file "../sources/motor_sci.c",line 176,column 13,is_stmt,isa 0
    3557 00000050 5CAD          MOVZ      AR4,SP                ; [CPU_ALU] |176| 
    3558 00000051 A2A9          MOVL      ACC,XAR3              ; [CPU_ALU] |176| 
    3559 00000052 DCC4          SUBB      XAR4,#68              ; [CPU_ARAU] |176| 
    3560 00000053 5CA4          MOVZ      AR4,AR4               ; [CPU_ALU] |176| 
    3561              $C$DW$222       .dwtag  DW_TAG_TI_branch
    3562                      .dwattr $C$DW$222, DW_AT_low_pc(0x00)
    3563                      .dwattr $C$DW$222, DW_AT_name("MOTOR_SCI_sendString")
    3564                      .dwattr $C$DW$222, DW_AT_TI_call
    3565              
    3566 00000054 7640!         LCR       #||MOTOR_SCI_sendString|| ; [CPU_ALU] |176| 
         00000055 0000 
    3567                      ; call occurs [#||MOTOR_SCI_sendString||] ; [] |176| 
    3568 00000056       ||$C$L31||:    
    3569 00000056 761F!         MOVW      DP,#||sciRxIndex||    ; [CPU_ARAU] 
         00000057 0000 
    3570                      .dwpsn  file "../sources/motor_sci.c",line 180,column 9,is_stmt,isa 0
    3571 00000058 2B00!         MOV       @||sciRxIndex||,#0    ; [CPU_ALU] |180| 
    3572 00000059       ||$C$L32||:    
    3573 00000059 FEEC          SUBB      SP,#108               ; [CPU_ARAU] 
    3574                      .dwcfi  cfa_offset, -6
    3575 0000005a 82BE          MOVL      XAR3,*--SP            ; [CPU_ALU] 
    3576                      .dwcfi  cfa_offset, -4
TMS320C2000 Assembler PC v22.6.2 Fri Mar 13 19:45:53 2026

Copyright (c) 1996-2018 Texas Instruments Incorporated
motor_sci.asm                                                        PAGE   70

    3577                      .dwcfi  restore_reg, 11
    3578 0000005b 8BBE          MOVL      XAR1,*--SP            ; [CPU_ALU] 
    3579                      .dwcfi  cfa_offset, -2
    3580                      .dwcfi  restore_reg, 7
    3581              $C$DW$223       .dwtag  DW_TAG_TI_branch
    3582                      .dwattr $C$DW$223, DW_AT_low_pc(0x00)
    3583                      .dwattr $C$DW$223, DW_AT_TI_return
    3584              
    3585 0000005c 0006          LRETR     ; [CPU_ALU] 
    3586                      ; return occurs ; [] 
    3587                      .dwattr $C$DW$211, DW_AT_TI_end_file("../sources/motor_sci.c")
    3588                      .dwattr $C$DW$211, DW_AT_TI_end_line(0xb6)
    3589                      .dwattr $C$DW$211, DW_AT_TI_end_column(0x01)
    3590                      .dwendentry
    3591                      .dwendtag $C$DW$211
    3592              
    3593              ;***************************************************************
    3594              ;* FAR STRINGS                                                 *
    3595              ;***************************************************************
    3596 00000000               .sect   ".const:.string"
    3597                      .align  2
    3598 00000000 004D  ||$C$FSL1||:    .string "MOTOR%d: REF=%.2f, ACT=%.2f",13,10,0
         00000001 004F 
         00000002 0054 
         00000003 004F 
         00000004 0052 
         00000005 0025 
         00000006 0064 
         00000007 003A 
         00000008 0020 
         00000009 0052 
         0000000a 0045 
         0000000b 0046 
         0000000c 003D 
         0000000d 0025 
         0000000e 002E 
         0000000f 0032 
         00000010 0066 
         00000011 002C 
         00000012 0020 
         00000013 0041 
         00000014 0043 
         00000015 0054 
         00000016 003D 
         00000017 0025 
         00000018 002E 
         00000019 0032 
         0000001a 0066 
         0000001b 000D 
         0000001c 000A 
         0000001d 0000 
    3599                      .align  2
    3600 0000001e 0025  ||$C$FSL2||:    .string "%d",0
         0000001f 0064 
         00000020 0000 
TMS320C2000 Assembler PC v22.6.2 Fri Mar 13 19:45:53 2026

Copyright (c) 1996-2018 Texas Instruments Incorporated
motor_sci.asm                                                        PAGE   71

    3601                      .align  2
    3602 00000022 0025  ||$C$FSL3||:    .string "%.2f",0
         00000023 002E 
         00000024 0032 
         00000025 0066 
         00000026 0000 
    3603                      .align  2
    3604 00000028 0054  ||$C$FSL4||:    .string "Target speed set to: %.2f",13,10,0
         00000029 0061 
         0000002a 0072 
         0000002b 0067 
         0000002c 0065 
         0000002d 0074 
         0000002e 0020 
         0000002f 0073 
         00000030 0070 
         00000031 0065 
         00000032 0065 
         00000033 0064 
         00000034 0020 
         00000035 0073 
         00000036 0065 
         00000037 0074 
         00000038 0020 
         00000039 0074 
         0000003a 006F 
         0000003b 003A 
         0000003c 0020 
         0000003d 0025 
         0000003e 002E 
         0000003f 0032 
         00000040 0066 
         00000041 000D 
         00000042 000A 
         00000043 0000 
    3605              ;**************************************************************
    3606              ;* UNDEFINED EXTERNAL REFERENCES                              *
    3607              ;**************************************************************
    3608                      .global ||SCI_clearInterruptStatus||
    3609                      .global ||SCI_setConfig||
    3610                      .global ||SCI_enableInterrupt||
    3611                      .global ||sprintf||
    3612                      .global ||SCI_getInterruptStatus||
    3613                      .global ||strtod||
    3614                      .global ||__c28xabi_cmpull||
    3615                      .global ||__c28xabi_ftod||
    3616                      .global ||__c28xabi_dtof||
    3617              ;**************************************************************
    3618              ;* SECTION GROUPS                                             *
    3619              ;**************************************************************
    3620                      .group    "__fpclassify", 1
    3621                      .gmember  ".text:__fpclassify"
    3622                      .endgroup
    3623                      .group    "__fpclassifyf", 1
    3624                      .gmember  ".text:__fpclassifyf"
TMS320C2000 Assembler PC v22.6.2 Fri Mar 13 19:45:53 2026

Copyright (c) 1996-2018 Texas Instruments Incorporated
motor_sci.asm                                                        PAGE   72

    3625                      .endgroup
    3626                      .group    "__fpclassifyl", 1
    3627                      .gmember  ".text:__fpclassifyl"
    3628                      .endgroup
    3629                      .group    "__isfinite", 1
    3630                      .gmember  ".text:__isfinite"
    3631                      .endgroup
    3632                      .group    "__isfinitef", 1
    3633                      .gmember  ".text:__isfinitef"
    3634                      .endgroup
    3635                      .group    "__isfinitel", 1
    3636                      .gmember  ".text:__isfinitel"
    3637                      .endgroup
    3638                      .group    "__isinf", 1
    3639                      .gmember  ".text:__isinf"
    3640                      .endgroup
    3641                      .group    "__isinff", 1
    3642                      .gmember  ".text:__isinff"
    3643                      .endgroup
    3644                      .group    "__isinfl", 1
    3645                      .gmember  ".text:__isinfl"
    3646                      .endgroup
    3647                      .group    "__isnan", 1
    3648                      .gmember  ".text:__isnan"
    3649                      .endgroup
    3650                      .group    "__isnanf", 1
    3651                      .gmember  ".text:__isnanf"
    3652                      .endgroup
    3653                      .group    "__isnanl", 1
    3654                      .gmember  ".text:__isnanl"
    3655                      .endgroup
    3656                      .group    "__isnormal", 1
    3657                      .gmember  ".text:__isnormal"
    3658                      .endgroup
    3659                      .group    "__isnormalf", 1
    3660                      .gmember  ".text:__isnormalf"
    3661                      .endgroup
    3662                      .group    "__isnormall", 1
    3663                      .gmember  ".text:__isnormall"
    3664                      .endgroup
    3665                      .group    "__relaxed_atan2f", 1
    3666                      .gmember  ".text:__relaxed_atan2f"
    3667                      .endgroup
    3668                      .group    "__relaxed_atanf", 1
    3669                      .gmember  ".text:__relaxed_atanf"
    3670                      .endgroup
    3671                      .group    "__relaxed_cosf", 1
    3672                      .gmember  ".text:__relaxed_cosf"
    3673                      .endgroup
    3674                      .group    "__relaxed_fmaxf", 1
    3675                      .gmember  ".text:__relaxed_fmaxf"
    3676                      .endgroup
    3677                      .group    "__relaxed_fminf", 1
    3678                      .gmember  ".text:__relaxed_fminf"
    3679                      .endgroup
TMS320C2000 Assembler PC v22.6.2 Fri Mar 13 19:45:53 2026

Copyright (c) 1996-2018 Texas Instruments Incorporated
motor_sci.asm                                                        PAGE   73

    3680                      .group    "__relaxed_fmodf", 1
    3681                      .gmember  ".text:__relaxed_fmodf"
    3682                      .endgroup
    3683                      .group    "__relaxed_sinf", 1
    3684                      .gmember  ".text:__relaxed_sinf"
    3685                      .endgroup
    3686                      .group    "__relaxed_sqrtf", 1
    3687                      .gmember  ".text:__relaxed_sqrtf"
    3688                      .endgroup
    3689                      .group    "__signbit", 1
    3690                      .gmember  ".text:__signbit"
    3691                      .endgroup
    3692                      .group    "__signbitf", 1
    3693                      .gmember  ".text:__signbitf"
    3694                      .endgroup
    3695                      .group    "__signbitl", 1
    3696                      .gmember  ".text:__signbitl"
    3697                      .endgroup
    3698              
    3699              
    3700              ;***************************************************************
    3701              ;* BUILD ATTRIBUTES                                            *
    3702              ;***************************************************************
    3703                      .battr "c28xabi", Tag_File, 1, Tag_float_args(1)
    3704                      .battr "c28xabi", Tag_File, 1, Tag_double_args(1)
    3705                      .dwattr $C$DW$CU, DW_AT_language(DW_LANG_C)
    3706              
    3707              ;***************************************************************
    3708              ;* DWARF CIE ENTRIES                                           *
    3709              ;***************************************************************
    3710              
    3711              $C$DW$CIE       .dwcie 26
    3712                      .dwcfi  cfa_register, 20
    3713                      .dwcfi  cfa_offset, 0
    3714                      .dwcfi  same_value, 28
    3715                      .dwcfi  same_value, 6
    3716                      .dwcfi  same_value, 7
    3717                      .dwcfi  same_value, 8
    3718                      .dwcfi  same_value, 9
    3719                      .dwcfi  same_value, 10
    3720                      .dwcfi  same_value, 11
    3721                      .dwcfi  same_value, 59
    3722                      .dwcfi  same_value, 63
    3723                      .dwcfi  same_value, 67
    3724                      .dwcfi  same_value, 71
    3725                      .dwendentry
    3726                      .dwendtag $C$DW$CU
    3727              
    3728              
    3729              ;***************************************************************
    3730              ;* TYPE INFORMATION                                            *
    3731              ;***************************************************************
    3732              
    3733              $C$DW$TU$19     .dwtag  DW_TAG_type_unit
    3734                      .dwmtype  $C$DW$T$19
TMS320C2000 Assembler PC v22.6.2 Fri Mar 13 19:45:53 2026

Copyright (c) 1996-2018 Texas Instruments Incorporated
motor_sci.asm                                                        PAGE   74

    3735              
    3736              $C$DW$T$19      .dwtag  DW_TAG_enumeration_type
    3737                      .dwattr $C$DW$T$19, DW_AT_byte_size(0x01)
    3738              $C$DW$224       .dwtag  DW_TAG_enumerator
    3739                      .dwattr $C$DW$224, DW_AT_name("SCI_FIFO_TX0")
    3740                      .dwattr $C$DW$224, DW_AT_const_value(0x00)
    3741                      .dwattr $C$DW$224, DW_AT_decl_file("C:/TI/C2000Ware_MotorControl_SDK_5_04_00_00/c2000ware/driverlib/f
    3742                      .dwattr $C$DW$224, DW_AT_decl_line(0x84)
    3743                      .dwattr $C$DW$224, DW_AT_decl_column(0x05)
    3744              
    3745              $C$DW$225       .dwtag  DW_TAG_enumerator
    3746                      .dwattr $C$DW$225, DW_AT_name("SCI_FIFO_TX1")
    3747                      .dwattr $C$DW$225, DW_AT_const_value(0x01)
    3748                      .dwattr $C$DW$225, DW_AT_decl_file("C:/TI/C2000Ware_MotorControl_SDK_5_04_00_00/c2000ware/driverlib/f
    3749                      .dwattr $C$DW$225, DW_AT_decl_line(0x85)
    3750                      .dwattr $C$DW$225, DW_AT_decl_column(0x05)
    3751              
    3752              $C$DW$226       .dwtag  DW_TAG_enumerator
    3753                      .dwattr $C$DW$226, DW_AT_name("SCI_FIFO_TX2")
    3754                      .dwattr $C$DW$226, DW_AT_const_value(0x02)
    3755                      .dwattr $C$DW$226, DW_AT_decl_file("C:/TI/C2000Ware_MotorControl_SDK_5_04_00_00/c2000ware/driverlib/f
    3756                      .dwattr $C$DW$226, DW_AT_decl_line(0x86)
    3757                      .dwattr $C$DW$226, DW_AT_decl_column(0x05)
    3758              
    3759              $C$DW$227       .dwtag  DW_TAG_enumerator
    3760                      .dwattr $C$DW$227, DW_AT_name("SCI_FIFO_TX3")
    3761                      .dwattr $C$DW$227, DW_AT_const_value(0x03)
    3762                      .dwattr $C$DW$227, DW_AT_decl_file("C:/TI/C2000Ware_MotorControl_SDK_5_04_00_00/c2000ware/driverlib/f
    3763                      .dwattr $C$DW$227, DW_AT_decl_line(0x87)
    3764                      .dwattr $C$DW$227, DW_AT_decl_column(0x05)
    3765              
    3766              $C$DW$228       .dwtag  DW_TAG_enumerator
    3767                      .dwattr $C$DW$228, DW_AT_name("SCI_FIFO_TX4")
    3768                      .dwattr $C$DW$228, DW_AT_const_value(0x04)
    3769                      .dwattr $C$DW$228, DW_AT_decl_file("C:/TI/C2000Ware_MotorControl_SDK_5_04_00_00/c2000ware/driverlib/f
    3770                      .dwattr $C$DW$228, DW_AT_decl_line(0x88)
    3771                      .dwattr $C$DW$228, DW_AT_decl_column(0x05)
    3772              
    3773              $C$DW$229       .dwtag  DW_TAG_enumerator
    3774                      .dwattr $C$DW$229, DW_AT_name("SCI_FIFO_TX5")
    3775                      .dwattr $C$DW$229, DW_AT_const_value(0x05)
    3776                      .dwattr $C$DW$229, DW_AT_decl_file("C:/TI/C2000Ware_MotorControl_SDK_5_04_00_00/c2000ware/driverlib/f
    3777                      .dwattr $C$DW$229, DW_AT_decl_line(0x89)
    3778                      .dwattr $C$DW$229, DW_AT_decl_column(0x05)
    3779              
    3780              $C$DW$230       .dwtag  DW_TAG_enumerator
    3781                      .dwattr $C$DW$230, DW_AT_name("SCI_FIFO_TX6")
    3782                      .dwattr $C$DW$230, DW_AT_const_value(0x06)
    3783                      .dwattr $C$DW$230, DW_AT_decl_file("C:/TI/C2000Ware_MotorControl_SDK_5_04_00_00/c2000ware/driverlib/f
    3784                      .dwattr $C$DW$230, DW_AT_decl_line(0x8a)
    3785                      .dwattr $C$DW$230, DW_AT_decl_column(0x05)
    3786              
    3787              $C$DW$231       .dwtag  DW_TAG_enumerator
    3788                      .dwattr $C$DW$231, DW_AT_name("SCI_FIFO_TX7")
    3789                      .dwattr $C$DW$231, DW_AT_const_value(0x07)
TMS320C2000 Assembler PC v22.6.2 Fri Mar 13 19:45:53 2026

Copyright (c) 1996-2018 Texas Instruments Incorporated
motor_sci.asm                                                        PAGE   75

    3790                      .dwattr $C$DW$231, DW_AT_decl_file("C:/TI/C2000Ware_MotorControl_SDK_5_04_00_00/c2000ware/driverlib/f
    3791                      .dwattr $C$DW$231, DW_AT_decl_line(0x8b)
    3792                      .dwattr $C$DW$231, DW_AT_decl_column(0x05)
    3793              
    3794              $C$DW$232       .dwtag  DW_TAG_enumerator
    3795                      .dwattr $C$DW$232, DW_AT_name("SCI_FIFO_TX8")
    3796                      .dwattr $C$DW$232, DW_AT_const_value(0x08)
    3797                      .dwattr $C$DW$232, DW_AT_decl_file("C:/TI/C2000Ware_MotorControl_SDK_5_04_00_00/c2000ware/driverlib/f
    3798                      .dwattr $C$DW$232, DW_AT_decl_line(0x8c)
    3799                      .dwattr $C$DW$232, DW_AT_decl_column(0x05)
    3800              
    3801              $C$DW$233       .dwtag  DW_TAG_enumerator
    3802                      .dwattr $C$DW$233, DW_AT_name("SCI_FIFO_TX9")
    3803                      .dwattr $C$DW$233, DW_AT_const_value(0x09)
    3804                      .dwattr $C$DW$233, DW_AT_decl_file("C:/TI/C2000Ware_MotorControl_SDK_5_04_00_00/c2000ware/driverlib/f
    3805                      .dwattr $C$DW$233, DW_AT_decl_line(0x8d)
    3806                      .dwattr $C$DW$233, DW_AT_decl_column(0x05)
    3807              
    3808              $C$DW$234       .dwtag  DW_TAG_enumerator
    3809                      .dwattr $C$DW$234, DW_AT_name("SCI_FIFO_TX10")
    3810                      .dwattr $C$DW$234, DW_AT_const_value(0x0a)
    3811                      .dwattr $C$DW$234, DW_AT_decl_file("C:/TI/C2000Ware_MotorControl_SDK_5_04_00_00/c2000ware/driverlib/f
    3812                      .dwattr $C$DW$234, DW_AT_decl_line(0x8e)
    3813                      .dwattr $C$DW$234, DW_AT_decl_column(0x05)
    3814              
    3815              $C$DW$235       .dwtag  DW_TAG_enumerator
    3816                      .dwattr $C$DW$235, DW_AT_name("SCI_FIFO_TX11")
    3817                      .dwattr $C$DW$235, DW_AT_const_value(0x0b)
    3818                      .dwattr $C$DW$235, DW_AT_decl_file("C:/TI/C2000Ware_MotorControl_SDK_5_04_00_00/c2000ware/driverlib/f
    3819                      .dwattr $C$DW$235, DW_AT_decl_line(0x8f)
    3820                      .dwattr $C$DW$235, DW_AT_decl_column(0x05)
    3821              
    3822              $C$DW$236       .dwtag  DW_TAG_enumerator
    3823                      .dwattr $C$DW$236, DW_AT_name("SCI_FIFO_TX12")
    3824                      .dwattr $C$DW$236, DW_AT_const_value(0x0c)
    3825                      .dwattr $C$DW$236, DW_AT_decl_file("C:/TI/C2000Ware_MotorControl_SDK_5_04_00_00/c2000ware/driverlib/f
    3826                      .dwattr $C$DW$236, DW_AT_decl_line(0x90)
    3827                      .dwattr $C$DW$236, DW_AT_decl_column(0x05)
    3828              
    3829              $C$DW$237       .dwtag  DW_TAG_enumerator
    3830                      .dwattr $C$DW$237, DW_AT_name("SCI_FIFO_TX13")
    3831                      .dwattr $C$DW$237, DW_AT_const_value(0x0d)
    3832                      .dwattr $C$DW$237, DW_AT_decl_file("C:/TI/C2000Ware_MotorControl_SDK_5_04_00_00/c2000ware/driverlib/f
    3833                      .dwattr $C$DW$237, DW_AT_decl_line(0x91)
    3834                      .dwattr $C$DW$237, DW_AT_decl_column(0x05)
    3835              
    3836              $C$DW$238       .dwtag  DW_TAG_enumerator
    3837                      .dwattr $C$DW$238, DW_AT_name("SCI_FIFO_TX14")
    3838                      .dwattr $C$DW$238, DW_AT_const_value(0x0e)
    3839                      .dwattr $C$DW$238, DW_AT_decl_file("C:/TI/C2000Ware_MotorControl_SDK_5_04_00_00/c2000ware/driverlib/f
    3840                      .dwattr $C$DW$238, DW_AT_decl_line(0x92)
    3841                      .dwattr $C$DW$238, DW_AT_decl_column(0x05)
    3842              
    3843              $C$DW$239       .dwtag  DW_TAG_enumerator
    3844                      .dwattr $C$DW$239, DW_AT_name("SCI_FIFO_TX15")
TMS320C2000 Assembler PC v22.6.2 Fri Mar 13 19:45:53 2026

Copyright (c) 1996-2018 Texas Instruments Incorporated
motor_sci.asm                                                        PAGE   76

    3845                      .dwattr $C$DW$239, DW_AT_const_value(0x0f)
    3846                      .dwattr $C$DW$239, DW_AT_decl_file("C:/TI/C2000Ware_MotorControl_SDK_5_04_00_00/c2000ware/driverlib/f
    3847                      .dwattr $C$DW$239, DW_AT_decl_line(0x93)
    3848                      .dwattr $C$DW$239, DW_AT_decl_column(0x05)
    3849              
    3850              $C$DW$240       .dwtag  DW_TAG_enumerator
    3851                      .dwattr $C$DW$240, DW_AT_name("SCI_FIFO_TX16")
    3852                      .dwattr $C$DW$240, DW_AT_const_value(0x10)
    3853                      .dwattr $C$DW$240, DW_AT_decl_file("C:/TI/C2000Ware_MotorControl_SDK_5_04_00_00/c2000ware/driverlib/f
    3854                      .dwattr $C$DW$240, DW_AT_decl_line(0x94)
    3855                      .dwattr $C$DW$240, DW_AT_decl_column(0x05)
    3856              
    3857                      .dwattr $C$DW$T$19, DW_AT_decl_file("C:/TI/C2000Ware_MotorControl_SDK_5_04_00_00/c2000ware/driverlib/
    3858                      .dwattr $C$DW$T$19, DW_AT_decl_line(0x83)
    3859                      .dwattr $C$DW$T$19, DW_AT_decl_column(0x01)
    3860                      .dwendtag $C$DW$T$19
    3861              
    3862                      .dwendtag $C$DW$TU$19
    3863              
    3864              
    3865              $C$DW$TU$20     .dwtag  DW_TAG_type_unit
    3866                      .dwmtype  $C$DW$T$20
    3867              $C$DW$T$20      .dwtag  DW_TAG_typedef
    3868                      .dwattr $C$DW$T$20, DW_AT_name("SCI_TxFIFOLevel")
    3869                      .dwattr $C$DW$T$20, DW_AT_type(*$C$DW$T$19)
    3870                      .dwattr $C$DW$T$20, DW_AT_decl_file("C:/TI/C2000Ware_MotorControl_SDK_5_04_00_00/c2000ware/driverlib/
    3871                      .dwattr $C$DW$T$20, DW_AT_decl_line(0x95)
    3872                      .dwattr $C$DW$T$20, DW_AT_decl_column(0x03)
    3873              
    3874                      .dwendtag $C$DW$TU$20
    3875              
    3876              
    3877              $C$DW$TU$24     .dwtag  DW_TAG_type_unit
    3878                      .dwmtype  $C$DW$T$24
    3879              
    3880              $C$DW$T$24      .dwtag  DW_TAG_enumeration_type
    3881                      .dwattr $C$DW$T$24, DW_AT_byte_size(0x01)
    3882              $C$DW$241       .dwtag  DW_TAG_enumerator
    3883                      .dwattr $C$DW$241, DW_AT_name("SCI_FIFO_RX0")
    3884                      .dwattr $C$DW$241, DW_AT_const_value(0x00)
    3885                      .dwattr $C$DW$241, DW_AT_decl_file("C:/TI/C2000Ware_MotorControl_SDK_5_04_00_00/c2000ware/driverlib/f
    3886                      .dwattr $C$DW$241, DW_AT_decl_line(0xa0)
    3887                      .dwattr $C$DW$241, DW_AT_decl_column(0x05)
    3888              
    3889              $C$DW$242       .dwtag  DW_TAG_enumerator
    3890                      .dwattr $C$DW$242, DW_AT_name("SCI_FIFO_RX1")
    3891                      .dwattr $C$DW$242, DW_AT_const_value(0x01)
    3892                      .dwattr $C$DW$242, DW_AT_decl_file("C:/TI/C2000Ware_MotorControl_SDK_5_04_00_00/c2000ware/driverlib/f
    3893                      .dwattr $C$DW$242, DW_AT_decl_line(0xa1)
    3894                      .dwattr $C$DW$242, DW_AT_decl_column(0x05)
    3895              
    3896              $C$DW$243       .dwtag  DW_TAG_enumerator
    3897                      .dwattr $C$DW$243, DW_AT_name("SCI_FIFO_RX2")
    3898                      .dwattr $C$DW$243, DW_AT_const_value(0x02)
    3899                      .dwattr $C$DW$243, DW_AT_decl_file("C:/TI/C2000Ware_MotorControl_SDK_5_04_00_00/c2000ware/driverlib/f
TMS320C2000 Assembler PC v22.6.2 Fri Mar 13 19:45:53 2026

Copyright (c) 1996-2018 Texas Instruments Incorporated
motor_sci.asm                                                        PAGE   77

    3900                      .dwattr $C$DW$243, DW_AT_decl_line(0xa2)
    3901                      .dwattr $C$DW$243, DW_AT_decl_column(0x05)
    3902              
    3903              $C$DW$244       .dwtag  DW_TAG_enumerator
    3904                      .dwattr $C$DW$244, DW_AT_name("SCI_FIFO_RX3")
    3905                      .dwattr $C$DW$244, DW_AT_const_value(0x03)
    3906                      .dwattr $C$DW$244, DW_AT_decl_file("C:/TI/C2000Ware_MotorControl_SDK_5_04_00_00/c2000ware/driverlib/f
    3907                      .dwattr $C$DW$244, DW_AT_decl_line(0xa3)
    3908                      .dwattr $C$DW$244, DW_AT_decl_column(0x05)
    3909              
    3910              $C$DW$245       .dwtag  DW_TAG_enumerator
    3911                      .dwattr $C$DW$245, DW_AT_name("SCI_FIFO_RX4")
    3912                      .dwattr $C$DW$245, DW_AT_const_value(0x04)
    3913                      .dwattr $C$DW$245, DW_AT_decl_file("C:/TI/C2000Ware_MotorControl_SDK_5_04_00_00/c2000ware/driverlib/f
    3914                      .dwattr $C$DW$245, DW_AT_decl_line(0xa4)
    3915                      .dwattr $C$DW$245, DW_AT_decl_column(0x05)
    3916              
    3917              $C$DW$246       .dwtag  DW_TAG_enumerator
    3918                      .dwattr $C$DW$246, DW_AT_name("SCI_FIFO_RX5")
    3919                      .dwattr $C$DW$246, DW_AT_const_value(0x05)
    3920                      .dwattr $C$DW$246, DW_AT_decl_file("C:/TI/C2000Ware_MotorControl_SDK_5_04_00_00/c2000ware/driverlib/f
    3921                      .dwattr $C$DW$246, DW_AT_decl_line(0xa5)
    3922                      .dwattr $C$DW$246, DW_AT_decl_column(0x05)
    3923              
    3924              $C$DW$247       .dwtag  DW_TAG_enumerator
    3925                      .dwattr $C$DW$247, DW_AT_name("SCI_FIFO_RX6")
    3926                      .dwattr $C$DW$247, DW_AT_const_value(0x06)
    3927                      .dwattr $C$DW$247, DW_AT_decl_file("C:/TI/C2000Ware_MotorControl_SDK_5_04_00_00/c2000ware/driverlib/f
    3928                      .dwattr $C$DW$247, DW_AT_decl_line(0xa6)
    3929                      .dwattr $C$DW$247, DW_AT_decl_column(0x05)
    3930              
    3931              $C$DW$248       .dwtag  DW_TAG_enumerator
    3932                      .dwattr $C$DW$248, DW_AT_name("SCI_FIFO_RX7")
    3933                      .dwattr $C$DW$248, DW_AT_const_value(0x07)
    3934                      .dwattr $C$DW$248, DW_AT_decl_file("C:/TI/C2000Ware_MotorControl_SDK_5_04_00_00/c2000ware/driverlib/f
    3935                      .dwattr $C$DW$248, DW_AT_decl_line(0xa7)
    3936                      .dwattr $C$DW$248, DW_AT_decl_column(0x05)
    3937              
    3938              $C$DW$249       .dwtag  DW_TAG_enumerator
    3939                      .dwattr $C$DW$249, DW_AT_name("SCI_FIFO_RX8")
    3940                      .dwattr $C$DW$249, DW_AT_const_value(0x08)
    3941                      .dwattr $C$DW$249, DW_AT_decl_file("C:/TI/C2000Ware_MotorControl_SDK_5_04_00_00/c2000ware/driverlib/f
    3942                      .dwattr $C$DW$249, DW_AT_decl_line(0xa8)
    3943                      .dwattr $C$DW$249, DW_AT_decl_column(0x05)
    3944              
    3945              $C$DW$250       .dwtag  DW_TAG_enumerator
    3946                      .dwattr $C$DW$250, DW_AT_name("SCI_FIFO_RX9")
    3947                      .dwattr $C$DW$250, DW_AT_const_value(0x09)
    3948                      .dwattr $C$DW$250, DW_AT_decl_file("C:/TI/C2000Ware_MotorControl_SDK_5_04_00_00/c2000ware/driverlib/f
    3949                      .dwattr $C$DW$250, DW_AT_decl_line(0xa9)
    3950                      .dwattr $C$DW$250, DW_AT_decl_column(0x05)
    3951              
    3952              $C$DW$251       .dwtag  DW_TAG_enumerator
    3953                      .dwattr $C$DW$251, DW_AT_name("SCI_FIFO_RX10")
    3954                      .dwattr $C$DW$251, DW_AT_const_value(0x0a)
TMS320C2000 Assembler PC v22.6.2 Fri Mar 13 19:45:53 2026

Copyright (c) 1996-2018 Texas Instruments Incorporated
motor_sci.asm                                                        PAGE   78

    3955                      .dwattr $C$DW$251, DW_AT_decl_file("C:/TI/C2000Ware_MotorControl_SDK_5_04_00_00/c2000ware/driverlib/f
    3956                      .dwattr $C$DW$251, DW_AT_decl_line(0xaa)
    3957                      .dwattr $C$DW$251, DW_AT_decl_column(0x05)
    3958              
    3959              $C$DW$252       .dwtag  DW_TAG_enumerator
    3960                      .dwattr $C$DW$252, DW_AT_name("SCI_FIFO_RX11")
    3961                      .dwattr $C$DW$252, DW_AT_const_value(0x0b)
    3962                      .dwattr $C$DW$252, DW_AT_decl_file("C:/TI/C2000Ware_MotorControl_SDK_5_04_00_00/c2000ware/driverlib/f
    3963                      .dwattr $C$DW$252, DW_AT_decl_line(0xab)
    3964                      .dwattr $C$DW$252, DW_AT_decl_column(0x05)
    3965              
    3966              $C$DW$253       .dwtag  DW_TAG_enumerator
    3967                      .dwattr $C$DW$253, DW_AT_name("SCI_FIFO_RX12")
    3968                      .dwattr $C$DW$253, DW_AT_const_value(0x0c)
    3969                      .dwattr $C$DW$253, DW_AT_decl_file("C:/TI/C2000Ware_MotorControl_SDK_5_04_00_00/c2000ware/driverlib/f
    3970                      .dwattr $C$DW$253, DW_AT_decl_line(0xac)
    3971                      .dwattr $C$DW$253, DW_AT_decl_column(0x05)
    3972              
    3973              $C$DW$254       .dwtag  DW_TAG_enumerator
    3974                      .dwattr $C$DW$254, DW_AT_name("SCI_FIFO_RX13")
    3975                      .dwattr $C$DW$254, DW_AT_const_value(0x0d)
    3976                      .dwattr $C$DW$254, DW_AT_decl_file("C:/TI/C2000Ware_MotorControl_SDK_5_04_00_00/c2000ware/driverlib/f
    3977                      .dwattr $C$DW$254, DW_AT_decl_line(0xad)
    3978                      .dwattr $C$DW$254, DW_AT_decl_column(0x05)
    3979              
    3980              $C$DW$255       .dwtag  DW_TAG_enumerator
    3981                      .dwattr $C$DW$255, DW_AT_name("SCI_FIFO_RX14")
    3982                      .dwattr $C$DW$255, DW_AT_const_value(0x0e)
    3983                      .dwattr $C$DW$255, DW_AT_decl_file("C:/TI/C2000Ware_MotorControl_SDK_5_04_00_00/c2000ware/driverlib/f
    3984                      .dwattr $C$DW$255, DW_AT_decl_line(0xae)
    3985                      .dwattr $C$DW$255, DW_AT_decl_column(0x05)
    3986              
    3987              $C$DW$256       .dwtag  DW_TAG_enumerator
    3988                      .dwattr $C$DW$256, DW_AT_name("SCI_FIFO_RX15")
    3989                      .dwattr $C$DW$256, DW_AT_const_value(0x0f)
    3990                      .dwattr $C$DW$256, DW_AT_decl_file("C:/TI/C2000Ware_MotorControl_SDK_5_04_00_00/c2000ware/driverlib/f
    3991                      .dwattr $C$DW$256, DW_AT_decl_line(0xaf)
    3992                      .dwattr $C$DW$256, DW_AT_decl_column(0x05)
    3993              
    3994              $C$DW$257       .dwtag  DW_TAG_enumerator
    3995                      .dwattr $C$DW$257, DW_AT_name("SCI_FIFO_RX16")
    3996                      .dwattr $C$DW$257, DW_AT_const_value(0x10)
    3997                      .dwattr $C$DW$257, DW_AT_decl_file("C:/TI/C2000Ware_MotorControl_SDK_5_04_00_00/c2000ware/driverlib/f
    3998                      .dwattr $C$DW$257, DW_AT_decl_line(0xb0)
    3999                      .dwattr $C$DW$257, DW_AT_decl_column(0x05)
    4000              
    4001                      .dwattr $C$DW$T$24, DW_AT_decl_file("C:/TI/C2000Ware_MotorControl_SDK_5_04_00_00/c2000ware/driverlib/
    4002                      .dwattr $C$DW$T$24, DW_AT_decl_line(0x9f)
    4003                      .dwattr $C$DW$T$24, DW_AT_decl_column(0x01)
    4004                      .dwendtag $C$DW$T$24
    4005              
    4006                      .dwendtag $C$DW$TU$24
    4007              
    4008              
    4009              $C$DW$TU$25     .dwtag  DW_TAG_type_unit
TMS320C2000 Assembler PC v22.6.2 Fri Mar 13 19:45:53 2026

Copyright (c) 1996-2018 Texas Instruments Incorporated
motor_sci.asm                                                        PAGE   79

    4010                      .dwmtype  $C$DW$T$25
    4011              $C$DW$T$25      .dwtag  DW_TAG_typedef
    4012                      .dwattr $C$DW$T$25, DW_AT_name("SCI_RxFIFOLevel")
    4013                      .dwattr $C$DW$T$25, DW_AT_type(*$C$DW$T$24)
    4014                      .dwattr $C$DW$T$25, DW_AT_decl_file("C:/TI/C2000Ware_MotorControl_SDK_5_04_00_00/c2000ware/driverlib/
    4015                      .dwattr $C$DW$T$25, DW_AT_decl_line(0xb1)
    4016                      .dwattr $C$DW$T$25, DW_AT_decl_column(0x03)
    4017              
    4018                      .dwendtag $C$DW$TU$25
    4019              
    4020              
    4021              $C$DW$TU$2      .dwtag  DW_TAG_type_unit
    4022                      .dwmtype  $C$DW$T$2
    4023              $C$DW$T$2       .dwtag  DW_TAG_unspecified_type
    4024                      .dwattr $C$DW$T$2, DW_AT_name("void")
    4025              
    4026                      .dwendtag $C$DW$TU$2
    4027              
    4028              
    4029              $C$DW$TU$4      .dwtag  DW_TAG_type_unit
    4030                      .dwmtype  $C$DW$T$4
    4031              $C$DW$T$4       .dwtag  DW_TAG_base_type
    4032                      .dwattr $C$DW$T$4, DW_AT_encoding(DW_ATE_boolean)
    4033                      .dwattr $C$DW$T$4, DW_AT_name("bool")
    4034                      .dwattr $C$DW$T$4, DW_AT_byte_size(0x01)
    4035              
    4036                      .dwendtag $C$DW$TU$4
    4037              
    4038              
    4039              $C$DW$TU$5      .dwtag  DW_TAG_type_unit
    4040                      .dwmtype  $C$DW$T$5
    4041              $C$DW$T$5       .dwtag  DW_TAG_base_type
    4042                      .dwattr $C$DW$T$5, DW_AT_encoding(DW_ATE_signed_char)
    4043                      .dwattr $C$DW$T$5, DW_AT_name("signed char")
    4044                      .dwattr $C$DW$T$5, DW_AT_byte_size(0x01)
    4045              
    4046                      .dwendtag $C$DW$TU$5
    4047              
    4048              
    4049              $C$DW$TU$6      .dwtag  DW_TAG_type_unit
    4050                      .dwmtype  $C$DW$T$6
    4051              $C$DW$T$6       .dwtag  DW_TAG_base_type
    4052                      .dwattr $C$DW$T$6, DW_AT_encoding(DW_ATE_unsigned_char)
    4053                      .dwattr $C$DW$T$6, DW_AT_name("unsigned char")
    4054                      .dwattr $C$DW$T$6, DW_AT_byte_size(0x01)
    4055              
    4056                      .dwendtag $C$DW$TU$6
    4057              
    4058              
    4059              $C$DW$TU$7      .dwtag  DW_TAG_type_unit
    4060                      .dwmtype  $C$DW$T$7
    4061              $C$DW$T$7       .dwtag  DW_TAG_base_type
    4062                      .dwattr $C$DW$T$7, DW_AT_encoding(DW_ATE_signed_char)
    4063                      .dwattr $C$DW$T$7, DW_AT_name("wchar_t")
    4064                      .dwattr $C$DW$T$7, DW_AT_byte_size(0x02)
TMS320C2000 Assembler PC v22.6.2 Fri Mar 13 19:45:53 2026

Copyright (c) 1996-2018 Texas Instruments Incorporated
motor_sci.asm                                                        PAGE   80

    4065              
    4066                      .dwendtag $C$DW$TU$7
    4067              
    4068              
    4069              $C$DW$TU$8      .dwtag  DW_TAG_type_unit
    4070                      .dwmtype  $C$DW$T$8
    4071              $C$DW$T$8       .dwtag  DW_TAG_base_type
    4072                      .dwattr $C$DW$T$8, DW_AT_encoding(DW_ATE_signed)
    4073                      .dwattr $C$DW$T$8, DW_AT_name("short")
    4074                      .dwattr $C$DW$T$8, DW_AT_byte_size(0x01)
    4075              
    4076                      .dwendtag $C$DW$TU$8
    4077              
    4078              
    4079              $C$DW$TU$9      .dwtag  DW_TAG_type_unit
    4080                      .dwmtype  $C$DW$T$9
    4081              $C$DW$T$9       .dwtag  DW_TAG_base_type
    4082                      .dwattr $C$DW$T$9, DW_AT_encoding(DW_ATE_unsigned)
    4083                      .dwattr $C$DW$T$9, DW_AT_name("unsigned short")
    4084                      .dwattr $C$DW$T$9, DW_AT_byte_size(0x01)
    4085              
    4086                      .dwendtag $C$DW$TU$9
    4087              
    4088              
    4089              $C$DW$TU$10     .dwtag  DW_TAG_type_unit
    4090                      .dwmtype  $C$DW$T$10
    4091              $C$DW$T$10      .dwtag  DW_TAG_base_type
    4092                      .dwattr $C$DW$T$10, DW_AT_encoding(DW_ATE_signed)
    4093                      .dwattr $C$DW$T$10, DW_AT_name("int")
    4094                      .dwattr $C$DW$T$10, DW_AT_byte_size(0x01)
    4095              
    4096                      .dwendtag $C$DW$TU$10
    4097              
    4098              
    4099              $C$DW$TU$55     .dwtag  DW_TAG_type_unit
    4100                      .dwmtype  $C$DW$T$55
    4101              $C$DW$258       .dwtag  DW_TAG_TI_far_type
    4102                      .dwattr $C$DW$258, DW_AT_type(*$C$DW$T$10)
    4103              
    4104              $C$DW$T$55      .dwtag  DW_TAG_const_type
    4105                      .dwattr $C$DW$T$55, DW_AT_type(*$C$DW$258)
    4106              
    4107                      .dwendtag $C$DW$TU$55
    4108              
    4109              
    4110              $C$DW$TU$11     .dwtag  DW_TAG_type_unit
    4111                      .dwmtype  $C$DW$T$11
    4112              $C$DW$T$11      .dwtag  DW_TAG_base_type
    4113                      .dwattr $C$DW$T$11, DW_AT_encoding(DW_ATE_unsigned)
    4114                      .dwattr $C$DW$T$11, DW_AT_name("unsigned int")
    4115                      .dwattr $C$DW$T$11, DW_AT_byte_size(0x01)
    4116              
    4117                      .dwendtag $C$DW$TU$11
    4118              
    4119              
TMS320C2000 Assembler PC v22.6.2 Fri Mar 13 19:45:53 2026

Copyright (c) 1996-2018 Texas Instruments Incorporated
motor_sci.asm                                                        PAGE   81

    4120              $C$DW$TU$26     .dwtag  DW_TAG_type_unit
    4121                      .dwmtype  $C$DW$T$26
    4122              $C$DW$T$26      .dwtag  DW_TAG_typedef
    4123                      .dwattr $C$DW$T$26, DW_AT_name("__uint16_t")
    4124                      .dwattr $C$DW$T$26, DW_AT_type(*$C$DW$T$11)
    4125                      .dwattr $C$DW$T$26, DW_AT_decl_file("D:/TI/ccs/ccs/tools/compiler/ti-cgt-c2000_22.6.2.LTS/include/mac
    4126                      .dwattr $C$DW$T$26, DW_AT_decl_line(0x41)
    4127                      .dwattr $C$DW$T$26, DW_AT_decl_column(0x1c)
    4128              
    4129                      .dwendtag $C$DW$TU$26
    4130              
    4131              
    4132              $C$DW$TU$27     .dwtag  DW_TAG_type_unit
    4133                      .dwmtype  $C$DW$T$27
    4134              $C$DW$T$27      .dwtag  DW_TAG_typedef
    4135                      .dwattr $C$DW$T$27, DW_AT_name("uint16_t")
    4136                      .dwattr $C$DW$T$27, DW_AT_type(*$C$DW$T$26)
    4137                      .dwattr $C$DW$T$27, DW_AT_decl_file("D:/TI/ccs/ccs/tools/compiler/ti-cgt-c2000_22.6.2.LTS/include/sys
    4138                      .dwattr $C$DW$T$27, DW_AT_decl_line(0x41)
    4139                      .dwattr $C$DW$T$27, DW_AT_decl_column(0x15)
    4140              
    4141                      .dwendtag $C$DW$TU$27
    4142              
    4143              
    4144              $C$DW$TU$66     .dwtag  DW_TAG_type_unit
    4145                      .dwmtype  $C$DW$T$66
    4146              $C$DW$259       .dwtag  DW_TAG_TI_far_type
    4147                      .dwattr $C$DW$259, DW_AT_type(*$C$DW$T$27)
    4148              
    4149              $C$DW$T$66      .dwtag  DW_TAG_volatile_type
    4150                      .dwattr $C$DW$T$66, DW_AT_type(*$C$DW$259)
    4151              
    4152                      .dwendtag $C$DW$TU$66
    4153              
    4154              
    4155              $C$DW$TU$67     .dwtag  DW_TAG_type_unit
    4156                      .dwmtype  $C$DW$T$67
    4157              
    4158              $C$DW$T$67      .dwtag  DW_TAG_array_type
    4159                      .dwattr $C$DW$T$67, DW_AT_type(*$C$DW$T$66)
    4160                      .dwattr $C$DW$T$67, DW_AT_byte_size(0x40)
    4161              $C$DW$260       .dwtag  DW_TAG_subrange_type
    4162                      .dwattr $C$DW$260, DW_AT_upper_bound(0x3f)
    4163              
    4164                      .dwendtag $C$DW$T$67
    4165              
    4166                      .dwendtag $C$DW$TU$67
    4167              
    4168              
    4169              $C$DW$TU$68     .dwtag  DW_TAG_type_unit
    4170                      .dwmtype  $C$DW$T$68
    4171              $C$DW$261       .dwtag  DW_TAG_TI_far_type
    4172                      .dwattr $C$DW$261, DW_AT_type(*$C$DW$T$27)
    4173              
    4174              $C$DW$T$68      .dwtag  DW_TAG_const_type
TMS320C2000 Assembler PC v22.6.2 Fri Mar 13 19:45:53 2026

Copyright (c) 1996-2018 Texas Instruments Incorporated
motor_sci.asm                                                        PAGE   82

    4175                      .dwattr $C$DW$T$68, DW_AT_type(*$C$DW$261)
    4176              
    4177                      .dwendtag $C$DW$TU$68
    4178              
    4179              
    4180              $C$DW$TU$12     .dwtag  DW_TAG_type_unit
    4181                      .dwmtype  $C$DW$T$12
    4182              $C$DW$T$12      .dwtag  DW_TAG_base_type
    4183                      .dwattr $C$DW$T$12, DW_AT_encoding(DW_ATE_signed)
    4184                      .dwattr $C$DW$T$12, DW_AT_name("long")
    4185                      .dwattr $C$DW$T$12, DW_AT_byte_size(0x02)
    4186              
    4187                      .dwendtag $C$DW$TU$12
    4188              
    4189              
    4190              $C$DW$TU$13     .dwtag  DW_TAG_type_unit
    4191                      .dwmtype  $C$DW$T$13
    4192              $C$DW$T$13      .dwtag  DW_TAG_base_type
    4193                      .dwattr $C$DW$T$13, DW_AT_encoding(DW_ATE_unsigned)
    4194                      .dwattr $C$DW$T$13, DW_AT_name("unsigned long")
    4195                      .dwattr $C$DW$T$13, DW_AT_byte_size(0x02)
    4196              
    4197                      .dwendtag $C$DW$TU$13
    4198              
    4199              
    4200              $C$DW$TU$21     .dwtag  DW_TAG_type_unit
    4201                      .dwmtype  $C$DW$T$21
    4202              $C$DW$T$21      .dwtag  DW_TAG_typedef
    4203                      .dwattr $C$DW$T$21, DW_AT_name("__uint32_t")
    4204                      .dwattr $C$DW$T$21, DW_AT_type(*$C$DW$T$13)
    4205                      .dwattr $C$DW$T$21, DW_AT_decl_file("D:/TI/ccs/ccs/tools/compiler/ti-cgt-c2000_22.6.2.LTS/include/mac
    4206                      .dwattr $C$DW$T$21, DW_AT_decl_line(0x43)
    4207                      .dwattr $C$DW$T$21, DW_AT_decl_column(0x1c)
    4208              
    4209                      .dwendtag $C$DW$TU$21
    4210              
    4211              
    4212              $C$DW$TU$22     .dwtag  DW_TAG_type_unit
    4213                      .dwmtype  $C$DW$T$22
    4214              $C$DW$T$22      .dwtag  DW_TAG_typedef
    4215                      .dwattr $C$DW$T$22, DW_AT_name("uint32_t")
    4216                      .dwattr $C$DW$T$22, DW_AT_type(*$C$DW$T$21)
    4217                      .dwattr $C$DW$T$22, DW_AT_decl_file("D:/TI/ccs/ccs/tools/compiler/ti-cgt-c2000_22.6.2.LTS/include/sys
    4218                      .dwattr $C$DW$T$22, DW_AT_decl_line(0x46)
    4219                      .dwattr $C$DW$T$22, DW_AT_decl_column(0x15)
    4220              
    4221                      .dwendtag $C$DW$TU$22
    4222              
    4223              
    4224              $C$DW$TU$73     .dwtag  DW_TAG_type_unit
    4225                      .dwmtype  $C$DW$T$73
    4226              $C$DW$262       .dwtag  DW_TAG_TI_far_type
    4227                      .dwattr $C$DW$262, DW_AT_type(*$C$DW$T$22)
    4228              
    4229              $C$DW$T$73      .dwtag  DW_TAG_const_type
TMS320C2000 Assembler PC v22.6.2 Fri Mar 13 19:45:53 2026

Copyright (c) 1996-2018 Texas Instruments Incorporated
motor_sci.asm                                                        PAGE   83

    4230                      .dwattr $C$DW$T$73, DW_AT_type(*$C$DW$262)
    4231              
    4232                      .dwendtag $C$DW$TU$73
    4233              
    4234              
    4235              $C$DW$TU$14     .dwtag  DW_TAG_type_unit
    4236                      .dwmtype  $C$DW$T$14
    4237              $C$DW$T$14      .dwtag  DW_TAG_base_type
    4238                      .dwattr $C$DW$T$14, DW_AT_encoding(DW_ATE_signed)
    4239                      .dwattr $C$DW$T$14, DW_AT_name("long long")
    4240                      .dwattr $C$DW$T$14, DW_AT_byte_size(0x04)
    4241              
    4242                      .dwendtag $C$DW$TU$14
    4243              
    4244              
    4245              $C$DW$TU$15     .dwtag  DW_TAG_type_unit
    4246                      .dwmtype  $C$DW$T$15
    4247              $C$DW$T$15      .dwtag  DW_TAG_base_type
    4248                      .dwattr $C$DW$T$15, DW_AT_encoding(DW_ATE_unsigned)
    4249                      .dwattr $C$DW$T$15, DW_AT_name("unsigned long long")
    4250                      .dwattr $C$DW$T$15, DW_AT_byte_size(0x04)
    4251              
    4252                      .dwendtag $C$DW$TU$15
    4253              
    4254              
    4255              $C$DW$TU$16     .dwtag  DW_TAG_type_unit
    4256                      .dwmtype  $C$DW$T$16
    4257              $C$DW$T$16      .dwtag  DW_TAG_base_type
    4258                      .dwattr $C$DW$T$16, DW_AT_encoding(DW_ATE_float)
    4259                      .dwattr $C$DW$T$16, DW_AT_name("float")
    4260                      .dwattr $C$DW$T$16, DW_AT_byte_size(0x02)
    4261              
    4262                      .dwendtag $C$DW$TU$16
    4263              
    4264              
    4265              $C$DW$TU$77     .dwtag  DW_TAG_type_unit
    4266                      .dwmtype  $C$DW$T$77
    4267              $C$DW$263       .dwtag  DW_TAG_TI_far_type
    4268                      .dwattr $C$DW$263, DW_AT_type(*$C$DW$T$16)
    4269              
    4270              $C$DW$T$77      .dwtag  DW_TAG_volatile_type
    4271                      .dwattr $C$DW$T$77, DW_AT_type(*$C$DW$263)
    4272              
    4273                      .dwendtag $C$DW$TU$77
    4274              
    4275              
    4276              $C$DW$TU$78     .dwtag  DW_TAG_type_unit
    4277                      .dwmtype  $C$DW$T$78
    4278              $C$DW$264       .dwtag  DW_TAG_TI_far_type
    4279                      .dwattr $C$DW$264, DW_AT_type(*$C$DW$T$16)
    4280              
    4281              $C$DW$T$78      .dwtag  DW_TAG_const_type
    4282                      .dwattr $C$DW$T$78, DW_AT_type(*$C$DW$264)
    4283              
    4284                      .dwendtag $C$DW$TU$78
TMS320C2000 Assembler PC v22.6.2 Fri Mar 13 19:45:53 2026

Copyright (c) 1996-2018 Texas Instruments Incorporated
motor_sci.asm                                                        PAGE   84

    4285              
    4286              
    4287              $C$DW$TU$17     .dwtag  DW_TAG_type_unit
    4288                      .dwmtype  $C$DW$T$17
    4289              $C$DW$T$17      .dwtag  DW_TAG_base_type
    4290                      .dwattr $C$DW$T$17, DW_AT_encoding(DW_ATE_float)
    4291                      .dwattr $C$DW$T$17, DW_AT_name("double")
    4292                      .dwattr $C$DW$T$17, DW_AT_byte_size(0x04)
    4293              
    4294                      .dwendtag $C$DW$TU$17
    4295              
    4296              
    4297              $C$DW$TU$79     .dwtag  DW_TAG_type_unit
    4298                      .dwmtype  $C$DW$T$79
    4299              $C$DW$T$79      .dwtag  DW_TAG_pointer_type
    4300                      .dwattr $C$DW$T$79, DW_AT_type(*$C$DW$T$17)
    4301                      .dwattr $C$DW$T$79, DW_AT_address_class(0x20)
    4302              
    4303                      .dwendtag $C$DW$TU$79
    4304              
    4305              
    4306              $C$DW$TU$80     .dwtag  DW_TAG_type_unit
    4307                      .dwmtype  $C$DW$T$80
    4308              $C$DW$265       .dwtag  DW_TAG_TI_far_type
    4309                      .dwattr $C$DW$265, DW_AT_type(*$C$DW$T$79)
    4310              
    4311              $C$DW$T$80      .dwtag  DW_TAG_const_type
    4312                      .dwattr $C$DW$T$80, DW_AT_type(*$C$DW$265)
    4313              
    4314                      .dwendtag $C$DW$TU$80
    4315              
    4316              
    4317              $C$DW$TU$18     .dwtag  DW_TAG_type_unit
    4318                      .dwmtype  $C$DW$T$18
    4319              $C$DW$T$18      .dwtag  DW_TAG_base_type
    4320                      .dwattr $C$DW$T$18, DW_AT_encoding(DW_ATE_float)
    4321                      .dwattr $C$DW$T$18, DW_AT_name("long double")
    4322                      .dwattr $C$DW$T$18, DW_AT_byte_size(0x04)
    4323              
    4324                      .dwendtag $C$DW$TU$18
    4325              
    4326              
    4327              $C$DW$TU$86     .dwtag  DW_TAG_type_unit
    4328                      .dwmtype  $C$DW$T$86
    4329              $C$DW$T$86      .dwtag  DW_TAG_pointer_type
    4330                      .dwattr $C$DW$T$86, DW_AT_type(*$C$DW$T$18)
    4331                      .dwattr $C$DW$T$86, DW_AT_address_class(0x20)
    4332              
    4333                      .dwendtag $C$DW$TU$86
    4334              
    4335              
    4336              $C$DW$TU$87     .dwtag  DW_TAG_type_unit
    4337                      .dwmtype  $C$DW$T$87
    4338              $C$DW$266       .dwtag  DW_TAG_TI_far_type
    4339                      .dwattr $C$DW$266, DW_AT_type(*$C$DW$T$86)
TMS320C2000 Assembler PC v22.6.2 Fri Mar 13 19:45:53 2026

Copyright (c) 1996-2018 Texas Instruments Incorporated
motor_sci.asm                                                        PAGE   85

    4340              
    4341              $C$DW$T$87      .dwtag  DW_TAG_const_type
    4342                      .dwattr $C$DW$T$87, DW_AT_type(*$C$DW$266)
    4343              
    4344                      .dwendtag $C$DW$TU$87
    4345              
    4346              
    4347              $C$DW$TU$38     .dwtag  DW_TAG_type_unit
    4348                      .dwmtype  $C$DW$T$38
    4349              $C$DW$267       .dwtag  DW_TAG_TI_far_type
    4350                      .dwattr $C$DW$267, DW_AT_type(*$C$DW$T$5)
    4351              
    4352              $C$DW$T$38      .dwtag  DW_TAG_const_type
    4353                      .dwattr $C$DW$T$38, DW_AT_type(*$C$DW$267)
    4354              
    4355                      .dwendtag $C$DW$TU$38
    4356              
    4357              
    4358              $C$DW$TU$39     .dwtag  DW_TAG_type_unit
    4359                      .dwmtype  $C$DW$T$39
    4360              $C$DW$T$39      .dwtag  DW_TAG_pointer_type
    4361                      .dwattr $C$DW$T$39, DW_AT_type(*$C$DW$T$38)
    4362                      .dwattr $C$DW$T$39, DW_AT_address_class(0x20)
    4363              
    4364                      .dwendtag $C$DW$TU$39
    4365              
    4366              
    4367              $C$DW$TU$49     .dwtag  DW_TAG_type_unit
    4368                      .dwmtype  $C$DW$T$49
    4369              $C$DW$268       .dwtag  DW_TAG_TI_far_type
    4370                      .dwattr $C$DW$268, DW_AT_type(*$C$DW$T$39)
    4371              
    4372              $C$DW$T$49      .dwtag  DW_TAG_restrict_type
    4373                      .dwattr $C$DW$T$49, DW_AT_type(*$C$DW$268)
    4374              
    4375                      .dwendtag $C$DW$TU$49
    4376              
    4377              
    4378              $C$DW$TU$88     .dwtag  DW_TAG_type_unit
    4379                      .dwmtype  $C$DW$T$88
    4380              $C$DW$269       .dwtag  DW_TAG_TI_far_type
    4381                      .dwattr $C$DW$269, DW_AT_type(*$C$DW$T$39)
    4382              
    4383              $C$DW$T$88      .dwtag  DW_TAG_const_type
    4384                      .dwattr $C$DW$T$88, DW_AT_type(*$C$DW$269)
    4385              
    4386                      .dwendtag $C$DW$TU$88
    4387              
    4388              
    4389              $C$DW$TU$47     .dwtag  DW_TAG_type_unit
    4390                      .dwmtype  $C$DW$T$47
    4391              $C$DW$T$47      .dwtag  DW_TAG_pointer_type
    4392                      .dwattr $C$DW$T$47, DW_AT_type(*$C$DW$T$5)
    4393                      .dwattr $C$DW$T$47, DW_AT_address_class(0x20)
    4394              
TMS320C2000 Assembler PC v22.6.2 Fri Mar 13 19:45:53 2026

Copyright (c) 1996-2018 Texas Instruments Incorporated
motor_sci.asm                                                        PAGE   86

    4395                      .dwendtag $C$DW$TU$47
    4396              
    4397              
    4398              $C$DW$TU$48     .dwtag  DW_TAG_type_unit
    4399                      .dwmtype  $C$DW$T$48
    4400              $C$DW$270       .dwtag  DW_TAG_TI_far_type
    4401                      .dwattr $C$DW$270, DW_AT_type(*$C$DW$T$47)
    4402              
    4403              $C$DW$T$48      .dwtag  DW_TAG_restrict_type
    4404                      .dwattr $C$DW$T$48, DW_AT_type(*$C$DW$270)
    4405              
    4406                      .dwendtag $C$DW$TU$48
    4407              
    4408              
    4409              $C$DW$TU$81     .dwtag  DW_TAG_type_unit
    4410                      .dwmtype  $C$DW$T$81
    4411              $C$DW$T$81      .dwtag  DW_TAG_pointer_type
    4412                      .dwattr $C$DW$T$81, DW_AT_type(*$C$DW$T$47)
    4413                      .dwattr $C$DW$T$81, DW_AT_address_class(0x20)
    4414              
    4415                      .dwendtag $C$DW$TU$81
    4416              
    4417              
    4418              $C$DW$TU$82     .dwtag  DW_TAG_type_unit
    4419                      .dwmtype  $C$DW$T$82
    4420              $C$DW$271       .dwtag  DW_TAG_TI_far_type
    4421                      .dwattr $C$DW$271, DW_AT_type(*$C$DW$T$81)
    4422              
    4423              $C$DW$T$82      .dwtag  DW_TAG_restrict_type
    4424                      .dwattr $C$DW$T$82, DW_AT_type(*$C$DW$271)
    4425              
    4426                      .dwendtag $C$DW$TU$82
    4427              
    4428              
    4429              $C$DW$TU$89     .dwtag  DW_TAG_type_unit
    4430                      .dwmtype  $C$DW$T$89
    4431              
    4432              $C$DW$T$89      .dwtag  DW_TAG_array_type
    4433                      .dwattr $C$DW$T$89, DW_AT_type(*$C$DW$T$5)
    4434                      .dwattr $C$DW$T$89, DW_AT_byte_size(0x20)
    4435              $C$DW$272       .dwtag  DW_TAG_subrange_type
    4436                      .dwattr $C$DW$272, DW_AT_upper_bound(0x1f)
    4437              
    4438                      .dwendtag $C$DW$T$89
    4439              
    4440                      .dwendtag $C$DW$TU$89
    4441              
    4442              
    4443              $C$DW$TU$90     .dwtag  DW_TAG_type_unit
    4444                      .dwmtype  $C$DW$T$90
    4445              
    4446              $C$DW$T$90      .dwtag  DW_TAG_array_type
    4447                      .dwattr $C$DW$T$90, DW_AT_type(*$C$DW$T$5)
    4448                      .dwattr $C$DW$T$90, DW_AT_byte_size(0x40)
    4449              $C$DW$273       .dwtag  DW_TAG_subrange_type
TMS320C2000 Assembler PC v22.6.2 Fri Mar 13 19:45:53 2026

Copyright (c) 1996-2018 Texas Instruments Incorporated
motor_sci.asm                                                        PAGE   87

    4450                      .dwattr $C$DW$273, DW_AT_upper_bound(0x3f)
    4451              
    4452                      .dwendtag $C$DW$T$90
    4453              
    4454                      .dwendtag $C$DW$TU$90
    4455              
    4456              
    4457              $C$DW$TU$91     .dwtag  DW_TAG_type_unit
    4458                      .dwmtype  $C$DW$T$91
    4459              
    4460              $C$DW$T$91      .dwtag  DW_TAG_array_type
    4461                      .dwattr $C$DW$T$91, DW_AT_type(*$C$DW$T$5)
    4462                      .dwattr $C$DW$T$91, DW_AT_byte_size(0x10)
    4463              $C$DW$274       .dwtag  DW_TAG_subrange_type
    4464                      .dwattr $C$DW$274, DW_AT_upper_bound(0x0f)
    4465              
    4466                      .dwendtag $C$DW$T$91
    4467              
    4468                      .dwendtag $C$DW$TU$91
    4469              

No Assembly Errors, No Assembly Warnings
