TMS320C2000 Assembler PC v22.6.2 Sun Jan 25 20:51:25 2026

Copyright (c) 1996-2018 Texas Instruments Incorporated
fcl_cla_code.asm                                                     PAGE    1

       1              ;***************************************************************
       2              ;* TMS320x280xx Control Law Accelerator G3 C/C++ Codegen                               PC v22.6.2.LTS *
       3              ;* Date/Time created: Sun Jan 25 20:51:25 2026                 *
       4              ;***************************************************************
       5                      .compiler_opts --abi=eabi --cla_support=cla1 --diag_wrap=off --float_support=fpu32 --hll_source=on --
       6              
       7              $C$DW$CU        .dwtag  DW_TAG_compile_unit
       8                      .dwattr $C$DW$CU, DW_AT_name("../sources/fcl_cla_code.cla")
       9                      .dwattr $C$DW$CU, DW_AT_producer("TI TMS320x280xx Control Law Accelerator G3 C/C++ Codegen PC v22.6.2
      10                      .dwattr $C$DW$CU, DW_AT_TI_version(0x01)
      11                      .dwattr $C$DW$CU, DW_AT_comp_dir("C:\Users\JUNLI\workspace_ccstheia\fcl_f2837x_tmdxiddk\f2837x_RAM")
      12              $C$DW$1 .dwtag  DW_TAG_variable
      13                      .dwattr $C$DW$1, DW_AT_name("qep1")
      14                      .dwattr $C$DW$1, DW_AT_linkage_name("qep1")
      15                      .dwattr $C$DW$1, DW_AT_type(*$C$DW$T$56)
      16                      .dwattr $C$DW$1, DW_AT_declaration
      17                      .dwattr $C$DW$1, DW_AT_external
      18                      .dwattr $C$DW$1, DW_AT_decl_file("C:/TI/C2000Ware_MotorControl_SDK_5_04_00_00/libraries/fcl/include/c
      19                      .dwattr $C$DW$1, DW_AT_decl_line(0x4f)
      20                      .dwattr $C$DW$1, DW_AT_decl_column(0x0c)
      21              
      22              $C$DW$2 .dwtag  DW_TAG_variable
      23                      .dwattr $C$DW$2, DW_AT_name("lsw")
      24                      .dwattr $C$DW$2, DW_AT_linkage_name("lsw")
      25                      .dwattr $C$DW$2, DW_AT_type(*$C$DW$T$55)
      26                      .dwattr $C$DW$2, DW_AT_declaration
      27                      .dwattr $C$DW$2, DW_AT_external
      28                      .dwattr $C$DW$2, DW_AT_decl_file("C:/TI/C2000Ware_MotorControl_SDK_5_04_00_00/libraries/fcl/include/c
      29                      .dwattr $C$DW$2, DW_AT_decl_line(0x50)
      30                      .dwattr $C$DW$2, DW_AT_decl_column(0x15)
      31              
      32              $C$DW$3 .dwtag  DW_TAG_variable
      33                      .dwattr $C$DW$3, DW_AT_name("pi_iq")
      34                      .dwattr $C$DW$3, DW_AT_linkage_name("pi_iq")
      35                      .dwattr $C$DW$3, DW_AT_type(*$C$DW$T$57)
      36                      .dwattr $C$DW$3, DW_AT_declaration
      37                      .dwattr $C$DW$3, DW_AT_external
      38                      .dwattr $C$DW$3, DW_AT_decl_file("C:/TI/C2000Ware_MotorControl_SDK_5_04_00_00/libraries/fcl/include/c
      39                      .dwattr $C$DW$3, DW_AT_decl_line(0x55)
      40                      .dwattr $C$DW$3, DW_AT_decl_column(0x1b)
      41              
      42              $C$DW$4 .dwtag  DW_TAG_variable
      43                      .dwattr $C$DW$4, DW_AT_name("Q_cla")
      44                      .dwattr $C$DW$4, DW_AT_linkage_name("Q_cla")
      45                      .dwattr $C$DW$4, DW_AT_type(*$C$DW$T$71)
      46                      .dwattr $C$DW$4, DW_AT_declaration
      47                      .dwattr $C$DW$4, DW_AT_external
      48                      .dwattr $C$DW$4, DW_AT_decl_file("C:/TI/C2000Ware_MotorControl_SDK_5_04_00_00/libraries/fcl/include/c
      49                      .dwattr $C$DW$4, DW_AT_decl_line(0x5a)
      50                      .dwattr $C$DW$4, DW_AT_decl_column(0x14)
      51              
      52              $C$DW$5 .dwtag  DW_TAG_variable
      53                      .dwattr $C$DW$5, DW_AT_name("pangle")
      54                      .dwattr $C$DW$5, DW_AT_linkage_name("pangle")
      55                      .dwattr $C$DW$5, DW_AT_type(*$C$DW$T$19)
TMS320C2000 Assembler PC v22.6.2 Sun Jan 25 20:51:25 2026

Copyright (c) 1996-2018 Texas Instruments Incorporated
fcl_cla_code.asm                                                     PAGE    2

      56                      .dwattr $C$DW$5, DW_AT_declaration
      57                      .dwattr $C$DW$5, DW_AT_external
      58                      .dwattr $C$DW$5, DW_AT_decl_file("C:/TI/C2000Ware_MotorControl_SDK_5_04_00_00/libraries/fcl/include/c
      59                      .dwattr $C$DW$5, DW_AT_decl_line(0x5d)
      60                      .dwattr $C$DW$5, DW_AT_decl_column(0x12)
      61              
      62              $C$DW$6 .dwtag  DW_TAG_variable
      63                      .dwattr $C$DW$6, DW_AT_name("rg1")
      64                      .dwattr $C$DW$6, DW_AT_linkage_name("rg1")
      65                      .dwattr $C$DW$6, DW_AT_type(*$C$DW$T$58)
      66                      .dwattr $C$DW$6, DW_AT_declaration
      67                      .dwattr $C$DW$6, DW_AT_external
      68                      .dwattr $C$DW$6, DW_AT_decl_file("C:/TI/C2000Ware_MotorControl_SDK_5_04_00_00/libraries/fcl/include/c
      69                      .dwattr $C$DW$6, DW_AT_decl_line(0x60)
      70                      .dwattr $C$DW$6, DW_AT_decl_column(0x15)
      71              
      72              $C$DW$7 .dwtag  DW_TAG_variable
      73                      .dwattr $C$DW$7, DW_AT_name("ClaQep")
      74                      .dwattr $C$DW$7, DW_AT_linkage_name("ClaQep")
      75                      .dwattr $C$DW$7, DW_AT_type(*$C$DW$T$59)
      76                      .dwattr $C$DW$7, DW_AT_declaration
      77                      .dwattr $C$DW$7, DW_AT_external
      78                      .dwattr $C$DW$7, DW_AT_decl_file("C:/TI/C2000Ware_MotorControl_SDK_5_04_00_00/libraries/fcl/include/f
      79                      .dwattr $C$DW$7, DW_AT_decl_line(0x41)
      80                      .dwattr $C$DW$7, DW_AT_decl_column(0x14)
      81              
      82                      .global task1_cnt
      83 00000000       task1_cnt:      .usect  ".bss_cla",2,0,1
      84              $C$DW$8 .dwtag  DW_TAG_variable
      85                      .dwattr $C$DW$8, DW_AT_name("task1_cnt")
      86                      .dwattr $C$DW$8, DW_AT_linkage_name("task1_cnt")
      87                      .dwattr $C$DW$8, DW_AT_location[DW_OP_addr task1_cnt]
      88                      .dwattr $C$DW$8, DW_AT_type(*$C$DW$T$13)
      89                      .dwattr $C$DW$8, DW_AT_external
      90                      .dwattr $C$DW$8, DW_AT_decl_file("../sources/fcl_cla_code.cla")
      91                      .dwattr $C$DW$8, DW_AT_decl_line(0x2f)
      92                      .dwattr $C$DW$8, DW_AT_decl_column(0x0f)
      93              
      94                      .global task2_cnt
      95 00000002       task2_cnt:      .usect  ".bss_cla",2,0,1
      96              $C$DW$9 .dwtag  DW_TAG_variable
      97                      .dwattr $C$DW$9, DW_AT_name("task2_cnt")
      98                      .dwattr $C$DW$9, DW_AT_linkage_name("task2_cnt")
      99                      .dwattr $C$DW$9, DW_AT_location[DW_OP_addr task2_cnt]
     100                      .dwattr $C$DW$9, DW_AT_type(*$C$DW$T$13)
     101                      .dwattr $C$DW$9, DW_AT_external
     102                      .dwattr $C$DW$9, DW_AT_decl_file("../sources/fcl_cla_code.cla")
     103                      .dwattr $C$DW$9, DW_AT_decl_line(0x2f)
     104                      .dwattr $C$DW$9, DW_AT_decl_column(0x1a)
     105              
     106                      .global task3_cnt
     107 00000004       task3_cnt:      .usect  ".bss_cla",2,0,1
     108              $C$DW$10        .dwtag  DW_TAG_variable
     109                      .dwattr $C$DW$10, DW_AT_name("task3_cnt")
     110                      .dwattr $C$DW$10, DW_AT_linkage_name("task3_cnt")
TMS320C2000 Assembler PC v22.6.2 Sun Jan 25 20:51:25 2026

Copyright (c) 1996-2018 Texas Instruments Incorporated
fcl_cla_code.asm                                                     PAGE    3

     111                      .dwattr $C$DW$10, DW_AT_location[DW_OP_addr task3_cnt]
     112                      .dwattr $C$DW$10, DW_AT_type(*$C$DW$T$13)
     113                      .dwattr $C$DW$10, DW_AT_external
     114                      .dwattr $C$DW$10, DW_AT_decl_file("../sources/fcl_cla_code.cla")
     115                      .dwattr $C$DW$10, DW_AT_decl_line(0x2f)
     116                      .dwattr $C$DW$10, DW_AT_decl_column(0x25)
     117              
     118                      .global task4_cnt
     119 00000006       task4_cnt:      .usect  ".bss_cla",2,0,1
     120              $C$DW$11        .dwtag  DW_TAG_variable
     121                      .dwattr $C$DW$11, DW_AT_name("task4_cnt")
     122                      .dwattr $C$DW$11, DW_AT_linkage_name("task4_cnt")
     123                      .dwattr $C$DW$11, DW_AT_location[DW_OP_addr task4_cnt]
     124                      .dwattr $C$DW$11, DW_AT_type(*$C$DW$T$13)
     125                      .dwattr $C$DW$11, DW_AT_external
     126                      .dwattr $C$DW$11, DW_AT_decl_file("../sources/fcl_cla_code.cla")
     127                      .dwattr $C$DW$11, DW_AT_decl_line(0x2f)
     128                      .dwattr $C$DW$11, DW_AT_decl_column(0x30)
     129              
     130              ;       D:\TI\ccs\ccs\tools\compiler\ti-cgt-c2000_22.6.2.LTS\bin\optcla.exe C:\\Users\\JUNLI\\AppData\\Local\
     131              ;       D:\TI\ccs\ccs\tools\compiler\ti-cgt-c2000_22.6.2.LTS\bin\aciacla.exe -@C:\\Users\\JUNLI\\AppData\\Loc
     132 00000000               .sect   "Cla1Prog:Cla1Task4"
     133                      .align   2
     134                      .clink
     135                      .global Cla1Task4
     136              
     137              $C$DW$12        .dwtag  DW_TAG_subprogram
     138                      .dwattr $C$DW$12, DW_AT_name("Cla1Task4")
     139                      .dwattr $C$DW$12, DW_AT_low_pc(Cla1Task4)
     140                      .dwattr $C$DW$12, DW_AT_high_pc(0x00)
     141                      .dwattr $C$DW$12, DW_AT_linkage_name("Cla1Task4")
     142                      .dwattr $C$DW$12, DW_AT_external
     143                      .dwattr $C$DW$12, DW_AT_decl_file("../sources/fcl_cla_code.cla")
     144                      .dwattr $C$DW$12, DW_AT_decl_line(0xd7)
     145                      .dwattr $C$DW$12, DW_AT_decl_column(0x12)
     146                      .dwattr $C$DW$12, DW_AT_TI_interrupt
     147                      .dwattr $C$DW$12, DW_AT_TI_max_frame_size(0x00)
     148                      .dwpsn  file "../sources/fcl_cla_code.cla",line 216,column 1,is_stmt,address Cla1Task4,isa 0
     149              
     150                      .dwfde $C$DW$CIE, Cla1Task4
     151              
     152              ;***************************************************************
     153              ;* FNAME: Cla1Task4                     FR SIZE:   0           *
     154              ;*                                                             *
     155              ;* FUNCTION ENVIRONMENT                                        *
     156              ;*                                                             *
     157              ;* FUNCTION PROPERTIES                                         *
     158              ;*                            0 Auto,  0 SOE     *
     159              ;***************************************************************
     160              
     161 00000000       Cla1Task4:
     162              ;* MAR0  assigned to $O$v1
     163                      .dwpsn  file "../sources/fcl_cla_code.cla",line 219,column 5,is_stmt,isa 0
     164 00000000 0000          MMOVIZ    MR0,#0                ; [CPU_FPU] |219| 
         00000001 7840 
TMS320C2000 Assembler PC v22.6.2 Sun Jan 25 20:51:25 2026

Copyright (c) 1996-2018 Texas Instruments Incorporated
fcl_cla_code.asm                                                     PAGE    4

     165 00000002 0000!         MMOV32    MR1,@lsw              ; [CPU_FPU] |219| 
         00000003 73D0 
     166 00000004 0004          MCMP32    MR0,MR1               ; [CPU_FPU] |219| 
         00000005 7F20 
     167 00000006 0000          MNOP      ; [CPU_FPU] 
         00000007 7FA0 
     168 00000008 0000          MNOP      ; [CPU_FPU] 
         00000009 7FA0 
     169 0000000a 0000          MNOP      ; [CPU_FPU] 
         0000000b 7FA0 
     170 0000000c 0096          MBCNDD    $C$L3,EQ              ; [CPU_FPU] |219| 
         0000000d 7981 
     171 0000000e 0000          MNOP      ; [CPU_FPU] 
         0000000f 7FA0 
     172 00000010 0000          MNOP      ; [CPU_FPU] 
         00000011 7FA0 
     173 00000012 0000          MNOP      ; [CPU_FPU] 
         00000013 7FA0 
     174                      ; branchcc occurs ; [] |219| 
     175                      .dwpsn  file "../sources/fcl_cla_code.cla",line 224,column 9,is_stmt,isa 0
     176 00000014 0000!         MMOV16    MAR0,@ClaQep          ; [CPU_FPU] |224| 
         00000015 7600 
     177 00000016 0000          MNOP      ; [CPU_FPU] 
         00000017 7FA0 
     178 00000018 0000          MMOVIZ    MR1,#0                ; [CPU_FPU] |224| 
         00000019 7841 
     179 0000001a 0400          MMOVXI    MR1,#1024             ; [CPU_FPU] |224| 
         0000001b 7881 
     180 0000001c 0019          MMOVZ16   MR0,*MAR0+[#25]       ; [CPU_FPU] |224| 
         0000001d 7585 
     181 0000001e 0005          MAND32    MR1,MR1,MR0           ; [CPU_FPU] |224| 
         0000001f 7C60 
     182 00000020 0000          MMOVIZ    MR0,#0                ; [CPU_FPU] |224| 
         00000021 7840 
     183 00000022 0004          MCMP32    MR0,MR1               ; [CPU_FPU] |224| 
         00000023 7F20 
     184 00000024 0000          MNOP      ; [CPU_FPU] 
         00000025 7FA0 
     185 00000026 0000          MNOP      ; [CPU_FPU] 
         00000027 7FA0 
     186 00000028 0000          MNOP      ; [CPU_FPU] 
         00000029 7FA0 
     187 0000002a 001A          MBCNDD    $C$L1,EQ              ; [CPU_FPU] |224| 
         0000002b 7981 
     188 0000002c 0000          MNOP      ; [CPU_FPU] 
         0000002d 7FA0 
     189 0000002e 0000          MNOP      ; [CPU_FPU] 
         0000002f 7FA0 
     190 00000030 0000          MNOP      ; [CPU_FPU] 
         00000031 7FA0 
     191                      ; branchcc occurs ; [] |224| 
     192                      .dwpsn  file "../sources/fcl_cla_code.cla",line 226,column 13,is_stmt,isa 0
     193 00000032 00F0          MMOVXI    MR0,#240              ; [CPU_FPU] |226| 
         00000033 7880 
     194 00000034 0010!         MMOV16    @qep1+16,MR0          ; [CPU_FPU] |226| 
TMS320C2000 Assembler PC v22.6.2 Sun Jan 25 20:51:25 2026

Copyright (c) 1996-2018 Texas Instruments Incorporated
fcl_cla_code.asm                                                     PAGE    5

         00000035 75C0 
     195                      .dwpsn  file "../sources/fcl_cla_code.cla",line 227,column 13,is_stmt,isa 0
     196 00000036 0008          MMOV32    MR0,*MAR0+[#8]        ; [CPU_FPU] |227| 
         00000037 73C5 
     197 00000038 0006!         MMOV32    @qep1+6,MR0           ; [CPU_FPU] |227| 
         00000039 74C0 
     198                      .dwpsn  file "../sources/fcl_cla_code.cla",line 233,column 13,is_stmt,isa 0
     199 0000003a 0400          MMOVXI    MR0,#1024             ; [CPU_FPU] |233| 
         0000003b 7880 
     200 0000003c 001A          MMOV16    *MAR0+[#26],MR0       ; [CPU_FPU] |233| 
         0000003d 75C5 
     201 0000003e 0000          MNOP      ; [CPU_FPU] 
         0000003f 7FA0 
     202 00000040 0000          MNOP      ; [CPU_FPU] 
         00000041 7FA0 
     203 00000042 0000          MNOP      ; [CPU_FPU] 
         00000043 7FA0 
     204 00000044       $C$L1:    
     205                      .dwpsn  file "../sources/fcl_cla_code.cla",line 240,column 9,is_stmt,isa 0
     206 00000044 0000          MMOVIZ    MR1,#0                ; [CPU_FPU] |240| 
         00000045 7841 
     207 00000046 0019          MMOVZ16   MR0,*MAR0+[#25]       ; [CPU_FPU] |240| 
         00000047 7585 
     208 00000048 0800          MMOVXI    MR1,#2048             ; [CPU_FPU] |240| 
         00000049 7881 
     209 0000004a 0005          MAND32    MR1,MR1,MR0           ; [CPU_FPU] |240| 
         0000004b 7C60 
     210 0000004c 0000          MMOVIZ    MR0,#0                ; [CPU_FPU] |240| 
         0000004d 7840 
     211 0000004e 0004          MCMP32    MR0,MR1               ; [CPU_FPU] |240| 
         0000004f 7F20 
     212 00000050 0000          MNOP      ; [CPU_FPU] 
         00000051 7FA0 
     213 00000052 0000          MNOP      ; [CPU_FPU] 
         00000053 7FA0 
     214 00000054 0000          MNOP      ; [CPU_FPU] 
         00000055 7FA0 
     215 00000056 004C          MBCNDD    $C$L3,EQ              ; [CPU_FPU] |240| 
         00000057 7981 
     216 00000058 0000          MNOP      ; [CPU_FPU] 
         00000059 7FA0 
     217 0000005a 0000          MNOP      ; [CPU_FPU] 
         0000005b 7FA0 
     218 0000005c 0000          MNOP      ; [CPU_FPU] 
         0000005d 7FA0 
     219                      ; branchcc occurs ; [] |240| 
     220                      .dwpsn  file "../sources/fcl_cla_code.cla",line 242,column 13,is_stmt,isa 0
     221 0000005e 0800          MMOVXI    MR0,#2048             ; [CPU_FPU] |242| 
         0000005f 7880 
     222 00000060 001A          MMOV16    *MAR0+[#26],MR0       ; [CPU_FPU] |242| 
         00000061 75C5 
     223 00000062 0000          MNOP      ; [CPU_FPU] 
         00000063 7FA0 
     224                      .dwpsn  file "../sources/fcl_cla_code.cla",line 247,column 13,is_stmt,isa 0
     225 00000064 0000          MMOVIZ    MR1,#0                ; [CPU_FPU] |247| 
TMS320C2000 Assembler PC v22.6.2 Sun Jan 25 20:51:25 2026

Copyright (c) 1996-2018 Texas Instruments Incorporated
fcl_cla_code.asm                                                     PAGE    6

         00000065 7841 
     226 00000066 000C          MMOVXI    MR1,#12               ; [CPU_FPU] |247| 
         00000067 7881 
     227 00000068 001C          MMOVZ16   MR0,*MAR0+[#28]       ; [CPU_FPU] |247| 
         00000069 7585 
     228 0000006a 0005          MAND32    MR1,MR1,MR0           ; [CPU_FPU] |247| 
         0000006b 7C60 
     229 0000006c 0000          MMOVIZ    MR0,#0                ; [CPU_FPU] |247| 
         0000006d 7840 
     230 0000006e 0004          MCMP32    MR0,MR1               ; [CPU_FPU] |247| 
         0000006f 7F20 
     231 00000070 0000          MNOP      ; [CPU_FPU] 
         00000071 7FA0 
     232 00000072 0000          MNOP      ; [CPU_FPU] 
         00000073 7FA0 
     233 00000074 0000          MNOP      ; [CPU_FPU] 
         00000075 7FA0 
     234 00000076 0028          MBCNDD    $C$L2,NEQ             ; [CPU_FPU] |247| 
         00000077 7980 
     235 00000078 0000          MNOP      ; [CPU_FPU] 
         00000079 7FA0 
     236 0000007a 0000          MNOP      ; [CPU_FPU] 
         0000007b 7FA0 
     237 0000007c 0000          MNOP      ; [CPU_FPU] 
         0000007d 7FA0 
     238                      ; branchcc occurs ; [] |247| 
     239                      .dwpsn  file "../sources/fcl_cla_code.cla",line 254,column 18,is_stmt,isa 0
     240 0000007e 0000          MMOVIZ    MR0,#0                ; [CPU_FPU] |254| 
         0000007f 7840 
     241 00000080 0020          MMOVZ16   MR1,*MAR0+[#32]       ; [CPU_FPU] |254| 
         00000081 7595 
     242 00000082 FFFF          MMOVXI    MR0,#65535            ; [CPU_FPU] |254| 
         00000083 7880 
     243 00000084 0004          MCMP32    MR0,MR1               ; [CPU_FPU] |254| 
         00000085 7F20 
     244 00000086 0000          MNOP      ; [CPU_FPU] 
         00000087 7FA0 
     245 00000088 0000          MNOP      ; [CPU_FPU] 
         00000089 7FA0 
     246 0000008a 0000          MNOP      ; [CPU_FPU] 
         0000008b 7FA0 
     247 0000008c 0016          MBCNDD    $C$L3,EQ              ; [CPU_FPU] |254| 
         0000008d 7981 
     248 0000008e 0000          MNOP      ; [CPU_FPU] 
         0000008f 7FA0 
     249 00000090 0000          MNOP      ; [CPU_FPU] 
         00000091 7FA0 
     250 00000092 0000          MNOP      ; [CPU_FPU] 
         00000093 7FA0 
     251                      ; branchcc occurs ; [] |254| 
     252                      .dwpsn  file "../sources/fcl_cla_code.cla",line 259,column 17,is_stmt,isa 0
     253 00000094 0020          MMOVZ16   MR0,*MAR0+[#32]       ; [CPU_FPU] |259| 
         00000095 7585 
     254 00000096 000C          MBCNDD    $C$L3,UNC             ; [CPU_FPU] |259| 
         00000097 798E 
TMS320C2000 Assembler PC v22.6.2 Sun Jan 25 20:51:25 2026

Copyright (c) 1996-2018 Texas Instruments Incorporated
fcl_cla_code.asm                                                     PAGE    7

     255 00000098 0005!         MMOV16    @qep1+5,MR0           ; [CPU_FPU] |259| 
         00000099 75C0 
     256 0000009a 0000          MNOP      ; [CPU_FPU] 
         0000009b 7FA0 
     257 0000009c 0000          MNOP      ; [CPU_FPU] 
         0000009d 7FA0 
     258                      ; branch occurs ; [] |259| 
     259 0000009e       $C$L2:    
     260                      .dwpsn  file "../sources/fcl_cla_code.cla",line 252,column 17,is_stmt,isa 0
     261 0000009e 000C          MMOVXI    MR0,#12               ; [CPU_FPU] |252| 
         0000009f 7880 
     262 000000a0 001C          MMOV16    *MAR0+[#28],MR0       ; [CPU_FPU] |252| 
         000000a1 75C5 
     263 000000a2       $C$L3:    
     264                      .dwpsn  file "../sources/fcl_cla_code.cla",line 267,column 5,is_stmt,isa 0
     265 000000a2 0000          MMOVIZ    MR1,#0                ; [CPU_FPU] |267| 
         000000a3 7841 
     266 000000a4 0000!         MMOV32    MR0,@task4_cnt        ; [CPU_FPU] |267| 
         000000a5 73C0 
     267 000000a6 0001          MMOVXI    MR1,#1                ; [CPU_FPU] |267| 
         000000a7 7881 
     268 000000a8 0004          MADD32    MR0,MR1,MR0           ; [CPU_FPU] |267| 
         000000a9 7CC0 
     269 000000aa 0000!         MMOV32    @task4_cnt,MR0        ; [CPU_FPU] |267| 
         000000ab 74C0 
     270 000000ac 0000          MNOP      ; [CPU_FPU] 
         000000ad 7FA0 
     271 000000ae 0000          MNOP      ; [CPU_FPU] 
         000000af 7FA0 
     272 000000b0 0000          MNOP      ; [CPU_FPU] 
         000000b1 7FA0 
     273              $C$DW$13        .dwtag  DW_TAG_TI_branch
     274                      .dwattr $C$DW$13, DW_AT_low_pc(0x00)
     275                      .dwattr $C$DW$13, DW_AT_TI_return
     276              
     277 000000b2 0000          MSTOP     ; [CPU_FPU] 
         000000b3 7F80 
     278                      ; ireturn occurs ; [] 
     279                      .dwattr $C$DW$12, DW_AT_TI_end_file("../sources/fcl_cla_code.cla")
     280                      .dwattr $C$DW$12, DW_AT_TI_end_line(0x10f)
     281                      .dwattr $C$DW$12, DW_AT_TI_end_column(0x01)
     282                      .dwendentry
     283                      .dwendtag $C$DW$12
     284              
     285 00000000               .sect   "Cla1Prog:Cla1Task3"
     286                      .align   2
     287                      .clink
     288                      .global Cla1Task3
     289              
     290              $C$DW$14        .dwtag  DW_TAG_subprogram
     291                      .dwattr $C$DW$14, DW_AT_name("Cla1Task3")
     292                      .dwattr $C$DW$14, DW_AT_low_pc(Cla1Task3)
     293                      .dwattr $C$DW$14, DW_AT_high_pc(0x00)
     294                      .dwattr $C$DW$14, DW_AT_linkage_name("Cla1Task3")
     295                      .dwattr $C$DW$14, DW_AT_external
TMS320C2000 Assembler PC v22.6.2 Sun Jan 25 20:51:25 2026

Copyright (c) 1996-2018 Texas Instruments Incorporated
fcl_cla_code.asm                                                     PAGE    8

     296                      .dwattr $C$DW$14, DW_AT_decl_file("../sources/fcl_cla_code.cla")
     297                      .dwattr $C$DW$14, DW_AT_decl_line(0xbe)
     298                      .dwattr $C$DW$14, DW_AT_decl_column(0x12)
     299                      .dwattr $C$DW$14, DW_AT_TI_interrupt
     300                      .dwattr $C$DW$14, DW_AT_TI_max_frame_size(0x00)
     301                      .dwpsn  file "../sources/fcl_cla_code.cla",line 191,column 1,is_stmt,address Cla1Task3,isa 0
     302              
     303                      .dwfde $C$DW$CIE, Cla1Task3
     304              
     305              ;***************************************************************
     306              ;* FNAME: Cla1Task3                     FR SIZE:   0           *
     307              ;*                                                             *
     308              ;* FUNCTION ENVIRONMENT                                        *
     309              ;*                                                             *
     310              ;* FUNCTION PROPERTIES                                         *
     311              ;*                            0 Auto,  0 SOE     *
     312              ;***************************************************************
     313              
     314 00000000       Cla1Task3:
     315              ;* MR0   assigned to $O$v1
     316                      .dwpsn  file "../sources/fcl_cla_code.cla",line 194,column 5,is_stmt,isa 0
     317 00000000 000A!         MMOV32    MR0,@Q_cla+10         ; [CPU_FPU] |194| 
         00000001 73C0 
     318 00000002 0000!         MMOV32    MR1,@Q_cla            ; [CPU_FPU] |194| 
         00000003 73D0 
     319 00000004 0002!         MMOV32    MR2,@Q_cla+2          ; [CPU_FPU] |194| 
         00000005 73E0 
     320              
     321                      MMOV32    MR1,@Q_cla+8          ; [CPU_FPU] |194| 
     322 00000006 0008! ||      MMPYF32   MR0,MR1,MR0           ; [CPU_FPU] |194| 
         00000007 0110 
     323              
     324 00000008 0019          MMPYF32   MR1,MR2,MR1           ; [CPU_FPU] |194| 
         00000009 7C00 
     325              
     326                      MMOV32    MR0,@Q_cla+6          ; [CPU_FPU] |194| 
     327 0000000a 0006! ||      MADDF32   MR1,MR1,MR0           ; [CPU_FPU] |194| 
         0000000b 1140 
     328              
     329                      MMOV32    MR1,@Q_cla+12         ; [CPU_FPU] |194| 
     330 0000000c 000C! ||      MMPYF32   MR0,MR1,MR0           ; [CPU_FPU] |194| 
         0000000d 0110 
     331              
     332                      MMOV32    MR0,@pi_iq+6          ; [CPU_FPU] |194| 
     333 0000000e 0006! ||      MADDF32   MR1,MR1,MR0           ; [CPU_FPU] |194| 
         0000000f 1140 
     334              
     335                      MMOV32    MR1,@pi_iq+18         ; [CPU_FPU] |200| 
     336 00000010 0012! ||      MADDF32   MR0,MR0,MR1           ; [CPU_FPU] |194| 
         00000011 1410 
     337              
     338 00000012 0006!         MMOV32    @pi_iq+6,MR0          ; [CPU_FPU] |194| 
         00000013 74C0 
     339                      .dwpsn  file "../sources/fcl_cla_code.cla",line 200,column 5,is_stmt,isa 0
     340 00000014 0001          MMINF32   MR1,MR0               ; [CPU_FPU] |200| 
TMS320C2000 Assembler PC v22.6.2 Sun Jan 25 20:51:25 2026

Copyright (c) 1996-2018 Texas Instruments Incorporated
fcl_cla_code.asm                                                     PAGE    9

         00000015 7D40 
     341 00000016 00F4          MMOV32    MR0,MR1               ; [CPU_FPU] |200| 
         00000017 7AC0 
     342 00000018 0014!         MMOV32    MR1,@pi_iq+20         ; [CPU_FPU] |200| 
         00000019 73D0 
     343 0000001a 0006!         MMOV32    @pi_iq+6,MR0          ; [CPU_FPU] |200| 
         0000001b 74C0 
     344 0000001c 0001          MMAXF32   MR1,MR0               ; [CPU_FPU] |200| 
         0000001d 7D20 
     345 0000001e 00F4          MMOV32    MR0,MR1               ; [CPU_FPU] |200| 
         0000001f 7AC0 
     346                      .dwpsn  file "../sources/fcl_cla_code.cla",line 205,column 5,is_stmt,isa 0
     347 00000020 0000          MMOVIZ    MR1,#0                ; [CPU_FPU] |205| 
         00000021 7841 
     348                      .dwpsn  file "../sources/fcl_cla_code.cla",line 200,column 5,is_stmt,isa 0
     349 00000022 0006!         MMOV32    @pi_iq+6,MR0          ; [CPU_FPU] |200| 
         00000023 74C0 
     350                      .dwpsn  file "../sources/fcl_cla_code.cla",line 205,column 5,is_stmt,isa 0
     351 00000024 0001          MMOVXI    MR1,#1                ; [CPU_FPU] |205| 
         00000025 7881 
     352 00000026 0000!         MMOV32    MR0,@task3_cnt        ; [CPU_FPU] |205| 
         00000027 73C0 
     353 00000028 0004          MADD32    MR0,MR1,MR0           ; [CPU_FPU] |205| 
         00000029 7CC0 
     354 0000002a 0000!         MMOV32    @task3_cnt,MR0        ; [CPU_FPU] |205| 
         0000002b 74C0 
     355 0000002c 0000          MNOP      ; [CPU_FPU] 
         0000002d 7FA0 
     356 0000002e 0000          MNOP      ; [CPU_FPU] 
         0000002f 7FA0 
     357 00000030 0000          MNOP      ; [CPU_FPU] 
         00000031 7FA0 
     358              $C$DW$15        .dwtag  DW_TAG_TI_branch
     359                      .dwattr $C$DW$15, DW_AT_low_pc(0x00)
     360                      .dwattr $C$DW$15, DW_AT_TI_return
     361              
     362 00000032 0000          MSTOP     ; [CPU_FPU] 
         00000033 7F80 
     363                      ; ireturn occurs ; [] 
     364                      .dwattr $C$DW$14, DW_AT_TI_end_file("../sources/fcl_cla_code.cla")
     365                      .dwattr $C$DW$14, DW_AT_TI_end_line(0xd2)
     366                      .dwattr $C$DW$14, DW_AT_TI_end_column(0x01)
     367                      .dwendentry
     368                      .dwendtag $C$DW$14
     369              
     370 00000000               .sect   "Cla1Prog:Cla1Task2"
     371                      .align   2
     372                      .clink
     373                      .global Cla1Task2
     374              
     375              $C$DW$16        .dwtag  DW_TAG_subprogram
     376                      .dwattr $C$DW$16, DW_AT_name("Cla1Task2")
     377                      .dwattr $C$DW$16, DW_AT_low_pc(Cla1Task2)
     378                      .dwattr $C$DW$16, DW_AT_high_pc(0x00)
     379                      .dwattr $C$DW$16, DW_AT_linkage_name("Cla1Task2")
TMS320C2000 Assembler PC v22.6.2 Sun Jan 25 20:51:25 2026

Copyright (c) 1996-2018 Texas Instruments Incorporated
fcl_cla_code.asm                                                     PAGE   10

     380                      .dwattr $C$DW$16, DW_AT_external
     381                      .dwattr $C$DW$16, DW_AT_decl_file("../sources/fcl_cla_code.cla")
     382                      .dwattr $C$DW$16, DW_AT_decl_line(0xae)
     383                      .dwattr $C$DW$16, DW_AT_decl_column(0x12)
     384                      .dwattr $C$DW$16, DW_AT_TI_interrupt
     385                      .dwattr $C$DW$16, DW_AT_TI_max_frame_size(0x00)
     386                      .dwpsn  file "../sources/fcl_cla_code.cla",line 175,column 1,is_stmt,address Cla1Task2,isa 0
     387              
     388                      .dwfde $C$DW$CIE, Cla1Task2
     389              
     390              ;***************************************************************
     391              ;* FNAME: Cla1Task2                     FR SIZE:   0           *
     392              ;*                                                             *
     393              ;* FUNCTION ENVIRONMENT                                        *
     394              ;*                                                             *
     395              ;* FUNCTION PROPERTIES                                         *
     396              ;*                            0 Auto,  0 SOE     *
     397              ;***************************************************************
     398              
     399 00000000       Cla1Task2:
     400              ;* MR0   assigned to $O$v1
     401                      .dwpsn  file "../sources/fcl_cla_code.cla",line 177,column 5,is_stmt,isa 0
     402 00000000 0004!         MMOV32    MR0,@pi_iq+4          ; [CPU_FPU] |177| 
         00000001 73C0 
     403 00000002 000E!         MMOV32    MR1,@pi_iq+14         ; [CPU_FPU] |177| 
         00000003 73D0 
     404              
     405                      MMOV32    MR1,@pi_iq+8          ; [CPU_FPU] |177| 
     406 00000004 0008! ||      MMPYF32   MR0,MR1,MR0           ; [CPU_FPU] |177| 
         00000005 0110 
     407              
     408                      MMOV32    MR0,@pi_iq+6          ; [CPU_FPU] |177| 
     409 00000006 0006! ||      MADDF32   MR1,MR1,MR0           ; [CPU_FPU] |177| 
         00000007 1140 
     410              
     411                      MMOV32    MR1,@pi_iq+18         ; [CPU_FPU] |177| 
     412 00000008 0012! ||      MADDF32   MR0,MR0,MR1           ; [CPU_FPU] |177| 
         00000009 1410 
     413              
     414 0000000a 0006!         MMOV32    @pi_iq+6,MR0          ; [CPU_FPU] |177| 
         0000000b 74C0 
     415 0000000c 0001          MMINF32   MR1,MR0               ; [CPU_FPU] |177| 
         0000000d 7D40 
     416 0000000e 00F4          MMOV32    MR0,MR1               ; [CPU_FPU] |177| 
         0000000f 7AC0 
     417 00000010 0014!         MMOV32    MR1,@pi_iq+20         ; [CPU_FPU] |177| 
         00000011 73D0 
     418 00000012 0006!         MMOV32    @pi_iq+6,MR0          ; [CPU_FPU] |177| 
         00000013 74C0 
     419 00000014 0001          MMAXF32   MR1,MR0               ; [CPU_FPU] |177| 
         00000015 7D20 
     420 00000016 00F4          MMOV32    MR0,MR1               ; [CPU_FPU] |177| 
         00000017 7AC0 
     421                      .dwpsn  file "../sources/fcl_cla_code.cla",line 181,column 5,is_stmt,isa 0
     422 00000018 0000          MMOVIZ    MR1,#0                ; [CPU_FPU] |181| 
TMS320C2000 Assembler PC v22.6.2 Sun Jan 25 20:51:25 2026

Copyright (c) 1996-2018 Texas Instruments Incorporated
fcl_cla_code.asm                                                     PAGE   11

         00000019 7841 
     423                      .dwpsn  file "../sources/fcl_cla_code.cla",line 177,column 5,is_stmt,isa 0
     424 0000001a 0006!         MMOV32    @pi_iq+6,MR0          ; [CPU_FPU] |177| 
         0000001b 74C0 
     425                      .dwpsn  file "../sources/fcl_cla_code.cla",line 181,column 5,is_stmt,isa 0
     426 0000001c 0001          MMOVXI    MR1,#1                ; [CPU_FPU] |181| 
         0000001d 7881 
     427 0000001e 0000!         MMOV32    MR0,@task2_cnt        ; [CPU_FPU] |181| 
         0000001f 73C0 
     428 00000020 0004          MADD32    MR0,MR1,MR0           ; [CPU_FPU] |181| 
         00000021 7CC0 
     429 00000022 0000!         MMOV32    @task2_cnt,MR0        ; [CPU_FPU] |181| 
         00000023 74C0 
     430 00000024 0000          MNOP      ; [CPU_FPU] 
         00000025 7FA0 
     431 00000026 0000          MNOP      ; [CPU_FPU] 
         00000027 7FA0 
     432 00000028 0000          MNOP      ; [CPU_FPU] 
         00000029 7FA0 
     433              $C$DW$17        .dwtag  DW_TAG_TI_branch
     434                      .dwattr $C$DW$17, DW_AT_low_pc(0x00)
     435                      .dwattr $C$DW$17, DW_AT_TI_return
     436              
     437 0000002a 0000          MSTOP     ; [CPU_FPU] 
         0000002b 7F80 
     438                      ; ireturn occurs ; [] 
     439                      .dwattr $C$DW$16, DW_AT_TI_end_file("../sources/fcl_cla_code.cla")
     440                      .dwattr $C$DW$16, DW_AT_TI_end_line(0xb9)
     441                      .dwattr $C$DW$16, DW_AT_TI_end_column(0x01)
     442                      .dwendentry
     443                      .dwendtag $C$DW$16
     444              
     445 00000000               .sect   "Cla1Prog:Cla1Task1"
     446                      .align   2
     447                      .clink
     448                      .global Cla1Task1
     449              
     450              $C$DW$18        .dwtag  DW_TAG_subprogram
     451                      .dwattr $C$DW$18, DW_AT_name("Cla1Task1")
     452                      .dwattr $C$DW$18, DW_AT_low_pc(Cla1Task1)
     453                      .dwattr $C$DW$18, DW_AT_high_pc(0x00)
     454                      .dwattr $C$DW$18, DW_AT_linkage_name("Cla1Task1")
     455                      .dwattr $C$DW$18, DW_AT_external
     456                      .dwattr $C$DW$18, DW_AT_decl_file("../sources/fcl_cla_code.cla")
     457                      .dwattr $C$DW$18, DW_AT_decl_line(0x45)
     458                      .dwattr $C$DW$18, DW_AT_decl_column(0x12)
     459                      .dwattr $C$DW$18, DW_AT_TI_interrupt
     460                      .dwattr $C$DW$18, DW_AT_TI_max_frame_size(0x00)
     461                      .dwpsn  file "../sources/fcl_cla_code.cla",line 70,column 1,is_stmt,address Cla1Task1,isa 0
     462              
     463                      .dwfde $C$DW$CIE, Cla1Task1
     464              
     465              ;***************************************************************
     466              ;* FNAME: Cla1Task1                     FR SIZE:   0           *
     467              ;*                                                             *
TMS320C2000 Assembler PC v22.6.2 Sun Jan 25 20:51:25 2026

Copyright (c) 1996-2018 Texas Instruments Incorporated
fcl_cla_code.asm                                                     PAGE   12

     468              ;* FUNCTION ENVIRONMENT                                        *
     469              ;*                                                             *
     470              ;* FUNCTION PROPERTIES                                         *
     471              ;*                            0 Auto,  0 SOE     *
     472              ;***************************************************************
     473              
     474 00000000       Cla1Task1:
     475              ;* MR0   assigned to $O$C3
     476              ;* MR0   assigned to $O$C4
     477              ;* MR0   assigned to $O$C5
     478              ;* MR0   assigned to $O$v2
     479              ;* MR0   assigned to $O$v2
     480              ;* MAR0  assigned to $O$v1
     481              ;* MAR0  assigned to $O$v1
     482              ;* MR0   assigned to $O$v3
     483                      .dwpsn  file "../sources/fcl_cla_code.cla",line 76,column 5,is_stmt,isa 0
     484 00000000 0000          MMOVIZ    MR1,#0                ; [CPU_FPU] |76| 
         00000001 7841 
     485 00000002 0000!         MMOV32    MR0,@lsw              ; [CPU_FPU] |76| 
         00000003 73C0 
     486 00000004 0002          MMOVXI    MR1,#2                ; [CPU_FPU] |76| 
         00000005 7881 
     487 00000006 0001          MCMP32    MR1,MR0               ; [CPU_FPU] |76| 
         00000007 7F20 
     488 00000008 0000          MNOP      ; [CPU_FPU] 
         00000009 7FA0 
     489 0000000a 0000          MNOP      ; [CPU_FPU] 
         0000000b 7FA0 
     490 0000000c 0000          MNOP      ; [CPU_FPU] 
         0000000d 7FA0 
     491 0000000e 0098          MBCNDD    $C$L6,EQ              ; [CPU_FPU] |76| 
         0000000f 7981 
     492 00000010 0000          MNOP      ; [CPU_FPU] 
         00000011 7FA0 
     493 00000012 0000          MNOP      ; [CPU_FPU] 
         00000013 7FA0 
     494 00000014 0000          MNOP      ; [CPU_FPU] 
         00000015 7FA0 
     495                      ; branchcc occurs ; [] |76| 
     496                      .dwpsn  file "../sources/fcl_cla_code.cla",line 89,column 10,is_stmt,isa 0
     497 00000016 0000          MMOVIZ    MR1,#0                ; [CPU_FPU] |89| 
         00000017 7841 
     498 00000018 0001          MMOVXI    MR1,#1                ; [CPU_FPU] |89| 
         00000019 7881 
     499 0000001a 0001          MCMP32    MR1,MR0               ; [CPU_FPU] |89| 
         0000001b 7F20 
     500 0000001c 0000          MNOP      ; [CPU_FPU] 
         0000001d 7FA0 
     501 0000001e 0000          MNOP      ; [CPU_FPU] 
         0000001f 7FA0 
     502 00000020 0000          MNOP      ; [CPU_FPU] 
         00000021 7FA0 
     503 00000022 0064          MBCNDD    $C$L5,NEQ             ; [CPU_FPU] |89| 
         00000023 7980 
     504 00000024 0000          MNOP      ; [CPU_FPU] 
TMS320C2000 Assembler PC v22.6.2 Sun Jan 25 20:51:25 2026

Copyright (c) 1996-2018 Texas Instruments Incorporated
fcl_cla_code.asm                                                     PAGE   13

         00000025 7FA0 
     505 00000026 0000          MNOP      ; [CPU_FPU] 
         00000027 7FA0 
     506 00000028 0000          MNOP      ; [CPU_FPU] 
         00000029 7FA0 
     507                      ; branchcc occurs ; [] |89| 
     508                      .dwpsn  file "../sources/fcl_cla_code.cla",line 100,column 9,is_stmt,isa 0
     509 0000002a 0000          MEALLOW   ; [CPU_FPU] |100| 
         0000002b 7F90 
     510                      .dwpsn  file "../sources/fcl_cla_code.cla",line 105,column 9,is_stmt,isa 0
     511 0000002c 0000!         MMOV16    MAR0,@ClaQep          ; [CPU_FPU] |105| 
         0000002d 7600 
     512 0000002e 0000          MNOP      ; [CPU_FPU] 
         0000002f 7FA0 
     513 00000030 0000          MMOVIZ    MR1,#0                ; [CPU_FPU] |105| 
         00000031 7841 
     514 00000032 0400          MMOVXI    MR1,#1024             ; [CPU_FPU] |105| 
         00000033 7881 
     515 00000034 0019          MMOVZ16   MR0,*MAR0+[#25]       ; [CPU_FPU] |105| 
         00000035 7585 
     516 00000036 0005          MAND32    MR1,MR1,MR0           ; [CPU_FPU] |105| 
         00000037 7C60 
     517 00000038 0000          MMOVIZ    MR0,#0                ; [CPU_FPU] |105| 
         00000039 7840 
     518 0000003a 0004          MCMP32    MR0,MR1               ; [CPU_FPU] |105| 
         0000003b 7F20 
     519 0000003c 0000          MNOP      ; [CPU_FPU] 
         0000003d 7FA0 
     520 0000003e 0000          MNOP      ; [CPU_FPU] 
         0000003f 7FA0 
     521 00000040 0000          MNOP      ; [CPU_FPU] 
         00000041 7FA0 
     522 00000042 002C          MBCNDD    $C$L4,EQ              ; [CPU_FPU] |105| 
         00000043 7981 
     523 00000044 0000          MNOP      ; [CPU_FPU] 
         00000045 7FA0 
     524 00000046 0000          MNOP      ; [CPU_FPU] 
         00000047 7FA0 
     525 00000048 0000          MNOP      ; [CPU_FPU] 
         00000049 7FA0 
     526                      ; branchcc occurs ; [] |105| 
     527                      .dwpsn  file "../sources/fcl_cla_code.cla",line 107,column 13,is_stmt,isa 0
     528 0000004a 0000          MNOP      ; [CPU_FPU] |107| 
         0000004b 7FA0 
     529 0000004c 0000          MNOP      ; [CPU_FPU] |107| 
         0000004d 7FA0 
     530 0000004e 0000          MNOP      ; [CPU_FPU] |107| 
         0000004f 7FA0 
     531 00000050 0000          MDEBUGSTOP ; [CPU_FPU] |107| 
         00000051 7F60 
     532 00000052 0000          MNOP      ; [CPU_FPU] |107| 
         00000053 7FA0 
     533 00000054 0000          MNOP      ; [CPU_FPU] |107| 
         00000055 7FA0 
     534 00000056 0000          MNOP      ; [CPU_FPU] |107| 
TMS320C2000 Assembler PC v22.6.2 Sun Jan 25 20:51:25 2026

Copyright (c) 1996-2018 Texas Instruments Incorporated
fcl_cla_code.asm                                                     PAGE   14

         00000057 7FA0 
     535                      .dwpsn  file "../sources/fcl_cla_code.cla",line 112,column 13,is_stmt,isa 0
     536 00000058 0008          MMOV32    MR0,*MAR0+[#8]        ; [CPU_FPU] |112| 
         00000059 73C5 
     537 0000005a 0002          MMOV32    *MAR0+[#2],MR0        ; [CPU_FPU] |112| 
         0000005b 74C5 
     538 0000005c 0000          MNOP      ; [CPU_FPU] 
         0000005d 7FA0 
     539 0000005e 0000          MNOP      ; [CPU_FPU] 
         0000005f 7FA0 
     540                      .dwpsn  file "../sources/fcl_cla_code.cla",line 118,column 13,is_stmt,isa 0
     541 00000060 0200          MMOVXI    MR1,#512              ; [CPU_FPU] |118| 
         00000061 7881 
     542 00000062 0015          MMOVZ16   MR0,*MAR0+[#21]       ; [CPU_FPU] |118| 
         00000063 7585 
     543 00000064 0004          MOR32     MR0,MR1,MR0           ; [CPU_FPU] |118| 
         00000065 7C80 
     544 00000066 0015          MMOV16    *MAR0+[#21],MR0       ; [CPU_FPU] |118| 
         00000067 75C5 
     545                      .dwpsn  file "../sources/fcl_cla_code.cla",line 123,column 13,is_stmt,isa 0
     546 00000068 0000          MMOVIZ    MR0,#0                ; [CPU_FPU] |123| 
         00000069 7840 
     547 0000006a 0002          MMOVXI    MR0,#2                ; [CPU_FPU] |123| 
         0000006b 7880 
     548 0000006c 0000!         MMOV32    @lsw,MR0              ; [CPU_FPU] |123| 
         0000006d 74C0 
     549 0000006e       $C$L4:    
     550                      .dwpsn  file "../sources/fcl_cla_code.cla",line 133,column 9,is_stmt,isa 0
     551 0000006e 000A!         MMOV32    MR0,@qep1+10          ; [CPU_FPU] |133| 
         0000006f 73C0 
     552 00000070 000C          MUI32TOF32 MR1,*MAR0+[#12]      ; [CPU_FPU] |133| 
         00000071 7495 
     553 00000072 0004          MMPYF32   MR0,MR1,MR0           ; [CPU_FPU] |133| 
         00000073 7C00 
     554                      .dwpsn  file "../sources/fcl_cla_code.cla",line 135,column 9,is_stmt,isa 0
     555 00000074 000D!         MUI16TOF32 MR1,@qep1+13         ; [CPU_FPU] |135| 
         00000075 7550 
     556                      .dwpsn  file "../sources/fcl_cla_code.cla",line 133,column 9,is_stmt,isa 0
     557              
     558 00000076 0002!         MMPYF32   MR0,MR0,MR1           ; [CPU_FPU] |135| 
         00000077 4400 
     559              ||      MMOV32    @qep1+2,MR0           ; [CPU_FPU] |133| 
     560              
     561                      .dwpsn  file "../sources/fcl_cla_code.cla",line 135,column 9,is_stmt,isa 0
     562 00000078 0001          MF32TOI32 MR1,MR0               ; [CPU_FPU] |135| 
         00000079 7D60 
     563 0000007a 0005          MI32TOF32 MR1,MR1               ; [CPU_FPU] |135| 
         0000007b 7D80 
     564 0000007c 0010          MSUBF32   MR0,MR0,MR1           ; [CPU_FPU] |135| 
         0000007d 7C40 
     565 0000007e 0040          MBCNDD    $C$L7,UNC             ; [CPU_FPU] 
         0000007f 798E 
     566 00000080 0000!         MMOV32    @qep1,MR0             ; [CPU_FPU] |135| 
         00000081 74C0 
     567 00000082 0000          MNOP      ; [CPU_FPU] 
TMS320C2000 Assembler PC v22.6.2 Sun Jan 25 20:51:25 2026

Copyright (c) 1996-2018 Texas Instruments Incorporated
fcl_cla_code.asm                                                     PAGE   15

         00000083 7FA0 
     568                      .dwpsn  file "../sources/fcl_cla_code.cla",line 136,column 9,is_stmt,isa 0
     569 00000084 0008!         MMOV32    MR0,@rg1+8            ; [CPU_FPU] |136| 
         00000085 73C0 
     570                      ; branch occurs ; [] 
     571 00000086       $C$L5:    
     572                      .dwpsn  file "../sources/fcl_cla_code.cla",line 145,column 9,is_stmt,isa 0
     573 00000086 0000!         MMOV16    MAR0,@ClaQep          ; [CPU_FPU] |145| 
         00000087 7600 
     574 00000088 0000          MNOP      ; [CPU_FPU] 
         00000089 7FA0 
     575 0000008a 0000          MNOP      ; [CPU_FPU] 
         0000008b 7FA0 
     576 0000008c 0000          MMOVIZ    MR0,#0                ; [CPU_FPU] |145| 
         0000008d 7840 
     577 0000008e 0000          MMOV32    *MAR0,MR0             ; [CPU_FPU] |145| 
         0000008f 74C1 
     578                      .dwpsn  file "../sources/fcl_cla_code.cla",line 151,column 9,is_stmt,isa 0
     579 00000090 0400          MMOVXI    MR0,#1024             ; [CPU_FPU] |151| 
         00000091 7880 
     580 00000092 001A          MMOV16    *MAR0+[#26],MR0       ; [CPU_FPU] |151| 
         00000093 75C5 
     581 00000094 0000          MNOP      ; [CPU_FPU] 
         00000095 7FA0 
     582 00000096 0000          MNOP      ; [CPU_FPU] 
         00000097 7FA0 
     583                      .dwpsn  file "../sources/fcl_cla_code.cla",line 157,column 9,is_stmt,isa 0
     584 00000098 FCFF          MMOVXI    MR1,#64767            ; [CPU_FPU] |157| 
         00000099 7881 
     585 0000009a 0015          MMOVZ16   MR0,*MAR0+[#21]       ; [CPU_FPU] |157| 
         0000009b 7585 
     586 0000009c 0004          MAND32    MR0,MR1,MR0           ; [CPU_FPU] |157| 
         0000009d 7C60 
     587                      .dwpsn  file "../sources/fcl_cla_code.cla",line 159,column 9,is_stmt,isa 0
     588 0000009e 0020          MBCNDD    $C$L7,UNC             ; [CPU_FPU] |159| 
         0000009f 798E 
     589                      .dwpsn  file "../sources/fcl_cla_code.cla",line 157,column 9,is_stmt,isa 0
     590 000000a0 0015          MMOV16    *MAR0+[#21],MR0       ; [CPU_FPU] |157| 
         000000a1 75C5 
     591 000000a2 0000          MNOP      ; [CPU_FPU] 
         000000a3 7FA0 
     592                      .dwpsn  file "../sources/fcl_cla_code.cla",line 159,column 9,is_stmt,isa 0
     593 000000a4 0000          MMOVIZ    MR0,#0                ; [CPU_FPU] |159| 
         000000a5 7840 
     594                      ; branch occurs ; [] |159| 
     595 000000a6       $C$L6:    
     596                      .dwpsn  file "../sources/fcl_cla_code.cla",line 84,column 9,is_stmt,isa 0
     597 000000a6 0000!         MMOV16    MAR0,@ClaQep          ; [CPU_FPU] |84| 
         000000a7 7600 
     598 000000a8 0000          MNOP      ; [CPU_FPU] 
         000000a9 7FA0 
     599 000000aa 0000          MNOP      ; [CPU_FPU] 
         000000ab 7FA0 
     600 000000ac 000A!         MMOV32    MR0,@qep1+10          ; [CPU_FPU] |84| 
         000000ad 73C0 
TMS320C2000 Assembler PC v22.6.2 Sun Jan 25 20:51:25 2026

Copyright (c) 1996-2018 Texas Instruments Incorporated
fcl_cla_code.asm                                                     PAGE   16

     601 000000ae 000C          MUI32TOF32 MR1,*MAR0+[#12]      ; [CPU_FPU] |84| 
         000000af 7495 
     602 000000b0 0004          MMPYF32   MR0,MR1,MR0           ; [CPU_FPU] |84| 
         000000b1 7C00 
     603                      .dwpsn  file "../sources/fcl_cla_code.cla",line 86,column 9,is_stmt,isa 0
     604 000000b2 000D!         MUI16TOF32 MR1,@qep1+13         ; [CPU_FPU] |86| 
         000000b3 7550 
     605                      .dwpsn  file "../sources/fcl_cla_code.cla",line 84,column 9,is_stmt,isa 0
     606              
     607 000000b4 0002!         MMPYF32   MR0,MR0,MR1           ; [CPU_FPU] |86| 
         000000b5 4400 
     608              ||      MMOV32    @qep1+2,MR0           ; [CPU_FPU] |84| 
     609              
     610                      .dwpsn  file "../sources/fcl_cla_code.cla",line 86,column 9,is_stmt,isa 0
     611 000000b6 0001          MF32TOI32 MR1,MR0               ; [CPU_FPU] |86| 
         000000b7 7D60 
     612 000000b8 0005          MI32TOF32 MR1,MR1               ; [CPU_FPU] |86| 
         000000b9 7D80 
     613 000000ba 0010          MSUBF32   MR0,MR0,MR1           ; [CPU_FPU] |86| 
         000000bb 7C40 
     614 000000bc 0000!         MMOV32    @qep1,MR0             ; [CPU_FPU] |86| 
         000000bd 74C0 
     615 000000be       $C$L7:    
     616                      .dwpsn  file "../sources/fcl_cla_code.cla",line 87,column 9,is_stmt,isa 0
     617 000000be 0000!         MMOV32    @pangle,MR0           ; [CPU_FPU] |87| 
         000000bf 74C0 
     618                      .dwpsn  file "../sources/fcl_cla_code.cla",line 165,column 5,is_stmt,isa 0
     619 000000c0 0000          MMOVIZ    MR1,#0                ; [CPU_FPU] |165| 
         000000c1 7841 
     620 000000c2 0000!         MMOV32    MR0,@task1_cnt        ; [CPU_FPU] |165| 
         000000c3 73C0 
     621 000000c4 0001          MMOVXI    MR1,#1                ; [CPU_FPU] |165| 
         000000c5 7881 
     622 000000c6 0004          MADD32    MR0,MR1,MR0           ; [CPU_FPU] |165| 
         000000c7 7CC0 
     623 000000c8 0000!         MMOV32    @task1_cnt,MR0        ; [CPU_FPU] |165| 
         000000c9 74C0 
     624 000000ca 0000          MNOP      ; [CPU_FPU] 
         000000cb 7FA0 
     625 000000cc 0000          MNOP      ; [CPU_FPU] 
         000000cd 7FA0 
     626 000000ce 0000          MNOP      ; [CPU_FPU] 
         000000cf 7FA0 
     627              $C$DW$19        .dwtag  DW_TAG_TI_branch
     628                      .dwattr $C$DW$19, DW_AT_low_pc(0x00)
     629                      .dwattr $C$DW$19, DW_AT_TI_return
     630              
     631 000000d0 0000          MSTOP     ; [CPU_FPU] 
         000000d1 7F80 
     632                      ; ireturn occurs ; [] 
     633                      .dwattr $C$DW$18, DW_AT_TI_end_file("../sources/fcl_cla_code.cla")
     634                      .dwattr $C$DW$18, DW_AT_TI_end_line(0xa9)
     635                      .dwattr $C$DW$18, DW_AT_TI_end_column(0x01)
     636                      .dwendentry
     637                      .dwendtag $C$DW$18
TMS320C2000 Assembler PC v22.6.2 Sun Jan 25 20:51:25 2026

Copyright (c) 1996-2018 Texas Instruments Incorporated
fcl_cla_code.asm                                                     PAGE   17

     638              
     639              ;**************************************************************
     640              ;* UNDEFINED EXTERNAL REFERENCES                              *
     641              ;**************************************************************
     642                      .global qep1
     643                      .global lsw
     644                      .global pi_iq
     645                      .global Q_cla
     646                      .global pangle
     647                      .global rg1
     648                      .global ClaQep
     649                      .dwattr $C$DW$CU, DW_AT_language(DW_LANG_C)
     650              
     651              ;***************************************************************
     652              ;* DWARF CIE ENTRIES                                           *
     653              ;***************************************************************
     654              
     655              $C$DW$CIE       .dwcie 7
     656                      .dwcfi  cfa_register, 10
     657                      .dwcfi  cfa_offset, 0
     658                      .dwcfi  same_value, 5
     659                      .dwendentry
     660                      .dwendtag $C$DW$CU
     661              
     662              
     663              ;***************************************************************
     664              ;* TYPE INFORMATION                                            *
     665              ;***************************************************************
     666              
     667              $C$DW$TU$54     .dwtag  DW_TAG_type_unit
     668                      .dwmtype  $C$DW$T$54
     669              
     670              $C$DW$T$54      .dwtag  DW_TAG_enumeration_type
     671                      .dwattr $C$DW$T$54, DW_AT_byte_size(0x02)
     672              $C$DW$20        .dwtag  DW_TAG_enumerator
     673                      .dwattr $C$DW$20, DW_AT_name("ENC_ALIGNMENT")
     674                      .dwattr $C$DW$20, DW_AT_const_value(0x00)
     675                      .dwattr $C$DW$20, DW_AT_decl_file("C:/TI/C2000Ware_MotorControl_SDK_5_04_00_00/libraries/position_sen
     676                      .dwattr $C$DW$20, DW_AT_decl_line(0x40)
     677                      .dwattr $C$DW$20, DW_AT_decl_column(0x05)
     678              
     679              $C$DW$21        .dwtag  DW_TAG_enumerator
     680                      .dwattr $C$DW$21, DW_AT_name("ENC_WAIT_FOR_INDEX")
     681                      .dwattr $C$DW$21, DW_AT_const_value(0x01)
     682                      .dwattr $C$DW$21, DW_AT_decl_file("C:/TI/C2000Ware_MotorControl_SDK_5_04_00_00/libraries/position_sen
     683                      .dwattr $C$DW$21, DW_AT_decl_line(0x41)
     684                      .dwattr $C$DW$21, DW_AT_decl_column(0x05)
     685              
     686              $C$DW$22        .dwtag  DW_TAG_enumerator
     687                      .dwattr $C$DW$22, DW_AT_name("ENC_CALIBRATION_DONE")
     688                      .dwattr $C$DW$22, DW_AT_const_value(0x02)
     689                      .dwattr $C$DW$22, DW_AT_decl_file("C:/TI/C2000Ware_MotorControl_SDK_5_04_00_00/libraries/position_sen
     690                      .dwattr $C$DW$22, DW_AT_decl_line(0x42)
     691                      .dwattr $C$DW$22, DW_AT_decl_column(0x05)
     692              
TMS320C2000 Assembler PC v22.6.2 Sun Jan 25 20:51:25 2026

Copyright (c) 1996-2018 Texas Instruments Incorporated
fcl_cla_code.asm                                                     PAGE   18

     693                      .dwattr $C$DW$T$54, DW_AT_decl_file("C:/TI/C2000Ware_MotorControl_SDK_5_04_00_00/libraries/position_s
     694                      .dwattr $C$DW$T$54, DW_AT_decl_line(0x3f)
     695                      .dwattr $C$DW$T$54, DW_AT_decl_column(0x01)
     696                      .dwendtag $C$DW$T$54
     697              
     698                      .dwendtag $C$DW$TU$54
     699              
     700              
     701              $C$DW$TU$55     .dwtag  DW_TAG_type_unit
     702                      .dwmtype  $C$DW$T$55
     703              $C$DW$T$55      .dwtag  DW_TAG_typedef
     704                      .dwattr $C$DW$T$55, DW_AT_name("ENC_Status_e")
     705                      .dwattr $C$DW$T$55, DW_AT_type(*$C$DW$T$54)
     706                      .dwattr $C$DW$T$55, DW_AT_decl_file("C:/TI/C2000Ware_MotorControl_SDK_5_04_00_00/libraries/position_s
     707                      .dwattr $C$DW$T$55, DW_AT_decl_line(0x43)
     708                      .dwattr $C$DW$T$55, DW_AT_decl_column(0x03)
     709              
     710                      .dwendtag $C$DW$TU$55
     711              
     712              
     713              $C$DW$TU$26     .dwtag  DW_TAG_type_unit
     714                      .dwmtype  $C$DW$T$26
     715              
     716              $C$DW$T$26      .dwtag  DW_TAG_structure_type
     717                      .dwattr $C$DW$T$26, DW_AT_byte_size(0x12)
     718              $C$DW$23        .dwtag  DW_TAG_member
     719                      .dwattr $C$DW$23, DW_AT_type(*$C$DW$T$19)
     720                      .dwattr $C$DW$23, DW_AT_name("ElecTheta")
     721                      .dwattr $C$DW$23, DW_AT_accessibility(DW_ACCESS_public)
     722                      .dwattr $C$DW$23, DW_AT_decl_file("C:/TI/C2000Ware_MotorControl_SDK_5_04_00_00/libraries/position_sen
     723                      .dwattr $C$DW$23, DW_AT_decl_line(0x1c)
     724                      .dwattr $C$DW$23, DW_AT_decl_column(0x0f)
     725              
     726              $C$DW$24        .dwtag  DW_TAG_member
     727                      .dwattr $C$DW$24, DW_AT_type(*$C$DW$T$19)
     728                      .dwattr $C$DW$24, DW_AT_name("MechTheta")
     729                      .dwattr $C$DW$24, DW_AT_data_member_location[DW_OP_plus_uconst 0x2]
     730                      .dwattr $C$DW$24, DW_AT_accessibility(DW_ACCESS_public)
     731                      .dwattr $C$DW$24, DW_AT_decl_file("C:/TI/C2000Ware_MotorControl_SDK_5_04_00_00/libraries/position_sen
     732                      .dwattr $C$DW$24, DW_AT_decl_line(0x1d)
     733                      .dwattr $C$DW$24, DW_AT_decl_column(0x0f)
     734              
     735              $C$DW$25        .dwtag  DW_TAG_member
     736                      .dwattr $C$DW$25, DW_AT_type(*$C$DW$T$21)
     737                      .dwattr $C$DW$25, DW_AT_name("DirectionQep")
     738                      .dwattr $C$DW$25, DW_AT_data_member_location[DW_OP_plus_uconst 0x4]
     739                      .dwattr $C$DW$25, DW_AT_accessibility(DW_ACCESS_public)
     740                      .dwattr $C$DW$25, DW_AT_decl_file("C:/TI/C2000Ware_MotorControl_SDK_5_04_00_00/libraries/position_sen
     741                      .dwattr $C$DW$25, DW_AT_decl_line(0x1e)
     742                      .dwattr $C$DW$25, DW_AT_decl_column(0x0f)
     743              
     744              $C$DW$26        .dwtag  DW_TAG_member
     745                      .dwattr $C$DW$26, DW_AT_type(*$C$DW$T$21)
     746                      .dwattr $C$DW$26, DW_AT_name("QepPeriod")
     747                      .dwattr $C$DW$26, DW_AT_data_member_location[DW_OP_plus_uconst 0x5]
TMS320C2000 Assembler PC v22.6.2 Sun Jan 25 20:51:25 2026

Copyright (c) 1996-2018 Texas Instruments Incorporated
fcl_cla_code.asm                                                     PAGE   19

     748                      .dwattr $C$DW$26, DW_AT_accessibility(DW_ACCESS_public)
     749                      .dwattr $C$DW$26, DW_AT_decl_file("C:/TI/C2000Ware_MotorControl_SDK_5_04_00_00/libraries/position_sen
     750                      .dwattr $C$DW$26, DW_AT_decl_line(0x1f)
     751                      .dwattr $C$DW$26, DW_AT_decl_column(0x0f)
     752              
     753              $C$DW$27        .dwtag  DW_TAG_member
     754                      .dwattr $C$DW$27, DW_AT_type(*$C$DW$T$23)
     755                      .dwattr $C$DW$27, DW_AT_name("QepCountIndex")
     756                      .dwattr $C$DW$27, DW_AT_data_member_location[DW_OP_plus_uconst 0x6]
     757                      .dwattr $C$DW$27, DW_AT_accessibility(DW_ACCESS_public)
     758                      .dwattr $C$DW$27, DW_AT_decl_file("C:/TI/C2000Ware_MotorControl_SDK_5_04_00_00/libraries/position_sen
     759                      .dwattr $C$DW$27, DW_AT_decl_line(0x21)
     760                      .dwattr $C$DW$27, DW_AT_decl_column(0x0f)
     761              
     762              $C$DW$28        .dwtag  DW_TAG_member
     763                      .dwattr $C$DW$28, DW_AT_type(*$C$DW$T$25)
     764                      .dwattr $C$DW$28, DW_AT_name("RawTheta")
     765                      .dwattr $C$DW$28, DW_AT_data_member_location[DW_OP_plus_uconst 0x8]
     766                      .dwattr $C$DW$28, DW_AT_accessibility(DW_ACCESS_public)
     767                      .dwattr $C$DW$28, DW_AT_decl_file("C:/TI/C2000Ware_MotorControl_SDK_5_04_00_00/libraries/position_sen
     768                      .dwattr $C$DW$28, DW_AT_decl_line(0x22)
     769                      .dwattr $C$DW$28, DW_AT_decl_column(0x0f)
     770              
     771              $C$DW$29        .dwtag  DW_TAG_member
     772                      .dwattr $C$DW$29, DW_AT_type(*$C$DW$T$19)
     773                      .dwattr $C$DW$29, DW_AT_name("MechScaler")
     774                      .dwattr $C$DW$29, DW_AT_data_member_location[DW_OP_plus_uconst 0xa]
     775                      .dwattr $C$DW$29, DW_AT_accessibility(DW_ACCESS_public)
     776                      .dwattr $C$DW$29, DW_AT_decl_file("C:/TI/C2000Ware_MotorControl_SDK_5_04_00_00/libraries/position_sen
     777                      .dwattr $C$DW$29, DW_AT_decl_line(0x23)
     778                      .dwattr $C$DW$29, DW_AT_decl_column(0x0f)
     779              
     780              $C$DW$30        .dwtag  DW_TAG_member
     781                      .dwattr $C$DW$30, DW_AT_type(*$C$DW$T$21)
     782                      .dwattr $C$DW$30, DW_AT_name("LineEncoder")
     783                      .dwattr $C$DW$30, DW_AT_data_member_location[DW_OP_plus_uconst 0xc]
     784                      .dwattr $C$DW$30, DW_AT_accessibility(DW_ACCESS_public)
     785                      .dwattr $C$DW$30, DW_AT_decl_file("C:/TI/C2000Ware_MotorControl_SDK_5_04_00_00/libraries/position_sen
     786                      .dwattr $C$DW$30, DW_AT_decl_line(0x24)
     787                      .dwattr $C$DW$30, DW_AT_decl_column(0x0f)
     788              
     789              $C$DW$31        .dwtag  DW_TAG_member
     790                      .dwattr $C$DW$31, DW_AT_type(*$C$DW$T$21)
     791                      .dwattr $C$DW$31, DW_AT_name("PolePairs")
     792                      .dwattr $C$DW$31, DW_AT_data_member_location[DW_OP_plus_uconst 0xd]
     793                      .dwattr $C$DW$31, DW_AT_accessibility(DW_ACCESS_public)
     794                      .dwattr $C$DW$31, DW_AT_decl_file("C:/TI/C2000Ware_MotorControl_SDK_5_04_00_00/libraries/position_sen
     795                      .dwattr $C$DW$31, DW_AT_decl_line(0x25)
     796                      .dwattr $C$DW$31, DW_AT_decl_column(0x0f)
     797              
     798              $C$DW$32        .dwtag  DW_TAG_member
     799                      .dwattr $C$DW$32, DW_AT_type(*$C$DW$T$25)
     800                      .dwattr $C$DW$32, DW_AT_name("CalibratedAngle")
     801                      .dwattr $C$DW$32, DW_AT_data_member_location[DW_OP_plus_uconst 0xe]
     802                      .dwattr $C$DW$32, DW_AT_accessibility(DW_ACCESS_public)
TMS320C2000 Assembler PC v22.6.2 Sun Jan 25 20:51:25 2026

Copyright (c) 1996-2018 Texas Instruments Incorporated
fcl_cla_code.asm                                                     PAGE   20

     803                      .dwattr $C$DW$32, DW_AT_decl_file("C:/TI/C2000Ware_MotorControl_SDK_5_04_00_00/libraries/position_sen
     804                      .dwattr $C$DW$32, DW_AT_decl_line(0x26)
     805                      .dwattr $C$DW$32, DW_AT_decl_column(0x0f)
     806              
     807              $C$DW$33        .dwtag  DW_TAG_member
     808                      .dwattr $C$DW$33, DW_AT_type(*$C$DW$T$21)
     809                      .dwattr $C$DW$33, DW_AT_name("IndexSyncFlag")
     810                      .dwattr $C$DW$33, DW_AT_data_member_location[DW_OP_plus_uconst 0x10]
     811                      .dwattr $C$DW$33, DW_AT_accessibility(DW_ACCESS_public)
     812                      .dwattr $C$DW$33, DW_AT_decl_file("C:/TI/C2000Ware_MotorControl_SDK_5_04_00_00/libraries/position_sen
     813                      .dwattr $C$DW$33, DW_AT_decl_line(0x28)
     814                      .dwattr $C$DW$33, DW_AT_decl_column(0x0f)
     815              
     816                      .dwattr $C$DW$T$26, DW_AT_decl_file("C:/TI/C2000Ware_MotorControl_SDK_5_04_00_00/libraries/position_s
     817                      .dwattr $C$DW$T$26, DW_AT_decl_line(0x1b)
     818                      .dwattr $C$DW$T$26, DW_AT_decl_column(0x10)
     819                      .dwendtag $C$DW$T$26
     820              
     821                      .dwendtag $C$DW$TU$26
     822              
     823              
     824              $C$DW$TU$56     .dwtag  DW_TAG_type_unit
     825                      .dwmtype  $C$DW$T$56
     826              $C$DW$T$56      .dwtag  DW_TAG_typedef
     827                      .dwattr $C$DW$T$56, DW_AT_name("QEP")
     828                      .dwattr $C$DW$T$56, DW_AT_type(*$C$DW$T$26)
     829                      .dwattr $C$DW$T$56, DW_AT_decl_file("C:/TI/C2000Ware_MotorControl_SDK_5_04_00_00/libraries/position_s
     830                      .dwattr $C$DW$T$56, DW_AT_decl_line(0x29)
     831                      .dwattr $C$DW$T$56, DW_AT_decl_column(0x03)
     832              
     833                      .dwendtag $C$DW$TU$56
     834              
     835              
     836              $C$DW$TU$27     .dwtag  DW_TAG_type_unit
     837                      .dwmtype  $C$DW$T$27
     838              
     839              $C$DW$T$27      .dwtag  DW_TAG_structure_type
     840                      .dwattr $C$DW$T$27, DW_AT_byte_size(0x16)
     841              $C$DW$34        .dwtag  DW_TAG_member
     842                      .dwattr $C$DW$34, DW_AT_type(*$C$DW$T$19)
     843                      .dwattr $C$DW$34, DW_AT_name("ref")
     844                      .dwattr $C$DW$34, DW_AT_accessibility(DW_ACCESS_public)
     845                      .dwattr $C$DW$34, DW_AT_decl_file("C:\TI\C2000Ware_MotorControl_SDK_5_04_00_00\libraries\fcl\include\
     846                      .dwattr $C$DW$34, DW_AT_decl_line(0x18)
     847                      .dwattr $C$DW$34, DW_AT_decl_column(0x10)
     848              
     849              $C$DW$35        .dwtag  DW_TAG_member
     850                      .dwattr $C$DW$35, DW_AT_type(*$C$DW$T$19)
     851                      .dwattr $C$DW$35, DW_AT_name("fbk")
     852                      .dwattr $C$DW$35, DW_AT_data_member_location[DW_OP_plus_uconst 0x2]
     853                      .dwattr $C$DW$35, DW_AT_accessibility(DW_ACCESS_public)
     854                      .dwattr $C$DW$35, DW_AT_decl_file("C:\TI\C2000Ware_MotorControl_SDK_5_04_00_00\libraries\fcl\include\
     855                      .dwattr $C$DW$35, DW_AT_decl_line(0x19)
     856                      .dwattr $C$DW$35, DW_AT_decl_column(0x10)
     857              
TMS320C2000 Assembler PC v22.6.2 Sun Jan 25 20:51:25 2026

Copyright (c) 1996-2018 Texas Instruments Incorporated
fcl_cla_code.asm                                                     PAGE   21

     858              $C$DW$36        .dwtag  DW_TAG_member
     859                      .dwattr $C$DW$36, DW_AT_type(*$C$DW$T$19)
     860                      .dwattr $C$DW$36, DW_AT_name("err")
     861                      .dwattr $C$DW$36, DW_AT_data_member_location[DW_OP_plus_uconst 0x4]
     862                      .dwattr $C$DW$36, DW_AT_accessibility(DW_ACCESS_public)
     863                      .dwattr $C$DW$36, DW_AT_decl_file("C:\TI\C2000Ware_MotorControl_SDK_5_04_00_00\libraries\fcl\include\
     864                      .dwattr $C$DW$36, DW_AT_decl_line(0x1a)
     865                      .dwattr $C$DW$36, DW_AT_decl_column(0x10)
     866              
     867              $C$DW$37        .dwtag  DW_TAG_member
     868                      .dwattr $C$DW$37, DW_AT_type(*$C$DW$T$19)
     869                      .dwattr $C$DW$37, DW_AT_name("out")
     870                      .dwattr $C$DW$37, DW_AT_data_member_location[DW_OP_plus_uconst 0x6]
     871                      .dwattr $C$DW$37, DW_AT_accessibility(DW_ACCESS_public)
     872                      .dwattr $C$DW$37, DW_AT_decl_file("C:\TI\C2000Ware_MotorControl_SDK_5_04_00_00\libraries\fcl\include\
     873                      .dwattr $C$DW$37, DW_AT_decl_line(0x1b)
     874                      .dwattr $C$DW$37, DW_AT_decl_column(0x10)
     875              
     876              $C$DW$38        .dwtag  DW_TAG_member
     877                      .dwattr $C$DW$38, DW_AT_type(*$C$DW$T$19)
     878                      .dwattr $C$DW$38, DW_AT_name("carryOver")
     879                      .dwattr $C$DW$38, DW_AT_data_member_location[DW_OP_plus_uconst 0x8]
     880                      .dwattr $C$DW$38, DW_AT_accessibility(DW_ACCESS_public)
     881                      .dwattr $C$DW$38, DW_AT_decl_file("C:\TI\C2000Ware_MotorControl_SDK_5_04_00_00\libraries\fcl\include\
     882                      .dwattr $C$DW$38, DW_AT_decl_line(0x1c)
     883                      .dwattr $C$DW$38, DW_AT_decl_column(0x10)
     884              
     885              $C$DW$39        .dwtag  DW_TAG_member
     886                      .dwattr $C$DW$39, DW_AT_type(*$C$DW$T$19)
     887                      .dwattr $C$DW$39, DW_AT_name("Kp")
     888                      .dwattr $C$DW$39, DW_AT_data_member_location[DW_OP_plus_uconst 0xa]
     889                      .dwattr $C$DW$39, DW_AT_accessibility(DW_ACCESS_public)
     890                      .dwattr $C$DW$39, DW_AT_decl_file("C:\TI\C2000Ware_MotorControl_SDK_5_04_00_00\libraries\fcl\include\
     891                      .dwattr $C$DW$39, DW_AT_decl_line(0x1d)
     892                      .dwattr $C$DW$39, DW_AT_decl_column(0x10)
     893              
     894              $C$DW$40        .dwtag  DW_TAG_member
     895                      .dwattr $C$DW$40, DW_AT_type(*$C$DW$T$19)
     896                      .dwattr $C$DW$40, DW_AT_name("Ki")
     897                      .dwattr $C$DW$40, DW_AT_data_member_location[DW_OP_plus_uconst 0xc]
     898                      .dwattr $C$DW$40, DW_AT_accessibility(DW_ACCESS_public)
     899                      .dwattr $C$DW$40, DW_AT_decl_file("C:\TI\C2000Ware_MotorControl_SDK_5_04_00_00\libraries\fcl\include\
     900                      .dwattr $C$DW$40, DW_AT_decl_line(0x1e)
     901                      .dwattr $C$DW$40, DW_AT_decl_column(0x10)
     902              
     903              $C$DW$41        .dwtag  DW_TAG_member
     904                      .dwattr $C$DW$41, DW_AT_type(*$C$DW$T$19)
     905                      .dwattr $C$DW$41, DW_AT_name("Kerr")
     906                      .dwattr $C$DW$41, DW_AT_data_member_location[DW_OP_plus_uconst 0xe]
     907                      .dwattr $C$DW$41, DW_AT_accessibility(DW_ACCESS_public)
     908                      .dwattr $C$DW$41, DW_AT_decl_file("C:\TI\C2000Ware_MotorControl_SDK_5_04_00_00\libraries\fcl\include\
     909                      .dwattr $C$DW$41, DW_AT_decl_line(0x1f)
     910                      .dwattr $C$DW$41, DW_AT_decl_column(0x10)
     911              
     912              $C$DW$42        .dwtag  DW_TAG_member
TMS320C2000 Assembler PC v22.6.2 Sun Jan 25 20:51:25 2026

Copyright (c) 1996-2018 Texas Instruments Incorporated
fcl_cla_code.asm                                                     PAGE   22

     913                      .dwattr $C$DW$42, DW_AT_type(*$C$DW$T$19)
     914                      .dwattr $C$DW$42, DW_AT_name("KerrOld")
     915                      .dwattr $C$DW$42, DW_AT_data_member_location[DW_OP_plus_uconst 0x10]
     916                      .dwattr $C$DW$42, DW_AT_accessibility(DW_ACCESS_public)
     917                      .dwattr $C$DW$42, DW_AT_decl_file("C:\TI\C2000Ware_MotorControl_SDK_5_04_00_00\libraries\fcl\include\
     918                      .dwattr $C$DW$42, DW_AT_decl_line(0x20)
     919                      .dwattr $C$DW$42, DW_AT_decl_column(0x10)
     920              
     921              $C$DW$43        .dwtag  DW_TAG_member
     922                      .dwattr $C$DW$43, DW_AT_type(*$C$DW$T$19)
     923                      .dwattr $C$DW$43, DW_AT_name("Umax")
     924                      .dwattr $C$DW$43, DW_AT_data_member_location[DW_OP_plus_uconst 0x12]
     925                      .dwattr $C$DW$43, DW_AT_accessibility(DW_ACCESS_public)
     926                      .dwattr $C$DW$43, DW_AT_decl_file("C:\TI\C2000Ware_MotorControl_SDK_5_04_00_00\libraries\fcl\include\
     927                      .dwattr $C$DW$43, DW_AT_decl_line(0x21)
     928                      .dwattr $C$DW$43, DW_AT_decl_column(0x10)
     929              
     930              $C$DW$44        .dwtag  DW_TAG_member
     931                      .dwattr $C$DW$44, DW_AT_type(*$C$DW$T$19)
     932                      .dwattr $C$DW$44, DW_AT_name("Umin")
     933                      .dwattr $C$DW$44, DW_AT_data_member_location[DW_OP_plus_uconst 0x14]
     934                      .dwattr $C$DW$44, DW_AT_accessibility(DW_ACCESS_public)
     935                      .dwattr $C$DW$44, DW_AT_decl_file("C:\TI\C2000Ware_MotorControl_SDK_5_04_00_00\libraries\fcl\include\
     936                      .dwattr $C$DW$44, DW_AT_decl_line(0x22)
     937                      .dwattr $C$DW$44, DW_AT_decl_column(0x10)
     938              
     939                      .dwattr $C$DW$T$27, DW_AT_decl_file("C:\TI\C2000Ware_MotorControl_SDK_5_04_00_00\libraries\fcl\includ
     940                      .dwattr $C$DW$T$27, DW_AT_decl_line(0x17)
     941                      .dwattr $C$DW$T$27, DW_AT_decl_column(0x10)
     942                      .dwendtag $C$DW$T$27
     943              
     944                      .dwendtag $C$DW$TU$27
     945              
     946              
     947              $C$DW$TU$57     .dwtag  DW_TAG_type_unit
     948                      .dwmtype  $C$DW$T$57
     949              $C$DW$T$57      .dwtag  DW_TAG_typedef
     950                      .dwattr $C$DW$T$57, DW_AT_name("FCL_PIController_t")
     951                      .dwattr $C$DW$T$57, DW_AT_type(*$C$DW$T$27)
     952                      .dwattr $C$DW$T$57, DW_AT_decl_file("C:\TI\C2000Ware_MotorControl_SDK_5_04_00_00\libraries\fcl\includ
     953                      .dwattr $C$DW$T$57, DW_AT_decl_line(0x23)
     954                      .dwattr $C$DW$T$57, DW_AT_decl_column(0x03)
     955              
     956                      .dwendtag $C$DW$TU$57
     957              
     958              
     959              $C$DW$TU$28     .dwtag  DW_TAG_type_unit
     960                      .dwmtype  $C$DW$T$28
     961              
     962              $C$DW$T$28      .dwtag  DW_TAG_structure_type
     963                      .dwattr $C$DW$T$28, DW_AT_byte_size(0x0c)
     964              $C$DW$45        .dwtag  DW_TAG_member
     965                      .dwattr $C$DW$45, DW_AT_type(*$C$DW$T$19)
     966                      .dwattr $C$DW$45, DW_AT_name("Freq")
     967                      .dwattr $C$DW$45, DW_AT_accessibility(DW_ACCESS_public)
TMS320C2000 Assembler PC v22.6.2 Sun Jan 25 20:51:25 2026

Copyright (c) 1996-2018 Texas Instruments Incorporated
fcl_cla_code.asm                                                     PAGE   23

     968                      .dwattr $C$DW$45, DW_AT_decl_file("C:/TI/C2000Ware_MotorControl_SDK_5_04_00_00/libraries/utilities/ma
     969                      .dwattr $C$DW$45, DW_AT_decl_line(0x25)
     970                      .dwattr $C$DW$45, DW_AT_decl_column(0x1d)
     971              
     972              $C$DW$46        .dwtag  DW_TAG_member
     973                      .dwattr $C$DW$46, DW_AT_type(*$C$DW$T$19)
     974                      .dwattr $C$DW$46, DW_AT_name("StepAngleMax")
     975                      .dwattr $C$DW$46, DW_AT_data_member_location[DW_OP_plus_uconst 0x2]
     976                      .dwattr $C$DW$46, DW_AT_accessibility(DW_ACCESS_public)
     977                      .dwattr $C$DW$46, DW_AT_decl_file("C:/TI/C2000Ware_MotorControl_SDK_5_04_00_00/libraries/utilities/ma
     978                      .dwattr $C$DW$46, DW_AT_decl_line(0x26)
     979                      .dwattr $C$DW$46, DW_AT_decl_column(0x1d)
     980              
     981              $C$DW$47        .dwtag  DW_TAG_member
     982                      .dwattr $C$DW$47, DW_AT_type(*$C$DW$T$19)
     983                      .dwattr $C$DW$47, DW_AT_name("Angle")
     984                      .dwattr $C$DW$47, DW_AT_data_member_location[DW_OP_plus_uconst 0x4]
     985                      .dwattr $C$DW$47, DW_AT_accessibility(DW_ACCESS_public)
     986                      .dwattr $C$DW$47, DW_AT_decl_file("C:/TI/C2000Ware_MotorControl_SDK_5_04_00_00/libraries/utilities/ma
     987                      .dwattr $C$DW$47, DW_AT_decl_line(0x27)
     988                      .dwattr $C$DW$47, DW_AT_decl_column(0x1d)
     989              
     990              $C$DW$48        .dwtag  DW_TAG_member
     991                      .dwattr $C$DW$48, DW_AT_type(*$C$DW$T$19)
     992                      .dwattr $C$DW$48, DW_AT_name("Gain")
     993                      .dwattr $C$DW$48, DW_AT_data_member_location[DW_OP_plus_uconst 0x6]
     994                      .dwattr $C$DW$48, DW_AT_accessibility(DW_ACCESS_public)
     995                      .dwattr $C$DW$48, DW_AT_decl_file("C:/TI/C2000Ware_MotorControl_SDK_5_04_00_00/libraries/utilities/ma
     996                      .dwattr $C$DW$48, DW_AT_decl_line(0x28)
     997                      .dwattr $C$DW$48, DW_AT_decl_column(0x1d)
     998              
     999              $C$DW$49        .dwtag  DW_TAG_member
    1000                      .dwattr $C$DW$49, DW_AT_type(*$C$DW$T$19)
    1001                      .dwattr $C$DW$49, DW_AT_name("Out")
    1002                      .dwattr $C$DW$49, DW_AT_data_member_location[DW_OP_plus_uconst 0x8]
    1003                      .dwattr $C$DW$49, DW_AT_accessibility(DW_ACCESS_public)
    1004                      .dwattr $C$DW$49, DW_AT_decl_file("C:/TI/C2000Ware_MotorControl_SDK_5_04_00_00/libraries/utilities/ma
    1005                      .dwattr $C$DW$49, DW_AT_decl_line(0x29)
    1006                      .dwattr $C$DW$49, DW_AT_decl_column(0x1d)
    1007              
    1008              $C$DW$50        .dwtag  DW_TAG_member
    1009                      .dwattr $C$DW$50, DW_AT_type(*$C$DW$T$19)
    1010                      .dwattr $C$DW$50, DW_AT_name("Offset")
    1011                      .dwattr $C$DW$50, DW_AT_data_member_location[DW_OP_plus_uconst 0xa]
    1012                      .dwattr $C$DW$50, DW_AT_accessibility(DW_ACCESS_public)
    1013                      .dwattr $C$DW$50, DW_AT_decl_file("C:/TI/C2000Ware_MotorControl_SDK_5_04_00_00/libraries/utilities/ma
    1014                      .dwattr $C$DW$50, DW_AT_decl_line(0x2a)
    1015                      .dwattr $C$DW$50, DW_AT_decl_column(0x1d)
    1016              
    1017                      .dwattr $C$DW$T$28, DW_AT_decl_file("C:/TI/C2000Ware_MotorControl_SDK_5_04_00_00/libraries/utilities/
    1018                      .dwattr $C$DW$T$28, DW_AT_decl_line(0x25)
    1019                      .dwattr $C$DW$T$28, DW_AT_decl_column(0x10)
    1020                      .dwendtag $C$DW$T$28
    1021              
    1022                      .dwendtag $C$DW$TU$28
TMS320C2000 Assembler PC v22.6.2 Sun Jan 25 20:51:25 2026

Copyright (c) 1996-2018 Texas Instruments Incorporated
fcl_cla_code.asm                                                     PAGE   24

    1023              
    1024              
    1025              $C$DW$TU$58     .dwtag  DW_TAG_type_unit
    1026                      .dwmtype  $C$DW$T$58
    1027              $C$DW$T$58      .dwtag  DW_TAG_typedef
    1028                      .dwattr $C$DW$T$58, DW_AT_name("RAMP_GEN_CLA")
    1029                      .dwattr $C$DW$T$58, DW_AT_type(*$C$DW$T$28)
    1030                      .dwattr $C$DW$T$58, DW_AT_decl_file("C:/TI/C2000Ware_MotorControl_SDK_5_04_00_00/libraries/utilities/
    1031                      .dwattr $C$DW$T$58, DW_AT_decl_line(0x2b)
    1032                      .dwattr $C$DW$T$58, DW_AT_decl_column(0x0d)
    1033              
    1034                      .dwendtag $C$DW$TU$58
    1035              
    1036              
    1037              $C$DW$TU$31     .dwtag  DW_TAG_type_unit
    1038                      .dwmtype  $C$DW$T$31
    1039              
    1040              $C$DW$T$31      .dwtag  DW_TAG_union_type
    1041                      .dwattr $C$DW$T$31, DW_AT_byte_size(0x02)
    1042              $C$DW$51        .dwtag  DW_TAG_member
    1043                      .dwattr $C$DW$51, DW_AT_type(*$C$DW$T$30)
    1044                      .dwattr $C$DW$51, DW_AT_name("ptr")
    1045                      .dwattr $C$DW$51, DW_AT_accessibility(DW_ACCESS_public)
    1046                      .dwattr $C$DW$51, DW_AT_decl_file("C:/TI/C2000Ware_MotorControl_SDK_5_04_00_00/libraries/fcl/include/
    1047                      .dwattr $C$DW$51, DW_AT_decl_line(0x3d)
    1048                      .dwattr $C$DW$51, DW_AT_decl_column(0x20)
    1049              
    1050              $C$DW$52        .dwtag  DW_TAG_member
    1051                      .dwattr $C$DW$52, DW_AT_type(*$C$DW$T$23)
    1052                      .dwattr $C$DW$52, DW_AT_name("pad")
    1053                      .dwattr $C$DW$52, DW_AT_accessibility(DW_ACCESS_public)
    1054                      .dwattr $C$DW$52, DW_AT_decl_file("C:/TI/C2000Ware_MotorControl_SDK_5_04_00_00/libraries/fcl/include/
    1055                      .dwattr $C$DW$52, DW_AT_decl_line(0x3e)
    1056                      .dwattr $C$DW$52, DW_AT_decl_column(0x0e)
    1057              
    1058                      .dwattr $C$DW$T$31, DW_AT_decl_file("C:/TI/C2000Ware_MotorControl_SDK_5_04_00_00/libraries/fcl/includ
    1059                      .dwattr $C$DW$T$31, DW_AT_decl_line(0x3c)
    1060                      .dwattr $C$DW$T$31, DW_AT_decl_column(0x01)
    1061                      .dwendtag $C$DW$T$31
    1062              
    1063                      .dwendtag $C$DW$TU$31
    1064              
    1065              
    1066              $C$DW$TU$59     .dwtag  DW_TAG_type_unit
    1067                      .dwmtype  $C$DW$T$59
    1068              $C$DW$T$59      .dwtag  DW_TAG_typedef
    1069                      .dwattr $C$DW$T$59, DW_AT_name("CLA_QEP_PTR")
    1070                      .dwattr $C$DW$T$59, DW_AT_type(*$C$DW$T$31)
    1071                      .dwattr $C$DW$T$59, DW_AT_decl_file("C:/TI/C2000Ware_MotorControl_SDK_5_04_00_00/libraries/fcl/includ
    1072                      .dwattr $C$DW$T$59, DW_AT_decl_line(0x3f)
    1073                      .dwattr $C$DW$T$59, DW_AT_decl_column(0x03)
    1074              
    1075                      .dwendtag $C$DW$TU$59
    1076              
    1077              
TMS320C2000 Assembler PC v22.6.2 Sun Jan 25 20:51:25 2026

Copyright (c) 1996-2018 Texas Instruments Incorporated
fcl_cla_code.asm                                                     PAGE   25

    1078              $C$DW$TU$52     .dwtag  DW_TAG_type_unit
    1079                      .dwmtype  $C$DW$T$52
    1080              
    1081              $C$DW$T$52      .dwtag  DW_TAG_structure_type
    1082                      .dwattr $C$DW$T$52, DW_AT_name("EQEP_REGS")
    1083                      .dwattr $C$DW$T$52, DW_AT_byte_size(0x22)
    1084              $C$DW$53        .dwtag  DW_TAG_member
    1085                      .dwattr $C$DW$53, DW_AT_type(*$C$DW$T$51)
    1086                      .dwattr $C$DW$53, DW_AT_name("QPOSCNT")
    1087                      .dwattr $C$DW$53, DW_AT_accessibility(DW_ACCESS_public)
    1088                      .dwattr $C$DW$53, DW_AT_decl_file("C:\TI\C2000Ware_MotorControl_SDK_5_04_00_00\c2000ware\device_suppo
    1089                      .dwattr $C$DW$53, DW_AT_decl_line(0xdb)
    1090                      .dwattr $C$DW$53, DW_AT_decl_column(0x2e)
    1091              
    1092              $C$DW$54        .dwtag  DW_TAG_member
    1093                      .dwattr $C$DW$54, DW_AT_type(*$C$DW$T$51)
    1094                      .dwattr $C$DW$54, DW_AT_name("QPOSINIT")
    1095                      .dwattr $C$DW$54, DW_AT_data_member_location[DW_OP_plus_uconst 0x2]
    1096                      .dwattr $C$DW$54, DW_AT_accessibility(DW_ACCESS_public)
    1097                      .dwattr $C$DW$54, DW_AT_decl_file("C:\TI\C2000Ware_MotorControl_SDK_5_04_00_00\c2000ware\device_suppo
    1098                      .dwattr $C$DW$54, DW_AT_decl_line(0xdc)
    1099                      .dwattr $C$DW$54, DW_AT_decl_column(0x2e)
    1100              
    1101              $C$DW$55        .dwtag  DW_TAG_member
    1102                      .dwattr $C$DW$55, DW_AT_type(*$C$DW$T$51)
    1103                      .dwattr $C$DW$55, DW_AT_name("QPOSMAX")
    1104                      .dwattr $C$DW$55, DW_AT_data_member_location[DW_OP_plus_uconst 0x4]
    1105                      .dwattr $C$DW$55, DW_AT_accessibility(DW_ACCESS_public)
    1106                      .dwattr $C$DW$55, DW_AT_decl_file("C:\TI\C2000Ware_MotorControl_SDK_5_04_00_00\c2000ware\device_suppo
    1107                      .dwattr $C$DW$55, DW_AT_decl_line(0xdd)
    1108                      .dwattr $C$DW$55, DW_AT_decl_column(0x2e)
    1109              
    1110              $C$DW$56        .dwtag  DW_TAG_member
    1111                      .dwattr $C$DW$56, DW_AT_type(*$C$DW$T$51)
    1112                      .dwattr $C$DW$56, DW_AT_name("QPOSCMP")
    1113                      .dwattr $C$DW$56, DW_AT_data_member_location[DW_OP_plus_uconst 0x6]
    1114                      .dwattr $C$DW$56, DW_AT_accessibility(DW_ACCESS_public)
    1115                      .dwattr $C$DW$56, DW_AT_decl_file("C:\TI\C2000Ware_MotorControl_SDK_5_04_00_00\c2000ware\device_suppo
    1116                      .dwattr $C$DW$56, DW_AT_decl_line(0xde)
    1117                      .dwattr $C$DW$56, DW_AT_decl_column(0x2e)
    1118              
    1119              $C$DW$57        .dwtag  DW_TAG_member
    1120                      .dwattr $C$DW$57, DW_AT_type(*$C$DW$T$51)
    1121                      .dwattr $C$DW$57, DW_AT_name("QPOSILAT")
    1122                      .dwattr $C$DW$57, DW_AT_data_member_location[DW_OP_plus_uconst 0x8]
    1123                      .dwattr $C$DW$57, DW_AT_accessibility(DW_ACCESS_public)
    1124                      .dwattr $C$DW$57, DW_AT_decl_file("C:\TI\C2000Ware_MotorControl_SDK_5_04_00_00\c2000ware\device_suppo
    1125                      .dwattr $C$DW$57, DW_AT_decl_line(0xdf)
    1126                      .dwattr $C$DW$57, DW_AT_decl_column(0x2e)
    1127              
    1128              $C$DW$58        .dwtag  DW_TAG_member
    1129                      .dwattr $C$DW$58, DW_AT_type(*$C$DW$T$51)
    1130                      .dwattr $C$DW$58, DW_AT_name("QPOSSLAT")
    1131                      .dwattr $C$DW$58, DW_AT_data_member_location[DW_OP_plus_uconst 0xa]
    1132                      .dwattr $C$DW$58, DW_AT_accessibility(DW_ACCESS_public)
TMS320C2000 Assembler PC v22.6.2 Sun Jan 25 20:51:25 2026

Copyright (c) 1996-2018 Texas Instruments Incorporated
fcl_cla_code.asm                                                     PAGE   26

    1133                      .dwattr $C$DW$58, DW_AT_decl_file("C:\TI\C2000Ware_MotorControl_SDK_5_04_00_00\c2000ware\device_suppo
    1134                      .dwattr $C$DW$58, DW_AT_decl_line(0xe0)
    1135                      .dwattr $C$DW$58, DW_AT_decl_column(0x2e)
    1136              
    1137              $C$DW$59        .dwtag  DW_TAG_member
    1138                      .dwattr $C$DW$59, DW_AT_type(*$C$DW$T$51)
    1139                      .dwattr $C$DW$59, DW_AT_name("QPOSLAT")
    1140                      .dwattr $C$DW$59, DW_AT_data_member_location[DW_OP_plus_uconst 0xc]
    1141                      .dwattr $C$DW$59, DW_AT_accessibility(DW_ACCESS_public)
    1142                      .dwattr $C$DW$59, DW_AT_decl_file("C:\TI\C2000Ware_MotorControl_SDK_5_04_00_00\c2000ware\device_suppo
    1143                      .dwattr $C$DW$59, DW_AT_decl_line(0xe1)
    1144                      .dwattr $C$DW$59, DW_AT_decl_column(0x2e)
    1145              
    1146              $C$DW$60        .dwtag  DW_TAG_member
    1147                      .dwattr $C$DW$60, DW_AT_type(*$C$DW$T$51)
    1148                      .dwattr $C$DW$60, DW_AT_name("QUTMR")
    1149                      .dwattr $C$DW$60, DW_AT_data_member_location[DW_OP_plus_uconst 0xe]
    1150                      .dwattr $C$DW$60, DW_AT_accessibility(DW_ACCESS_public)
    1151                      .dwattr $C$DW$60, DW_AT_decl_file("C:\TI\C2000Ware_MotorControl_SDK_5_04_00_00\c2000ware\device_suppo
    1152                      .dwattr $C$DW$60, DW_AT_decl_line(0xe2)
    1153                      .dwattr $C$DW$60, DW_AT_decl_column(0x2e)
    1154              
    1155              $C$DW$61        .dwtag  DW_TAG_member
    1156                      .dwattr $C$DW$61, DW_AT_type(*$C$DW$T$51)
    1157                      .dwattr $C$DW$61, DW_AT_name("QUPRD")
    1158                      .dwattr $C$DW$61, DW_AT_data_member_location[DW_OP_plus_uconst 0x10]
    1159                      .dwattr $C$DW$61, DW_AT_accessibility(DW_ACCESS_public)
    1160                      .dwattr $C$DW$61, DW_AT_decl_file("C:\TI\C2000Ware_MotorControl_SDK_5_04_00_00\c2000ware\device_suppo
    1161                      .dwattr $C$DW$61, DW_AT_decl_line(0xe3)
    1162                      .dwattr $C$DW$61, DW_AT_decl_column(0x2e)
    1163              
    1164              $C$DW$62        .dwtag  DW_TAG_member
    1165                      .dwattr $C$DW$62, DW_AT_type(*$C$DW$T$32)
    1166                      .dwattr $C$DW$62, DW_AT_name("QWDTMR")
    1167                      .dwattr $C$DW$62, DW_AT_data_member_location[DW_OP_plus_uconst 0x12]
    1168                      .dwattr $C$DW$62, DW_AT_accessibility(DW_ACCESS_public)
    1169                      .dwattr $C$DW$62, DW_AT_decl_file("C:\TI\C2000Ware_MotorControl_SDK_5_04_00_00\c2000ware\device_suppo
    1170                      .dwattr $C$DW$62, DW_AT_decl_line(0xe4)
    1171                      .dwattr $C$DW$62, DW_AT_decl_column(0x2e)
    1172              
    1173              $C$DW$63        .dwtag  DW_TAG_member
    1174                      .dwattr $C$DW$63, DW_AT_type(*$C$DW$T$32)
    1175                      .dwattr $C$DW$63, DW_AT_name("QWDPRD")
    1176                      .dwattr $C$DW$63, DW_AT_data_member_location[DW_OP_plus_uconst 0x13]
    1177                      .dwattr $C$DW$63, DW_AT_accessibility(DW_ACCESS_public)
    1178                      .dwattr $C$DW$63, DW_AT_decl_file("C:\TI\C2000Ware_MotorControl_SDK_5_04_00_00\c2000ware\device_suppo
    1179                      .dwattr $C$DW$63, DW_AT_decl_line(0xe5)
    1180                      .dwattr $C$DW$63, DW_AT_decl_column(0x2e)
    1181              
    1182              $C$DW$64        .dwtag  DW_TAG_member
    1183                      .dwattr $C$DW$64, DW_AT_type(*$C$DW$T$38)
    1184                      .dwattr $C$DW$64, DW_AT_name("QDECCTL")
    1185                      .dwattr $C$DW$64, DW_AT_data_member_location[DW_OP_plus_uconst 0x14]
    1186                      .dwattr $C$DW$64, DW_AT_accessibility(DW_ACCESS_public)
    1187                      .dwattr $C$DW$64, DW_AT_decl_file("C:\TI\C2000Ware_MotorControl_SDK_5_04_00_00\c2000ware\device_suppo
TMS320C2000 Assembler PC v22.6.2 Sun Jan 25 20:51:25 2026

Copyright (c) 1996-2018 Texas Instruments Incorporated
fcl_cla_code.asm                                                     PAGE   27

    1188                      .dwattr $C$DW$64, DW_AT_decl_line(0xe6)
    1189                      .dwattr $C$DW$64, DW_AT_decl_column(0x2e)
    1190              
    1191              $C$DW$65        .dwtag  DW_TAG_member
    1192                      .dwattr $C$DW$65, DW_AT_type(*$C$DW$T$42)
    1193                      .dwattr $C$DW$65, DW_AT_name("QEPCTL")
    1194                      .dwattr $C$DW$65, DW_AT_data_member_location[DW_OP_plus_uconst 0x15]
    1195                      .dwattr $C$DW$65, DW_AT_accessibility(DW_ACCESS_public)
    1196                      .dwattr $C$DW$65, DW_AT_decl_file("C:\TI\C2000Ware_MotorControl_SDK_5_04_00_00\c2000ware\device_suppo
    1197                      .dwattr $C$DW$65, DW_AT_decl_line(0xe7)
    1198                      .dwattr $C$DW$65, DW_AT_decl_column(0x2e)
    1199              
    1200              $C$DW$66        .dwtag  DW_TAG_member
    1201                      .dwattr $C$DW$66, DW_AT_type(*$C$DW$T$34)
    1202                      .dwattr $C$DW$66, DW_AT_name("QCAPCTL")
    1203                      .dwattr $C$DW$66, DW_AT_data_member_location[DW_OP_plus_uconst 0x16]
    1204                      .dwattr $C$DW$66, DW_AT_accessibility(DW_ACCESS_public)
    1205                      .dwattr $C$DW$66, DW_AT_decl_file("C:\TI\C2000Ware_MotorControl_SDK_5_04_00_00\c2000ware\device_suppo
    1206                      .dwattr $C$DW$66, DW_AT_decl_line(0xe8)
    1207                      .dwattr $C$DW$66, DW_AT_decl_column(0x2e)
    1208              
    1209              $C$DW$67        .dwtag  DW_TAG_member
    1210                      .dwattr $C$DW$67, DW_AT_type(*$C$DW$T$50)
    1211                      .dwattr $C$DW$67, DW_AT_name("QPOSCTL")
    1212                      .dwattr $C$DW$67, DW_AT_data_member_location[DW_OP_plus_uconst 0x17]
    1213                      .dwattr $C$DW$67, DW_AT_accessibility(DW_ACCESS_public)
    1214                      .dwattr $C$DW$67, DW_AT_decl_file("C:\TI\C2000Ware_MotorControl_SDK_5_04_00_00\c2000ware\device_suppo
    1215                      .dwattr $C$DW$67, DW_AT_decl_line(0xe9)
    1216                      .dwattr $C$DW$67, DW_AT_decl_column(0x2e)
    1217              
    1218              $C$DW$68        .dwtag  DW_TAG_member
    1219                      .dwattr $C$DW$68, DW_AT_type(*$C$DW$T$40)
    1220                      .dwattr $C$DW$68, DW_AT_name("QEINT")
    1221                      .dwattr $C$DW$68, DW_AT_data_member_location[DW_OP_plus_uconst 0x18]
    1222                      .dwattr $C$DW$68, DW_AT_accessibility(DW_ACCESS_public)
    1223                      .dwattr $C$DW$68, DW_AT_decl_file("C:\TI\C2000Ware_MotorControl_SDK_5_04_00_00\c2000ware\device_suppo
    1224                      .dwattr $C$DW$68, DW_AT_decl_line(0xea)
    1225                      .dwattr $C$DW$68, DW_AT_decl_column(0x2e)
    1226              
    1227              $C$DW$69        .dwtag  DW_TAG_member
    1228                      .dwattr $C$DW$69, DW_AT_type(*$C$DW$T$46)
    1229                      .dwattr $C$DW$69, DW_AT_name("QFLG")
    1230                      .dwattr $C$DW$69, DW_AT_data_member_location[DW_OP_plus_uconst 0x19]
    1231                      .dwattr $C$DW$69, DW_AT_accessibility(DW_ACCESS_public)
    1232                      .dwattr $C$DW$69, DW_AT_decl_file("C:\TI\C2000Ware_MotorControl_SDK_5_04_00_00\c2000ware\device_suppo
    1233                      .dwattr $C$DW$69, DW_AT_decl_line(0xeb)
    1234                      .dwattr $C$DW$69, DW_AT_decl_column(0x2e)
    1235              
    1236              $C$DW$70        .dwtag  DW_TAG_member
    1237                      .dwattr $C$DW$70, DW_AT_type(*$C$DW$T$36)
    1238                      .dwattr $C$DW$70, DW_AT_name("QCLR")
    1239                      .dwattr $C$DW$70, DW_AT_data_member_location[DW_OP_plus_uconst 0x1a]
    1240                      .dwattr $C$DW$70, DW_AT_accessibility(DW_ACCESS_public)
    1241                      .dwattr $C$DW$70, DW_AT_decl_file("C:\TI\C2000Ware_MotorControl_SDK_5_04_00_00\c2000ware\device_suppo
    1242                      .dwattr $C$DW$70, DW_AT_decl_line(0xec)
TMS320C2000 Assembler PC v22.6.2 Sun Jan 25 20:51:25 2026

Copyright (c) 1996-2018 Texas Instruments Incorporated
fcl_cla_code.asm                                                     PAGE   28

    1243                      .dwattr $C$DW$70, DW_AT_decl_column(0x2e)
    1244              
    1245              $C$DW$71        .dwtag  DW_TAG_member
    1246                      .dwattr $C$DW$71, DW_AT_type(*$C$DW$T$48)
    1247                      .dwattr $C$DW$71, DW_AT_name("QFRC")
    1248                      .dwattr $C$DW$71, DW_AT_data_member_location[DW_OP_plus_uconst 0x1b]
    1249                      .dwattr $C$DW$71, DW_AT_accessibility(DW_ACCESS_public)
    1250                      .dwattr $C$DW$71, DW_AT_decl_file("C:\TI\C2000Ware_MotorControl_SDK_5_04_00_00\c2000ware\device_suppo
    1251                      .dwattr $C$DW$71, DW_AT_decl_line(0xed)
    1252                      .dwattr $C$DW$71, DW_AT_decl_column(0x2e)
    1253              
    1254              $C$DW$72        .dwtag  DW_TAG_member
    1255                      .dwattr $C$DW$72, DW_AT_type(*$C$DW$T$44)
    1256                      .dwattr $C$DW$72, DW_AT_name("QEPSTS")
    1257                      .dwattr $C$DW$72, DW_AT_data_member_location[DW_OP_plus_uconst 0x1c]
    1258                      .dwattr $C$DW$72, DW_AT_accessibility(DW_ACCESS_public)
    1259                      .dwattr $C$DW$72, DW_AT_decl_file("C:\TI\C2000Ware_MotorControl_SDK_5_04_00_00\c2000ware\device_suppo
    1260                      .dwattr $C$DW$72, DW_AT_decl_line(0xee)
    1261                      .dwattr $C$DW$72, DW_AT_decl_column(0x2e)
    1262              
    1263              $C$DW$73        .dwtag  DW_TAG_member
    1264                      .dwattr $C$DW$73, DW_AT_type(*$C$DW$T$32)
    1265                      .dwattr $C$DW$73, DW_AT_name("QCTMR")
    1266                      .dwattr $C$DW$73, DW_AT_data_member_location[DW_OP_plus_uconst 0x1d]
    1267                      .dwattr $C$DW$73, DW_AT_accessibility(DW_ACCESS_public)
    1268                      .dwattr $C$DW$73, DW_AT_decl_file("C:\TI\C2000Ware_MotorControl_SDK_5_04_00_00\c2000ware\device_suppo
    1269                      .dwattr $C$DW$73, DW_AT_decl_line(0xef)
    1270                      .dwattr $C$DW$73, DW_AT_decl_column(0x2e)
    1271              
    1272              $C$DW$74        .dwtag  DW_TAG_member
    1273                      .dwattr $C$DW$74, DW_AT_type(*$C$DW$T$32)
    1274                      .dwattr $C$DW$74, DW_AT_name("QCPRD")
    1275                      .dwattr $C$DW$74, DW_AT_data_member_location[DW_OP_plus_uconst 0x1e]
    1276                      .dwattr $C$DW$74, DW_AT_accessibility(DW_ACCESS_public)
    1277                      .dwattr $C$DW$74, DW_AT_decl_file("C:\TI\C2000Ware_MotorControl_SDK_5_04_00_00\c2000ware\device_suppo
    1278                      .dwattr $C$DW$74, DW_AT_decl_line(0xf0)
    1279                      .dwattr $C$DW$74, DW_AT_decl_column(0x2e)
    1280              
    1281              $C$DW$75        .dwtag  DW_TAG_member
    1282                      .dwattr $C$DW$75, DW_AT_type(*$C$DW$T$32)
    1283                      .dwattr $C$DW$75, DW_AT_name("QCTMRLAT")
    1284                      .dwattr $C$DW$75, DW_AT_data_member_location[DW_OP_plus_uconst 0x1f]
    1285                      .dwattr $C$DW$75, DW_AT_accessibility(DW_ACCESS_public)
    1286                      .dwattr $C$DW$75, DW_AT_decl_file("C:\TI\C2000Ware_MotorControl_SDK_5_04_00_00\c2000ware\device_suppo
    1287                      .dwattr $C$DW$75, DW_AT_decl_line(0xf1)
    1288                      .dwattr $C$DW$75, DW_AT_decl_column(0x2e)
    1289              
    1290              $C$DW$76        .dwtag  DW_TAG_member
    1291                      .dwattr $C$DW$76, DW_AT_type(*$C$DW$T$32)
    1292                      .dwattr $C$DW$76, DW_AT_name("QCPRDLAT")
    1293                      .dwattr $C$DW$76, DW_AT_data_member_location[DW_OP_plus_uconst 0x20]
    1294                      .dwattr $C$DW$76, DW_AT_accessibility(DW_ACCESS_public)
    1295                      .dwattr $C$DW$76, DW_AT_decl_file("C:\TI\C2000Ware_MotorControl_SDK_5_04_00_00\c2000ware\device_suppo
    1296                      .dwattr $C$DW$76, DW_AT_decl_line(0xf2)
    1297                      .dwattr $C$DW$76, DW_AT_decl_column(0x2e)
TMS320C2000 Assembler PC v22.6.2 Sun Jan 25 20:51:25 2026

Copyright (c) 1996-2018 Texas Instruments Incorporated
fcl_cla_code.asm                                                     PAGE   29

    1298              
    1299                      .dwattr $C$DW$T$52, DW_AT_decl_file("C:\TI\C2000Ware_MotorControl_SDK_5_04_00_00\c2000ware\device_sup
    1300                      .dwattr $C$DW$T$52, DW_AT_decl_line(0xda)
    1301                      .dwattr $C$DW$T$52, DW_AT_decl_column(0x08)
    1302                      .dwendtag $C$DW$T$52
    1303              
    1304                      .dwendtag $C$DW$TU$52
    1305              
    1306              
    1307              $C$DW$TU$29     .dwtag  DW_TAG_type_unit
    1308                      .dwmtype  $C$DW$T$29
    1309              $C$DW$77        .dwtag  DW_TAG_TI_far_type
    1310                      .dwattr $C$DW$77, DW_AT_type(*$C$DW$T$52)
    1311              
    1312              $C$DW$T$29      .dwtag  DW_TAG_volatile_type
    1313                      .dwattr $C$DW$T$29, DW_AT_type(*$C$DW$77)
    1314              
    1315                      .dwendtag $C$DW$TU$29
    1316              
    1317              
    1318              $C$DW$TU$30     .dwtag  DW_TAG_type_unit
    1319                      .dwmtype  $C$DW$T$30
    1320              $C$DW$T$30      .dwtag  DW_TAG_pointer_type
    1321                      .dwattr $C$DW$T$30, DW_AT_type(*$C$DW$T$29)
    1322                      .dwattr $C$DW$T$30, DW_AT_address_class(0x10)
    1323              
    1324                      .dwendtag $C$DW$TU$30
    1325              
    1326              
    1327              $C$DW$TU$33     .dwtag  DW_TAG_type_unit
    1328                      .dwmtype  $C$DW$T$33
    1329              
    1330              $C$DW$T$33      .dwtag  DW_TAG_structure_type
    1331                      .dwattr $C$DW$T$33, DW_AT_name("QCAPCTL_BITS")
    1332                      .dwattr $C$DW$T$33, DW_AT_byte_size(0x01)
    1333              $C$DW$78        .dwtag  DW_TAG_member
    1334                      .dwattr $C$DW$78, DW_AT_type(*$C$DW$T$32)
    1335                      .dwattr $C$DW$78, DW_AT_name("UPPS")
    1336                      .dwattr $C$DW$78, DW_AT_bit_offset(0x0c)
    1337                      .dwattr $C$DW$78, DW_AT_bit_size(0x04)
    1338                      .dwattr $C$DW$78, DW_AT_accessibility(DW_ACCESS_public)
    1339                      .dwattr $C$DW$78, DW_AT_decl_file("C:\TI\C2000Ware_MotorControl_SDK_5_04_00_00\c2000ware\device_suppo
    1340                      .dwattr $C$DW$78, DW_AT_decl_line(0x5d)
    1341                      .dwattr $C$DW$78, DW_AT_decl_column(0x0c)
    1342              
    1343              $C$DW$79        .dwtag  DW_TAG_member
    1344                      .dwattr $C$DW$79, DW_AT_type(*$C$DW$T$32)
    1345                      .dwattr $C$DW$79, DW_AT_name("CCPS")
    1346                      .dwattr $C$DW$79, DW_AT_bit_offset(0x09)
    1347                      .dwattr $C$DW$79, DW_AT_bit_size(0x03)
    1348                      .dwattr $C$DW$79, DW_AT_accessibility(DW_ACCESS_public)
    1349                      .dwattr $C$DW$79, DW_AT_decl_file("C:\TI\C2000Ware_MotorControl_SDK_5_04_00_00\c2000ware\device_suppo
    1350                      .dwattr $C$DW$79, DW_AT_decl_line(0x5e)
    1351                      .dwattr $C$DW$79, DW_AT_decl_column(0x0c)
    1352              
TMS320C2000 Assembler PC v22.6.2 Sun Jan 25 20:51:25 2026

Copyright (c) 1996-2018 Texas Instruments Incorporated
fcl_cla_code.asm                                                     PAGE   30

    1353              $C$DW$80        .dwtag  DW_TAG_member
    1354                      .dwattr $C$DW$80, DW_AT_type(*$C$DW$T$32)
    1355                      .dwattr $C$DW$80, DW_AT_name("rsvd1")
    1356                      .dwattr $C$DW$80, DW_AT_bit_offset(0x01)
    1357                      .dwattr $C$DW$80, DW_AT_bit_size(0x08)
    1358                      .dwattr $C$DW$80, DW_AT_accessibility(DW_ACCESS_public)
    1359                      .dwattr $C$DW$80, DW_AT_decl_file("C:\TI\C2000Ware_MotorControl_SDK_5_04_00_00\c2000ware\device_suppo
    1360                      .dwattr $C$DW$80, DW_AT_decl_line(0x5f)
    1361                      .dwattr $C$DW$80, DW_AT_decl_column(0x0c)
    1362              
    1363              $C$DW$81        .dwtag  DW_TAG_member
    1364                      .dwattr $C$DW$81, DW_AT_type(*$C$DW$T$32)
    1365                      .dwattr $C$DW$81, DW_AT_name("CEN")
    1366                      .dwattr $C$DW$81, DW_AT_bit_offset(0x00)
    1367                      .dwattr $C$DW$81, DW_AT_bit_size(0x01)
    1368                      .dwattr $C$DW$81, DW_AT_accessibility(DW_ACCESS_public)
    1369                      .dwattr $C$DW$81, DW_AT_decl_file("C:\TI\C2000Ware_MotorControl_SDK_5_04_00_00\c2000ware\device_suppo
    1370                      .dwattr $C$DW$81, DW_AT_decl_line(0x60)
    1371                      .dwattr $C$DW$81, DW_AT_decl_column(0x0c)
    1372              
    1373                      .dwattr $C$DW$T$33, DW_AT_decl_file("C:\TI\C2000Ware_MotorControl_SDK_5_04_00_00\c2000ware\device_sup
    1374                      .dwattr $C$DW$T$33, DW_AT_decl_line(0x5c)
    1375                      .dwattr $C$DW$T$33, DW_AT_decl_column(0x08)
    1376                      .dwendtag $C$DW$T$33
    1377              
    1378                      .dwendtag $C$DW$TU$33
    1379              
    1380              
    1381              $C$DW$TU$34     .dwtag  DW_TAG_type_unit
    1382                      .dwmtype  $C$DW$T$34
    1383              
    1384              $C$DW$T$34      .dwtag  DW_TAG_union_type
    1385                      .dwattr $C$DW$T$34, DW_AT_name("QCAPCTL_REG")
    1386                      .dwattr $C$DW$T$34, DW_AT_byte_size(0x01)
    1387              $C$DW$82        .dwtag  DW_TAG_member
    1388                      .dwattr $C$DW$82, DW_AT_type(*$C$DW$T$32)
    1389                      .dwattr $C$DW$82, DW_AT_name("all")
    1390                      .dwattr $C$DW$82, DW_AT_accessibility(DW_ACCESS_public)
    1391                      .dwattr $C$DW$82, DW_AT_decl_file("C:\TI\C2000Ware_MotorControl_SDK_5_04_00_00\c2000ware\device_suppo
    1392                      .dwattr $C$DW$82, DW_AT_decl_line(0x64)
    1393                      .dwattr $C$DW$82, DW_AT_decl_column(0x0d)
    1394              
    1395              $C$DW$83        .dwtag  DW_TAG_member
    1396                      .dwattr $C$DW$83, DW_AT_type(*$C$DW$T$33)
    1397                      .dwattr $C$DW$83, DW_AT_name("bit")
    1398                      .dwattr $C$DW$83, DW_AT_accessibility(DW_ACCESS_public)
    1399                      .dwattr $C$DW$83, DW_AT_decl_file("C:\TI\C2000Ware_MotorControl_SDK_5_04_00_00\c2000ware\device_suppo
    1400                      .dwattr $C$DW$83, DW_AT_decl_line(0x65)
    1401                      .dwattr $C$DW$83, DW_AT_decl_column(0x1b)
    1402              
    1403                      .dwattr $C$DW$T$34, DW_AT_decl_file("C:\TI\C2000Ware_MotorControl_SDK_5_04_00_00\c2000ware\device_sup
    1404                      .dwattr $C$DW$T$34, DW_AT_decl_line(0x63)
    1405                      .dwattr $C$DW$T$34, DW_AT_decl_column(0x07)
    1406                      .dwendtag $C$DW$T$34
    1407              
TMS320C2000 Assembler PC v22.6.2 Sun Jan 25 20:51:25 2026

Copyright (c) 1996-2018 Texas Instruments Incorporated
fcl_cla_code.asm                                                     PAGE   31

    1408                      .dwendtag $C$DW$TU$34
    1409              
    1410              
    1411              $C$DW$TU$35     .dwtag  DW_TAG_type_unit
    1412                      .dwmtype  $C$DW$T$35
    1413              
    1414              $C$DW$T$35      .dwtag  DW_TAG_structure_type
    1415                      .dwattr $C$DW$T$35, DW_AT_name("QCLR_BITS")
    1416                      .dwattr $C$DW$T$35, DW_AT_byte_size(0x01)
    1417              $C$DW$84        .dwtag  DW_TAG_member
    1418                      .dwattr $C$DW$84, DW_AT_type(*$C$DW$T$32)
    1419                      .dwattr $C$DW$84, DW_AT_name("INT")
    1420                      .dwattr $C$DW$84, DW_AT_bit_offset(0x0f)
    1421                      .dwattr $C$DW$84, DW_AT_bit_size(0x01)
    1422                      .dwattr $C$DW$84, DW_AT_accessibility(DW_ACCESS_public)
    1423                      .dwattr $C$DW$84, DW_AT_decl_file("C:\TI\C2000Ware_MotorControl_SDK_5_04_00_00\c2000ware\device_suppo
    1424                      .dwattr $C$DW$84, DW_AT_decl_line(0xa0)
    1425                      .dwattr $C$DW$84, DW_AT_decl_column(0x0c)
    1426              
    1427              $C$DW$85        .dwtag  DW_TAG_member
    1428                      .dwattr $C$DW$85, DW_AT_type(*$C$DW$T$32)
    1429                      .dwattr $C$DW$85, DW_AT_name("PCE")
    1430                      .dwattr $C$DW$85, DW_AT_bit_offset(0x0e)
    1431                      .dwattr $C$DW$85, DW_AT_bit_size(0x01)
    1432                      .dwattr $C$DW$85, DW_AT_accessibility(DW_ACCESS_public)
    1433                      .dwattr $C$DW$85, DW_AT_decl_file("C:\TI\C2000Ware_MotorControl_SDK_5_04_00_00\c2000ware\device_suppo
    1434                      .dwattr $C$DW$85, DW_AT_decl_line(0xa1)
    1435                      .dwattr $C$DW$85, DW_AT_decl_column(0x0c)
    1436              
    1437              $C$DW$86        .dwtag  DW_TAG_member
    1438                      .dwattr $C$DW$86, DW_AT_type(*$C$DW$T$32)
    1439                      .dwattr $C$DW$86, DW_AT_name("PHE")
    1440                      .dwattr $C$DW$86, DW_AT_bit_offset(0x0d)
    1441                      .dwattr $C$DW$86, DW_AT_bit_size(0x01)
    1442                      .dwattr $C$DW$86, DW_AT_accessibility(DW_ACCESS_public)
    1443                      .dwattr $C$DW$86, DW_AT_decl_file("C:\TI\C2000Ware_MotorControl_SDK_5_04_00_00\c2000ware\device_suppo
    1444                      .dwattr $C$DW$86, DW_AT_decl_line(0xa2)
    1445                      .dwattr $C$DW$86, DW_AT_decl_column(0x0c)
    1446              
    1447              $C$DW$87        .dwtag  DW_TAG_member
    1448                      .dwattr $C$DW$87, DW_AT_type(*$C$DW$T$32)
    1449                      .dwattr $C$DW$87, DW_AT_name("QDC")
    1450                      .dwattr $C$DW$87, DW_AT_bit_offset(0x0c)
    1451                      .dwattr $C$DW$87, DW_AT_bit_size(0x01)
    1452                      .dwattr $C$DW$87, DW_AT_accessibility(DW_ACCESS_public)
    1453                      .dwattr $C$DW$87, DW_AT_decl_file("C:\TI\C2000Ware_MotorControl_SDK_5_04_00_00\c2000ware\device_suppo
    1454                      .dwattr $C$DW$87, DW_AT_decl_line(0xa3)
    1455                      .dwattr $C$DW$87, DW_AT_decl_column(0x0c)
    1456              
    1457              $C$DW$88        .dwtag  DW_TAG_member
    1458                      .dwattr $C$DW$88, DW_AT_type(*$C$DW$T$32)
    1459                      .dwattr $C$DW$88, DW_AT_name("WTO")
    1460                      .dwattr $C$DW$88, DW_AT_bit_offset(0x0b)
    1461                      .dwattr $C$DW$88, DW_AT_bit_size(0x01)
    1462                      .dwattr $C$DW$88, DW_AT_accessibility(DW_ACCESS_public)
TMS320C2000 Assembler PC v22.6.2 Sun Jan 25 20:51:25 2026

Copyright (c) 1996-2018 Texas Instruments Incorporated
fcl_cla_code.asm                                                     PAGE   32

    1463                      .dwattr $C$DW$88, DW_AT_decl_file("C:\TI\C2000Ware_MotorControl_SDK_5_04_00_00\c2000ware\device_suppo
    1464                      .dwattr $C$DW$88, DW_AT_decl_line(0xa4)
    1465                      .dwattr $C$DW$88, DW_AT_decl_column(0x0c)
    1466              
    1467              $C$DW$89        .dwtag  DW_TAG_member
    1468                      .dwattr $C$DW$89, DW_AT_type(*$C$DW$T$32)
    1469                      .dwattr $C$DW$89, DW_AT_name("PCU")
    1470                      .dwattr $C$DW$89, DW_AT_bit_offset(0x0a)
    1471                      .dwattr $C$DW$89, DW_AT_bit_size(0x01)
    1472                      .dwattr $C$DW$89, DW_AT_accessibility(DW_ACCESS_public)
    1473                      .dwattr $C$DW$89, DW_AT_decl_file("C:\TI\C2000Ware_MotorControl_SDK_5_04_00_00\c2000ware\device_suppo
    1474                      .dwattr $C$DW$89, DW_AT_decl_line(0xa5)
    1475                      .dwattr $C$DW$89, DW_AT_decl_column(0x0c)
    1476              
    1477              $C$DW$90        .dwtag  DW_TAG_member
    1478                      .dwattr $C$DW$90, DW_AT_type(*$C$DW$T$32)
    1479                      .dwattr $C$DW$90, DW_AT_name("PCO")
    1480                      .dwattr $C$DW$90, DW_AT_bit_offset(0x09)
    1481                      .dwattr $C$DW$90, DW_AT_bit_size(0x01)
    1482                      .dwattr $C$DW$90, DW_AT_accessibility(DW_ACCESS_public)
    1483                      .dwattr $C$DW$90, DW_AT_decl_file("C:\TI\C2000Ware_MotorControl_SDK_5_04_00_00\c2000ware\device_suppo
    1484                      .dwattr $C$DW$90, DW_AT_decl_line(0xa6)
    1485                      .dwattr $C$DW$90, DW_AT_decl_column(0x0c)
    1486              
    1487              $C$DW$91        .dwtag  DW_TAG_member
    1488                      .dwattr $C$DW$91, DW_AT_type(*$C$DW$T$32)
    1489                      .dwattr $C$DW$91, DW_AT_name("PCR")
    1490                      .dwattr $C$DW$91, DW_AT_bit_offset(0x08)
    1491                      .dwattr $C$DW$91, DW_AT_bit_size(0x01)
    1492                      .dwattr $C$DW$91, DW_AT_accessibility(DW_ACCESS_public)
    1493                      .dwattr $C$DW$91, DW_AT_decl_file("C:\TI\C2000Ware_MotorControl_SDK_5_04_00_00\c2000ware\device_suppo
    1494                      .dwattr $C$DW$91, DW_AT_decl_line(0xa7)
    1495                      .dwattr $C$DW$91, DW_AT_decl_column(0x0c)
    1496              
    1497              $C$DW$92        .dwtag  DW_TAG_member
    1498                      .dwattr $C$DW$92, DW_AT_type(*$C$DW$T$32)
    1499                      .dwattr $C$DW$92, DW_AT_name("PCM")
    1500                      .dwattr $C$DW$92, DW_AT_bit_offset(0x07)
    1501                      .dwattr $C$DW$92, DW_AT_bit_size(0x01)
    1502                      .dwattr $C$DW$92, DW_AT_accessibility(DW_ACCESS_public)
    1503                      .dwattr $C$DW$92, DW_AT_decl_file("C:\TI\C2000Ware_MotorControl_SDK_5_04_00_00\c2000ware\device_suppo
    1504                      .dwattr $C$DW$92, DW_AT_decl_line(0xa8)
    1505                      .dwattr $C$DW$92, DW_AT_decl_column(0x0c)
    1506              
    1507              $C$DW$93        .dwtag  DW_TAG_member
    1508                      .dwattr $C$DW$93, DW_AT_type(*$C$DW$T$32)
    1509                      .dwattr $C$DW$93, DW_AT_name("SEL")
    1510                      .dwattr $C$DW$93, DW_AT_bit_offset(0x06)
    1511                      .dwattr $C$DW$93, DW_AT_bit_size(0x01)
    1512                      .dwattr $C$DW$93, DW_AT_accessibility(DW_ACCESS_public)
    1513                      .dwattr $C$DW$93, DW_AT_decl_file("C:\TI\C2000Ware_MotorControl_SDK_5_04_00_00\c2000ware\device_suppo
    1514                      .dwattr $C$DW$93, DW_AT_decl_line(0xa9)
    1515                      .dwattr $C$DW$93, DW_AT_decl_column(0x0c)
    1516              
    1517              $C$DW$94        .dwtag  DW_TAG_member
TMS320C2000 Assembler PC v22.6.2 Sun Jan 25 20:51:25 2026

Copyright (c) 1996-2018 Texas Instruments Incorporated
fcl_cla_code.asm                                                     PAGE   33

    1518                      .dwattr $C$DW$94, DW_AT_type(*$C$DW$T$32)
    1519                      .dwattr $C$DW$94, DW_AT_name("IEL")
    1520                      .dwattr $C$DW$94, DW_AT_bit_offset(0x05)
    1521                      .dwattr $C$DW$94, DW_AT_bit_size(0x01)
    1522                      .dwattr $C$DW$94, DW_AT_accessibility(DW_ACCESS_public)
    1523                      .dwattr $C$DW$94, DW_AT_decl_file("C:\TI\C2000Ware_MotorControl_SDK_5_04_00_00\c2000ware\device_suppo
    1524                      .dwattr $C$DW$94, DW_AT_decl_line(0xaa)
    1525                      .dwattr $C$DW$94, DW_AT_decl_column(0x0c)
    1526              
    1527              $C$DW$95        .dwtag  DW_TAG_member
    1528                      .dwattr $C$DW$95, DW_AT_type(*$C$DW$T$32)
    1529                      .dwattr $C$DW$95, DW_AT_name("UTO")
    1530                      .dwattr $C$DW$95, DW_AT_bit_offset(0x04)
    1531                      .dwattr $C$DW$95, DW_AT_bit_size(0x01)
    1532                      .dwattr $C$DW$95, DW_AT_accessibility(DW_ACCESS_public)
    1533                      .dwattr $C$DW$95, DW_AT_decl_file("C:\TI\C2000Ware_MotorControl_SDK_5_04_00_00\c2000ware\device_suppo
    1534                      .dwattr $C$DW$95, DW_AT_decl_line(0xab)
    1535                      .dwattr $C$DW$95, DW_AT_decl_column(0x0c)
    1536              
    1537              $C$DW$96        .dwtag  DW_TAG_member
    1538                      .dwattr $C$DW$96, DW_AT_type(*$C$DW$T$32)
    1539                      .dwattr $C$DW$96, DW_AT_name("rsvd1")
    1540                      .dwattr $C$DW$96, DW_AT_bit_offset(0x00)
    1541                      .dwattr $C$DW$96, DW_AT_bit_size(0x04)
    1542                      .dwattr $C$DW$96, DW_AT_accessibility(DW_ACCESS_public)
    1543                      .dwattr $C$DW$96, DW_AT_decl_file("C:\TI\C2000Ware_MotorControl_SDK_5_04_00_00\c2000ware\device_suppo
    1544                      .dwattr $C$DW$96, DW_AT_decl_line(0xac)
    1545                      .dwattr $C$DW$96, DW_AT_decl_column(0x0c)
    1546              
    1547                      .dwattr $C$DW$T$35, DW_AT_decl_file("C:\TI\C2000Ware_MotorControl_SDK_5_04_00_00\c2000ware\device_sup
    1548                      .dwattr $C$DW$T$35, DW_AT_decl_line(0x9f)
    1549                      .dwattr $C$DW$T$35, DW_AT_decl_column(0x08)
    1550                      .dwendtag $C$DW$T$35
    1551              
    1552                      .dwendtag $C$DW$TU$35
    1553              
    1554              
    1555              $C$DW$TU$36     .dwtag  DW_TAG_type_unit
    1556                      .dwmtype  $C$DW$T$36
    1557              
    1558              $C$DW$T$36      .dwtag  DW_TAG_union_type
    1559                      .dwattr $C$DW$T$36, DW_AT_name("QCLR_REG")
    1560                      .dwattr $C$DW$T$36, DW_AT_byte_size(0x01)
    1561              $C$DW$97        .dwtag  DW_TAG_member
    1562                      .dwattr $C$DW$97, DW_AT_type(*$C$DW$T$32)
    1563                      .dwattr $C$DW$97, DW_AT_name("all")
    1564                      .dwattr $C$DW$97, DW_AT_accessibility(DW_ACCESS_public)
    1565                      .dwattr $C$DW$97, DW_AT_decl_file("C:\TI\C2000Ware_MotorControl_SDK_5_04_00_00\c2000ware\device_suppo
    1566                      .dwattr $C$DW$97, DW_AT_decl_line(0xb0)
    1567                      .dwattr $C$DW$97, DW_AT_decl_column(0x0d)
    1568              
    1569              $C$DW$98        .dwtag  DW_TAG_member
    1570                      .dwattr $C$DW$98, DW_AT_type(*$C$DW$T$35)
    1571                      .dwattr $C$DW$98, DW_AT_name("bit")
    1572                      .dwattr $C$DW$98, DW_AT_accessibility(DW_ACCESS_public)
TMS320C2000 Assembler PC v22.6.2 Sun Jan 25 20:51:25 2026

Copyright (c) 1996-2018 Texas Instruments Incorporated
fcl_cla_code.asm                                                     PAGE   34

    1573                      .dwattr $C$DW$98, DW_AT_decl_file("C:\TI\C2000Ware_MotorControl_SDK_5_04_00_00\c2000ware\device_suppo
    1574                      .dwattr $C$DW$98, DW_AT_decl_line(0xb1)
    1575                      .dwattr $C$DW$98, DW_AT_decl_column(0x18)
    1576              
    1577                      .dwattr $C$DW$T$36, DW_AT_decl_file("C:\TI\C2000Ware_MotorControl_SDK_5_04_00_00\c2000ware\device_sup
    1578                      .dwattr $C$DW$T$36, DW_AT_decl_line(0xaf)
    1579                      .dwattr $C$DW$T$36, DW_AT_decl_column(0x07)
    1580                      .dwendtag $C$DW$T$36
    1581              
    1582                      .dwendtag $C$DW$TU$36
    1583              
    1584              
    1585              $C$DW$TU$37     .dwtag  DW_TAG_type_unit
    1586                      .dwmtype  $C$DW$T$37
    1587              
    1588              $C$DW$T$37      .dwtag  DW_TAG_structure_type
    1589                      .dwattr $C$DW$T$37, DW_AT_name("QDECCTL_BITS")
    1590                      .dwattr $C$DW$T$37, DW_AT_byte_size(0x01)
    1591              $C$DW$99        .dwtag  DW_TAG_member
    1592                      .dwattr $C$DW$99, DW_AT_type(*$C$DW$T$32)
    1593                      .dwattr $C$DW$99, DW_AT_name("rsvd1")
    1594                      .dwattr $C$DW$99, DW_AT_bit_offset(0x0b)
    1595                      .dwattr $C$DW$99, DW_AT_bit_size(0x05)
    1596                      .dwattr $C$DW$99, DW_AT_accessibility(DW_ACCESS_public)
    1597                      .dwattr $C$DW$99, DW_AT_decl_file("C:\TI\C2000Ware_MotorControl_SDK_5_04_00_00\c2000ware\device_suppo
    1598                      .dwattr $C$DW$99, DW_AT_decl_line(0x37)
    1599                      .dwattr $C$DW$99, DW_AT_decl_column(0x0c)
    1600              
    1601              $C$DW$100       .dwtag  DW_TAG_member
    1602                      .dwattr $C$DW$100, DW_AT_type(*$C$DW$T$32)
    1603                      .dwattr $C$DW$100, DW_AT_name("QSP")
    1604                      .dwattr $C$DW$100, DW_AT_bit_offset(0x0a)
    1605                      .dwattr $C$DW$100, DW_AT_bit_size(0x01)
    1606                      .dwattr $C$DW$100, DW_AT_accessibility(DW_ACCESS_public)
    1607                      .dwattr $C$DW$100, DW_AT_decl_file("C:\TI\C2000Ware_MotorControl_SDK_5_04_00_00\c2000ware\device_supp
    1608                      .dwattr $C$DW$100, DW_AT_decl_line(0x38)
    1609                      .dwattr $C$DW$100, DW_AT_decl_column(0x0c)
    1610              
    1611              $C$DW$101       .dwtag  DW_TAG_member
    1612                      .dwattr $C$DW$101, DW_AT_type(*$C$DW$T$32)
    1613                      .dwattr $C$DW$101, DW_AT_name("QIP")
    1614                      .dwattr $C$DW$101, DW_AT_bit_offset(0x09)
    1615                      .dwattr $C$DW$101, DW_AT_bit_size(0x01)
    1616                      .dwattr $C$DW$101, DW_AT_accessibility(DW_ACCESS_public)
    1617                      .dwattr $C$DW$101, DW_AT_decl_file("C:\TI\C2000Ware_MotorControl_SDK_5_04_00_00\c2000ware\device_supp
    1618                      .dwattr $C$DW$101, DW_AT_decl_line(0x39)
    1619                      .dwattr $C$DW$101, DW_AT_decl_column(0x0c)
    1620              
    1621              $C$DW$102       .dwtag  DW_TAG_member
    1622                      .dwattr $C$DW$102, DW_AT_type(*$C$DW$T$32)
    1623                      .dwattr $C$DW$102, DW_AT_name("QBP")
    1624                      .dwattr $C$DW$102, DW_AT_bit_offset(0x08)
    1625                      .dwattr $C$DW$102, DW_AT_bit_size(0x01)
    1626                      .dwattr $C$DW$102, DW_AT_accessibility(DW_ACCESS_public)
    1627                      .dwattr $C$DW$102, DW_AT_decl_file("C:\TI\C2000Ware_MotorControl_SDK_5_04_00_00\c2000ware\device_supp
TMS320C2000 Assembler PC v22.6.2 Sun Jan 25 20:51:25 2026

Copyright (c) 1996-2018 Texas Instruments Incorporated
fcl_cla_code.asm                                                     PAGE   35

    1628                      .dwattr $C$DW$102, DW_AT_decl_line(0x3a)
    1629                      .dwattr $C$DW$102, DW_AT_decl_column(0x0c)
    1630              
    1631              $C$DW$103       .dwtag  DW_TAG_member
    1632                      .dwattr $C$DW$103, DW_AT_type(*$C$DW$T$32)
    1633                      .dwattr $C$DW$103, DW_AT_name("QAP")
    1634                      .dwattr $C$DW$103, DW_AT_bit_offset(0x07)
    1635                      .dwattr $C$DW$103, DW_AT_bit_size(0x01)
    1636                      .dwattr $C$DW$103, DW_AT_accessibility(DW_ACCESS_public)
    1637                      .dwattr $C$DW$103, DW_AT_decl_file("C:\TI\C2000Ware_MotorControl_SDK_5_04_00_00\c2000ware\device_supp
    1638                      .dwattr $C$DW$103, DW_AT_decl_line(0x3b)
    1639                      .dwattr $C$DW$103, DW_AT_decl_column(0x0c)
    1640              
    1641              $C$DW$104       .dwtag  DW_TAG_member
    1642                      .dwattr $C$DW$104, DW_AT_type(*$C$DW$T$32)
    1643                      .dwattr $C$DW$104, DW_AT_name("IGATE")
    1644                      .dwattr $C$DW$104, DW_AT_bit_offset(0x06)
    1645                      .dwattr $C$DW$104, DW_AT_bit_size(0x01)
    1646                      .dwattr $C$DW$104, DW_AT_accessibility(DW_ACCESS_public)
    1647                      .dwattr $C$DW$104, DW_AT_decl_file("C:\TI\C2000Ware_MotorControl_SDK_5_04_00_00\c2000ware\device_supp
    1648                      .dwattr $C$DW$104, DW_AT_decl_line(0x3c)
    1649                      .dwattr $C$DW$104, DW_AT_decl_column(0x0c)
    1650              
    1651              $C$DW$105       .dwtag  DW_TAG_member
    1652                      .dwattr $C$DW$105, DW_AT_type(*$C$DW$T$32)
    1653                      .dwattr $C$DW$105, DW_AT_name("SWAP")
    1654                      .dwattr $C$DW$105, DW_AT_bit_offset(0x05)
    1655                      .dwattr $C$DW$105, DW_AT_bit_size(0x01)
    1656                      .dwattr $C$DW$105, DW_AT_accessibility(DW_ACCESS_public)
    1657                      .dwattr $C$DW$105, DW_AT_decl_file("C:\TI\C2000Ware_MotorControl_SDK_5_04_00_00\c2000ware\device_supp
    1658                      .dwattr $C$DW$105, DW_AT_decl_line(0x3d)
    1659                      .dwattr $C$DW$105, DW_AT_decl_column(0x0c)
    1660              
    1661              $C$DW$106       .dwtag  DW_TAG_member
    1662                      .dwattr $C$DW$106, DW_AT_type(*$C$DW$T$32)
    1663                      .dwattr $C$DW$106, DW_AT_name("XCR")
    1664                      .dwattr $C$DW$106, DW_AT_bit_offset(0x04)
    1665                      .dwattr $C$DW$106, DW_AT_bit_size(0x01)
    1666                      .dwattr $C$DW$106, DW_AT_accessibility(DW_ACCESS_public)
    1667                      .dwattr $C$DW$106, DW_AT_decl_file("C:\TI\C2000Ware_MotorControl_SDK_5_04_00_00\c2000ware\device_supp
    1668                      .dwattr $C$DW$106, DW_AT_decl_line(0x3e)
    1669                      .dwattr $C$DW$106, DW_AT_decl_column(0x0c)
    1670              
    1671              $C$DW$107       .dwtag  DW_TAG_member
    1672                      .dwattr $C$DW$107, DW_AT_type(*$C$DW$T$32)
    1673                      .dwattr $C$DW$107, DW_AT_name("SPSEL")
    1674                      .dwattr $C$DW$107, DW_AT_bit_offset(0x03)
    1675                      .dwattr $C$DW$107, DW_AT_bit_size(0x01)
    1676                      .dwattr $C$DW$107, DW_AT_accessibility(DW_ACCESS_public)
    1677                      .dwattr $C$DW$107, DW_AT_decl_file("C:\TI\C2000Ware_MotorControl_SDK_5_04_00_00\c2000ware\device_supp
    1678                      .dwattr $C$DW$107, DW_AT_decl_line(0x3f)
    1679                      .dwattr $C$DW$107, DW_AT_decl_column(0x0c)
    1680              
    1681              $C$DW$108       .dwtag  DW_TAG_member
    1682                      .dwattr $C$DW$108, DW_AT_type(*$C$DW$T$32)
TMS320C2000 Assembler PC v22.6.2 Sun Jan 25 20:51:25 2026

Copyright (c) 1996-2018 Texas Instruments Incorporated
fcl_cla_code.asm                                                     PAGE   36

    1683                      .dwattr $C$DW$108, DW_AT_name("SOEN")
    1684                      .dwattr $C$DW$108, DW_AT_bit_offset(0x02)
    1685                      .dwattr $C$DW$108, DW_AT_bit_size(0x01)
    1686                      .dwattr $C$DW$108, DW_AT_accessibility(DW_ACCESS_public)
    1687                      .dwattr $C$DW$108, DW_AT_decl_file("C:\TI\C2000Ware_MotorControl_SDK_5_04_00_00\c2000ware\device_supp
    1688                      .dwattr $C$DW$108, DW_AT_decl_line(0x40)
    1689                      .dwattr $C$DW$108, DW_AT_decl_column(0x0c)
    1690              
    1691              $C$DW$109       .dwtag  DW_TAG_member
    1692                      .dwattr $C$DW$109, DW_AT_type(*$C$DW$T$32)
    1693                      .dwattr $C$DW$109, DW_AT_name("QSRC")
    1694                      .dwattr $C$DW$109, DW_AT_bit_offset(0x00)
    1695                      .dwattr $C$DW$109, DW_AT_bit_size(0x02)
    1696                      .dwattr $C$DW$109, DW_AT_accessibility(DW_ACCESS_public)
    1697                      .dwattr $C$DW$109, DW_AT_decl_file("C:\TI\C2000Ware_MotorControl_SDK_5_04_00_00\c2000ware\device_supp
    1698                      .dwattr $C$DW$109, DW_AT_decl_line(0x41)
    1699                      .dwattr $C$DW$109, DW_AT_decl_column(0x0c)
    1700              
    1701                      .dwattr $C$DW$T$37, DW_AT_decl_file("C:\TI\C2000Ware_MotorControl_SDK_5_04_00_00\c2000ware\device_sup
    1702                      .dwattr $C$DW$T$37, DW_AT_decl_line(0x36)
    1703                      .dwattr $C$DW$T$37, DW_AT_decl_column(0x08)
    1704                      .dwendtag $C$DW$T$37
    1705              
    1706                      .dwendtag $C$DW$TU$37
    1707              
    1708              
    1709              $C$DW$TU$38     .dwtag  DW_TAG_type_unit
    1710                      .dwmtype  $C$DW$T$38
    1711              
    1712              $C$DW$T$38      .dwtag  DW_TAG_union_type
    1713                      .dwattr $C$DW$T$38, DW_AT_name("QDECCTL_REG")
    1714                      .dwattr $C$DW$T$38, DW_AT_byte_size(0x01)
    1715              $C$DW$110       .dwtag  DW_TAG_member
    1716                      .dwattr $C$DW$110, DW_AT_type(*$C$DW$T$32)
    1717                      .dwattr $C$DW$110, DW_AT_name("all")
    1718                      .dwattr $C$DW$110, DW_AT_accessibility(DW_ACCESS_public)
    1719                      .dwattr $C$DW$110, DW_AT_decl_file("C:\TI\C2000Ware_MotorControl_SDK_5_04_00_00\c2000ware\device_supp
    1720                      .dwattr $C$DW$110, DW_AT_decl_line(0x45)
    1721                      .dwattr $C$DW$110, DW_AT_decl_column(0x0d)
    1722              
    1723              $C$DW$111       .dwtag  DW_TAG_member
    1724                      .dwattr $C$DW$111, DW_AT_type(*$C$DW$T$37)
    1725                      .dwattr $C$DW$111, DW_AT_name("bit")
    1726                      .dwattr $C$DW$111, DW_AT_accessibility(DW_ACCESS_public)
    1727                      .dwattr $C$DW$111, DW_AT_decl_file("C:\TI\C2000Ware_MotorControl_SDK_5_04_00_00\c2000ware\device_supp
    1728                      .dwattr $C$DW$111, DW_AT_decl_line(0x46)
    1729                      .dwattr $C$DW$111, DW_AT_decl_column(0x1b)
    1730              
    1731                      .dwattr $C$DW$T$38, DW_AT_decl_file("C:\TI\C2000Ware_MotorControl_SDK_5_04_00_00\c2000ware\device_sup
    1732                      .dwattr $C$DW$T$38, DW_AT_decl_line(0x44)
    1733                      .dwattr $C$DW$T$38, DW_AT_decl_column(0x07)
    1734                      .dwendtag $C$DW$T$38
    1735              
    1736                      .dwendtag $C$DW$TU$38
    1737              
TMS320C2000 Assembler PC v22.6.2 Sun Jan 25 20:51:25 2026

Copyright (c) 1996-2018 Texas Instruments Incorporated
fcl_cla_code.asm                                                     PAGE   37

    1738              
    1739              $C$DW$TU$39     .dwtag  DW_TAG_type_unit
    1740                      .dwmtype  $C$DW$T$39
    1741              
    1742              $C$DW$T$39      .dwtag  DW_TAG_structure_type
    1743                      .dwattr $C$DW$T$39, DW_AT_name("QEINT_BITS")
    1744                      .dwattr $C$DW$T$39, DW_AT_byte_size(0x01)
    1745              $C$DW$112       .dwtag  DW_TAG_member
    1746                      .dwattr $C$DW$112, DW_AT_type(*$C$DW$T$32)
    1747                      .dwattr $C$DW$112, DW_AT_name("rsvd1")
    1748                      .dwattr $C$DW$112, DW_AT_bit_offset(0x0f)
    1749                      .dwattr $C$DW$112, DW_AT_bit_size(0x01)
    1750                      .dwattr $C$DW$112, DW_AT_accessibility(DW_ACCESS_public)
    1751                      .dwattr $C$DW$112, DW_AT_decl_file("C:\TI\C2000Ware_MotorControl_SDK_5_04_00_00\c2000ware\device_supp
    1752                      .dwattr $C$DW$112, DW_AT_decl_line(0x76)
    1753                      .dwattr $C$DW$112, DW_AT_decl_column(0x0c)
    1754              
    1755              $C$DW$113       .dwtag  DW_TAG_member
    1756                      .dwattr $C$DW$113, DW_AT_type(*$C$DW$T$32)
    1757                      .dwattr $C$DW$113, DW_AT_name("PCE")
    1758                      .dwattr $C$DW$113, DW_AT_bit_offset(0x0e)
    1759                      .dwattr $C$DW$113, DW_AT_bit_size(0x01)
    1760                      .dwattr $C$DW$113, DW_AT_accessibility(DW_ACCESS_public)
    1761                      .dwattr $C$DW$113, DW_AT_decl_file("C:\TI\C2000Ware_MotorControl_SDK_5_04_00_00\c2000ware\device_supp
    1762                      .dwattr $C$DW$113, DW_AT_decl_line(0x77)
    1763                      .dwattr $C$DW$113, DW_AT_decl_column(0x0c)
    1764              
    1765              $C$DW$114       .dwtag  DW_TAG_member
    1766                      .dwattr $C$DW$114, DW_AT_type(*$C$DW$T$32)
    1767                      .dwattr $C$DW$114, DW_AT_name("QPE")
    1768                      .dwattr $C$DW$114, DW_AT_bit_offset(0x0d)
    1769                      .dwattr $C$DW$114, DW_AT_bit_size(0x01)
    1770                      .dwattr $C$DW$114, DW_AT_accessibility(DW_ACCESS_public)
    1771                      .dwattr $C$DW$114, DW_AT_decl_file("C:\TI\C2000Ware_MotorControl_SDK_5_04_00_00\c2000ware\device_supp
    1772                      .dwattr $C$DW$114, DW_AT_decl_line(0x78)
    1773                      .dwattr $C$DW$114, DW_AT_decl_column(0x0c)
    1774              
    1775              $C$DW$115       .dwtag  DW_TAG_member
    1776                      .dwattr $C$DW$115, DW_AT_type(*$C$DW$T$32)
    1777                      .dwattr $C$DW$115, DW_AT_name("QDC")
    1778                      .dwattr $C$DW$115, DW_AT_bit_offset(0x0c)
    1779                      .dwattr $C$DW$115, DW_AT_bit_size(0x01)
    1780                      .dwattr $C$DW$115, DW_AT_accessibility(DW_ACCESS_public)
    1781                      .dwattr $C$DW$115, DW_AT_decl_file("C:\TI\C2000Ware_MotorControl_SDK_5_04_00_00\c2000ware\device_supp
    1782                      .dwattr $C$DW$115, DW_AT_decl_line(0x79)
    1783                      .dwattr $C$DW$115, DW_AT_decl_column(0x0c)
    1784              
    1785              $C$DW$116       .dwtag  DW_TAG_member
    1786                      .dwattr $C$DW$116, DW_AT_type(*$C$DW$T$32)
    1787                      .dwattr $C$DW$116, DW_AT_name("WTO")
    1788                      .dwattr $C$DW$116, DW_AT_bit_offset(0x0b)
    1789                      .dwattr $C$DW$116, DW_AT_bit_size(0x01)
    1790                      .dwattr $C$DW$116, DW_AT_accessibility(DW_ACCESS_public)
    1791                      .dwattr $C$DW$116, DW_AT_decl_file("C:\TI\C2000Ware_MotorControl_SDK_5_04_00_00\c2000ware\device_supp
    1792                      .dwattr $C$DW$116, DW_AT_decl_line(0x7a)
TMS320C2000 Assembler PC v22.6.2 Sun Jan 25 20:51:25 2026

Copyright (c) 1996-2018 Texas Instruments Incorporated
fcl_cla_code.asm                                                     PAGE   38

    1793                      .dwattr $C$DW$116, DW_AT_decl_column(0x0c)
    1794              
    1795              $C$DW$117       .dwtag  DW_TAG_member
    1796                      .dwattr $C$DW$117, DW_AT_type(*$C$DW$T$32)
    1797                      .dwattr $C$DW$117, DW_AT_name("PCU")
    1798                      .dwattr $C$DW$117, DW_AT_bit_offset(0x0a)
    1799                      .dwattr $C$DW$117, DW_AT_bit_size(0x01)
    1800                      .dwattr $C$DW$117, DW_AT_accessibility(DW_ACCESS_public)
    1801                      .dwattr $C$DW$117, DW_AT_decl_file("C:\TI\C2000Ware_MotorControl_SDK_5_04_00_00\c2000ware\device_supp
    1802                      .dwattr $C$DW$117, DW_AT_decl_line(0x7b)
    1803                      .dwattr $C$DW$117, DW_AT_decl_column(0x0c)
    1804              
    1805              $C$DW$118       .dwtag  DW_TAG_member
    1806                      .dwattr $C$DW$118, DW_AT_type(*$C$DW$T$32)
    1807                      .dwattr $C$DW$118, DW_AT_name("PCO")
    1808                      .dwattr $C$DW$118, DW_AT_bit_offset(0x09)
    1809                      .dwattr $C$DW$118, DW_AT_bit_size(0x01)
    1810                      .dwattr $C$DW$118, DW_AT_accessibility(DW_ACCESS_public)
    1811                      .dwattr $C$DW$118, DW_AT_decl_file("C:\TI\C2000Ware_MotorControl_SDK_5_04_00_00\c2000ware\device_supp
    1812                      .dwattr $C$DW$118, DW_AT_decl_line(0x7c)
    1813                      .dwattr $C$DW$118, DW_AT_decl_column(0x0c)
    1814              
    1815              $C$DW$119       .dwtag  DW_TAG_member
    1816                      .dwattr $C$DW$119, DW_AT_type(*$C$DW$T$32)
    1817                      .dwattr $C$DW$119, DW_AT_name("PCR")
    1818                      .dwattr $C$DW$119, DW_AT_bit_offset(0x08)
    1819                      .dwattr $C$DW$119, DW_AT_bit_size(0x01)
    1820                      .dwattr $C$DW$119, DW_AT_accessibility(DW_ACCESS_public)
    1821                      .dwattr $C$DW$119, DW_AT_decl_file("C:\TI\C2000Ware_MotorControl_SDK_5_04_00_00\c2000ware\device_supp
    1822                      .dwattr $C$DW$119, DW_AT_decl_line(0x7d)
    1823                      .dwattr $C$DW$119, DW_AT_decl_column(0x0c)
    1824              
    1825              $C$DW$120       .dwtag  DW_TAG_member
    1826                      .dwattr $C$DW$120, DW_AT_type(*$C$DW$T$32)
    1827                      .dwattr $C$DW$120, DW_AT_name("PCM")
    1828                      .dwattr $C$DW$120, DW_AT_bit_offset(0x07)
    1829                      .dwattr $C$DW$120, DW_AT_bit_size(0x01)
    1830                      .dwattr $C$DW$120, DW_AT_accessibility(DW_ACCESS_public)
    1831                      .dwattr $C$DW$120, DW_AT_decl_file("C:\TI\C2000Ware_MotorControl_SDK_5_04_00_00\c2000ware\device_supp
    1832                      .dwattr $C$DW$120, DW_AT_decl_line(0x7e)
    1833                      .dwattr $C$DW$120, DW_AT_decl_column(0x0c)
    1834              
    1835              $C$DW$121       .dwtag  DW_TAG_member
    1836                      .dwattr $C$DW$121, DW_AT_type(*$C$DW$T$32)
    1837                      .dwattr $C$DW$121, DW_AT_name("SEL")
    1838                      .dwattr $C$DW$121, DW_AT_bit_offset(0x06)
    1839                      .dwattr $C$DW$121, DW_AT_bit_size(0x01)
    1840                      .dwattr $C$DW$121, DW_AT_accessibility(DW_ACCESS_public)
    1841                      .dwattr $C$DW$121, DW_AT_decl_file("C:\TI\C2000Ware_MotorControl_SDK_5_04_00_00\c2000ware\device_supp
    1842                      .dwattr $C$DW$121, DW_AT_decl_line(0x7f)
    1843                      .dwattr $C$DW$121, DW_AT_decl_column(0x0c)
    1844              
    1845              $C$DW$122       .dwtag  DW_TAG_member
    1846                      .dwattr $C$DW$122, DW_AT_type(*$C$DW$T$32)
    1847                      .dwattr $C$DW$122, DW_AT_name("IEL")
TMS320C2000 Assembler PC v22.6.2 Sun Jan 25 20:51:25 2026

Copyright (c) 1996-2018 Texas Instruments Incorporated
fcl_cla_code.asm                                                     PAGE   39

    1848                      .dwattr $C$DW$122, DW_AT_bit_offset(0x05)
    1849                      .dwattr $C$DW$122, DW_AT_bit_size(0x01)
    1850                      .dwattr $C$DW$122, DW_AT_accessibility(DW_ACCESS_public)
    1851                      .dwattr $C$DW$122, DW_AT_decl_file("C:\TI\C2000Ware_MotorControl_SDK_5_04_00_00\c2000ware\device_supp
    1852                      .dwattr $C$DW$122, DW_AT_decl_line(0x80)
    1853                      .dwattr $C$DW$122, DW_AT_decl_column(0x0c)
    1854              
    1855              $C$DW$123       .dwtag  DW_TAG_member
    1856                      .dwattr $C$DW$123, DW_AT_type(*$C$DW$T$32)
    1857                      .dwattr $C$DW$123, DW_AT_name("UTO")
    1858                      .dwattr $C$DW$123, DW_AT_bit_offset(0x04)
    1859                      .dwattr $C$DW$123, DW_AT_bit_size(0x01)
    1860                      .dwattr $C$DW$123, DW_AT_accessibility(DW_ACCESS_public)
    1861                      .dwattr $C$DW$123, DW_AT_decl_file("C:\TI\C2000Ware_MotorControl_SDK_5_04_00_00\c2000ware\device_supp
    1862                      .dwattr $C$DW$123, DW_AT_decl_line(0x81)
    1863                      .dwattr $C$DW$123, DW_AT_decl_column(0x0c)
    1864              
    1865              $C$DW$124       .dwtag  DW_TAG_member
    1866                      .dwattr $C$DW$124, DW_AT_type(*$C$DW$T$32)
    1867                      .dwattr $C$DW$124, DW_AT_name("rsvd2")
    1868                      .dwattr $C$DW$124, DW_AT_bit_offset(0x00)
    1869                      .dwattr $C$DW$124, DW_AT_bit_size(0x04)
    1870                      .dwattr $C$DW$124, DW_AT_accessibility(DW_ACCESS_public)
    1871                      .dwattr $C$DW$124, DW_AT_decl_file("C:\TI\C2000Ware_MotorControl_SDK_5_04_00_00\c2000ware\device_supp
    1872                      .dwattr $C$DW$124, DW_AT_decl_line(0x82)
    1873                      .dwattr $C$DW$124, DW_AT_decl_column(0x0c)
    1874              
    1875                      .dwattr $C$DW$T$39, DW_AT_decl_file("C:\TI\C2000Ware_MotorControl_SDK_5_04_00_00\c2000ware\device_sup
    1876                      .dwattr $C$DW$T$39, DW_AT_decl_line(0x75)
    1877                      .dwattr $C$DW$T$39, DW_AT_decl_column(0x08)
    1878                      .dwendtag $C$DW$T$39
    1879              
    1880                      .dwendtag $C$DW$TU$39
    1881              
    1882              
    1883              $C$DW$TU$40     .dwtag  DW_TAG_type_unit
    1884                      .dwmtype  $C$DW$T$40
    1885              
    1886              $C$DW$T$40      .dwtag  DW_TAG_union_type
    1887                      .dwattr $C$DW$T$40, DW_AT_name("QEINT_REG")
    1888                      .dwattr $C$DW$T$40, DW_AT_byte_size(0x01)
    1889              $C$DW$125       .dwtag  DW_TAG_member
    1890                      .dwattr $C$DW$125, DW_AT_type(*$C$DW$T$32)
    1891                      .dwattr $C$DW$125, DW_AT_name("all")
    1892                      .dwattr $C$DW$125, DW_AT_accessibility(DW_ACCESS_public)
    1893                      .dwattr $C$DW$125, DW_AT_decl_file("C:\TI\C2000Ware_MotorControl_SDK_5_04_00_00\c2000ware\device_supp
    1894                      .dwattr $C$DW$125, DW_AT_decl_line(0x86)
    1895                      .dwattr $C$DW$125, DW_AT_decl_column(0x0d)
    1896              
    1897              $C$DW$126       .dwtag  DW_TAG_member
    1898                      .dwattr $C$DW$126, DW_AT_type(*$C$DW$T$39)
    1899                      .dwattr $C$DW$126, DW_AT_name("bit")
    1900                      .dwattr $C$DW$126, DW_AT_accessibility(DW_ACCESS_public)
    1901                      .dwattr $C$DW$126, DW_AT_decl_file("C:\TI\C2000Ware_MotorControl_SDK_5_04_00_00\c2000ware\device_supp
    1902                      .dwattr $C$DW$126, DW_AT_decl_line(0x87)
TMS320C2000 Assembler PC v22.6.2 Sun Jan 25 20:51:25 2026

Copyright (c) 1996-2018 Texas Instruments Incorporated
fcl_cla_code.asm                                                     PAGE   40

    1903                      .dwattr $C$DW$126, DW_AT_decl_column(0x19)
    1904              
    1905                      .dwattr $C$DW$T$40, DW_AT_decl_file("C:\TI\C2000Ware_MotorControl_SDK_5_04_00_00\c2000ware\device_sup
    1906                      .dwattr $C$DW$T$40, DW_AT_decl_line(0x85)
    1907                      .dwattr $C$DW$T$40, DW_AT_decl_column(0x07)
    1908                      .dwendtag $C$DW$T$40
    1909              
    1910                      .dwendtag $C$DW$TU$40
    1911              
    1912              
    1913              $C$DW$TU$41     .dwtag  DW_TAG_type_unit
    1914                      .dwmtype  $C$DW$T$41
    1915              
    1916              $C$DW$T$41      .dwtag  DW_TAG_structure_type
    1917                      .dwattr $C$DW$T$41, DW_AT_name("QEPCTL_BITS")
    1918                      .dwattr $C$DW$T$41, DW_AT_byte_size(0x01)
    1919              $C$DW$127       .dwtag  DW_TAG_member
    1920                      .dwattr $C$DW$127, DW_AT_type(*$C$DW$T$32)
    1921                      .dwattr $C$DW$127, DW_AT_name("WDE")
    1922                      .dwattr $C$DW$127, DW_AT_bit_offset(0x0f)
    1923                      .dwattr $C$DW$127, DW_AT_bit_size(0x01)
    1924                      .dwattr $C$DW$127, DW_AT_accessibility(DW_ACCESS_public)
    1925                      .dwattr $C$DW$127, DW_AT_decl_file("C:\TI\C2000Ware_MotorControl_SDK_5_04_00_00\c2000ware\device_supp
    1926                      .dwattr $C$DW$127, DW_AT_decl_line(0x4a)
    1927                      .dwattr $C$DW$127, DW_AT_decl_column(0x0c)
    1928              
    1929              $C$DW$128       .dwtag  DW_TAG_member
    1930                      .dwattr $C$DW$128, DW_AT_type(*$C$DW$T$32)
    1931                      .dwattr $C$DW$128, DW_AT_name("UTE")
    1932                      .dwattr $C$DW$128, DW_AT_bit_offset(0x0e)
    1933                      .dwattr $C$DW$128, DW_AT_bit_size(0x01)
    1934                      .dwattr $C$DW$128, DW_AT_accessibility(DW_ACCESS_public)
    1935                      .dwattr $C$DW$128, DW_AT_decl_file("C:\TI\C2000Ware_MotorControl_SDK_5_04_00_00\c2000ware\device_supp
    1936                      .dwattr $C$DW$128, DW_AT_decl_line(0x4b)
    1937                      .dwattr $C$DW$128, DW_AT_decl_column(0x0c)
    1938              
    1939              $C$DW$129       .dwtag  DW_TAG_member
    1940                      .dwattr $C$DW$129, DW_AT_type(*$C$DW$T$32)
    1941                      .dwattr $C$DW$129, DW_AT_name("QCLM")
    1942                      .dwattr $C$DW$129, DW_AT_bit_offset(0x0d)
    1943                      .dwattr $C$DW$129, DW_AT_bit_size(0x01)
    1944                      .dwattr $C$DW$129, DW_AT_accessibility(DW_ACCESS_public)
    1945                      .dwattr $C$DW$129, DW_AT_decl_file("C:\TI\C2000Ware_MotorControl_SDK_5_04_00_00\c2000ware\device_supp
    1946                      .dwattr $C$DW$129, DW_AT_decl_line(0x4c)
    1947                      .dwattr $C$DW$129, DW_AT_decl_column(0x0c)
    1948              
    1949              $C$DW$130       .dwtag  DW_TAG_member
    1950                      .dwattr $C$DW$130, DW_AT_type(*$C$DW$T$32)
    1951                      .dwattr $C$DW$130, DW_AT_name("QPEN")
    1952                      .dwattr $C$DW$130, DW_AT_bit_offset(0x0c)
    1953                      .dwattr $C$DW$130, DW_AT_bit_size(0x01)
    1954                      .dwattr $C$DW$130, DW_AT_accessibility(DW_ACCESS_public)
    1955                      .dwattr $C$DW$130, DW_AT_decl_file("C:\TI\C2000Ware_MotorControl_SDK_5_04_00_00\c2000ware\device_supp
    1956                      .dwattr $C$DW$130, DW_AT_decl_line(0x4d)
    1957                      .dwattr $C$DW$130, DW_AT_decl_column(0x0c)
TMS320C2000 Assembler PC v22.6.2 Sun Jan 25 20:51:25 2026

Copyright (c) 1996-2018 Texas Instruments Incorporated
fcl_cla_code.asm                                                     PAGE   41

    1958              
    1959              $C$DW$131       .dwtag  DW_TAG_member
    1960                      .dwattr $C$DW$131, DW_AT_type(*$C$DW$T$32)
    1961                      .dwattr $C$DW$131, DW_AT_name("IEL")
    1962                      .dwattr $C$DW$131, DW_AT_bit_offset(0x0a)
    1963                      .dwattr $C$DW$131, DW_AT_bit_size(0x02)
    1964                      .dwattr $C$DW$131, DW_AT_accessibility(DW_ACCESS_public)
    1965                      .dwattr $C$DW$131, DW_AT_decl_file("C:\TI\C2000Ware_MotorControl_SDK_5_04_00_00\c2000ware\device_supp
    1966                      .dwattr $C$DW$131, DW_AT_decl_line(0x4e)
    1967                      .dwattr $C$DW$131, DW_AT_decl_column(0x0c)
    1968              
    1969              $C$DW$132       .dwtag  DW_TAG_member
    1970                      .dwattr $C$DW$132, DW_AT_type(*$C$DW$T$32)
    1971                      .dwattr $C$DW$132, DW_AT_name("SEL")
    1972                      .dwattr $C$DW$132, DW_AT_bit_offset(0x09)
    1973                      .dwattr $C$DW$132, DW_AT_bit_size(0x01)
    1974                      .dwattr $C$DW$132, DW_AT_accessibility(DW_ACCESS_public)
    1975                      .dwattr $C$DW$132, DW_AT_decl_file("C:\TI\C2000Ware_MotorControl_SDK_5_04_00_00\c2000ware\device_supp
    1976                      .dwattr $C$DW$132, DW_AT_decl_line(0x4f)
    1977                      .dwattr $C$DW$132, DW_AT_decl_column(0x0c)
    1978              
    1979              $C$DW$133       .dwtag  DW_TAG_member
    1980                      .dwattr $C$DW$133, DW_AT_type(*$C$DW$T$32)
    1981                      .dwattr $C$DW$133, DW_AT_name("SWI")
    1982                      .dwattr $C$DW$133, DW_AT_bit_offset(0x08)
    1983                      .dwattr $C$DW$133, DW_AT_bit_size(0x01)
    1984                      .dwattr $C$DW$133, DW_AT_accessibility(DW_ACCESS_public)
    1985                      .dwattr $C$DW$133, DW_AT_decl_file("C:\TI\C2000Ware_MotorControl_SDK_5_04_00_00\c2000ware\device_supp
    1986                      .dwattr $C$DW$133, DW_AT_decl_line(0x50)
    1987                      .dwattr $C$DW$133, DW_AT_decl_column(0x0c)
    1988              
    1989              $C$DW$134       .dwtag  DW_TAG_member
    1990                      .dwattr $C$DW$134, DW_AT_type(*$C$DW$T$32)
    1991                      .dwattr $C$DW$134, DW_AT_name("IEI")
    1992                      .dwattr $C$DW$134, DW_AT_bit_offset(0x06)
    1993                      .dwattr $C$DW$134, DW_AT_bit_size(0x02)
    1994                      .dwattr $C$DW$134, DW_AT_accessibility(DW_ACCESS_public)
    1995                      .dwattr $C$DW$134, DW_AT_decl_file("C:\TI\C2000Ware_MotorControl_SDK_5_04_00_00\c2000ware\device_supp
    1996                      .dwattr $C$DW$134, DW_AT_decl_line(0x51)
    1997                      .dwattr $C$DW$134, DW_AT_decl_column(0x0c)
    1998              
    1999              $C$DW$135       .dwtag  DW_TAG_member
    2000                      .dwattr $C$DW$135, DW_AT_type(*$C$DW$T$32)
    2001                      .dwattr $C$DW$135, DW_AT_name("SEI")
    2002                      .dwattr $C$DW$135, DW_AT_bit_offset(0x04)
    2003                      .dwattr $C$DW$135, DW_AT_bit_size(0x02)
    2004                      .dwattr $C$DW$135, DW_AT_accessibility(DW_ACCESS_public)
    2005                      .dwattr $C$DW$135, DW_AT_decl_file("C:\TI\C2000Ware_MotorControl_SDK_5_04_00_00\c2000ware\device_supp
    2006                      .dwattr $C$DW$135, DW_AT_decl_line(0x52)
    2007                      .dwattr $C$DW$135, DW_AT_decl_column(0x0c)
    2008              
    2009              $C$DW$136       .dwtag  DW_TAG_member
    2010                      .dwattr $C$DW$136, DW_AT_type(*$C$DW$T$32)
    2011                      .dwattr $C$DW$136, DW_AT_name("PCRM")
    2012                      .dwattr $C$DW$136, DW_AT_bit_offset(0x02)
TMS320C2000 Assembler PC v22.6.2 Sun Jan 25 20:51:25 2026

Copyright (c) 1996-2018 Texas Instruments Incorporated
fcl_cla_code.asm                                                     PAGE   42

    2013                      .dwattr $C$DW$136, DW_AT_bit_size(0x02)
    2014                      .dwattr $C$DW$136, DW_AT_accessibility(DW_ACCESS_public)
    2015                      .dwattr $C$DW$136, DW_AT_decl_file("C:\TI\C2000Ware_MotorControl_SDK_5_04_00_00\c2000ware\device_supp
    2016                      .dwattr $C$DW$136, DW_AT_decl_line(0x53)
    2017                      .dwattr $C$DW$136, DW_AT_decl_column(0x0c)
    2018              
    2019              $C$DW$137       .dwtag  DW_TAG_member
    2020                      .dwattr $C$DW$137, DW_AT_type(*$C$DW$T$32)
    2021                      .dwattr $C$DW$137, DW_AT_name("FREE_SOFT")
    2022                      .dwattr $C$DW$137, DW_AT_bit_offset(0x00)
    2023                      .dwattr $C$DW$137, DW_AT_bit_size(0x02)
    2024                      .dwattr $C$DW$137, DW_AT_accessibility(DW_ACCESS_public)
    2025                      .dwattr $C$DW$137, DW_AT_decl_file("C:\TI\C2000Ware_MotorControl_SDK_5_04_00_00\c2000ware\device_supp
    2026                      .dwattr $C$DW$137, DW_AT_decl_line(0x54)
    2027                      .dwattr $C$DW$137, DW_AT_decl_column(0x0c)
    2028              
    2029                      .dwattr $C$DW$T$41, DW_AT_decl_file("C:\TI\C2000Ware_MotorControl_SDK_5_04_00_00\c2000ware\device_sup
    2030                      .dwattr $C$DW$T$41, DW_AT_decl_line(0x49)
    2031                      .dwattr $C$DW$T$41, DW_AT_decl_column(0x08)
    2032                      .dwendtag $C$DW$T$41
    2033              
    2034                      .dwendtag $C$DW$TU$41
    2035              
    2036              
    2037              $C$DW$TU$42     .dwtag  DW_TAG_type_unit
    2038                      .dwmtype  $C$DW$T$42
    2039              
    2040              $C$DW$T$42      .dwtag  DW_TAG_union_type
    2041                      .dwattr $C$DW$T$42, DW_AT_name("QEPCTL_REG")
    2042                      .dwattr $C$DW$T$42, DW_AT_byte_size(0x01)
    2043              $C$DW$138       .dwtag  DW_TAG_member
    2044                      .dwattr $C$DW$138, DW_AT_type(*$C$DW$T$32)
    2045                      .dwattr $C$DW$138, DW_AT_name("all")
    2046                      .dwattr $C$DW$138, DW_AT_accessibility(DW_ACCESS_public)
    2047                      .dwattr $C$DW$138, DW_AT_decl_file("C:\TI\C2000Ware_MotorControl_SDK_5_04_00_00\c2000ware\device_supp
    2048                      .dwattr $C$DW$138, DW_AT_decl_line(0x58)
    2049                      .dwattr $C$DW$138, DW_AT_decl_column(0x0d)
    2050              
    2051              $C$DW$139       .dwtag  DW_TAG_member
    2052                      .dwattr $C$DW$139, DW_AT_type(*$C$DW$T$41)
    2053                      .dwattr $C$DW$139, DW_AT_name("bit")
    2054                      .dwattr $C$DW$139, DW_AT_accessibility(DW_ACCESS_public)
    2055                      .dwattr $C$DW$139, DW_AT_decl_file("C:\TI\C2000Ware_MotorControl_SDK_5_04_00_00\c2000ware\device_supp
    2056                      .dwattr $C$DW$139, DW_AT_decl_line(0x59)
    2057                      .dwattr $C$DW$139, DW_AT_decl_column(0x1a)
    2058              
    2059                      .dwattr $C$DW$T$42, DW_AT_decl_file("C:\TI\C2000Ware_MotorControl_SDK_5_04_00_00\c2000ware\device_sup
    2060                      .dwattr $C$DW$T$42, DW_AT_decl_line(0x57)
    2061                      .dwattr $C$DW$T$42, DW_AT_decl_column(0x07)
    2062                      .dwendtag $C$DW$T$42
    2063              
    2064                      .dwendtag $C$DW$TU$42
    2065              
    2066              
    2067              $C$DW$TU$43     .dwtag  DW_TAG_type_unit
TMS320C2000 Assembler PC v22.6.2 Sun Jan 25 20:51:25 2026

Copyright (c) 1996-2018 Texas Instruments Incorporated
fcl_cla_code.asm                                                     PAGE   43

    2068                      .dwmtype  $C$DW$T$43
    2069              
    2070              $C$DW$T$43      .dwtag  DW_TAG_structure_type
    2071                      .dwattr $C$DW$T$43, DW_AT_name("QEPSTS_BITS")
    2072                      .dwattr $C$DW$T$43, DW_AT_byte_size(0x01)
    2073              $C$DW$140       .dwtag  DW_TAG_member
    2074                      .dwattr $C$DW$140, DW_AT_type(*$C$DW$T$32)
    2075                      .dwattr $C$DW$140, DW_AT_name("PCEF")
    2076                      .dwattr $C$DW$140, DW_AT_bit_offset(0x0f)
    2077                      .dwattr $C$DW$140, DW_AT_bit_size(0x01)
    2078                      .dwattr $C$DW$140, DW_AT_accessibility(DW_ACCESS_public)
    2079                      .dwattr $C$DW$140, DW_AT_decl_file("C:\TI\C2000Ware_MotorControl_SDK_5_04_00_00\c2000ware\device_supp
    2080                      .dwattr $C$DW$140, DW_AT_decl_line(0xca)
    2081                      .dwattr $C$DW$140, DW_AT_decl_column(0x0c)
    2082              
    2083              $C$DW$141       .dwtag  DW_TAG_member
    2084                      .dwattr $C$DW$141, DW_AT_type(*$C$DW$T$32)
    2085                      .dwattr $C$DW$141, DW_AT_name("FIMF")
    2086                      .dwattr $C$DW$141, DW_AT_bit_offset(0x0e)
    2087                      .dwattr $C$DW$141, DW_AT_bit_size(0x01)
    2088                      .dwattr $C$DW$141, DW_AT_accessibility(DW_ACCESS_public)
    2089                      .dwattr $C$DW$141, DW_AT_decl_file("C:\TI\C2000Ware_MotorControl_SDK_5_04_00_00\c2000ware\device_supp
    2090                      .dwattr $C$DW$141, DW_AT_decl_line(0xcb)
    2091                      .dwattr $C$DW$141, DW_AT_decl_column(0x0c)
    2092              
    2093              $C$DW$142       .dwtag  DW_TAG_member
    2094                      .dwattr $C$DW$142, DW_AT_type(*$C$DW$T$32)
    2095                      .dwattr $C$DW$142, DW_AT_name("CDEF")
    2096                      .dwattr $C$DW$142, DW_AT_bit_offset(0x0d)
    2097                      .dwattr $C$DW$142, DW_AT_bit_size(0x01)
    2098                      .dwattr $C$DW$142, DW_AT_accessibility(DW_ACCESS_public)
    2099                      .dwattr $C$DW$142, DW_AT_decl_file("C:\TI\C2000Ware_MotorControl_SDK_5_04_00_00\c2000ware\device_supp
    2100                      .dwattr $C$DW$142, DW_AT_decl_line(0xcc)
    2101                      .dwattr $C$DW$142, DW_AT_decl_column(0x0c)
    2102              
    2103              $C$DW$143       .dwtag  DW_TAG_member
    2104                      .dwattr $C$DW$143, DW_AT_type(*$C$DW$T$32)
    2105                      .dwattr $C$DW$143, DW_AT_name("COEF")
    2106                      .dwattr $C$DW$143, DW_AT_bit_offset(0x0c)
    2107                      .dwattr $C$DW$143, DW_AT_bit_size(0x01)
    2108                      .dwattr $C$DW$143, DW_AT_accessibility(DW_ACCESS_public)
    2109                      .dwattr $C$DW$143, DW_AT_decl_file("C:\TI\C2000Ware_MotorControl_SDK_5_04_00_00\c2000ware\device_supp
    2110                      .dwattr $C$DW$143, DW_AT_decl_line(0xcd)
    2111                      .dwattr $C$DW$143, DW_AT_decl_column(0x0c)
    2112              
    2113              $C$DW$144       .dwtag  DW_TAG_member
    2114                      .dwattr $C$DW$144, DW_AT_type(*$C$DW$T$32)
    2115                      .dwattr $C$DW$144, DW_AT_name("QDLF")
    2116                      .dwattr $C$DW$144, DW_AT_bit_offset(0x0b)
    2117                      .dwattr $C$DW$144, DW_AT_bit_size(0x01)
    2118                      .dwattr $C$DW$144, DW_AT_accessibility(DW_ACCESS_public)
    2119                      .dwattr $C$DW$144, DW_AT_decl_file("C:\TI\C2000Ware_MotorControl_SDK_5_04_00_00\c2000ware\device_supp
    2120                      .dwattr $C$DW$144, DW_AT_decl_line(0xce)
    2121                      .dwattr $C$DW$144, DW_AT_decl_column(0x0c)
    2122              
TMS320C2000 Assembler PC v22.6.2 Sun Jan 25 20:51:25 2026

Copyright (c) 1996-2018 Texas Instruments Incorporated
fcl_cla_code.asm                                                     PAGE   44

    2123              $C$DW$145       .dwtag  DW_TAG_member
    2124                      .dwattr $C$DW$145, DW_AT_type(*$C$DW$T$32)
    2125                      .dwattr $C$DW$145, DW_AT_name("QDF")
    2126                      .dwattr $C$DW$145, DW_AT_bit_offset(0x0a)
    2127                      .dwattr $C$DW$145, DW_AT_bit_size(0x01)
    2128                      .dwattr $C$DW$145, DW_AT_accessibility(DW_ACCESS_public)
    2129                      .dwattr $C$DW$145, DW_AT_decl_file("C:\TI\C2000Ware_MotorControl_SDK_5_04_00_00\c2000ware\device_supp
    2130                      .dwattr $C$DW$145, DW_AT_decl_line(0xcf)
    2131                      .dwattr $C$DW$145, DW_AT_decl_column(0x0c)
    2132              
    2133              $C$DW$146       .dwtag  DW_TAG_member
    2134                      .dwattr $C$DW$146, DW_AT_type(*$C$DW$T$32)
    2135                      .dwattr $C$DW$146, DW_AT_name("FIDF")
    2136                      .dwattr $C$DW$146, DW_AT_bit_offset(0x09)
    2137                      .dwattr $C$DW$146, DW_AT_bit_size(0x01)
    2138                      .dwattr $C$DW$146, DW_AT_accessibility(DW_ACCESS_public)
    2139                      .dwattr $C$DW$146, DW_AT_decl_file("C:\TI\C2000Ware_MotorControl_SDK_5_04_00_00\c2000ware\device_supp
    2140                      .dwattr $C$DW$146, DW_AT_decl_line(0xd0)
    2141                      .dwattr $C$DW$146, DW_AT_decl_column(0x0c)
    2142              
    2143              $C$DW$147       .dwtag  DW_TAG_member
    2144                      .dwattr $C$DW$147, DW_AT_type(*$C$DW$T$32)
    2145                      .dwattr $C$DW$147, DW_AT_name("UPEVNT")
    2146                      .dwattr $C$DW$147, DW_AT_bit_offset(0x08)
    2147                      .dwattr $C$DW$147, DW_AT_bit_size(0x01)
    2148                      .dwattr $C$DW$147, DW_AT_accessibility(DW_ACCESS_public)
    2149                      .dwattr $C$DW$147, DW_AT_decl_file("C:\TI\C2000Ware_MotorControl_SDK_5_04_00_00\c2000ware\device_supp
    2150                      .dwattr $C$DW$147, DW_AT_decl_line(0xd1)
    2151                      .dwattr $C$DW$147, DW_AT_decl_column(0x0c)
    2152              
    2153              $C$DW$148       .dwtag  DW_TAG_member
    2154                      .dwattr $C$DW$148, DW_AT_type(*$C$DW$T$32)
    2155                      .dwattr $C$DW$148, DW_AT_name("rsvd1")
    2156                      .dwattr $C$DW$148, DW_AT_bit_offset(0x00)
    2157                      .dwattr $C$DW$148, DW_AT_bit_size(0x08)
    2158                      .dwattr $C$DW$148, DW_AT_accessibility(DW_ACCESS_public)
    2159                      .dwattr $C$DW$148, DW_AT_decl_file("C:\TI\C2000Ware_MotorControl_SDK_5_04_00_00\c2000ware\device_supp
    2160                      .dwattr $C$DW$148, DW_AT_decl_line(0xd2)
    2161                      .dwattr $C$DW$148, DW_AT_decl_column(0x0c)
    2162              
    2163                      .dwattr $C$DW$T$43, DW_AT_decl_file("C:\TI\C2000Ware_MotorControl_SDK_5_04_00_00\c2000ware\device_sup
    2164                      .dwattr $C$DW$T$43, DW_AT_decl_line(0xc9)
    2165                      .dwattr $C$DW$T$43, DW_AT_decl_column(0x08)
    2166                      .dwendtag $C$DW$T$43
    2167              
    2168                      .dwendtag $C$DW$TU$43
    2169              
    2170              
    2171              $C$DW$TU$44     .dwtag  DW_TAG_type_unit
    2172                      .dwmtype  $C$DW$T$44
    2173              
    2174              $C$DW$T$44      .dwtag  DW_TAG_union_type
    2175                      .dwattr $C$DW$T$44, DW_AT_name("QEPSTS_REG")
    2176                      .dwattr $C$DW$T$44, DW_AT_byte_size(0x01)
    2177              $C$DW$149       .dwtag  DW_TAG_member
TMS320C2000 Assembler PC v22.6.2 Sun Jan 25 20:51:25 2026

Copyright (c) 1996-2018 Texas Instruments Incorporated
fcl_cla_code.asm                                                     PAGE   45

    2178                      .dwattr $C$DW$149, DW_AT_type(*$C$DW$T$32)
    2179                      .dwattr $C$DW$149, DW_AT_name("all")
    2180                      .dwattr $C$DW$149, DW_AT_accessibility(DW_ACCESS_public)
    2181                      .dwattr $C$DW$149, DW_AT_decl_file("C:\TI\C2000Ware_MotorControl_SDK_5_04_00_00\c2000ware\device_supp
    2182                      .dwattr $C$DW$149, DW_AT_decl_line(0xd6)
    2183                      .dwattr $C$DW$149, DW_AT_decl_column(0x0d)
    2184              
    2185              $C$DW$150       .dwtag  DW_TAG_member
    2186                      .dwattr $C$DW$150, DW_AT_type(*$C$DW$T$43)
    2187                      .dwattr $C$DW$150, DW_AT_name("bit")
    2188                      .dwattr $C$DW$150, DW_AT_accessibility(DW_ACCESS_public)
    2189                      .dwattr $C$DW$150, DW_AT_decl_file("C:\TI\C2000Ware_MotorControl_SDK_5_04_00_00\c2000ware\device_supp
    2190                      .dwattr $C$DW$150, DW_AT_decl_line(0xd7)
    2191                      .dwattr $C$DW$150, DW_AT_decl_column(0x1a)
    2192              
    2193                      .dwattr $C$DW$T$44, DW_AT_decl_file("C:\TI\C2000Ware_MotorControl_SDK_5_04_00_00\c2000ware\device_sup
    2194                      .dwattr $C$DW$T$44, DW_AT_decl_line(0xd5)
    2195                      .dwattr $C$DW$T$44, DW_AT_decl_column(0x07)
    2196                      .dwendtag $C$DW$T$44
    2197              
    2198                      .dwendtag $C$DW$TU$44
    2199              
    2200              
    2201              $C$DW$TU$45     .dwtag  DW_TAG_type_unit
    2202                      .dwmtype  $C$DW$T$45
    2203              
    2204              $C$DW$T$45      .dwtag  DW_TAG_structure_type
    2205                      .dwattr $C$DW$T$45, DW_AT_name("QFLG_BITS")
    2206                      .dwattr $C$DW$T$45, DW_AT_byte_size(0x01)
    2207              $C$DW$151       .dwtag  DW_TAG_member
    2208                      .dwattr $C$DW$151, DW_AT_type(*$C$DW$T$32)
    2209                      .dwattr $C$DW$151, DW_AT_name("INT")
    2210                      .dwattr $C$DW$151, DW_AT_bit_offset(0x0f)
    2211                      .dwattr $C$DW$151, DW_AT_bit_size(0x01)
    2212                      .dwattr $C$DW$151, DW_AT_accessibility(DW_ACCESS_public)
    2213                      .dwattr $C$DW$151, DW_AT_decl_file("C:\TI\C2000Ware_MotorControl_SDK_5_04_00_00\c2000ware\device_supp
    2214                      .dwattr $C$DW$151, DW_AT_decl_line(0x8b)
    2215                      .dwattr $C$DW$151, DW_AT_decl_column(0x0c)
    2216              
    2217              $C$DW$152       .dwtag  DW_TAG_member
    2218                      .dwattr $C$DW$152, DW_AT_type(*$C$DW$T$32)
    2219                      .dwattr $C$DW$152, DW_AT_name("PCE")
    2220                      .dwattr $C$DW$152, DW_AT_bit_offset(0x0e)
    2221                      .dwattr $C$DW$152, DW_AT_bit_size(0x01)
    2222                      .dwattr $C$DW$152, DW_AT_accessibility(DW_ACCESS_public)
    2223                      .dwattr $C$DW$152, DW_AT_decl_file("C:\TI\C2000Ware_MotorControl_SDK_5_04_00_00\c2000ware\device_supp
    2224                      .dwattr $C$DW$152, DW_AT_decl_line(0x8c)
    2225                      .dwattr $C$DW$152, DW_AT_decl_column(0x0c)
    2226              
    2227              $C$DW$153       .dwtag  DW_TAG_member
    2228                      .dwattr $C$DW$153, DW_AT_type(*$C$DW$T$32)
    2229                      .dwattr $C$DW$153, DW_AT_name("PHE")
    2230                      .dwattr $C$DW$153, DW_AT_bit_offset(0x0d)
    2231                      .dwattr $C$DW$153, DW_AT_bit_size(0x01)
    2232                      .dwattr $C$DW$153, DW_AT_accessibility(DW_ACCESS_public)
TMS320C2000 Assembler PC v22.6.2 Sun Jan 25 20:51:25 2026

Copyright (c) 1996-2018 Texas Instruments Incorporated
fcl_cla_code.asm                                                     PAGE   46

    2233                      .dwattr $C$DW$153, DW_AT_decl_file("C:\TI\C2000Ware_MotorControl_SDK_5_04_00_00\c2000ware\device_supp
    2234                      .dwattr $C$DW$153, DW_AT_decl_line(0x8d)
    2235                      .dwattr $C$DW$153, DW_AT_decl_column(0x0c)
    2236              
    2237              $C$DW$154       .dwtag  DW_TAG_member
    2238                      .dwattr $C$DW$154, DW_AT_type(*$C$DW$T$32)
    2239                      .dwattr $C$DW$154, DW_AT_name("QDC")
    2240                      .dwattr $C$DW$154, DW_AT_bit_offset(0x0c)
    2241                      .dwattr $C$DW$154, DW_AT_bit_size(0x01)
    2242                      .dwattr $C$DW$154, DW_AT_accessibility(DW_ACCESS_public)
    2243                      .dwattr $C$DW$154, DW_AT_decl_file("C:\TI\C2000Ware_MotorControl_SDK_5_04_00_00\c2000ware\device_supp
    2244                      .dwattr $C$DW$154, DW_AT_decl_line(0x8e)
    2245                      .dwattr $C$DW$154, DW_AT_decl_column(0x0c)
    2246              
    2247              $C$DW$155       .dwtag  DW_TAG_member
    2248                      .dwattr $C$DW$155, DW_AT_type(*$C$DW$T$32)
    2249                      .dwattr $C$DW$155, DW_AT_name("WTO")
    2250                      .dwattr $C$DW$155, DW_AT_bit_offset(0x0b)
    2251                      .dwattr $C$DW$155, DW_AT_bit_size(0x01)
    2252                      .dwattr $C$DW$155, DW_AT_accessibility(DW_ACCESS_public)
    2253                      .dwattr $C$DW$155, DW_AT_decl_file("C:\TI\C2000Ware_MotorControl_SDK_5_04_00_00\c2000ware\device_supp
    2254                      .dwattr $C$DW$155, DW_AT_decl_line(0x8f)
    2255                      .dwattr $C$DW$155, DW_AT_decl_column(0x0c)
    2256              
    2257              $C$DW$156       .dwtag  DW_TAG_member
    2258                      .dwattr $C$DW$156, DW_AT_type(*$C$DW$T$32)
    2259                      .dwattr $C$DW$156, DW_AT_name("PCU")
    2260                      .dwattr $C$DW$156, DW_AT_bit_offset(0x0a)
    2261                      .dwattr $C$DW$156, DW_AT_bit_size(0x01)
    2262                      .dwattr $C$DW$156, DW_AT_accessibility(DW_ACCESS_public)
    2263                      .dwattr $C$DW$156, DW_AT_decl_file("C:\TI\C2000Ware_MotorControl_SDK_5_04_00_00\c2000ware\device_supp
    2264                      .dwattr $C$DW$156, DW_AT_decl_line(0x90)
    2265                      .dwattr $C$DW$156, DW_AT_decl_column(0x0c)
    2266              
    2267              $C$DW$157       .dwtag  DW_TAG_member
    2268                      .dwattr $C$DW$157, DW_AT_type(*$C$DW$T$32)
    2269                      .dwattr $C$DW$157, DW_AT_name("PCO")
    2270                      .dwattr $C$DW$157, DW_AT_bit_offset(0x09)
    2271                      .dwattr $C$DW$157, DW_AT_bit_size(0x01)
    2272                      .dwattr $C$DW$157, DW_AT_accessibility(DW_ACCESS_public)
    2273                      .dwattr $C$DW$157, DW_AT_decl_file("C:\TI\C2000Ware_MotorControl_SDK_5_04_00_00\c2000ware\device_supp
    2274                      .dwattr $C$DW$157, DW_AT_decl_line(0x91)
    2275                      .dwattr $C$DW$157, DW_AT_decl_column(0x0c)
    2276              
    2277              $C$DW$158       .dwtag  DW_TAG_member
    2278                      .dwattr $C$DW$158, DW_AT_type(*$C$DW$T$32)
    2279                      .dwattr $C$DW$158, DW_AT_name("PCR")
    2280                      .dwattr $C$DW$158, DW_AT_bit_offset(0x08)
    2281                      .dwattr $C$DW$158, DW_AT_bit_size(0x01)
    2282                      .dwattr $C$DW$158, DW_AT_accessibility(DW_ACCESS_public)
    2283                      .dwattr $C$DW$158, DW_AT_decl_file("C:\TI\C2000Ware_MotorControl_SDK_5_04_00_00\c2000ware\device_supp
    2284                      .dwattr $C$DW$158, DW_AT_decl_line(0x92)
    2285                      .dwattr $C$DW$158, DW_AT_decl_column(0x0c)
    2286              
    2287              $C$DW$159       .dwtag  DW_TAG_member
TMS320C2000 Assembler PC v22.6.2 Sun Jan 25 20:51:25 2026

Copyright (c) 1996-2018 Texas Instruments Incorporated
fcl_cla_code.asm                                                     PAGE   47

    2288                      .dwattr $C$DW$159, DW_AT_type(*$C$DW$T$32)
    2289                      .dwattr $C$DW$159, DW_AT_name("PCM")
    2290                      .dwattr $C$DW$159, DW_AT_bit_offset(0x07)
    2291                      .dwattr $C$DW$159, DW_AT_bit_size(0x01)
    2292                      .dwattr $C$DW$159, DW_AT_accessibility(DW_ACCESS_public)
    2293                      .dwattr $C$DW$159, DW_AT_decl_file("C:\TI\C2000Ware_MotorControl_SDK_5_04_00_00\c2000ware\device_supp
    2294                      .dwattr $C$DW$159, DW_AT_decl_line(0x93)
    2295                      .dwattr $C$DW$159, DW_AT_decl_column(0x0c)
    2296              
    2297              $C$DW$160       .dwtag  DW_TAG_member
    2298                      .dwattr $C$DW$160, DW_AT_type(*$C$DW$T$32)
    2299                      .dwattr $C$DW$160, DW_AT_name("SEL")
    2300                      .dwattr $C$DW$160, DW_AT_bit_offset(0x06)
    2301                      .dwattr $C$DW$160, DW_AT_bit_size(0x01)
    2302                      .dwattr $C$DW$160, DW_AT_accessibility(DW_ACCESS_public)
    2303                      .dwattr $C$DW$160, DW_AT_decl_file("C:\TI\C2000Ware_MotorControl_SDK_5_04_00_00\c2000ware\device_supp
    2304                      .dwattr $C$DW$160, DW_AT_decl_line(0x94)
    2305                      .dwattr $C$DW$160, DW_AT_decl_column(0x0c)
    2306              
    2307              $C$DW$161       .dwtag  DW_TAG_member
    2308                      .dwattr $C$DW$161, DW_AT_type(*$C$DW$T$32)
    2309                      .dwattr $C$DW$161, DW_AT_name("IEL")
    2310                      .dwattr $C$DW$161, DW_AT_bit_offset(0x05)
    2311                      .dwattr $C$DW$161, DW_AT_bit_size(0x01)
    2312                      .dwattr $C$DW$161, DW_AT_accessibility(DW_ACCESS_public)
    2313                      .dwattr $C$DW$161, DW_AT_decl_file("C:\TI\C2000Ware_MotorControl_SDK_5_04_00_00\c2000ware\device_supp
    2314                      .dwattr $C$DW$161, DW_AT_decl_line(0x95)
    2315                      .dwattr $C$DW$161, DW_AT_decl_column(0x0c)
    2316              
    2317              $C$DW$162       .dwtag  DW_TAG_member
    2318                      .dwattr $C$DW$162, DW_AT_type(*$C$DW$T$32)
    2319                      .dwattr $C$DW$162, DW_AT_name("UTO")
    2320                      .dwattr $C$DW$162, DW_AT_bit_offset(0x04)
    2321                      .dwattr $C$DW$162, DW_AT_bit_size(0x01)
    2322                      .dwattr $C$DW$162, DW_AT_accessibility(DW_ACCESS_public)
    2323                      .dwattr $C$DW$162, DW_AT_decl_file("C:\TI\C2000Ware_MotorControl_SDK_5_04_00_00\c2000ware\device_supp
    2324                      .dwattr $C$DW$162, DW_AT_decl_line(0x96)
    2325                      .dwattr $C$DW$162, DW_AT_decl_column(0x0c)
    2326              
    2327              $C$DW$163       .dwtag  DW_TAG_member
    2328                      .dwattr $C$DW$163, DW_AT_type(*$C$DW$T$32)
    2329                      .dwattr $C$DW$163, DW_AT_name("rsvd1")
    2330                      .dwattr $C$DW$163, DW_AT_bit_offset(0x00)
    2331                      .dwattr $C$DW$163, DW_AT_bit_size(0x04)
    2332                      .dwattr $C$DW$163, DW_AT_accessibility(DW_ACCESS_public)
    2333                      .dwattr $C$DW$163, DW_AT_decl_file("C:\TI\C2000Ware_MotorControl_SDK_5_04_00_00\c2000ware\device_supp
    2334                      .dwattr $C$DW$163, DW_AT_decl_line(0x97)
    2335                      .dwattr $C$DW$163, DW_AT_decl_column(0x0c)
    2336              
    2337                      .dwattr $C$DW$T$45, DW_AT_decl_file("C:\TI\C2000Ware_MotorControl_SDK_5_04_00_00\c2000ware\device_sup
    2338                      .dwattr $C$DW$T$45, DW_AT_decl_line(0x8a)
    2339                      .dwattr $C$DW$T$45, DW_AT_decl_column(0x08)
    2340                      .dwendtag $C$DW$T$45
    2341              
    2342                      .dwendtag $C$DW$TU$45
TMS320C2000 Assembler PC v22.6.2 Sun Jan 25 20:51:25 2026

Copyright (c) 1996-2018 Texas Instruments Incorporated
fcl_cla_code.asm                                                     PAGE   48

    2343              
    2344              
    2345              $C$DW$TU$46     .dwtag  DW_TAG_type_unit
    2346                      .dwmtype  $C$DW$T$46
    2347              
    2348              $C$DW$T$46      .dwtag  DW_TAG_union_type
    2349                      .dwattr $C$DW$T$46, DW_AT_name("QFLG_REG")
    2350                      .dwattr $C$DW$T$46, DW_AT_byte_size(0x01)
    2351              $C$DW$164       .dwtag  DW_TAG_member
    2352                      .dwattr $C$DW$164, DW_AT_type(*$C$DW$T$32)
    2353                      .dwattr $C$DW$164, DW_AT_name("all")
    2354                      .dwattr $C$DW$164, DW_AT_accessibility(DW_ACCESS_public)
    2355                      .dwattr $C$DW$164, DW_AT_decl_file("C:\TI\C2000Ware_MotorControl_SDK_5_04_00_00\c2000ware\device_supp
    2356                      .dwattr $C$DW$164, DW_AT_decl_line(0x9b)
    2357                      .dwattr $C$DW$164, DW_AT_decl_column(0x0d)
    2358              
    2359              $C$DW$165       .dwtag  DW_TAG_member
    2360                      .dwattr $C$DW$165, DW_AT_type(*$C$DW$T$45)
    2361                      .dwattr $C$DW$165, DW_AT_name("bit")
    2362                      .dwattr $C$DW$165, DW_AT_accessibility(DW_ACCESS_public)
    2363                      .dwattr $C$DW$165, DW_AT_decl_file("C:\TI\C2000Ware_MotorControl_SDK_5_04_00_00\c2000ware\device_supp
    2364                      .dwattr $C$DW$165, DW_AT_decl_line(0x9c)
    2365                      .dwattr $C$DW$165, DW_AT_decl_column(0x18)
    2366              
    2367                      .dwattr $C$DW$T$46, DW_AT_decl_file("C:\TI\C2000Ware_MotorControl_SDK_5_04_00_00\c2000ware\device_sup
    2368                      .dwattr $C$DW$T$46, DW_AT_decl_line(0x9a)
    2369                      .dwattr $C$DW$T$46, DW_AT_decl_column(0x07)
    2370                      .dwendtag $C$DW$T$46
    2371              
    2372                      .dwendtag $C$DW$TU$46
    2373              
    2374              
    2375              $C$DW$TU$47     .dwtag  DW_TAG_type_unit
    2376                      .dwmtype  $C$DW$T$47
    2377              
    2378              $C$DW$T$47      .dwtag  DW_TAG_structure_type
    2379                      .dwattr $C$DW$T$47, DW_AT_name("QFRC_BITS")
    2380                      .dwattr $C$DW$T$47, DW_AT_byte_size(0x01)
    2381              $C$DW$166       .dwtag  DW_TAG_member
    2382                      .dwattr $C$DW$166, DW_AT_type(*$C$DW$T$32)
    2383                      .dwattr $C$DW$166, DW_AT_name("rsvd1")
    2384                      .dwattr $C$DW$166, DW_AT_bit_offset(0x0f)
    2385                      .dwattr $C$DW$166, DW_AT_bit_size(0x01)
    2386                      .dwattr $C$DW$166, DW_AT_accessibility(DW_ACCESS_public)
    2387                      .dwattr $C$DW$166, DW_AT_decl_file("C:\TI\C2000Ware_MotorControl_SDK_5_04_00_00\c2000ware\device_supp
    2388                      .dwattr $C$DW$166, DW_AT_decl_line(0xb5)
    2389                      .dwattr $C$DW$166, DW_AT_decl_column(0x0c)
    2390              
    2391              $C$DW$167       .dwtag  DW_TAG_member
    2392                      .dwattr $C$DW$167, DW_AT_type(*$C$DW$T$32)
    2393                      .dwattr $C$DW$167, DW_AT_name("PCE")
    2394                      .dwattr $C$DW$167, DW_AT_bit_offset(0x0e)
    2395                      .dwattr $C$DW$167, DW_AT_bit_size(0x01)
    2396                      .dwattr $C$DW$167, DW_AT_accessibility(DW_ACCESS_public)
    2397                      .dwattr $C$DW$167, DW_AT_decl_file("C:\TI\C2000Ware_MotorControl_SDK_5_04_00_00\c2000ware\device_supp
TMS320C2000 Assembler PC v22.6.2 Sun Jan 25 20:51:25 2026

Copyright (c) 1996-2018 Texas Instruments Incorporated
fcl_cla_code.asm                                                     PAGE   49

    2398                      .dwattr $C$DW$167, DW_AT_decl_line(0xb6)
    2399                      .dwattr $C$DW$167, DW_AT_decl_column(0x0c)
    2400              
    2401              $C$DW$168       .dwtag  DW_TAG_member
    2402                      .dwattr $C$DW$168, DW_AT_type(*$C$DW$T$32)
    2403                      .dwattr $C$DW$168, DW_AT_name("PHE")
    2404                      .dwattr $C$DW$168, DW_AT_bit_offset(0x0d)
    2405                      .dwattr $C$DW$168, DW_AT_bit_size(0x01)
    2406                      .dwattr $C$DW$168, DW_AT_accessibility(DW_ACCESS_public)
    2407                      .dwattr $C$DW$168, DW_AT_decl_file("C:\TI\C2000Ware_MotorControl_SDK_5_04_00_00\c2000ware\device_supp
    2408                      .dwattr $C$DW$168, DW_AT_decl_line(0xb7)
    2409                      .dwattr $C$DW$168, DW_AT_decl_column(0x0c)
    2410              
    2411              $C$DW$169       .dwtag  DW_TAG_member
    2412                      .dwattr $C$DW$169, DW_AT_type(*$C$DW$T$32)
    2413                      .dwattr $C$DW$169, DW_AT_name("QDC")
    2414                      .dwattr $C$DW$169, DW_AT_bit_offset(0x0c)
    2415                      .dwattr $C$DW$169, DW_AT_bit_size(0x01)
    2416                      .dwattr $C$DW$169, DW_AT_accessibility(DW_ACCESS_public)
    2417                      .dwattr $C$DW$169, DW_AT_decl_file("C:\TI\C2000Ware_MotorControl_SDK_5_04_00_00\c2000ware\device_supp
    2418                      .dwattr $C$DW$169, DW_AT_decl_line(0xb8)
    2419                      .dwattr $C$DW$169, DW_AT_decl_column(0x0c)
    2420              
    2421              $C$DW$170       .dwtag  DW_TAG_member
    2422                      .dwattr $C$DW$170, DW_AT_type(*$C$DW$T$32)
    2423                      .dwattr $C$DW$170, DW_AT_name("WTO")
    2424                      .dwattr $C$DW$170, DW_AT_bit_offset(0x0b)
    2425                      .dwattr $C$DW$170, DW_AT_bit_size(0x01)
    2426                      .dwattr $C$DW$170, DW_AT_accessibility(DW_ACCESS_public)
    2427                      .dwattr $C$DW$170, DW_AT_decl_file("C:\TI\C2000Ware_MotorControl_SDK_5_04_00_00\c2000ware\device_supp
    2428                      .dwattr $C$DW$170, DW_AT_decl_line(0xb9)
    2429                      .dwattr $C$DW$170, DW_AT_decl_column(0x0c)
    2430              
    2431              $C$DW$171       .dwtag  DW_TAG_member
    2432                      .dwattr $C$DW$171, DW_AT_type(*$C$DW$T$32)
    2433                      .dwattr $C$DW$171, DW_AT_name("PCU")
    2434                      .dwattr $C$DW$171, DW_AT_bit_offset(0x0a)
    2435                      .dwattr $C$DW$171, DW_AT_bit_size(0x01)
    2436                      .dwattr $C$DW$171, DW_AT_accessibility(DW_ACCESS_public)
    2437                      .dwattr $C$DW$171, DW_AT_decl_file("C:\TI\C2000Ware_MotorControl_SDK_5_04_00_00\c2000ware\device_supp
    2438                      .dwattr $C$DW$171, DW_AT_decl_line(0xba)
    2439                      .dwattr $C$DW$171, DW_AT_decl_column(0x0c)
    2440              
    2441              $C$DW$172       .dwtag  DW_TAG_member
    2442                      .dwattr $C$DW$172, DW_AT_type(*$C$DW$T$32)
    2443                      .dwattr $C$DW$172, DW_AT_name("PCO")
    2444                      .dwattr $C$DW$172, DW_AT_bit_offset(0x09)
    2445                      .dwattr $C$DW$172, DW_AT_bit_size(0x01)
    2446                      .dwattr $C$DW$172, DW_AT_accessibility(DW_ACCESS_public)
    2447                      .dwattr $C$DW$172, DW_AT_decl_file("C:\TI\C2000Ware_MotorControl_SDK_5_04_00_00\c2000ware\device_supp
    2448                      .dwattr $C$DW$172, DW_AT_decl_line(0xbb)
    2449                      .dwattr $C$DW$172, DW_AT_decl_column(0x0c)
    2450              
    2451              $C$DW$173       .dwtag  DW_TAG_member
    2452                      .dwattr $C$DW$173, DW_AT_type(*$C$DW$T$32)
TMS320C2000 Assembler PC v22.6.2 Sun Jan 25 20:51:25 2026

Copyright (c) 1996-2018 Texas Instruments Incorporated
fcl_cla_code.asm                                                     PAGE   50

    2453                      .dwattr $C$DW$173, DW_AT_name("PCR")
    2454                      .dwattr $C$DW$173, DW_AT_bit_offset(0x08)
    2455                      .dwattr $C$DW$173, DW_AT_bit_size(0x01)
    2456                      .dwattr $C$DW$173, DW_AT_accessibility(DW_ACCESS_public)
    2457                      .dwattr $C$DW$173, DW_AT_decl_file("C:\TI\C2000Ware_MotorControl_SDK_5_04_00_00\c2000ware\device_supp
    2458                      .dwattr $C$DW$173, DW_AT_decl_line(0xbc)
    2459                      .dwattr $C$DW$173, DW_AT_decl_column(0x0c)
    2460              
    2461              $C$DW$174       .dwtag  DW_TAG_member
    2462                      .dwattr $C$DW$174, DW_AT_type(*$C$DW$T$32)
    2463                      .dwattr $C$DW$174, DW_AT_name("PCM")
    2464                      .dwattr $C$DW$174, DW_AT_bit_offset(0x07)
    2465                      .dwattr $C$DW$174, DW_AT_bit_size(0x01)
    2466                      .dwattr $C$DW$174, DW_AT_accessibility(DW_ACCESS_public)
    2467                      .dwattr $C$DW$174, DW_AT_decl_file("C:\TI\C2000Ware_MotorControl_SDK_5_04_00_00\c2000ware\device_supp
    2468                      .dwattr $C$DW$174, DW_AT_decl_line(0xbd)
    2469                      .dwattr $C$DW$174, DW_AT_decl_column(0x0c)
    2470              
    2471              $C$DW$175       .dwtag  DW_TAG_member
    2472                      .dwattr $C$DW$175, DW_AT_type(*$C$DW$T$32)
    2473                      .dwattr $C$DW$175, DW_AT_name("SEL")
    2474                      .dwattr $C$DW$175, DW_AT_bit_offset(0x06)
    2475                      .dwattr $C$DW$175, DW_AT_bit_size(0x01)
    2476                      .dwattr $C$DW$175, DW_AT_accessibility(DW_ACCESS_public)
    2477                      .dwattr $C$DW$175, DW_AT_decl_file("C:\TI\C2000Ware_MotorControl_SDK_5_04_00_00\c2000ware\device_supp
    2478                      .dwattr $C$DW$175, DW_AT_decl_line(0xbe)
    2479                      .dwattr $C$DW$175, DW_AT_decl_column(0x0c)
    2480              
    2481              $C$DW$176       .dwtag  DW_TAG_member
    2482                      .dwattr $C$DW$176, DW_AT_type(*$C$DW$T$32)
    2483                      .dwattr $C$DW$176, DW_AT_name("IEL")
    2484                      .dwattr $C$DW$176, DW_AT_bit_offset(0x05)
    2485                      .dwattr $C$DW$176, DW_AT_bit_size(0x01)
    2486                      .dwattr $C$DW$176, DW_AT_accessibility(DW_ACCESS_public)
    2487                      .dwattr $C$DW$176, DW_AT_decl_file("C:\TI\C2000Ware_MotorControl_SDK_5_04_00_00\c2000ware\device_supp
    2488                      .dwattr $C$DW$176, DW_AT_decl_line(0xbf)
    2489                      .dwattr $C$DW$176, DW_AT_decl_column(0x0c)
    2490              
    2491              $C$DW$177       .dwtag  DW_TAG_member
    2492                      .dwattr $C$DW$177, DW_AT_type(*$C$DW$T$32)
    2493                      .dwattr $C$DW$177, DW_AT_name("UTO")
    2494                      .dwattr $C$DW$177, DW_AT_bit_offset(0x04)
    2495                      .dwattr $C$DW$177, DW_AT_bit_size(0x01)
    2496                      .dwattr $C$DW$177, DW_AT_accessibility(DW_ACCESS_public)
    2497                      .dwattr $C$DW$177, DW_AT_decl_file("C:\TI\C2000Ware_MotorControl_SDK_5_04_00_00\c2000ware\device_supp
    2498                      .dwattr $C$DW$177, DW_AT_decl_line(0xc0)
    2499                      .dwattr $C$DW$177, DW_AT_decl_column(0x0c)
    2500              
    2501              $C$DW$178       .dwtag  DW_TAG_member
    2502                      .dwattr $C$DW$178, DW_AT_type(*$C$DW$T$32)
    2503                      .dwattr $C$DW$178, DW_AT_name("rsvd2")
    2504                      .dwattr $C$DW$178, DW_AT_bit_offset(0x00)
    2505                      .dwattr $C$DW$178, DW_AT_bit_size(0x04)
    2506                      .dwattr $C$DW$178, DW_AT_accessibility(DW_ACCESS_public)
    2507                      .dwattr $C$DW$178, DW_AT_decl_file("C:\TI\C2000Ware_MotorControl_SDK_5_04_00_00\c2000ware\device_supp
TMS320C2000 Assembler PC v22.6.2 Sun Jan 25 20:51:25 2026

Copyright (c) 1996-2018 Texas Instruments Incorporated
fcl_cla_code.asm                                                     PAGE   51

    2508                      .dwattr $C$DW$178, DW_AT_decl_line(0xc1)
    2509                      .dwattr $C$DW$178, DW_AT_decl_column(0x0c)
    2510              
    2511                      .dwattr $C$DW$T$47, DW_AT_decl_file("C:\TI\C2000Ware_MotorControl_SDK_5_04_00_00\c2000ware\device_sup
    2512                      .dwattr $C$DW$T$47, DW_AT_decl_line(0xb4)
    2513                      .dwattr $C$DW$T$47, DW_AT_decl_column(0x08)
    2514                      .dwendtag $C$DW$T$47
    2515              
    2516                      .dwendtag $C$DW$TU$47
    2517              
    2518              
    2519              $C$DW$TU$48     .dwtag  DW_TAG_type_unit
    2520                      .dwmtype  $C$DW$T$48
    2521              
    2522              $C$DW$T$48      .dwtag  DW_TAG_union_type
    2523                      .dwattr $C$DW$T$48, DW_AT_name("QFRC_REG")
    2524                      .dwattr $C$DW$T$48, DW_AT_byte_size(0x01)
    2525              $C$DW$179       .dwtag  DW_TAG_member
    2526                      .dwattr $C$DW$179, DW_AT_type(*$C$DW$T$32)
    2527                      .dwattr $C$DW$179, DW_AT_name("all")
    2528                      .dwattr $C$DW$179, DW_AT_accessibility(DW_ACCESS_public)
    2529                      .dwattr $C$DW$179, DW_AT_decl_file("C:\TI\C2000Ware_MotorControl_SDK_5_04_00_00\c2000ware\device_supp
    2530                      .dwattr $C$DW$179, DW_AT_decl_line(0xc5)
    2531                      .dwattr $C$DW$179, DW_AT_decl_column(0x0d)
    2532              
    2533              $C$DW$180       .dwtag  DW_TAG_member
    2534                      .dwattr $C$DW$180, DW_AT_type(*$C$DW$T$47)
    2535                      .dwattr $C$DW$180, DW_AT_name("bit")
    2536                      .dwattr $C$DW$180, DW_AT_accessibility(DW_ACCESS_public)
    2537                      .dwattr $C$DW$180, DW_AT_decl_file("C:\TI\C2000Ware_MotorControl_SDK_5_04_00_00\c2000ware\device_supp
    2538                      .dwattr $C$DW$180, DW_AT_decl_line(0xc6)
    2539                      .dwattr $C$DW$180, DW_AT_decl_column(0x18)
    2540              
    2541                      .dwattr $C$DW$T$48, DW_AT_decl_file("C:\TI\C2000Ware_MotorControl_SDK_5_04_00_00\c2000ware\device_sup
    2542                      .dwattr $C$DW$T$48, DW_AT_decl_line(0xc4)
    2543                      .dwattr $C$DW$T$48, DW_AT_decl_column(0x07)
    2544                      .dwendtag $C$DW$T$48
    2545              
    2546                      .dwendtag $C$DW$TU$48
    2547              
    2548              
    2549              $C$DW$TU$49     .dwtag  DW_TAG_type_unit
    2550                      .dwmtype  $C$DW$T$49
    2551              
    2552              $C$DW$T$49      .dwtag  DW_TAG_structure_type
    2553                      .dwattr $C$DW$T$49, DW_AT_name("QPOSCTL_BITS")
    2554                      .dwattr $C$DW$T$49, DW_AT_byte_size(0x01)
    2555              $C$DW$181       .dwtag  DW_TAG_member
    2556                      .dwattr $C$DW$181, DW_AT_type(*$C$DW$T$32)
    2557                      .dwattr $C$DW$181, DW_AT_name("PCSPW")
    2558                      .dwattr $C$DW$181, DW_AT_bit_offset(0x04)
    2559                      .dwattr $C$DW$181, DW_AT_bit_size(0x0c)
    2560                      .dwattr $C$DW$181, DW_AT_accessibility(DW_ACCESS_public)
    2561                      .dwattr $C$DW$181, DW_AT_decl_file("C:\TI\C2000Ware_MotorControl_SDK_5_04_00_00\c2000ware\device_supp
    2562                      .dwattr $C$DW$181, DW_AT_decl_line(0x69)
TMS320C2000 Assembler PC v22.6.2 Sun Jan 25 20:51:25 2026

Copyright (c) 1996-2018 Texas Instruments Incorporated
fcl_cla_code.asm                                                     PAGE   52

    2563                      .dwattr $C$DW$181, DW_AT_decl_column(0x0c)
    2564              
    2565              $C$DW$182       .dwtag  DW_TAG_member
    2566                      .dwattr $C$DW$182, DW_AT_type(*$C$DW$T$32)
    2567                      .dwattr $C$DW$182, DW_AT_name("PCE")
    2568                      .dwattr $C$DW$182, DW_AT_bit_offset(0x03)
    2569                      .dwattr $C$DW$182, DW_AT_bit_size(0x01)
    2570                      .dwattr $C$DW$182, DW_AT_accessibility(DW_ACCESS_public)
    2571                      .dwattr $C$DW$182, DW_AT_decl_file("C:\TI\C2000Ware_MotorControl_SDK_5_04_00_00\c2000ware\device_supp
    2572                      .dwattr $C$DW$182, DW_AT_decl_line(0x6a)
    2573                      .dwattr $C$DW$182, DW_AT_decl_column(0x0c)
    2574              
    2575              $C$DW$183       .dwtag  DW_TAG_member
    2576                      .dwattr $C$DW$183, DW_AT_type(*$C$DW$T$32)
    2577                      .dwattr $C$DW$183, DW_AT_name("PCPOL")
    2578                      .dwattr $C$DW$183, DW_AT_bit_offset(0x02)
    2579                      .dwattr $C$DW$183, DW_AT_bit_size(0x01)
    2580                      .dwattr $C$DW$183, DW_AT_accessibility(DW_ACCESS_public)
    2581                      .dwattr $C$DW$183, DW_AT_decl_file("C:\TI\C2000Ware_MotorControl_SDK_5_04_00_00\c2000ware\device_supp
    2582                      .dwattr $C$DW$183, DW_AT_decl_line(0x6b)
    2583                      .dwattr $C$DW$183, DW_AT_decl_column(0x0c)
    2584              
    2585              $C$DW$184       .dwtag  DW_TAG_member
    2586                      .dwattr $C$DW$184, DW_AT_type(*$C$DW$T$32)
    2587                      .dwattr $C$DW$184, DW_AT_name("PCLOAD")
    2588                      .dwattr $C$DW$184, DW_AT_bit_offset(0x01)
    2589                      .dwattr $C$DW$184, DW_AT_bit_size(0x01)
    2590                      .dwattr $C$DW$184, DW_AT_accessibility(DW_ACCESS_public)
    2591                      .dwattr $C$DW$184, DW_AT_decl_file("C:\TI\C2000Ware_MotorControl_SDK_5_04_00_00\c2000ware\device_supp
    2592                      .dwattr $C$DW$184, DW_AT_decl_line(0x6c)
    2593                      .dwattr $C$DW$184, DW_AT_decl_column(0x0c)
    2594              
    2595              $C$DW$185       .dwtag  DW_TAG_member
    2596                      .dwattr $C$DW$185, DW_AT_type(*$C$DW$T$32)
    2597                      .dwattr $C$DW$185, DW_AT_name("PCSHDW")
    2598                      .dwattr $C$DW$185, DW_AT_bit_offset(0x00)
    2599                      .dwattr $C$DW$185, DW_AT_bit_size(0x01)
    2600                      .dwattr $C$DW$185, DW_AT_accessibility(DW_ACCESS_public)
    2601                      .dwattr $C$DW$185, DW_AT_decl_file("C:\TI\C2000Ware_MotorControl_SDK_5_04_00_00\c2000ware\device_supp
    2602                      .dwattr $C$DW$185, DW_AT_decl_line(0x6d)
    2603                      .dwattr $C$DW$185, DW_AT_decl_column(0x0c)
    2604              
    2605                      .dwattr $C$DW$T$49, DW_AT_decl_file("C:\TI\C2000Ware_MotorControl_SDK_5_04_00_00\c2000ware\device_sup
    2606                      .dwattr $C$DW$T$49, DW_AT_decl_line(0x68)
    2607                      .dwattr $C$DW$T$49, DW_AT_decl_column(0x08)
    2608                      .dwendtag $C$DW$T$49
    2609              
    2610                      .dwendtag $C$DW$TU$49
    2611              
    2612              
    2613              $C$DW$TU$50     .dwtag  DW_TAG_type_unit
    2614                      .dwmtype  $C$DW$T$50
    2615              
    2616              $C$DW$T$50      .dwtag  DW_TAG_union_type
    2617                      .dwattr $C$DW$T$50, DW_AT_name("QPOSCTL_REG")
TMS320C2000 Assembler PC v22.6.2 Sun Jan 25 20:51:25 2026

Copyright (c) 1996-2018 Texas Instruments Incorporated
fcl_cla_code.asm                                                     PAGE   53

    2618                      .dwattr $C$DW$T$50, DW_AT_byte_size(0x01)
    2619              $C$DW$186       .dwtag  DW_TAG_member
    2620                      .dwattr $C$DW$186, DW_AT_type(*$C$DW$T$32)
    2621                      .dwattr $C$DW$186, DW_AT_name("all")
    2622                      .dwattr $C$DW$186, DW_AT_accessibility(DW_ACCESS_public)
    2623                      .dwattr $C$DW$186, DW_AT_decl_file("C:\TI\C2000Ware_MotorControl_SDK_5_04_00_00\c2000ware\device_supp
    2624                      .dwattr $C$DW$186, DW_AT_decl_line(0x71)
    2625                      .dwattr $C$DW$186, DW_AT_decl_column(0x0d)
    2626              
    2627              $C$DW$187       .dwtag  DW_TAG_member
    2628                      .dwattr $C$DW$187, DW_AT_type(*$C$DW$T$49)
    2629                      .dwattr $C$DW$187, DW_AT_name("bit")
    2630                      .dwattr $C$DW$187, DW_AT_accessibility(DW_ACCESS_public)
    2631                      .dwattr $C$DW$187, DW_AT_decl_file("C:\TI\C2000Ware_MotorControl_SDK_5_04_00_00\c2000ware\device_supp
    2632                      .dwattr $C$DW$187, DW_AT_decl_line(0x72)
    2633                      .dwattr $C$DW$187, DW_AT_decl_column(0x1b)
    2634              
    2635                      .dwattr $C$DW$T$50, DW_AT_decl_file("C:\TI\C2000Ware_MotorControl_SDK_5_04_00_00\c2000ware\device_sup
    2636                      .dwattr $C$DW$T$50, DW_AT_decl_line(0x70)
    2637                      .dwattr $C$DW$T$50, DW_AT_decl_column(0x07)
    2638                      .dwendtag $C$DW$T$50
    2639              
    2640                      .dwendtag $C$DW$TU$50
    2641              
    2642              
    2643              $C$DW$TU$2      .dwtag  DW_TAG_type_unit
    2644                      .dwmtype  $C$DW$T$2
    2645              $C$DW$T$2       .dwtag  DW_TAG_unspecified_type
    2646                      .dwattr $C$DW$T$2, DW_AT_name("void")
    2647              
    2648                      .dwendtag $C$DW$TU$2
    2649              
    2650              
    2651              $C$DW$TU$4      .dwtag  DW_TAG_type_unit
    2652                      .dwmtype  $C$DW$T$4
    2653              $C$DW$T$4       .dwtag  DW_TAG_base_type
    2654                      .dwattr $C$DW$T$4, DW_AT_encoding(DW_ATE_boolean)
    2655                      .dwattr $C$DW$T$4, DW_AT_name("bool")
    2656                      .dwattr $C$DW$T$4, DW_AT_byte_size(0x02)
    2657              
    2658                      .dwendtag $C$DW$TU$4
    2659              
    2660              
    2661              $C$DW$TU$5      .dwtag  DW_TAG_type_unit
    2662                      .dwmtype  $C$DW$T$5
    2663              $C$DW$T$5       .dwtag  DW_TAG_base_type
    2664                      .dwattr $C$DW$T$5, DW_AT_encoding(DW_ATE_signed_char)
    2665                      .dwattr $C$DW$T$5, DW_AT_name("signed char")
    2666                      .dwattr $C$DW$T$5, DW_AT_byte_size(0x01)
    2667              
    2668                      .dwendtag $C$DW$TU$5
    2669              
    2670              
    2671              $C$DW$TU$6      .dwtag  DW_TAG_type_unit
    2672                      .dwmtype  $C$DW$T$6
TMS320C2000 Assembler PC v22.6.2 Sun Jan 25 20:51:25 2026

Copyright (c) 1996-2018 Texas Instruments Incorporated
fcl_cla_code.asm                                                     PAGE   54

    2673              $C$DW$T$6       .dwtag  DW_TAG_base_type
    2674                      .dwattr $C$DW$T$6, DW_AT_encoding(DW_ATE_unsigned_char)
    2675                      .dwattr $C$DW$T$6, DW_AT_name("unsigned char")
    2676                      .dwattr $C$DW$T$6, DW_AT_byte_size(0x01)
    2677              
    2678                      .dwendtag $C$DW$TU$6
    2679              
    2680              
    2681              $C$DW$TU$7      .dwtag  DW_TAG_type_unit
    2682                      .dwmtype  $C$DW$T$7
    2683              $C$DW$T$7       .dwtag  DW_TAG_base_type
    2684                      .dwattr $C$DW$T$7, DW_AT_encoding(DW_ATE_signed_char)
    2685                      .dwattr $C$DW$T$7, DW_AT_name("wchar_t")
    2686                      .dwattr $C$DW$T$7, DW_AT_byte_size(0x01)
    2687              
    2688                      .dwendtag $C$DW$TU$7
    2689              
    2690              
    2691              $C$DW$TU$8      .dwtag  DW_TAG_type_unit
    2692                      .dwmtype  $C$DW$T$8
    2693              $C$DW$T$8       .dwtag  DW_TAG_base_type
    2694                      .dwattr $C$DW$T$8, DW_AT_encoding(DW_ATE_signed)
    2695                      .dwattr $C$DW$T$8, DW_AT_name("short")
    2696                      .dwattr $C$DW$T$8, DW_AT_byte_size(0x01)
    2697              
    2698                      .dwendtag $C$DW$TU$8
    2699              
    2700              
    2701              $C$DW$TU$9      .dwtag  DW_TAG_type_unit
    2702                      .dwmtype  $C$DW$T$9
    2703              $C$DW$T$9       .dwtag  DW_TAG_base_type
    2704                      .dwattr $C$DW$T$9, DW_AT_encoding(DW_ATE_unsigned)
    2705                      .dwattr $C$DW$T$9, DW_AT_name("unsigned short")
    2706                      .dwattr $C$DW$T$9, DW_AT_byte_size(0x01)
    2707              
    2708                      .dwendtag $C$DW$TU$9
    2709              
    2710              
    2711              $C$DW$TU$32     .dwtag  DW_TAG_type_unit
    2712                      .dwmtype  $C$DW$T$32
    2713              $C$DW$T$32      .dwtag  DW_TAG_typedef
    2714                      .dwattr $C$DW$T$32, DW_AT_name("Uint16")
    2715                      .dwattr $C$DW$T$32, DW_AT_type(*$C$DW$T$9)
    2716                      .dwattr $C$DW$T$32, DW_AT_decl_file("C:\TI\C2000Ware_MotorControl_SDK_5_04_00_00\c2000ware\device_sup
    2717                      .dwattr $C$DW$T$32, DW_AT_decl_line(0x4d)
    2718                      .dwattr $C$DW$T$32, DW_AT_decl_column(0x31)
    2719              
    2720                      .dwendtag $C$DW$TU$32
    2721              
    2722              
    2723              $C$DW$TU$20     .dwtag  DW_TAG_type_unit
    2724                      .dwmtype  $C$DW$T$20
    2725              $C$DW$T$20      .dwtag  DW_TAG_typedef
    2726                      .dwattr $C$DW$T$20, DW_AT_name("__uint16_t")
    2727                      .dwattr $C$DW$T$20, DW_AT_type(*$C$DW$T$9)
TMS320C2000 Assembler PC v22.6.2 Sun Jan 25 20:51:25 2026

Copyright (c) 1996-2018 Texas Instruments Incorporated
fcl_cla_code.asm                                                     PAGE   55

    2728                      .dwattr $C$DW$T$20, DW_AT_decl_file("D:/TI/ccs/ccs/tools/compiler/ti-cgt-c2000_22.6.2.LTS/include/mac
    2729                      .dwattr $C$DW$T$20, DW_AT_decl_line(0x3c)
    2730                      .dwattr $C$DW$T$20, DW_AT_decl_column(0x1c)
    2731              
    2732                      .dwendtag $C$DW$TU$20
    2733              
    2734              
    2735              $C$DW$TU$21     .dwtag  DW_TAG_type_unit
    2736                      .dwmtype  $C$DW$T$21
    2737              $C$DW$T$21      .dwtag  DW_TAG_typedef
    2738                      .dwattr $C$DW$T$21, DW_AT_name("uint16_t")
    2739                      .dwattr $C$DW$T$21, DW_AT_type(*$C$DW$T$20)
    2740                      .dwattr $C$DW$T$21, DW_AT_decl_file("D:/TI/ccs/ccs/tools/compiler/ti-cgt-c2000_22.6.2.LTS/include/sys
    2741                      .dwattr $C$DW$T$21, DW_AT_decl_line(0x41)
    2742                      .dwattr $C$DW$T$21, DW_AT_decl_column(0x15)
    2743              
    2744                      .dwendtag $C$DW$TU$21
    2745              
    2746              
    2747              $C$DW$TU$10     .dwtag  DW_TAG_type_unit
    2748                      .dwmtype  $C$DW$T$10
    2749              $C$DW$T$10      .dwtag  DW_TAG_base_type
    2750                      .dwattr $C$DW$T$10, DW_AT_encoding(DW_ATE_signed)
    2751                      .dwattr $C$DW$T$10, DW_AT_name("int")
    2752                      .dwattr $C$DW$T$10, DW_AT_byte_size(0x02)
    2753              
    2754                      .dwendtag $C$DW$TU$10
    2755              
    2756              
    2757              $C$DW$TU$24     .dwtag  DW_TAG_type_unit
    2758                      .dwmtype  $C$DW$T$24
    2759              $C$DW$T$24      .dwtag  DW_TAG_typedef
    2760                      .dwattr $C$DW$T$24, DW_AT_name("__int32_t")
    2761                      .dwattr $C$DW$T$24, DW_AT_type(*$C$DW$T$10)
    2762                      .dwattr $C$DW$T$24, DW_AT_decl_file("D:/TI/ccs/ccs/tools/compiler/ti-cgt-c2000_22.6.2.LTS/include/mac
    2763                      .dwattr $C$DW$T$24, DW_AT_decl_line(0x3d)
    2764                      .dwattr $C$DW$T$24, DW_AT_decl_column(0x1d)
    2765              
    2766                      .dwendtag $C$DW$TU$24
    2767              
    2768              
    2769              $C$DW$TU$25     .dwtag  DW_TAG_type_unit
    2770                      .dwmtype  $C$DW$T$25
    2771              $C$DW$T$25      .dwtag  DW_TAG_typedef
    2772                      .dwattr $C$DW$T$25, DW_AT_name("int32_t")
    2773                      .dwattr $C$DW$T$25, DW_AT_type(*$C$DW$T$24)
    2774                      .dwattr $C$DW$T$25, DW_AT_decl_file("D:/TI/ccs/ccs/tools/compiler/ti-cgt-c2000_22.6.2.LTS/include/sys
    2775                      .dwattr $C$DW$T$25, DW_AT_decl_line(0x30)
    2776                      .dwattr $C$DW$T$25, DW_AT_decl_column(0x14)
    2777              
    2778                      .dwendtag $C$DW$TU$25
    2779              
    2780              
    2781              $C$DW$TU$11     .dwtag  DW_TAG_type_unit
    2782                      .dwmtype  $C$DW$T$11
TMS320C2000 Assembler PC v22.6.2 Sun Jan 25 20:51:25 2026

Copyright (c) 1996-2018 Texas Instruments Incorporated
fcl_cla_code.asm                                                     PAGE   56

    2783              $C$DW$T$11      .dwtag  DW_TAG_base_type
    2784                      .dwattr $C$DW$T$11, DW_AT_encoding(DW_ATE_unsigned)
    2785                      .dwattr $C$DW$T$11, DW_AT_name("unsigned int")
    2786                      .dwattr $C$DW$T$11, DW_AT_byte_size(0x02)
    2787              
    2788                      .dwendtag $C$DW$TU$11
    2789              
    2790              
    2791              $C$DW$TU$22     .dwtag  DW_TAG_type_unit
    2792                      .dwmtype  $C$DW$T$22
    2793              $C$DW$T$22      .dwtag  DW_TAG_typedef
    2794                      .dwattr $C$DW$T$22, DW_AT_name("__uint32_t")
    2795                      .dwattr $C$DW$T$22, DW_AT_type(*$C$DW$T$11)
    2796                      .dwattr $C$DW$T$22, DW_AT_decl_file("D:/TI/ccs/ccs/tools/compiler/ti-cgt-c2000_22.6.2.LTS/include/mac
    2797                      .dwattr $C$DW$T$22, DW_AT_decl_line(0x3e)
    2798                      .dwattr $C$DW$T$22, DW_AT_decl_column(0x1c)
    2799              
    2800                      .dwendtag $C$DW$TU$22
    2801              
    2802              
    2803              $C$DW$TU$23     .dwtag  DW_TAG_type_unit
    2804                      .dwmtype  $C$DW$T$23
    2805              $C$DW$T$23      .dwtag  DW_TAG_typedef
    2806                      .dwattr $C$DW$T$23, DW_AT_name("uint32_t")
    2807                      .dwattr $C$DW$T$23, DW_AT_type(*$C$DW$T$22)
    2808                      .dwattr $C$DW$T$23, DW_AT_decl_file("D:/TI/ccs/ccs/tools/compiler/ti-cgt-c2000_22.6.2.LTS/include/sys
    2809                      .dwattr $C$DW$T$23, DW_AT_decl_line(0x46)
    2810                      .dwattr $C$DW$T$23, DW_AT_decl_column(0x15)
    2811              
    2812                      .dwendtag $C$DW$TU$23
    2813              
    2814              
    2815              $C$DW$TU$12     .dwtag  DW_TAG_type_unit
    2816                      .dwmtype  $C$DW$T$12
    2817              $C$DW$T$12      .dwtag  DW_TAG_base_type
    2818                      .dwattr $C$DW$T$12, DW_AT_encoding(DW_ATE_signed)
    2819                      .dwattr $C$DW$T$12, DW_AT_name("long")
    2820                      .dwattr $C$DW$T$12, DW_AT_byte_size(0x02)
    2821              
    2822                      .dwendtag $C$DW$TU$12
    2823              
    2824              
    2825              $C$DW$TU$70     .dwtag  DW_TAG_type_unit
    2826                      .dwmtype  $C$DW$T$70
    2827              $C$DW$T$70      .dwtag  DW_TAG_typedef
    2828                      .dwattr $C$DW$T$70, DW_AT_name("int32")
    2829                      .dwattr $C$DW$T$70, DW_AT_type(*$C$DW$T$12)
    2830                      .dwattr $C$DW$T$70, DW_AT_decl_file("C:\TI\C2000Ware_MotorControl_SDK_5_04_00_00\c2000ware\device_sup
    2831                      .dwattr $C$DW$T$70, DW_AT_decl_line(0x4b)
    2832                      .dwattr $C$DW$T$70, DW_AT_decl_column(0x31)
    2833              
    2834                      .dwendtag $C$DW$TU$70
    2835              
    2836              
    2837              $C$DW$TU$13     .dwtag  DW_TAG_type_unit
TMS320C2000 Assembler PC v22.6.2 Sun Jan 25 20:51:25 2026

Copyright (c) 1996-2018 Texas Instruments Incorporated
fcl_cla_code.asm                                                     PAGE   57

    2838                      .dwmtype  $C$DW$T$13
    2839              $C$DW$T$13      .dwtag  DW_TAG_base_type
    2840                      .dwattr $C$DW$T$13, DW_AT_encoding(DW_ATE_unsigned)
    2841                      .dwattr $C$DW$T$13, DW_AT_name("unsigned long")
    2842                      .dwattr $C$DW$T$13, DW_AT_byte_size(0x02)
    2843              
    2844                      .dwendtag $C$DW$TU$13
    2845              
    2846              
    2847              $C$DW$TU$51     .dwtag  DW_TAG_type_unit
    2848                      .dwmtype  $C$DW$T$51
    2849              $C$DW$T$51      .dwtag  DW_TAG_typedef
    2850                      .dwattr $C$DW$T$51, DW_AT_name("Uint32")
    2851                      .dwattr $C$DW$T$51, DW_AT_type(*$C$DW$T$13)
    2852                      .dwattr $C$DW$T$51, DW_AT_decl_file("C:\TI\C2000Ware_MotorControl_SDK_5_04_00_00\c2000ware\device_sup
    2853                      .dwattr $C$DW$T$51, DW_AT_decl_line(0x4e)
    2854                      .dwattr $C$DW$T$51, DW_AT_decl_column(0x31)
    2855              
    2856                      .dwendtag $C$DW$TU$51
    2857              
    2858              
    2859              $C$DW$TU$14     .dwtag  DW_TAG_type_unit
    2860                      .dwmtype  $C$DW$T$14
    2861              $C$DW$T$14      .dwtag  DW_TAG_base_type
    2862                      .dwattr $C$DW$T$14, DW_AT_encoding(DW_ATE_signed)
    2863                      .dwattr $C$DW$T$14, DW_AT_name("long long")
    2864                      .dwattr $C$DW$T$14, DW_AT_byte_size(0x04)
    2865              
    2866                      .dwendtag $C$DW$TU$14
    2867              
    2868              
    2869              $C$DW$TU$15     .dwtag  DW_TAG_type_unit
    2870                      .dwmtype  $C$DW$T$15
    2871              $C$DW$T$15      .dwtag  DW_TAG_base_type
    2872                      .dwattr $C$DW$T$15, DW_AT_encoding(DW_ATE_unsigned)
    2873                      .dwattr $C$DW$T$15, DW_AT_name("unsigned long long")
    2874                      .dwattr $C$DW$T$15, DW_AT_byte_size(0x04)
    2875              
    2876                      .dwendtag $C$DW$TU$15
    2877              
    2878              
    2879              $C$DW$TU$16     .dwtag  DW_TAG_type_unit
    2880                      .dwmtype  $C$DW$T$16
    2881              $C$DW$T$16      .dwtag  DW_TAG_base_type
    2882                      .dwattr $C$DW$T$16, DW_AT_encoding(DW_ATE_float)
    2883                      .dwattr $C$DW$T$16, DW_AT_name("float")
    2884                      .dwattr $C$DW$T$16, DW_AT_byte_size(0x02)
    2885              
    2886                      .dwendtag $C$DW$TU$16
    2887              
    2888              
    2889              $C$DW$TU$19     .dwtag  DW_TAG_type_unit
    2890                      .dwmtype  $C$DW$T$19
    2891              $C$DW$T$19      .dwtag  DW_TAG_typedef
    2892                      .dwattr $C$DW$T$19, DW_AT_name("float32_t")
TMS320C2000 Assembler PC v22.6.2 Sun Jan 25 20:51:25 2026

Copyright (c) 1996-2018 Texas Instruments Incorporated
fcl_cla_code.asm                                                     PAGE   58

    2893                      .dwattr $C$DW$T$19, DW_AT_type(*$C$DW$T$16)
    2894                      .dwattr $C$DW$T$19, DW_AT_decl_file("C:/TI/C2000Ware_MotorControl_SDK_5_04_00_00/c2000ware/driverlib/
    2895                      .dwattr $C$DW$T$19, DW_AT_decl_line(0x66)
    2896                      .dwattr $C$DW$T$19, DW_AT_decl_column(0x17)
    2897              
    2898                      .dwendtag $C$DW$TU$19
    2899              
    2900              
    2901              $C$DW$TU$17     .dwtag  DW_TAG_type_unit
    2902                      .dwmtype  $C$DW$T$17
    2903              $C$DW$T$17      .dwtag  DW_TAG_base_type
    2904                      .dwattr $C$DW$T$17, DW_AT_encoding(DW_ATE_float)
    2905                      .dwattr $C$DW$T$17, DW_AT_name("double")
    2906                      .dwattr $C$DW$T$17, DW_AT_byte_size(0x04)
    2907              
    2908                      .dwendtag $C$DW$TU$17
    2909              
    2910              
    2911              $C$DW$TU$18     .dwtag  DW_TAG_type_unit
    2912                      .dwmtype  $C$DW$T$18
    2913              $C$DW$T$18      .dwtag  DW_TAG_base_type
    2914                      .dwattr $C$DW$T$18, DW_AT_encoding(DW_ATE_float)
    2915                      .dwattr $C$DW$T$18, DW_AT_name("long double")
    2916                      .dwattr $C$DW$T$18, DW_AT_byte_size(0x04)
    2917              
    2918                      .dwendtag $C$DW$TU$18
    2919              
    2920              
    2921              $C$DW$TU$53     .dwtag  DW_TAG_type_unit
    2922                      .dwmtype  $C$DW$T$53
    2923              
    2924              $C$DW$T$53      .dwtag  DW_TAG_structure_type
    2925                      .dwattr $C$DW$T$53, DW_AT_name("motPars")
    2926                      .dwattr $C$DW$T$53, DW_AT_byte_size(0x0e)
    2927              $C$DW$188       .dwtag  DW_TAG_member
    2928                      .dwattr $C$DW$188, DW_AT_type(*$C$DW$T$19)
    2929                      .dwattr $C$DW$188, DW_AT_name("cosWTs")
    2930                      .dwattr $C$DW$188, DW_AT_accessibility(DW_ACCESS_public)
    2931                      .dwattr $C$DW$188, DW_AT_decl_file("C:/TI/C2000Ware_MotorControl_SDK_5_04_00_00/libraries/fcl/include
    2932                      .dwattr $C$DW$188, DW_AT_decl_line(0x3f)
    2933                      .dwattr $C$DW$188, DW_AT_decl_column(0x0f)
    2934              
    2935              $C$DW$189       .dwtag  DW_TAG_member
    2936                      .dwattr $C$DW$189, DW_AT_type(*$C$DW$T$19)
    2937                      .dwattr $C$DW$189, DW_AT_name("sinWTs")
    2938                      .dwattr $C$DW$189, DW_AT_data_member_location[DW_OP_plus_uconst 0x2]
    2939                      .dwattr $C$DW$189, DW_AT_accessibility(DW_ACCESS_public)
    2940                      .dwattr $C$DW$189, DW_AT_decl_file("C:/TI/C2000Ware_MotorControl_SDK_5_04_00_00/libraries/fcl/include
    2941                      .dwattr $C$DW$189, DW_AT_decl_line(0x40)
    2942                      .dwattr $C$DW$189, DW_AT_decl_column(0x0f)
    2943              
    2944              $C$DW$190       .dwtag  DW_TAG_member
    2945                      .dwattr $C$DW$190, DW_AT_type(*$C$DW$T$19)
    2946                      .dwattr $C$DW$190, DW_AT_name("expVal")
    2947                      .dwattr $C$DW$190, DW_AT_data_member_location[DW_OP_plus_uconst 0x4]
TMS320C2000 Assembler PC v22.6.2 Sun Jan 25 20:51:25 2026

Copyright (c) 1996-2018 Texas Instruments Incorporated
fcl_cla_code.asm                                                     PAGE   59

    2948                      .dwattr $C$DW$190, DW_AT_accessibility(DW_ACCESS_public)
    2949                      .dwattr $C$DW$190, DW_AT_decl_file("C:/TI/C2000Ware_MotorControl_SDK_5_04_00_00/libraries/fcl/include
    2950                      .dwattr $C$DW$190, DW_AT_decl_line(0x41)
    2951                      .dwattr $C$DW$190, DW_AT_decl_column(0x0f)
    2952              
    2953              $C$DW$191       .dwtag  DW_TAG_member
    2954                      .dwattr $C$DW$191, DW_AT_type(*$C$DW$T$19)
    2955                      .dwattr $C$DW$191, DW_AT_name("kDirect")
    2956                      .dwattr $C$DW$191, DW_AT_data_member_location[DW_OP_plus_uconst 0x6]
    2957                      .dwattr $C$DW$191, DW_AT_accessibility(DW_ACCESS_public)
    2958                      .dwattr $C$DW$191, DW_AT_decl_file("C:/TI/C2000Ware_MotorControl_SDK_5_04_00_00/libraries/fcl/include
    2959                      .dwattr $C$DW$191, DW_AT_decl_line(0x42)
    2960                      .dwattr $C$DW$191, DW_AT_decl_column(0x0f)
    2961              
    2962              $C$DW$192       .dwtag  DW_TAG_member
    2963                      .dwattr $C$DW$192, DW_AT_type(*$C$DW$T$19)
    2964                      .dwattr $C$DW$192, DW_AT_name("idErr")
    2965                      .dwattr $C$DW$192, DW_AT_data_member_location[DW_OP_plus_uconst 0x8]
    2966                      .dwattr $C$DW$192, DW_AT_accessibility(DW_ACCESS_public)
    2967                      .dwattr $C$DW$192, DW_AT_decl_file("C:/TI/C2000Ware_MotorControl_SDK_5_04_00_00/libraries/fcl/include
    2968                      .dwattr $C$DW$192, DW_AT_decl_line(0x43)
    2969                      .dwattr $C$DW$192, DW_AT_decl_column(0x0f)
    2970              
    2971              $C$DW$193       .dwtag  DW_TAG_member
    2972                      .dwattr $C$DW$193, DW_AT_type(*$C$DW$T$19)
    2973                      .dwattr $C$DW$193, DW_AT_name("iqErr")
    2974                      .dwattr $C$DW$193, DW_AT_data_member_location[DW_OP_plus_uconst 0xa]
    2975                      .dwattr $C$DW$193, DW_AT_accessibility(DW_ACCESS_public)
    2976                      .dwattr $C$DW$193, DW_AT_decl_file("C:/TI/C2000Ware_MotorControl_SDK_5_04_00_00/libraries/fcl/include
    2977                      .dwattr $C$DW$193, DW_AT_decl_line(0x44)
    2978                      .dwattr $C$DW$193, DW_AT_decl_column(0x0f)
    2979              
    2980              $C$DW$194       .dwtag  DW_TAG_member
    2981                      .dwattr $C$DW$194, DW_AT_type(*$C$DW$T$19)
    2982                      .dwattr $C$DW$194, DW_AT_name("carryOver")
    2983                      .dwattr $C$DW$194, DW_AT_data_member_location[DW_OP_plus_uconst 0xc]
    2984                      .dwattr $C$DW$194, DW_AT_accessibility(DW_ACCESS_public)
    2985                      .dwattr $C$DW$194, DW_AT_decl_file("C:/TI/C2000Ware_MotorControl_SDK_5_04_00_00/libraries/fcl/include
    2986                      .dwattr $C$DW$194, DW_AT_decl_line(0x45)
    2987                      .dwattr $C$DW$194, DW_AT_decl_column(0x0f)
    2988              
    2989                      .dwattr $C$DW$T$53, DW_AT_decl_file("C:/TI/C2000Ware_MotorControl_SDK_5_04_00_00/libraries/fcl/includ
    2990                      .dwattr $C$DW$T$53, DW_AT_decl_line(0x3e)
    2991                      .dwattr $C$DW$T$53, DW_AT_decl_column(0x10)
    2992                      .dwendtag $C$DW$T$53
    2993              
    2994                      .dwendtag $C$DW$TU$53
    2995              
    2996              
    2997              $C$DW$TU$71     .dwtag  DW_TAG_type_unit
    2998                      .dwmtype  $C$DW$T$71
    2999              $C$DW$T$71      .dwtag  DW_TAG_typedef
    3000                      .dwattr $C$DW$T$71, DW_AT_name("cmplxPars_t")
    3001                      .dwattr $C$DW$T$71, DW_AT_type(*$C$DW$T$53)
    3002                      .dwattr $C$DW$T$71, DW_AT_decl_file("C:/TI/C2000Ware_MotorControl_SDK_5_04_00_00/libraries/fcl/includ
TMS320C2000 Assembler PC v22.6.2 Sun Jan 25 20:51:25 2026

Copyright (c) 1996-2018 Texas Instruments Incorporated
fcl_cla_code.asm                                                     PAGE   60

    3003                      .dwattr $C$DW$T$71, DW_AT_decl_line(0x46)
    3004                      .dwattr $C$DW$T$71, DW_AT_decl_column(0x03)
    3005              
    3006                      .dwendtag $C$DW$TU$71
    3007              

No Assembly Errors, No Assembly Warnings
