TMS320C2000 Assembler PC v22.6.2 Thu Jan 22 11:16:45 2026

Copyright (c) 1996-2018 Texas Instruments Incorporated
fcl_f2837x_sfra_gui.asm                                              PAGE    1

       1              ;***************************************************************
       2              ;* TMS320C2000 G3 C/C++ Codegen                               PC v22.6.2.LTS *
       3              ;* Date/Time created: Thu Jan 22 11:16:44 2026                 *
       4              ;***************************************************************
       5                      .compiler_opts --abi=eabi --cla_support=cla1 --diag_wrap=off --float_support=fpu32 --hll_source=on --
       6                      .asg    XAR2, FP
       7              
       8              $C$DW$CU        .dwtag  DW_TAG_compile_unit
       9                      .dwattr $C$DW$CU, DW_AT_name("../sources/fcl_f2837x_sfra_gui.c")
      10                      .dwattr $C$DW$CU, DW_AT_producer("TI TMS320C2000 G3 C/C++ Codegen PC v22.6.2.LTS Copyright (c) 1996-2
      11                      .dwattr $C$DW$CU, DW_AT_TI_version(0x01)
      12                      .dwattr $C$DW$CU, DW_AT_comp_dir("C:\Users\JUNLI\workspace_ccstheia\fcl_f2837x_tmdxiddk\f2837x_RAM")
      13              
      14              $C$DW$1 .dwtag  DW_TAG_subprogram
      15                      .dwattr $C$DW$1, DW_AT_name("SFRA_F32_reset")
      16                      .dwattr $C$DW$1, DW_AT_linkage_name("SFRA_F32_reset")
      17                      .dwattr $C$DW$1, DW_AT_declaration
      18                      .dwattr $C$DW$1, DW_AT_external
      19                      .dwattr $C$DW$1, DW_AT_decl_file("C:/TI/C2000Ware_MotorControl_SDK_5_04_00_00/libraries/sfra/include/
      20                      .dwattr $C$DW$1, DW_AT_decl_line(0x5a)
      21                      .dwattr $C$DW$1, DW_AT_decl_column(0x0d)
      22              $C$DW$2 .dwtag  DW_TAG_formal_parameter
      23                      .dwattr $C$DW$2, DW_AT_type(*$C$DW$T$25)
      24              
      25                      .dwendtag $C$DW$1
      26              
      27              
      28              $C$DW$3 .dwtag  DW_TAG_subprogram
      29                      .dwattr $C$DW$3, DW_AT_name("SFRA_F32_config")
      30                      .dwattr $C$DW$3, DW_AT_linkage_name("SFRA_F32_config")
      31                      .dwattr $C$DW$3, DW_AT_declaration
      32                      .dwattr $C$DW$3, DW_AT_external
      33                      .dwattr $C$DW$3, DW_AT_decl_file("C:/TI/C2000Ware_MotorControl_SDK_5_04_00_00/libraries/sfra/include/
      34                      .dwattr $C$DW$3, DW_AT_decl_line(0x6e)
      35                      .dwattr $C$DW$3, DW_AT_decl_column(0x0d)
      36              $C$DW$4 .dwtag  DW_TAG_formal_parameter
      37                      .dwattr $C$DW$4, DW_AT_type(*$C$DW$T$25)
      38              
      39              $C$DW$5 .dwtag  DW_TAG_formal_parameter
      40                      .dwattr $C$DW$5, DW_AT_type(*$C$DW$T$19)
      41              
      42              $C$DW$6 .dwtag  DW_TAG_formal_parameter
      43                      .dwattr $C$DW$6, DW_AT_type(*$C$DW$T$19)
      44              
      45              $C$DW$7 .dwtag  DW_TAG_formal_parameter
      46                      .dwattr $C$DW$7, DW_AT_type(*$C$DW$T$22)
      47              
      48              $C$DW$8 .dwtag  DW_TAG_formal_parameter
      49                      .dwattr $C$DW$8, DW_AT_type(*$C$DW$T$19)
      50              
      51              $C$DW$9 .dwtag  DW_TAG_formal_parameter
      52                      .dwattr $C$DW$9, DW_AT_type(*$C$DW$T$19)
      53              
      54              $C$DW$10        .dwtag  DW_TAG_formal_parameter
      55                      .dwattr $C$DW$10, DW_AT_type(*$C$DW$T$20)
TMS320C2000 Assembler PC v22.6.2 Thu Jan 22 11:16:45 2026

Copyright (c) 1996-2018 Texas Instruments Incorporated
fcl_f2837x_sfra_gui.asm                                              PAGE    2

      56              
      57              $C$DW$11        .dwtag  DW_TAG_formal_parameter
      58                      .dwattr $C$DW$11, DW_AT_type(*$C$DW$T$20)
      59              
      60              $C$DW$12        .dwtag  DW_TAG_formal_parameter
      61                      .dwattr $C$DW$12, DW_AT_type(*$C$DW$T$20)
      62              
      63              $C$DW$13        .dwtag  DW_TAG_formal_parameter
      64                      .dwattr $C$DW$13, DW_AT_type(*$C$DW$T$20)
      65              
      66              $C$DW$14        .dwtag  DW_TAG_formal_parameter
      67                      .dwattr $C$DW$14, DW_AT_type(*$C$DW$T$20)
      68              
      69              $C$DW$15        .dwtag  DW_TAG_formal_parameter
      70                      .dwattr $C$DW$15, DW_AT_type(*$C$DW$T$20)
      71              
      72              $C$DW$16        .dwtag  DW_TAG_formal_parameter
      73                      .dwattr $C$DW$16, DW_AT_type(*$C$DW$T$20)
      74              
      75              $C$DW$17        .dwtag  DW_TAG_formal_parameter
      76                      .dwattr $C$DW$17, DW_AT_type(*$C$DW$T$22)
      77              
      78                      .dwendtag $C$DW$3
      79              
      80              
      81              $C$DW$18        .dwtag  DW_TAG_subprogram
      82                      .dwattr $C$DW$18, DW_AT_name("SFRA_F32_resetFreqRespArray")
      83                      .dwattr $C$DW$18, DW_AT_linkage_name("SFRA_F32_resetFreqRespArray")
      84                      .dwattr $C$DW$18, DW_AT_declaration
      85                      .dwattr $C$DW$18, DW_AT_external
      86                      .dwattr $C$DW$18, DW_AT_decl_file("C:/TI/C2000Ware_MotorControl_SDK_5_04_00_00/libraries/sfra/include
      87                      .dwattr $C$DW$18, DW_AT_decl_line(0x8c)
      88                      .dwattr $C$DW$18, DW_AT_decl_column(0x0d)
      89              $C$DW$19        .dwtag  DW_TAG_formal_parameter
      90                      .dwattr $C$DW$19, DW_AT_type(*$C$DW$T$25)
      91              
      92                      .dwendtag $C$DW$18
      93              
      94              
      95              $C$DW$20        .dwtag  DW_TAG_subprogram
      96                      .dwattr $C$DW$20, DW_AT_name("SFRA_F32_initFreqArrayWithLogSteps")
      97                      .dwattr $C$DW$20, DW_AT_linkage_name("SFRA_F32_initFreqArrayWithLogSteps")
      98                      .dwattr $C$DW$20, DW_AT_declaration
      99                      .dwattr $C$DW$20, DW_AT_external
     100                      .dwattr $C$DW$20, DW_AT_decl_file("C:/TI/C2000Ware_MotorControl_SDK_5_04_00_00/libraries/sfra/include
     101                      .dwattr $C$DW$20, DW_AT_decl_line(0x83)
     102                      .dwattr $C$DW$20, DW_AT_decl_column(0x0d)
     103              $C$DW$21        .dwtag  DW_TAG_formal_parameter
     104                      .dwattr $C$DW$21, DW_AT_type(*$C$DW$T$25)
     105              
     106              $C$DW$22        .dwtag  DW_TAG_formal_parameter
     107                      .dwattr $C$DW$22, DW_AT_type(*$C$DW$T$19)
     108              
     109              $C$DW$23        .dwtag  DW_TAG_formal_parameter
     110                      .dwattr $C$DW$23, DW_AT_type(*$C$DW$T$19)
TMS320C2000 Assembler PC v22.6.2 Thu Jan 22 11:16:45 2026

Copyright (c) 1996-2018 Texas Instruments Incorporated
fcl_f2837x_sfra_gui.asm                                              PAGE    3

     111              
     112                      .dwendtag $C$DW$20
     113              
     114              
     115              $C$DW$24        .dwtag  DW_TAG_subprogram
     116                      .dwattr $C$DW$24, DW_AT_name("SFRA_GUI_config")
     117                      .dwattr $C$DW$24, DW_AT_linkage_name("SFRA_GUI_config")
     118                      .dwattr $C$DW$24, DW_AT_declaration
     119                      .dwattr $C$DW$24, DW_AT_external
     120                      .dwattr $C$DW$24, DW_AT_decl_file("C:/TI/C2000Ware_MotorControl_SDK_5_04_00_00/libraries/sfra/gui/inc
     121                      .dwattr $C$DW$24, DW_AT_decl_line(0x3b)
     122                      .dwattr $C$DW$24, DW_AT_decl_column(0x06)
     123              $C$DW$25        .dwtag  DW_TAG_formal_parameter
     124                      .dwattr $C$DW$25, DW_AT_type(*$C$DW$T$35)
     125              
     126              $C$DW$26        .dwtag  DW_TAG_formal_parameter
     127                      .dwattr $C$DW$26, DW_AT_type(*$C$DW$T$34)
     128              
     129              $C$DW$27        .dwtag  DW_TAG_formal_parameter
     130                      .dwattr $C$DW$27, DW_AT_type(*$C$DW$T$34)
     131              
     132              $C$DW$28        .dwtag  DW_TAG_formal_parameter
     133                      .dwattr $C$DW$28, DW_AT_type(*$C$DW$T$37)
     134              
     135              $C$DW$29        .dwtag  DW_TAG_formal_parameter
     136                      .dwattr $C$DW$29, DW_AT_type(*$C$DW$T$34)
     137              
     138              $C$DW$30        .dwtag  DW_TAG_formal_parameter
     139                      .dwattr $C$DW$30, DW_AT_type(*$C$DW$T$37)
     140              
     141              $C$DW$31        .dwtag  DW_TAG_formal_parameter
     142                      .dwattr $C$DW$31, DW_AT_type(*$C$DW$T$34)
     143              
     144              $C$DW$32        .dwtag  DW_TAG_formal_parameter
     145                      .dwattr $C$DW$32, DW_AT_type(*$C$DW$T$37)
     146              
     147              $C$DW$33        .dwtag  DW_TAG_formal_parameter
     148                      .dwattr $C$DW$33, DW_AT_type(*$C$DW$T$37)
     149              
     150              $C$DW$34        .dwtag  DW_TAG_formal_parameter
     151                      .dwattr $C$DW$34, DW_AT_type(*$C$DW$T$34)
     152              
     153              $C$DW$35        .dwtag  DW_TAG_formal_parameter
     154                      .dwattr $C$DW$35, DW_AT_type(*$C$DW$T$25)
     155              
     156              $C$DW$36        .dwtag  DW_TAG_formal_parameter
     157                      .dwattr $C$DW$36, DW_AT_type(*$C$DW$T$37)
     158              
     159                      .dwendtag $C$DW$24
     160              
     161                      .global ||sfra1||
     162 00000000               .bss    ||sfra1||,32,1,1
     163              $C$DW$37        .dwtag  DW_TAG_variable
     164                      .dwattr $C$DW$37, DW_AT_name("sfra1")
     165                      .dwattr $C$DW$37, DW_AT_linkage_name("sfra1")
TMS320C2000 Assembler PC v22.6.2 Thu Jan 22 11:16:45 2026

Copyright (c) 1996-2018 Texas Instruments Incorporated
fcl_f2837x_sfra_gui.asm                                              PAGE    4

     166                      .dwattr $C$DW$37, DW_AT_location[DW_OP_addr ||sfra1||]
     167                      .dwattr $C$DW$37, DW_AT_type(*$C$DW$T$24)
     168                      .dwattr $C$DW$37, DW_AT_external
     169                      .dwattr $C$DW$37, DW_AT_decl_file("../sources/fcl_f2837x_sfra_gui.c")
     170                      .dwattr $C$DW$37, DW_AT_decl_line(0x34)
     171                      .dwattr $C$DW$37, DW_AT_decl_column(0x0a)
     172              
     173                      .global ||plantMagVect||
     174 00000000       ||plantMagVect||:       .usect  ".bss:plantMagVect",44,0,1
     175              $C$DW$38        .dwtag  DW_TAG_variable
     176                      .dwattr $C$DW$38, DW_AT_name("plantMagVect")
     177                      .dwattr $C$DW$38, DW_AT_linkage_name("plantMagVect")
     178                      .dwattr $C$DW$38, DW_AT_location[DW_OP_addr ||plantMagVect||]
     179                      .dwattr $C$DW$38, DW_AT_type(*$C$DW$T$51)
     180                      .dwattr $C$DW$38, DW_AT_external
     181                      .dwattr $C$DW$38, DW_AT_decl_file("../sources/fcl_f2837x_sfra_gui.c")
     182                      .dwattr $C$DW$38, DW_AT_decl_line(0x36)
     183                      .dwattr $C$DW$38, DW_AT_decl_column(0x0b)
     184              
     185                      .global ||plantPhaseVect||
     186 00000000       ||plantPhaseVect||:     .usect  ".bss:plantPhaseVect",44,0,1
     187              $C$DW$39        .dwtag  DW_TAG_variable
     188                      .dwattr $C$DW$39, DW_AT_name("plantPhaseVect")
     189                      .dwattr $C$DW$39, DW_AT_linkage_name("plantPhaseVect")
     190                      .dwattr $C$DW$39, DW_AT_location[DW_OP_addr ||plantPhaseVect||]
     191                      .dwattr $C$DW$39, DW_AT_type(*$C$DW$T$51)
     192                      .dwattr $C$DW$39, DW_AT_external
     193                      .dwattr $C$DW$39, DW_AT_decl_file("../sources/fcl_f2837x_sfra_gui.c")
     194                      .dwattr $C$DW$39, DW_AT_decl_line(0x37)
     195                      .dwattr $C$DW$39, DW_AT_decl_column(0x0b)
     196              
     197                      .global ||olMagVect||
     198 00000000       ||olMagVect||:  .usect  ".bss:olMagVect",44,0,1
     199              $C$DW$40        .dwtag  DW_TAG_variable
     200                      .dwattr $C$DW$40, DW_AT_name("olMagVect")
     201                      .dwattr $C$DW$40, DW_AT_linkage_name("olMagVect")
     202                      .dwattr $C$DW$40, DW_AT_location[DW_OP_addr ||olMagVect||]
     203                      .dwattr $C$DW$40, DW_AT_type(*$C$DW$T$51)
     204                      .dwattr $C$DW$40, DW_AT_external
     205                      .dwattr $C$DW$40, DW_AT_decl_file("../sources/fcl_f2837x_sfra_gui.c")
     206                      .dwattr $C$DW$40, DW_AT_decl_line(0x38)
     207                      .dwattr $C$DW$40, DW_AT_decl_column(0x0b)
     208              
     209                      .global ||olPhaseVect||
     210 00000000       ||olPhaseVect||:        .usect  ".bss:olPhaseVect",44,0,1
     211              $C$DW$41        .dwtag  DW_TAG_variable
     212                      .dwattr $C$DW$41, DW_AT_name("olPhaseVect")
     213                      .dwattr $C$DW$41, DW_AT_linkage_name("olPhaseVect")
     214                      .dwattr $C$DW$41, DW_AT_location[DW_OP_addr ||olPhaseVect||]
     215                      .dwattr $C$DW$41, DW_AT_type(*$C$DW$T$51)
     216                      .dwattr $C$DW$41, DW_AT_external
     217                      .dwattr $C$DW$41, DW_AT_decl_file("../sources/fcl_f2837x_sfra_gui.c")
     218                      .dwattr $C$DW$41, DW_AT_decl_line(0x39)
     219                      .dwattr $C$DW$41, DW_AT_decl_column(0x0b)
     220              
TMS320C2000 Assembler PC v22.6.2 Thu Jan 22 11:16:45 2026

Copyright (c) 1996-2018 Texas Instruments Incorporated
fcl_f2837x_sfra_gui.asm                                              PAGE    5

     221                      .global ||clMagVect||
     222 00000000       ||clMagVect||:  .usect  ".bss:clMagVect",44,0,1
     223              $C$DW$42        .dwtag  DW_TAG_variable
     224                      .dwattr $C$DW$42, DW_AT_name("clMagVect")
     225                      .dwattr $C$DW$42, DW_AT_linkage_name("clMagVect")
     226                      .dwattr $C$DW$42, DW_AT_location[DW_OP_addr ||clMagVect||]
     227                      .dwattr $C$DW$42, DW_AT_type(*$C$DW$T$51)
     228                      .dwattr $C$DW$42, DW_AT_external
     229                      .dwattr $C$DW$42, DW_AT_decl_file("../sources/fcl_f2837x_sfra_gui.c")
     230                      .dwattr $C$DW$42, DW_AT_decl_line(0x3a)
     231                      .dwattr $C$DW$42, DW_AT_decl_column(0x0b)
     232              
     233                      .global ||clPhaseVect||
     234 00000000       ||clPhaseVect||:        .usect  ".bss:clPhaseVect",44,0,1
     235              $C$DW$43        .dwtag  DW_TAG_variable
     236                      .dwattr $C$DW$43, DW_AT_name("clPhaseVect")
     237                      .dwattr $C$DW$43, DW_AT_linkage_name("clPhaseVect")
     238                      .dwattr $C$DW$43, DW_AT_location[DW_OP_addr ||clPhaseVect||]
     239                      .dwattr $C$DW$43, DW_AT_type(*$C$DW$T$51)
     240                      .dwattr $C$DW$43, DW_AT_external
     241                      .dwattr $C$DW$43, DW_AT_decl_file("../sources/fcl_f2837x_sfra_gui.c")
     242                      .dwattr $C$DW$43, DW_AT_decl_line(0x3b)
     243                      .dwattr $C$DW$43, DW_AT_decl_column(0x0b)
     244              
     245                      .global ||freqVect||
     246 00000000       ||freqVect||:   .usect  ".bss:freqVect",44,0,1
     247              $C$DW$44        .dwtag  DW_TAG_variable
     248                      .dwattr $C$DW$44, DW_AT_name("freqVect")
     249                      .dwattr $C$DW$44, DW_AT_linkage_name("freqVect")
     250                      .dwattr $C$DW$44, DW_AT_location[DW_OP_addr ||freqVect||]
     251                      .dwattr $C$DW$44, DW_AT_type(*$C$DW$T$51)
     252                      .dwattr $C$DW$44, DW_AT_external
     253                      .dwattr $C$DW$44, DW_AT_decl_file("../sources/fcl_f2837x_sfra_gui.c")
     254                      .dwattr $C$DW$44, DW_AT_decl_line(0x3c)
     255                      .dwattr $C$DW$44, DW_AT_decl_column(0x0b)
     256              
     257                      .sblock ".bss"
     258              ;       D:\TI\ccs\ccs\tools\compiler\ti-cgt-c2000_22.6.2.LTS\bin\opt2000.exe C:\\Users\\JUNLI\\AppData\\Local
     259              ;       D:\TI\ccs\ccs\tools\compiler\ti-cgt-c2000_22.6.2.LTS\bin\acia2000.exe -@C:\\Users\\JUNLI\\AppData\\Lo
     260 00000000               .sect   ".text:configureSFRA"
     261                      .clink
     262                      .global ||configureSFRA||
     263              
     264              $C$DW$45        .dwtag  DW_TAG_subprogram
     265                      .dwattr $C$DW$45, DW_AT_name("configureSFRA")
     266                      .dwattr $C$DW$45, DW_AT_low_pc(||configureSFRA||)
     267                      .dwattr $C$DW$45, DW_AT_high_pc(0x00)
     268                      .dwattr $C$DW$45, DW_AT_linkage_name("configureSFRA")
     269                      .dwattr $C$DW$45, DW_AT_external
     270                      .dwattr $C$DW$45, DW_AT_decl_file("../sources/fcl_f2837x_sfra_gui.c")
     271                      .dwattr $C$DW$45, DW_AT_decl_line(0x41)
     272                      .dwattr $C$DW$45, DW_AT_decl_column(0x06)
     273                      .dwattr $C$DW$45, DW_AT_TI_max_frame_size(-24)
     274                      .dwpsn  file "../sources/fcl_f2837x_sfra_gui.c",line 66,column 1,is_stmt,address ||configureSFRA||,is
     275              
TMS320C2000 Assembler PC v22.6.2 Thu Jan 22 11:16:45 2026

Copyright (c) 1996-2018 Texas Instruments Incorporated
fcl_f2837x_sfra_gui.asm                                              PAGE    6

     276                      .dwfde $C$DW$CIE, ||configureSFRA||
     277              $C$DW$46        .dwtag  DW_TAG_formal_parameter
     278                      .dwattr $C$DW$46, DW_AT_name("plotOption")
     279                      .dwattr $C$DW$46, DW_AT_type(*$C$DW$T$37)
     280                      .dwattr $C$DW$46, DW_AT_location[DW_OP_reg0]
     281              
     282              $C$DW$47        .dwtag  DW_TAG_formal_parameter
     283                      .dwattr $C$DW$47, DW_AT_name("sfraISRFreq")
     284                      .dwattr $C$DW$47, DW_AT_type(*$C$DW$T$19)
     285                      .dwattr $C$DW$47, DW_AT_location[DW_OP_regx 0x2b]
     286              
     287              
     288              ;***************************************************************
     289              ;* FNAME: configureSFRA                 FR SIZE:  22           *
     290              ;*                                                             *
     291              ;* FUNCTION ENVIRONMENT                                        *
     292              ;*                                                             *
     293              ;* FUNCTION PROPERTIES                                         *
     294              ;*                           15 Parameter,  0 Auto,  6 SOE     *
     295              ;***************************************************************
     296              
     297              ||configureSFRA||:
     298              ;* AR2   assigned to $O$C1
     299              ;* AR1   assigned to plotOption
     300              $C$DW$48        .dwtag  DW_TAG_variable
     301                      .dwattr $C$DW$48, DW_AT_name("plotOption")
     302                      .dwattr $C$DW$48, DW_AT_type(*$C$DW$T$45)
     303                      .dwattr $C$DW$48, DW_AT_location[DW_OP_reg6]
     304              
     305              ;* R4    assigned to sfraISRFreq
     306              $C$DW$49        .dwtag  DW_TAG_variable
     307                      .dwattr $C$DW$49, DW_AT_name("sfraISRFreq")
     308                      .dwattr $C$DW$49, DW_AT_type(*$C$DW$T$52)
     309                      .dwattr $C$DW$49, DW_AT_location[DW_OP_regx 0x3b]
     310              
     311                      .dwcfi  cfa_offset, -2
     312                      .dwcfi  save_reg_to_mem, 26, 0
     313 00000000 B2BD          MOVL      *SP++,XAR1            ; [CPU_ALU] 
     314                      .dwcfi  save_reg_to_mem, 7, 2
     315                      .dwcfi  cfa_offset, -4
     316 00000001 AABD          MOVL      *SP++,XAR2            ; [CPU_ALU] 
     317                      .dwcfi  save_reg_to_mem, 9, 4
     318                      .dwcfi  cfa_offset, -6
     319 00000002 E203          MOV32     *SP++,R4H             ; [CPU_FPU] 
         00000003 04BD 
     320                      .dwcfi  save_reg_to_mem, 59, 6
     321                      .dwcfi  cfa_offset, -8
     322 00000004 FE10          ADDB      SP,#16                ; [CPU_ARAU] 
     323                      .dwcfi  cfa_offset, -24
     324                      .dwpsn  file "../sources/fcl_f2837x_sfra_gui.c",line 70,column 5,is_stmt,isa 0
     325 00000005 8D80!         MOVL      XAR2,#||sfra1||       ; [CPU_ARAU] |70| 
         00000006 0000 
     326                      .dwpsn  file "../sources/fcl_f2837x_sfra_gui.c",line 66,column 1,is_stmt,isa 0
     327 00000007 59A9          MOVZ      AR1,AL                ; [CPU_ALU] |66| 
     328 00000008 E6CF          MOV32     R4H,R0H               ; [CPU_FPU] |66| 
TMS320C2000 Assembler PC v22.6.2 Thu Jan 22 11:16:45 2026

Copyright (c) 1996-2018 Texas Instruments Incorporated
fcl_f2837x_sfra_gui.asm                                              PAGE    7

         00000009 0004 
     329                      .dwpsn  file "../sources/fcl_f2837x_sfra_gui.c",line 70,column 5,is_stmt,isa 0
     330 0000000a 8AA2          MOVL      XAR4,XAR2             ; [CPU_ALU] |70| 
     331              $C$DW$50        .dwtag  DW_TAG_TI_branch
     332                      .dwattr $C$DW$50, DW_AT_low_pc(0x00)
     333                      .dwattr $C$DW$50, DW_AT_name("SFRA_F32_reset")
     334                      .dwattr $C$DW$50, DW_AT_TI_call
     335              
     336 0000000b 7640!         LCR       #||SFRA_F32_reset||   ; [CPU_ALU] |70| 
         0000000c 0000 
     337                      ; call occurs [#||SFRA_F32_reset||] ; [] |70| 
     338                      .dwpsn  file "../sources/fcl_f2837x_sfra_gui.c",line 75,column 5,is_stmt,isa 0
     339 0000000d 8F40!         MOVL      XAR5,#||plantPhaseVect|| ; [CPU_ARAU] |75| 
         0000000e 0000 
     340 0000000f E801          MOVIZ     R1H,#15267            ; [CPU_FPU] |75| 
         00000010 DD19 
     341 00000011 E801          MOVIZ     R3H,#16289            ; [CPU_FPU] |75| 
         00000012 FD0B 
     342 00000013 8F00!         MOVL      XAR4,#||olMagVect||   ; [CPU_ARAU] |75| 
         00000014 0000 
     343 00000015 76C0!         MOVL      XAR7,#||olPhaseVect|| ; [CPU_ARAU] |75| 
         00000016 0000 
     344 00000017 7680!         MOVL      XAR6,#||clMagVect||   ; [CPU_ARAU] |75| 
         00000018 0000 
     345 00000019 A042          MOVL      *-SP[2],XAR5          ; [CPU_ALU] |75| 
     346 0000001a 9A16          MOVB      AL,#22                ; [CPU_ALU] |75| 
     347 0000001b E802          MOVIZ     R2H,#16800            ; [CPU_FPU] |75| 
         0000001c 0D02 
     348 0000001d 9B01          MOVB      AH,#1                 ; [CPU_ALU] |75| 
     349 0000001e E6CF          MOV32     R0H,R4H               ; [CPU_FPU] |75| 
         0000001f 0020 
     350 00000020 E80E          MOVXI     R1H,#55050            ; [CPU_FPU] |75| 
         00000021 B851 
     351 00000022 E80D          MOVXI     R3H,#46494            ; [CPU_FPU] |75| 
         00000023 ACF3 
     352 00000024 8F40!         MOVL      XAR5,#||clPhaseVect|| ; [CPU_ARAU] |75| 
         00000025 0000 
     353 00000026 A844          MOVL      *-SP[4],XAR4          ; [CPU_ALU] |75| 
     354 00000027 8F00!         MOVL      XAR4,#||freqVect||    ; [CPU_ARAU] |75| 
         00000028 0000 
     355 00000029 C346          MOVL      *-SP[6],XAR7          ; [CPU_ALU] |75| 
     356 0000002a C248          MOVL      *-SP[8],XAR6          ; [CPU_ALU] |75| 
     357 0000002b A04A          MOVL      *-SP[10],XAR5         ; [CPU_ALU] |75| 
     358 0000002c 8F40!         MOVL      XAR5,#||plantMagVect|| ; [CPU_ARAU] |75| 
         0000002d 0000 
     359 0000002e A84C          MOVL      *-SP[12],XAR4         ; [CPU_ALU] |75| 
     360 0000002f 8AA2          MOVL      XAR4,XAR2             ; [CPU_ALU] |75| 
     361              $C$DW$51        .dwtag  DW_TAG_TI_branch
     362                      .dwattr $C$DW$51, DW_AT_low_pc(0x00)
     363                      .dwattr $C$DW$51, DW_AT_name("SFRA_F32_config")
     364                      .dwattr $C$DW$51, DW_AT_TI_call
     365              
     366 00000030 7640!         LCR       #||SFRA_F32_config||  ; [CPU_ALU] |75| 
         00000031 0000 
     367                      ; call occurs [#||SFRA_F32_config||] ; [] |75| 
TMS320C2000 Assembler PC v22.6.2 Thu Jan 22 11:16:45 2026

Copyright (c) 1996-2018 Texas Instruments Incorporated
fcl_f2837x_sfra_gui.asm                                              PAGE    8

     368                      .dwpsn  file "../sources/fcl_f2837x_sfra_gui.c",line 93,column 5,is_stmt,isa 0
     369 00000032 8AA2          MOVL      XAR4,XAR2             ; [CPU_ALU] |93| 
     370              $C$DW$52        .dwtag  DW_TAG_TI_branch
     371                      .dwattr $C$DW$52, DW_AT_low_pc(0x00)
     372                      .dwattr $C$DW$52, DW_AT_name("SFRA_F32_resetFreqRespArray")
     373                      .dwattr $C$DW$52, DW_AT_TI_call
     374              
     375 00000033 7640!         LCR       #||SFRA_F32_resetFreqRespArray|| ; [CPU_ALU] |93| 
         00000034 0000 
     376                      ; call occurs [#||SFRA_F32_resetFreqRespArray||] ; [] |93| 
     377                      .dwpsn  file "../sources/fcl_f2837x_sfra_gui.c",line 104,column 5,is_stmt,isa 0
     378 00000035 E801          MOVIZ     R1H,#16289            ; [CPU_FPU] |104| 
         00000036 FD09 
     379 00000037 E802          MOVIZ     R0H,#16800            ; [CPU_FPU] |104| 
         00000038 0D00 
     380 00000039 8AA2          MOVL      XAR4,XAR2             ; [CPU_ALU] |104| 
     381 0000003a E80D          MOVXI     R1H,#46494            ; [CPU_FPU] |104| 
         0000003b ACF1 
     382              $C$DW$53        .dwtag  DW_TAG_TI_branch
     383                      .dwattr $C$DW$53, DW_AT_low_pc(0x00)
     384                      .dwattr $C$DW$53, DW_AT_name("SFRA_F32_initFreqArrayWithLogSteps")
     385                      .dwattr $C$DW$53, DW_AT_TI_call
     386              
     387 0000003c 7640!         LCR       #||SFRA_F32_initFreqArrayWithLogSteps|| ; [CPU_ALU] |104| 
         0000003d 0000 
     388                      ; call occurs [#||SFRA_F32_initFreqArrayWithLogSteps||] ; [] |104| 
     389                      .dwpsn  file "../sources/fcl_f2837x_sfra_gui.c",line 114,column 5,is_stmt,isa 0
     390 0000003e 28A9          MOV       AL,#61568             ; [CPU_ALU] |114| 
         0000003f F080 
     391 00000040 28A8          MOV       AH,#762               ; [CPU_ALU] |114| 
         00000041 02FA 
     392 00000042 8F00          MOVL      XAR4,#57600           ; [CPU_ARAU] |114| 
         00000043 E100 
     393 00000044 8F48          MOVL      XAR5,#530433          ; [CPU_ARAU] |114| 
         00000045 1801 
     394 00000046 1E42          MOVL      *-SP[2],ACC           ; [CPU_ALU] |114| 
     395 00000047 A844          MOVL      *-SP[4],XAR4          ; [CPU_ALU] |114| 
     396 00000048 FF20          MOV       ACC,#29184            ; [CPU_ALU] |114| 
         00000049 7200 
     397 0000004a 8F08          MOVL      XAR4,#530945          ; [CPU_ARAU] |114| 
         0000004b 1A01 
     398 0000004c A046          MOVL      *-SP[6],XAR5          ; [CPU_ALU] |114| 
     399 0000004d 56BF          MOVB      *-SP[7],#29,UNC       ; [CPU_ALU] |114| 
         0000004e 1D47 
     400 0000004f 8F48          MOVL      XAR5,#531968          ; [CPU_ARAU] |114| 
         00000050 1E00 
     401 00000051 A84A          MOVL      *-SP[10],XAR4         ; [CPU_ALU] |114| 
     402 00000052 56BF          MOVB      *-SP[11],#1,UNC       ; [CPU_ALU] |114| 
         00000053 014B 
     403 00000054 8AA2          MOVL      XAR4,XAR2             ; [CPU_ALU] |114| 
     404 00000055 56BF          MOVB      *-SP[12],#31,UNC      ; [CPU_ALU] |114| 
         00000056 1F4C 
     405 00000057 A04E          MOVL      *-SP[14],XAR5         ; [CPU_ALU] |114| 
     406 00000058 D51C          MOVB      XAR5,#28              ; [CPU_ALU] |114| 
     407 00000059 794F          MOV       *-SP[15],AR1          ; [CPU_ALU] |114| 
TMS320C2000 Assembler PC v22.6.2 Thu Jan 22 11:16:45 2026

Copyright (c) 1996-2018 Texas Instruments Incorporated
fcl_f2837x_sfra_gui.asm                                              PAGE    9

     408              $C$DW$54        .dwtag  DW_TAG_TI_branch
     409                      .dwattr $C$DW$54, DW_AT_low_pc(0x00)
     410                      .dwattr $C$DW$54, DW_AT_name("SFRA_GUI_config")
     411                      .dwattr $C$DW$54, DW_AT_TI_call
     412              
     413 0000005a 7640!         LCR       #||SFRA_GUI_config||  ; [CPU_ALU] |114| 
         0000005b 0000 
     414                      ; call occurs [#||SFRA_GUI_config||] ; [] |114| 
     415 0000005c FE90          SUBB      SP,#16                ; [CPU_ARAU] 
     416                      .dwcfi  cfa_offset, -8
     417 0000005d E2AF          MOV32     R4H,*--SP             ; [CPU_FPU] 
         0000005e 04BE 
     418                      .dwcfi  cfa_offset, -6
     419                      .dwcfi  restore_reg, 59
     420 0000005f 86BE          MOVL      XAR2,*--SP            ; [CPU_ALU] 
     421                      .dwcfi  cfa_offset, -4
     422                      .dwcfi  restore_reg, 9
     423 00000060 8BBE          MOVL      XAR1,*--SP            ; [CPU_ALU] 
     424                      .dwcfi  cfa_offset, -2
     425                      .dwcfi  restore_reg, 7
     426              $C$DW$55        .dwtag  DW_TAG_TI_branch
     427                      .dwattr $C$DW$55, DW_AT_low_pc(0x00)
     428                      .dwattr $C$DW$55, DW_AT_TI_return
     429              
     430 00000061 0006          LRETR     ; [CPU_ALU] 
     431                      ; return occurs ; [] 
     432                      .dwattr $C$DW$45, DW_AT_TI_end_file("../sources/fcl_f2837x_sfra_gui.c")
     433                      .dwattr $C$DW$45, DW_AT_TI_end_line(0x7e)
     434                      .dwattr $C$DW$45, DW_AT_TI_end_column(0x01)
     435                      .dwendentry
     436                      .dwendtag $C$DW$45
     437              
     438 00000000               .sect   ".text:__signbitl"
     439                      .clink
     440                      .global ||__signbitl||
     441              
     442              $C$DW$56        .dwtag  DW_TAG_subprogram
     443                      .dwattr $C$DW$56, DW_AT_name("__signbitl")
     444                      .dwattr $C$DW$56, DW_AT_low_pc(||__signbitl||)
     445                      .dwattr $C$DW$56, DW_AT_high_pc(0x00)
     446                      .dwattr $C$DW$56, DW_AT_linkage_name("__signbitl")
     447                      .dwattr $C$DW$56, DW_AT_external
     448                      .dwattr $C$DW$56, DW_AT_type(*$C$DW$T$10)
     449                      .dwattr $C$DW$56, DW_AT_decl_file("D:/TI/ccs/ccs/tools/compiler/ti-cgt-c2000_22.6.2.LTS/include/_defs
     450                      .dwattr $C$DW$56, DW_AT_decl_line(0x16f)
     451                      .dwattr $C$DW$56, DW_AT_decl_column(0x18)
     452                      .dwattr $C$DW$56, DW_AT_TI_max_frame_size(-6)
     453                      .dwpsn  file "D:/TI/ccs/ccs/tools/compiler/ti-cgt-c2000_22.6.2.LTS/include/_defs.h",line 368,column 1
     454              
     455                      .dwfde $C$DW$CIE, ||__signbitl||
     456              $C$DW$57        .dwtag  DW_TAG_formal_parameter
     457                      .dwattr $C$DW$57, DW_AT_name("e")
     458                      .dwattr $C$DW$57, DW_AT_type(*$C$DW$T$55)
     459                      .dwattr $C$DW$57, DW_AT_location[DW_OP_reg12]
     460              
TMS320C2000 Assembler PC v22.6.2 Thu Jan 22 11:16:45 2026

Copyright (c) 1996-2018 Texas Instruments Incorporated
fcl_f2837x_sfra_gui.asm                                              PAGE   10

     461              
     462              ;***************************************************************
     463              ;* FNAME: __signbitl                    FR SIZE:   4           *
     464              ;*                                                             *
     465              ;* FUNCTION ENVIRONMENT                                        *
     466              ;*                                                             *
     467              ;* FUNCTION PROPERTIES                                         *
     468              ;*                            4 Parameter,  0 Auto,  0 SOE     *
     469              ;***************************************************************
     470              
     471              ||__signbitl||:
     472              ;* AR4   assigned to e
     473              $C$DW$58        .dwtag  DW_TAG_variable
     474                      .dwattr $C$DW$58, DW_AT_name("e")
     475                      .dwattr $C$DW$58, DW_AT_type(*$C$DW$T$56)
     476                      .dwattr $C$DW$58, DW_AT_location[DW_OP_reg12]
     477              
     478                      .dwcfi  cfa_offset, -2
     479                      .dwcfi  save_reg_to_mem, 26, 0
     480 00000000 FE04          ADDB      SP,#4                 ; [CPU_ARAU] 
     481                      .dwcfi  cfa_offset, -6
     482                      .dwpsn  file "D:/TI/ccs/ccs/tools/compiler/ti-cgt-c2000_22.6.2.LTS/include/_defs.h",line 368,column 3
     483 00000001 0200          MOVB      ACC,#0                ; [CPU_ALU] |368| 
     484 00000002 1E44          MOVL      *-SP[4],ACC           ; [CPU_ALU] |368| 
     485 00000003 2B42          MOV       *-SP[2],#0            ; [CPU_ALU] |368| 
     486 00000004 2B41          MOV       *-SP[1],#0            ; [CPU_ALU] |368| 
     487 00000005 A3C4          MOVL      P,*+XAR4[0]           ; [CPU_ALU] |368| 
     488 00000006 06D4          MOVL      ACC,*+XAR4[2]         ; [CPU_ALU] |368| 
     489 00000007 18AB          AND       PL,#0                 ; [CPU_ALU] |368| 
         00000008 0000 
     490 00000009 18AA          AND       PH,#0                 ; [CPU_ALU] |368| 
         0000000a 0000 
     491 0000000b 9000          ANDB      AL,#0                 ; [CPU_ALU] |368| 
     492 0000000c 18A8          AND       AH,#32768             ; [CPU_ALU] |368| 
         0000000d 8000 
     493              $C$DW$59        .dwtag  DW_TAG_TI_branch
     494                      .dwattr $C$DW$59, DW_AT_low_pc(0x00)
     495                      .dwattr $C$DW$59, DW_AT_name("__c28xabi_cmpull")
     496                      .dwattr $C$DW$59, DW_AT_TI_call
     497              
     498 0000000e 7640!         LCR       #||__c28xabi_cmpull|| ; [CPU_ALU] |368| 
         0000000f 0000 
     499                      ; call occurs [#||__c28xabi_cmpull||] ; [] |368| 
     500 00000010 9B00          MOVB      AH,#0                 ; [CPU_ALU] |368| 
     501 00000011 5200          CMPB      AL,#0                 ; [CPU_ALU] |368| 
     502 00000012 56B0          MOVB      AH,#1,NEQ             ; [CPU_ALU] |368| 
         00000013 01A8 
     503 00000014 92A8          MOV       AL,AH                 ; [CPU_ALU] |368| 
     504 00000015 FE84          SUBB      SP,#4                 ; [CPU_ARAU] 
     505                      .dwcfi  cfa_offset, -2
     506              $C$DW$60        .dwtag  DW_TAG_TI_branch
     507                      .dwattr $C$DW$60, DW_AT_low_pc(0x00)
     508                      .dwattr $C$DW$60, DW_AT_TI_return
     509              
     510 00000016 0006          LRETR     ; [CPU_ALU] 
TMS320C2000 Assembler PC v22.6.2 Thu Jan 22 11:16:45 2026

Copyright (c) 1996-2018 Texas Instruments Incorporated
fcl_f2837x_sfra_gui.asm                                              PAGE   11

     511                      ; return occurs ; [] 
     512                      .dwattr $C$DW$56, DW_AT_TI_end_file("D:/TI/ccs/ccs/tools/compiler/ti-cgt-c2000_22.6.2.LTS/include/_de
     513                      .dwattr $C$DW$56, DW_AT_TI_end_line(0x170)
     514                      .dwattr $C$DW$56, DW_AT_TI_end_column(0x2b)
     515                      .dwendentry
     516                      .dwendtag $C$DW$56
     517              
     518 00000000               .sect   ".text:__signbitf"
     519                      .clink
     520                      .global ||__signbitf||
     521              
     522              $C$DW$61        .dwtag  DW_TAG_subprogram
     523                      .dwattr $C$DW$61, DW_AT_name("__signbitf")
     524                      .dwattr $C$DW$61, DW_AT_low_pc(||__signbitf||)
     525                      .dwattr $C$DW$61, DW_AT_high_pc(0x00)
     526                      .dwattr $C$DW$61, DW_AT_linkage_name("__signbitf")
     527                      .dwattr $C$DW$61, DW_AT_external
     528                      .dwattr $C$DW$61, DW_AT_type(*$C$DW$T$10)
     529                      .dwattr $C$DW$61, DW_AT_decl_file("D:/TI/ccs/ccs/tools/compiler/ti-cgt-c2000_22.6.2.LTS/include/_defs
     530                      .dwattr $C$DW$61, DW_AT_decl_line(0x16d)
     531                      .dwattr $C$DW$61, DW_AT_decl_column(0x18)
     532                      .dwattr $C$DW$61, DW_AT_TI_max_frame_size(-2)
     533                      .dwpsn  file "D:/TI/ccs/ccs/tools/compiler/ti-cgt-c2000_22.6.2.LTS/include/_defs.h",line 366,column 1
     534              
     535                      .dwfde $C$DW$CIE, ||__signbitf||
     536              $C$DW$62        .dwtag  DW_TAG_formal_parameter
     537                      .dwattr $C$DW$62, DW_AT_name("f")
     538                      .dwattr $C$DW$62, DW_AT_type(*$C$DW$T$16)
     539                      .dwattr $C$DW$62, DW_AT_location[DW_OP_regx 0x2b]
     540              
     541              
     542              ;***************************************************************
     543              ;* FNAME: __signbitf                    FR SIZE:   0           *
     544              ;*                                                             *
     545              ;* FUNCTION ENVIRONMENT                                        *
     546              ;*                                                             *
     547              ;* FUNCTION PROPERTIES                                         *
     548              ;*                            0 Parameter,  0 Auto,  0 SOE     *
     549              ;***************************************************************
     550              
     551              ||__signbitf||:
     552              ;* R0    assigned to f
     553              $C$DW$63        .dwtag  DW_TAG_variable
     554                      .dwattr $C$DW$63, DW_AT_name("f")
     555                      .dwattr $C$DW$63, DW_AT_type(*$C$DW$T$50)
     556                      .dwattr $C$DW$63, DW_AT_location[DW_OP_regx 0x2b]
     557              
     558                      .dwcfi  cfa_offset, -2
     559                      .dwcfi  save_reg_to_mem, 26, 0
     560                      .dwpsn  file "D:/TI/ccs/ccs/tools/compiler/ti-cgt-c2000_22.6.2.LTS/include/_defs.h",line 366,column 3
     561 00000000 BFA9          MOV32     ACC,R0H               ; [CPU_FPU] |366| 
         00000001 0F12 
     562 00000002 BE00          MOVB      XAR6,#0               ; [CPU_ALU] |366| 
     563 00000003 9000          ANDB      AL,#0                 ; [CPU_ALU] |366| 
     564 00000004 18A8          AND       AH,#32768             ; [CPU_ALU] |366| 
TMS320C2000 Assembler PC v22.6.2 Thu Jan 22 11:16:45 2026

Copyright (c) 1996-2018 Texas Instruments Incorporated
fcl_f2837x_sfra_gui.asm                                              PAGE   12

         00000005 8000 
     565 00000006 FF58          TEST      ACC                   ; [CPU_ALU] |366| 
     566 00000007 56B0          MOVB      XAR6,#1,NEQ           ; [CPU_ALU] |366| 
         00000008 01A6 
     567 00000009 92A6          MOV       AL,AR6                ; [CPU_ALU] |366| 
     568              $C$DW$64        .dwtag  DW_TAG_TI_branch
     569                      .dwattr $C$DW$64, DW_AT_low_pc(0x00)
     570                      .dwattr $C$DW$64, DW_AT_TI_return
     571              
     572 0000000a 0006          LRETR     ; [CPU_ALU] 
     573                      ; return occurs ; [] 
     574                      .dwattr $C$DW$61, DW_AT_TI_end_file("D:/TI/ccs/ccs/tools/compiler/ti-cgt-c2000_22.6.2.LTS/include/_de
     575                      .dwattr $C$DW$61, DW_AT_TI_end_line(0x16e)
     576                      .dwattr $C$DW$61, DW_AT_TI_end_column(0x29)
     577                      .dwendentry
     578                      .dwendtag $C$DW$61
     579              
     580 00000000               .sect   ".text:__signbit"
     581                      .clink
     582                      .global ||__signbit||
     583              
     584              $C$DW$65        .dwtag  DW_TAG_subprogram
     585                      .dwattr $C$DW$65, DW_AT_name("__signbit")
     586                      .dwattr $C$DW$65, DW_AT_low_pc(||__signbit||)
     587                      .dwattr $C$DW$65, DW_AT_high_pc(0x00)
     588                      .dwattr $C$DW$65, DW_AT_linkage_name("__signbit")
     589                      .dwattr $C$DW$65, DW_AT_external
     590                      .dwattr $C$DW$65, DW_AT_type(*$C$DW$T$10)
     591                      .dwattr $C$DW$65, DW_AT_decl_file("D:/TI/ccs/ccs/tools/compiler/ti-cgt-c2000_22.6.2.LTS/include/_defs
     592                      .dwattr $C$DW$65, DW_AT_decl_line(0x16b)
     593                      .dwattr $C$DW$65, DW_AT_decl_column(0x18)
     594                      .dwattr $C$DW$65, DW_AT_TI_max_frame_size(-6)
     595                      .dwpsn  file "D:/TI/ccs/ccs/tools/compiler/ti-cgt-c2000_22.6.2.LTS/include/_defs.h",line 364,column 1
     596              
     597                      .dwfde $C$DW$CIE, ||__signbit||
     598              $C$DW$66        .dwtag  DW_TAG_formal_parameter
     599                      .dwattr $C$DW$66, DW_AT_name("d")
     600                      .dwattr $C$DW$66, DW_AT_type(*$C$DW$T$53)
     601                      .dwattr $C$DW$66, DW_AT_location[DW_OP_reg12]
     602              
     603              
     604              ;***************************************************************
     605              ;* FNAME: __signbit                     FR SIZE:   4           *
     606              ;*                                                             *
     607              ;* FUNCTION ENVIRONMENT                                        *
     608              ;*                                                             *
     609              ;* FUNCTION PROPERTIES                                         *
     610              ;*                            4 Parameter,  0 Auto,  0 SOE     *
     611              ;***************************************************************
     612              
     613              ||__signbit||:
     614              ;* AR4   assigned to d
     615              $C$DW$67        .dwtag  DW_TAG_variable
     616                      .dwattr $C$DW$67, DW_AT_name("d")
     617                      .dwattr $C$DW$67, DW_AT_type(*$C$DW$T$54)
TMS320C2000 Assembler PC v22.6.2 Thu Jan 22 11:16:45 2026

Copyright (c) 1996-2018 Texas Instruments Incorporated
fcl_f2837x_sfra_gui.asm                                              PAGE   13

     618                      .dwattr $C$DW$67, DW_AT_location[DW_OP_reg12]
     619              
     620                      .dwcfi  cfa_offset, -2
     621                      .dwcfi  save_reg_to_mem, 26, 0
     622 00000000 FE04          ADDB      SP,#4                 ; [CPU_ARAU] 
     623                      .dwcfi  cfa_offset, -6
     624                      .dwpsn  file "D:/TI/ccs/ccs/tools/compiler/ti-cgt-c2000_22.6.2.LTS/include/_defs.h",line 364,column 3
     625 00000001 0200          MOVB      ACC,#0                ; [CPU_ALU] |364| 
     626 00000002 1E44          MOVL      *-SP[4],ACC           ; [CPU_ALU] |364| 
     627 00000003 2B42          MOV       *-SP[2],#0            ; [CPU_ALU] |364| 
     628 00000004 2B41          MOV       *-SP[1],#0            ; [CPU_ALU] |364| 
     629 00000005 A3C4          MOVL      P,*+XAR4[0]           ; [CPU_ALU] |364| 
     630 00000006 06D4          MOVL      ACC,*+XAR4[2]         ; [CPU_ALU] |364| 
     631 00000007 18AB          AND       PL,#0                 ; [CPU_ALU] |364| 
         00000008 0000 
     632 00000009 18AA          AND       PH,#0                 ; [CPU_ALU] |364| 
         0000000a 0000 
     633 0000000b 9000          ANDB      AL,#0                 ; [CPU_ALU] |364| 
     634 0000000c 18A8          AND       AH,#32768             ; [CPU_ALU] |364| 
         0000000d 8000 
     635              $C$DW$68        .dwtag  DW_TAG_TI_branch
     636                      .dwattr $C$DW$68, DW_AT_low_pc(0x00)
     637                      .dwattr $C$DW$68, DW_AT_name("__c28xabi_cmpull")
     638                      .dwattr $C$DW$68, DW_AT_TI_call
     639              
     640 0000000e 7640!         LCR       #||__c28xabi_cmpull|| ; [CPU_ALU] |364| 
         0000000f 0000 
     641                      ; call occurs [#||__c28xabi_cmpull||] ; [] |364| 
     642 00000010 9B00          MOVB      AH,#0                 ; [CPU_ALU] |364| 
     643 00000011 5200          CMPB      AL,#0                 ; [CPU_ALU] |364| 
     644 00000012 56B0          MOVB      AH,#1,NEQ             ; [CPU_ALU] |364| 
         00000013 01A8 
     645 00000014 92A8          MOV       AL,AH                 ; [CPU_ALU] |364| 
     646 00000015 FE84          SUBB      SP,#4                 ; [CPU_ARAU] 
     647                      .dwcfi  cfa_offset, -2
     648              $C$DW$69        .dwtag  DW_TAG_TI_branch
     649                      .dwattr $C$DW$69, DW_AT_low_pc(0x00)
     650                      .dwattr $C$DW$69, DW_AT_TI_return
     651              
     652 00000016 0006          LRETR     ; [CPU_ALU] 
     653                      ; return occurs ; [] 
     654                      .dwattr $C$DW$65, DW_AT_TI_end_file("D:/TI/ccs/ccs/tools/compiler/ti-cgt-c2000_22.6.2.LTS/include/_de
     655                      .dwattr $C$DW$65, DW_AT_TI_end_line(0x16c)
     656                      .dwattr $C$DW$65, DW_AT_TI_end_column(0x2a)
     657                      .dwendentry
     658                      .dwendtag $C$DW$65
     659              
     660 00000000               .sect   ".text:__relaxed_sqrtf"
     661                      .clink
     662                      .global ||__relaxed_sqrtf||
     663              
     664              $C$DW$70        .dwtag  DW_TAG_subprogram
     665                      .dwattr $C$DW$70, DW_AT_name("__relaxed_sqrtf")
     666                      .dwattr $C$DW$70, DW_AT_low_pc(||__relaxed_sqrtf||)
     667                      .dwattr $C$DW$70, DW_AT_high_pc(0x00)
TMS320C2000 Assembler PC v22.6.2 Thu Jan 22 11:16:45 2026

Copyright (c) 1996-2018 Texas Instruments Incorporated
fcl_f2837x_sfra_gui.asm                                              PAGE   14

     668                      .dwattr $C$DW$70, DW_AT_linkage_name("__relaxed_sqrtf")
     669                      .dwattr $C$DW$70, DW_AT_external
     670                      .dwattr $C$DW$70, DW_AT_type(*$C$DW$T$16)
     671                      .dwattr $C$DW$70, DW_AT_decl_file("D:/TI/ccs/ccs/tools/compiler/ti-cgt-c2000_22.6.2.LTS/include/math.
     672                      .dwattr $C$DW$70, DW_AT_decl_line(0x103)
     673                      .dwattr $C$DW$70, DW_AT_decl_column(0x10)
     674                      .dwattr $C$DW$70, DW_AT_TI_max_frame_size(-2)
     675                      .dwpsn  file "D:/TI/ccs/ccs/tools/compiler/ti-cgt-c2000_22.6.2.LTS/include/math.h",line 260,column 1,
     676              
     677                      .dwfde $C$DW$CIE, ||__relaxed_sqrtf||
     678              $C$DW$71        .dwtag  DW_TAG_formal_parameter
     679                      .dwattr $C$DW$71, DW_AT_name("x")
     680                      .dwattr $C$DW$71, DW_AT_type(*$C$DW$T$16)
     681                      .dwattr $C$DW$71, DW_AT_location[DW_OP_regx 0x2b]
     682              
     683              
     684              ;***************************************************************
     685              ;* FNAME: __relaxed_sqrtf               FR SIZE:   0           *
     686              ;*                                                             *
     687              ;* FUNCTION ENVIRONMENT                                        *
     688              ;*                                                             *
     689              ;* FUNCTION PROPERTIES                                         *
     690              ;*                            0 Parameter,  0 Auto,  0 SOE     *
     691              ;***************************************************************
     692              
     693              ||__relaxed_sqrtf||:
     694              ;* R0    assigned to x
     695              $C$DW$72        .dwtag  DW_TAG_variable
     696                      .dwattr $C$DW$72, DW_AT_name("x")
     697                      .dwattr $C$DW$72, DW_AT_type(*$C$DW$T$50)
     698                      .dwattr $C$DW$72, DW_AT_location[DW_OP_regx 0x2b]
     699              
     700                      .dwcfi  cfa_offset, -2
     701                      .dwcfi  save_reg_to_mem, 26, 0
     702                      .dwpsn  file "D:/TI/ccs/ccs/tools/compiler/ti-cgt-c2000_22.6.2.LTS/include/math.h",line 261,column 5,
     703 00000000 E277          SQRTF32   R0H,R0H               ; [CPU_FPU] |261| 
         00000001 0000 
     704 00000002 7700          NOP       ; [CPU_ALU] 
     705 00000003 7700          NOP       ; [CPU_ALU] 
     706 00000004 7700          NOP       ; [CPU_ALU] 
     707              $C$DW$73        .dwtag  DW_TAG_TI_branch
     708                      .dwattr $C$DW$73, DW_AT_low_pc(0x00)
     709                      .dwattr $C$DW$73, DW_AT_TI_return
     710              
     711 00000005 0006          LRETR     ; [CPU_ALU] 
     712                      ; return occurs ; [] 
     713                      .dwattr $C$DW$70, DW_AT_TI_end_file("D:/TI/ccs/ccs/tools/compiler/ti-cgt-c2000_22.6.2.LTS/include/mat
     714                      .dwattr $C$DW$70, DW_AT_TI_end_line(0x106)
     715                      .dwattr $C$DW$70, DW_AT_TI_end_column(0x01)
     716                      .dwendentry
     717                      .dwendtag $C$DW$70
     718              
     719 00000000               .sect   ".text:__relaxed_sinf"
     720                      .clink
     721                      .global ||__relaxed_sinf||
TMS320C2000 Assembler PC v22.6.2 Thu Jan 22 11:16:45 2026

Copyright (c) 1996-2018 Texas Instruments Incorporated
fcl_f2837x_sfra_gui.asm                                              PAGE   15

     722              
     723              $C$DW$74        .dwtag  DW_TAG_subprogram
     724                      .dwattr $C$DW$74, DW_AT_name("__relaxed_sinf")
     725                      .dwattr $C$DW$74, DW_AT_low_pc(||__relaxed_sinf||)
     726                      .dwattr $C$DW$74, DW_AT_high_pc(0x00)
     727                      .dwattr $C$DW$74, DW_AT_linkage_name("__relaxed_sinf")
     728                      .dwattr $C$DW$74, DW_AT_external
     729                      .dwattr $C$DW$74, DW_AT_type(*$C$DW$T$16)
     730                      .dwattr $C$DW$74, DW_AT_decl_file("D:/TI/ccs/ccs/tools/compiler/ti-cgt-c2000_22.6.2.LTS/include/math.
     731                      .dwattr $C$DW$74, DW_AT_decl_line(0x108)
     732                      .dwattr $C$DW$74, DW_AT_decl_column(0x10)
     733                      .dwattr $C$DW$74, DW_AT_TI_max_frame_size(-2)
     734                      .dwpsn  file "D:/TI/ccs/ccs/tools/compiler/ti-cgt-c2000_22.6.2.LTS/include/math.h",line 265,column 1,
     735              
     736                      .dwfde $C$DW$CIE, ||__relaxed_sinf||
     737              $C$DW$75        .dwtag  DW_TAG_formal_parameter
     738                      .dwattr $C$DW$75, DW_AT_name("x")
     739                      .dwattr $C$DW$75, DW_AT_type(*$C$DW$T$16)
     740                      .dwattr $C$DW$75, DW_AT_location[DW_OP_regx 0x2b]
     741              
     742              
     743              ;***************************************************************
     744              ;* FNAME: __relaxed_sinf                FR SIZE:   0           *
     745              ;*                                                             *
     746              ;* FUNCTION ENVIRONMENT                                        *
     747              ;*                                                             *
     748              ;* FUNCTION PROPERTIES                                         *
     749              ;*                            0 Parameter,  0 Auto,  0 SOE     *
     750              ;***************************************************************
     751              
     752              ||__relaxed_sinf||:
     753              ;* R0    assigned to x
     754              $C$DW$76        .dwtag  DW_TAG_variable
     755                      .dwattr $C$DW$76, DW_AT_name("x")
     756                      .dwattr $C$DW$76, DW_AT_type(*$C$DW$T$50)
     757                      .dwattr $C$DW$76, DW_AT_location[DW_OP_regx 0x2b]
     758              
     759                      .dwcfi  cfa_offset, -2
     760                      .dwcfi  save_reg_to_mem, 26, 0
     761                      .dwpsn  file "D:/TI/ccs/ccs/tools/compiler/ti-cgt-c2000_22.6.2.LTS/include/math.h",line 266,column 5,
     762 00000000 E271          DIV2PIF32 R0H,R0H               ; [CPU_FPU] |266| 
         00000001 0000 
     763 00000002 7700          NOP       ; [CPU_ALU] 
     764 00000003 E278          SINPUF32  R0H,R0H               ; [CPU_FPU] |266| 
         00000004 0000 
     765 00000005 7700          NOP       ; [CPU_ALU] 
     766 00000006 7700          NOP       ; [CPU_ALU] 
     767              $C$DW$77        .dwtag  DW_TAG_TI_branch
     768                      .dwattr $C$DW$77, DW_AT_low_pc(0x00)
     769                      .dwattr $C$DW$77, DW_AT_TI_return
     770              
     771 00000007 0006          LRETR     ; [CPU_ALU] 
     772                      ; return occurs ; [] 
     773                      .dwattr $C$DW$74, DW_AT_TI_end_file("D:/TI/ccs/ccs/tools/compiler/ti-cgt-c2000_22.6.2.LTS/include/mat
     774                      .dwattr $C$DW$74, DW_AT_TI_end_line(0x10b)
TMS320C2000 Assembler PC v22.6.2 Thu Jan 22 11:16:45 2026

Copyright (c) 1996-2018 Texas Instruments Incorporated
fcl_f2837x_sfra_gui.asm                                              PAGE   16

     775                      .dwattr $C$DW$74, DW_AT_TI_end_column(0x01)
     776                      .dwendentry
     777                      .dwendtag $C$DW$74
     778              
     779 00000000               .sect   ".text:__relaxed_fmodf"
     780                      .clink
     781                      .global ||__relaxed_fmodf||
     782              
     783              $C$DW$78        .dwtag  DW_TAG_subprogram
     784                      .dwattr $C$DW$78, DW_AT_name("__relaxed_fmodf")
     785                      .dwattr $C$DW$78, DW_AT_low_pc(||__relaxed_fmodf||)
     786                      .dwattr $C$DW$78, DW_AT_high_pc(0x00)
     787                      .dwattr $C$DW$78, DW_AT_linkage_name("__relaxed_fmodf")
     788                      .dwattr $C$DW$78, DW_AT_external
     789                      .dwattr $C$DW$78, DW_AT_type(*$C$DW$T$16)
     790                      .dwattr $C$DW$78, DW_AT_decl_file("D:/TI/ccs/ccs/tools/compiler/ti-cgt-c2000_22.6.2.LTS/include/math.
     791                      .dwattr $C$DW$78, DW_AT_decl_line(0x11c)
     792                      .dwattr $C$DW$78, DW_AT_decl_column(0x10)
     793                      .dwattr $C$DW$78, DW_AT_TI_max_frame_size(-2)
     794                      .dwpsn  file "D:/TI/ccs/ccs/tools/compiler/ti-cgt-c2000_22.6.2.LTS/include/math.h",line 285,column 1,
     795              
     796                      .dwfde $C$DW$CIE, ||__relaxed_fmodf||
     797              $C$DW$79        .dwtag  DW_TAG_formal_parameter
     798                      .dwattr $C$DW$79, DW_AT_name("y")
     799                      .dwattr $C$DW$79, DW_AT_type(*$C$DW$T$16)
     800                      .dwattr $C$DW$79, DW_AT_location[DW_OP_regx 0x2b]
     801              
     802              $C$DW$80        .dwtag  DW_TAG_formal_parameter
     803                      .dwattr $C$DW$80, DW_AT_name("x")
     804                      .dwattr $C$DW$80, DW_AT_type(*$C$DW$T$16)
     805                      .dwattr $C$DW$80, DW_AT_location[DW_OP_regx 0x2f]
     806              
     807              
     808              ;***************************************************************
     809              ;* FNAME: __relaxed_fmodf               FR SIZE:   0           *
     810              ;*                                                             *
     811              ;* FUNCTION ENVIRONMENT                                        *
     812              ;*                                                             *
     813              ;* FUNCTION PROPERTIES                                         *
     814              ;*                            0 Parameter,  0 Auto,  0 SOE     *
     815              ;***************************************************************
     816              
     817              ||__relaxed_fmodf||:
     818              ;* R0    assigned to y
     819              $C$DW$81        .dwtag  DW_TAG_variable
     820                      .dwattr $C$DW$81, DW_AT_name("y")
     821                      .dwattr $C$DW$81, DW_AT_type(*$C$DW$T$50)
     822                      .dwattr $C$DW$81, DW_AT_location[DW_OP_regx 0x2b]
     823              
     824              ;* R1    assigned to x
     825              $C$DW$82        .dwtag  DW_TAG_variable
     826                      .dwattr $C$DW$82, DW_AT_name("x")
     827                      .dwattr $C$DW$82, DW_AT_type(*$C$DW$T$50)
     828                      .dwattr $C$DW$82, DW_AT_location[DW_OP_regx 0x2f]
     829              
TMS320C2000 Assembler PC v22.6.2 Thu Jan 22 11:16:45 2026

Copyright (c) 1996-2018 Texas Instruments Incorporated
fcl_f2837x_sfra_gui.asm                                              PAGE   17

     830                      .dwcfi  cfa_offset, -2
     831                      .dwcfi  save_reg_to_mem, 26, 0
     832                      .dwpsn  file "D:/TI/ccs/ccs/tools/compiler/ti-cgt-c2000_22.6.2.LTS/include/math.h",line 286,column 3,
     833 00000000 E274          DIVF32    R2H,R0H,R1H           ; [CPU_FPU] |286| 
         00000001 0042 
     834 00000002 7700          NOP       ; [CPU_ALU] 
     835 00000003 7700          NOP       ; [CPU_ALU] 
     836 00000004 7700          NOP       ; [CPU_ALU] 
     837 00000005 7700          NOP       ; [CPU_ALU] 
     838 00000006 E688          F32TOI32  R2H,R2H               ; [CPU_FPU] |286| 
         00000007 0012 
     839 00000008 7700          NOP       ; [CPU_ALU] 
     840 00000009 E689          I32TOF32  R2H,R2H               ; [CPU_FPU] |286| 
         0000000a 0012 
     841 0000000b 7700          NOP       ; [CPU_ALU] 
     842 0000000c E700          MPYF32    R1H,R1H,R2H           ; [CPU_FPU] |286| 
         0000000d 0089 
     843 0000000e 7700          NOP       ; [CPU_ALU] 
     844 0000000f E720          SUBF32    R0H,R0H,R1H           ; [CPU_FPU] |286| 
         00000010 0040 
     845              $C$DW$83        .dwtag  DW_TAG_TI_branch
     846                      .dwattr $C$DW$83, DW_AT_low_pc(0x00)
     847                      .dwattr $C$DW$83, DW_AT_TI_return
     848              
     849 00000011 0006          LRETR     ; [CPU_ALU] 
     850                      ; return occurs ; [] 
     851                      .dwattr $C$DW$78, DW_AT_TI_end_file("D:/TI/ccs/ccs/tools/compiler/ti-cgt-c2000_22.6.2.LTS/include/mat
     852                      .dwattr $C$DW$78, DW_AT_TI_end_line(0x11f)
     853                      .dwattr $C$DW$78, DW_AT_TI_end_column(0x01)
     854                      .dwendentry
     855                      .dwendtag $C$DW$78
     856              
     857 00000000               .sect   ".text:__relaxed_fminf"
     858                      .clink
     859                      .global ||__relaxed_fminf||
     860              
     861              $C$DW$84        .dwtag  DW_TAG_subprogram
     862                      .dwattr $C$DW$84, DW_AT_name("__relaxed_fminf")
     863                      .dwattr $C$DW$84, DW_AT_low_pc(||__relaxed_fminf||)
     864                      .dwattr $C$DW$84, DW_AT_high_pc(0x00)
     865                      .dwattr $C$DW$84, DW_AT_linkage_name("__relaxed_fminf")
     866                      .dwattr $C$DW$84, DW_AT_external
     867                      .dwattr $C$DW$84, DW_AT_type(*$C$DW$T$16)
     868                      .dwattr $C$DW$84, DW_AT_decl_file("D:/TI/ccs/ccs/tools/compiler/ti-cgt-c2000_22.6.2.LTS/include/math.
     869                      .dwattr $C$DW$84, DW_AT_decl_line(0xee)
     870                      .dwattr $C$DW$84, DW_AT_decl_column(0x10)
     871                      .dwattr $C$DW$84, DW_AT_TI_max_frame_size(-2)
     872                      .dwpsn  file "D:/TI/ccs/ccs/tools/compiler/ti-cgt-c2000_22.6.2.LTS/include/math.h",line 239,column 1,
     873              
     874                      .dwfde $C$DW$CIE, ||__relaxed_fminf||
     875              $C$DW$85        .dwtag  DW_TAG_formal_parameter
     876                      .dwattr $C$DW$85, DW_AT_name("x")
     877                      .dwattr $C$DW$85, DW_AT_type(*$C$DW$T$16)
     878                      .dwattr $C$DW$85, DW_AT_location[DW_OP_regx 0x2b]
     879              
TMS320C2000 Assembler PC v22.6.2 Thu Jan 22 11:16:45 2026

Copyright (c) 1996-2018 Texas Instruments Incorporated
fcl_f2837x_sfra_gui.asm                                              PAGE   18

     880              $C$DW$86        .dwtag  DW_TAG_formal_parameter
     881                      .dwattr $C$DW$86, DW_AT_name("y")
     882                      .dwattr $C$DW$86, DW_AT_type(*$C$DW$T$16)
     883                      .dwattr $C$DW$86, DW_AT_location[DW_OP_regx 0x2f]
     884              
     885              
     886              ;***************************************************************
     887              ;* FNAME: __relaxed_fminf               FR SIZE:   0           *
     888              ;*                                                             *
     889              ;* FUNCTION ENVIRONMENT                                        *
     890              ;*                                                             *
     891              ;* FUNCTION PROPERTIES                                         *
     892              ;*                            0 Parameter,  0 Auto,  0 SOE     *
     893              ;***************************************************************
     894              
     895              ||__relaxed_fminf||:
     896              ;* R1    assigned to y
     897              $C$DW$87        .dwtag  DW_TAG_variable
     898                      .dwattr $C$DW$87, DW_AT_name("y")
     899                      .dwattr $C$DW$87, DW_AT_type(*$C$DW$T$50)
     900                      .dwattr $C$DW$87, DW_AT_location[DW_OP_regx 0x2f]
     901              
     902                      .dwcfi  cfa_offset, -2
     903                      .dwcfi  save_reg_to_mem, 26, 0
     904                      .dwpsn  file "D:/TI/ccs/ccs/tools/compiler/ti-cgt-c2000_22.6.2.LTS/include/math.h",line 240,column 5,
     905 00000000 E697          MINF32    R0H,R1H               ; [CPU_FPU] |240| 
         00000001 0008 
     906              $C$DW$88        .dwtag  DW_TAG_TI_branch
     907                      .dwattr $C$DW$88, DW_AT_low_pc(0x00)
     908                      .dwattr $C$DW$88, DW_AT_TI_return
     909              
     910 00000002 0006          LRETR     ; [CPU_ALU] 
     911                      ; return occurs ; [] 
     912                      .dwattr $C$DW$84, DW_AT_TI_end_file("D:/TI/ccs/ccs/tools/compiler/ti-cgt-c2000_22.6.2.LTS/include/mat
     913                      .dwattr $C$DW$84, DW_AT_TI_end_line(0xf1)
     914                      .dwattr $C$DW$84, DW_AT_TI_end_column(0x01)
     915                      .dwendentry
     916                      .dwendtag $C$DW$84
     917              
     918 00000000               .sect   ".text:__relaxed_fmaxf"
     919                      .clink
     920                      .global ||__relaxed_fmaxf||
     921              
     922              $C$DW$89        .dwtag  DW_TAG_subprogram
     923                      .dwattr $C$DW$89, DW_AT_name("__relaxed_fmaxf")
     924                      .dwattr $C$DW$89, DW_AT_low_pc(||__relaxed_fmaxf||)
     925                      .dwattr $C$DW$89, DW_AT_high_pc(0x00)
     926                      .dwattr $C$DW$89, DW_AT_linkage_name("__relaxed_fmaxf")
     927                      .dwattr $C$DW$89, DW_AT_external
     928                      .dwattr $C$DW$89, DW_AT_type(*$C$DW$T$16)
     929                      .dwattr $C$DW$89, DW_AT_decl_file("D:/TI/ccs/ccs/tools/compiler/ti-cgt-c2000_22.6.2.LTS/include/math.
     930                      .dwattr $C$DW$89, DW_AT_decl_line(0xe8)
     931                      .dwattr $C$DW$89, DW_AT_decl_column(0x10)
     932                      .dwattr $C$DW$89, DW_AT_TI_max_frame_size(-2)
     933                      .dwpsn  file "D:/TI/ccs/ccs/tools/compiler/ti-cgt-c2000_22.6.2.LTS/include/math.h",line 233,column 1,
TMS320C2000 Assembler PC v22.6.2 Thu Jan 22 11:16:45 2026

Copyright (c) 1996-2018 Texas Instruments Incorporated
fcl_f2837x_sfra_gui.asm                                              PAGE   19

     934              
     935                      .dwfde $C$DW$CIE, ||__relaxed_fmaxf||
     936              $C$DW$90        .dwtag  DW_TAG_formal_parameter
     937                      .dwattr $C$DW$90, DW_AT_name("x")
     938                      .dwattr $C$DW$90, DW_AT_type(*$C$DW$T$16)
     939                      .dwattr $C$DW$90, DW_AT_location[DW_OP_regx 0x2b]
     940              
     941              $C$DW$91        .dwtag  DW_TAG_formal_parameter
     942                      .dwattr $C$DW$91, DW_AT_name("y")
     943                      .dwattr $C$DW$91, DW_AT_type(*$C$DW$T$16)
     944                      .dwattr $C$DW$91, DW_AT_location[DW_OP_regx 0x2f]
     945              
     946              
     947              ;***************************************************************
     948              ;* FNAME: __relaxed_fmaxf               FR SIZE:   0           *
     949              ;*                                                             *
     950              ;* FUNCTION ENVIRONMENT                                        *
     951              ;*                                                             *
     952              ;* FUNCTION PROPERTIES                                         *
     953              ;*                            0 Parameter,  0 Auto,  0 SOE     *
     954              ;***************************************************************
     955              
     956              ||__relaxed_fmaxf||:
     957              ;* R1    assigned to y
     958              $C$DW$92        .dwtag  DW_TAG_variable
     959                      .dwattr $C$DW$92, DW_AT_name("y")
     960                      .dwattr $C$DW$92, DW_AT_type(*$C$DW$T$50)
     961                      .dwattr $C$DW$92, DW_AT_location[DW_OP_regx 0x2f]
     962              
     963                      .dwcfi  cfa_offset, -2
     964                      .dwcfi  save_reg_to_mem, 26, 0
     965                      .dwpsn  file "D:/TI/ccs/ccs/tools/compiler/ti-cgt-c2000_22.6.2.LTS/include/math.h",line 234,column 5,
     966 00000000 E696          MAXF32    R0H,R1H               ; [CPU_FPU] |234| 
         00000001 0008 
     967              $C$DW$93        .dwtag  DW_TAG_TI_branch
     968                      .dwattr $C$DW$93, DW_AT_low_pc(0x00)
     969                      .dwattr $C$DW$93, DW_AT_TI_return
     970              
     971 00000002 0006          LRETR     ; [CPU_ALU] 
     972                      ; return occurs ; [] 
     973                      .dwattr $C$DW$89, DW_AT_TI_end_file("D:/TI/ccs/ccs/tools/compiler/ti-cgt-c2000_22.6.2.LTS/include/mat
     974                      .dwattr $C$DW$89, DW_AT_TI_end_line(0xeb)
     975                      .dwattr $C$DW$89, DW_AT_TI_end_column(0x01)
     976                      .dwendentry
     977                      .dwendtag $C$DW$89
     978              
     979 00000000               .sect   ".text:__relaxed_cosf"
     980                      .clink
     981                      .global ||__relaxed_cosf||
     982              
     983              $C$DW$94        .dwtag  DW_TAG_subprogram
     984                      .dwattr $C$DW$94, DW_AT_name("__relaxed_cosf")
     985                      .dwattr $C$DW$94, DW_AT_low_pc(||__relaxed_cosf||)
     986                      .dwattr $C$DW$94, DW_AT_high_pc(0x00)
     987                      .dwattr $C$DW$94, DW_AT_linkage_name("__relaxed_cosf")
TMS320C2000 Assembler PC v22.6.2 Thu Jan 22 11:16:45 2026

Copyright (c) 1996-2018 Texas Instruments Incorporated
fcl_f2837x_sfra_gui.asm                                              PAGE   20

     988                      .dwattr $C$DW$94, DW_AT_external
     989                      .dwattr $C$DW$94, DW_AT_type(*$C$DW$T$16)
     990                      .dwattr $C$DW$94, DW_AT_decl_file("D:/TI/ccs/ccs/tools/compiler/ti-cgt-c2000_22.6.2.LTS/include/math.
     991                      .dwattr $C$DW$94, DW_AT_decl_line(0x10d)
     992                      .dwattr $C$DW$94, DW_AT_decl_column(0x10)
     993                      .dwattr $C$DW$94, DW_AT_TI_max_frame_size(-2)
     994                      .dwpsn  file "D:/TI/ccs/ccs/tools/compiler/ti-cgt-c2000_22.6.2.LTS/include/math.h",line 270,column 1,
     995              
     996                      .dwfde $C$DW$CIE, ||__relaxed_cosf||
     997              $C$DW$95        .dwtag  DW_TAG_formal_parameter
     998                      .dwattr $C$DW$95, DW_AT_name("x")
     999                      .dwattr $C$DW$95, DW_AT_type(*$C$DW$T$16)
    1000                      .dwattr $C$DW$95, DW_AT_location[DW_OP_regx 0x2b]
    1001              
    1002              
    1003              ;***************************************************************
    1004              ;* FNAME: __relaxed_cosf                FR SIZE:   0           *
    1005              ;*                                                             *
    1006              ;* FUNCTION ENVIRONMENT                                        *
    1007              ;*                                                             *
    1008              ;* FUNCTION PROPERTIES                                         *
    1009              ;*                            0 Parameter,  0 Auto,  0 SOE     *
    1010              ;***************************************************************
    1011              
    1012              ||__relaxed_cosf||:
    1013              ;* R0    assigned to x
    1014              $C$DW$96        .dwtag  DW_TAG_variable
    1015                      .dwattr $C$DW$96, DW_AT_name("x")
    1016                      .dwattr $C$DW$96, DW_AT_type(*$C$DW$T$50)
    1017                      .dwattr $C$DW$96, DW_AT_location[DW_OP_regx 0x2b]
    1018              
    1019                      .dwcfi  cfa_offset, -2
    1020                      .dwcfi  save_reg_to_mem, 26, 0
    1021                      .dwpsn  file "D:/TI/ccs/ccs/tools/compiler/ti-cgt-c2000_22.6.2.LTS/include/math.h",line 271,column 5,
    1022 00000000 E271          DIV2PIF32 R0H,R0H               ; [CPU_FPU] |271| 
         00000001 0000 
    1023 00000002 7700          NOP       ; [CPU_ALU] 
    1024 00000003 E279          COSPUF32  R0H,R0H               ; [CPU_FPU] |271| 
         00000004 0000 
    1025 00000005 7700          NOP       ; [CPU_ALU] 
    1026 00000006 7700          NOP       ; [CPU_ALU] 
    1027              $C$DW$97        .dwtag  DW_TAG_TI_branch
    1028                      .dwattr $C$DW$97, DW_AT_low_pc(0x00)
    1029                      .dwattr $C$DW$97, DW_AT_TI_return
    1030              
    1031 00000007 0006          LRETR     ; [CPU_ALU] 
    1032                      ; return occurs ; [] 
    1033                      .dwattr $C$DW$94, DW_AT_TI_end_file("D:/TI/ccs/ccs/tools/compiler/ti-cgt-c2000_22.6.2.LTS/include/mat
    1034                      .dwattr $C$DW$94, DW_AT_TI_end_line(0x110)
    1035                      .dwattr $C$DW$94, DW_AT_TI_end_column(0x01)
    1036                      .dwendentry
    1037                      .dwendtag $C$DW$94
    1038              
    1039 00000000               .sect   ".text:__relaxed_atanf"
    1040                      .clink
TMS320C2000 Assembler PC v22.6.2 Thu Jan 22 11:16:45 2026

Copyright (c) 1996-2018 Texas Instruments Incorporated
fcl_f2837x_sfra_gui.asm                                              PAGE   21

    1041                      .global ||__relaxed_atanf||
    1042              
    1043              $C$DW$98        .dwtag  DW_TAG_subprogram
    1044                      .dwattr $C$DW$98, DW_AT_name("__relaxed_atanf")
    1045                      .dwattr $C$DW$98, DW_AT_low_pc(||__relaxed_atanf||)
    1046                      .dwattr $C$DW$98, DW_AT_high_pc(0x00)
    1047                      .dwattr $C$DW$98, DW_AT_linkage_name("__relaxed_atanf")
    1048                      .dwattr $C$DW$98, DW_AT_external
    1049                      .dwattr $C$DW$98, DW_AT_type(*$C$DW$T$16)
    1050                      .dwattr $C$DW$98, DW_AT_decl_file("D:/TI/ccs/ccs/tools/compiler/ti-cgt-c2000_22.6.2.LTS/include/math.
    1051                      .dwattr $C$DW$98, DW_AT_decl_line(0x112)
    1052                      .dwattr $C$DW$98, DW_AT_decl_column(0x10)
    1053                      .dwattr $C$DW$98, DW_AT_TI_max_frame_size(-2)
    1054                      .dwpsn  file "D:/TI/ccs/ccs/tools/compiler/ti-cgt-c2000_22.6.2.LTS/include/math.h",line 275,column 1,
    1055              
    1056                      .dwfde $C$DW$CIE, ||__relaxed_atanf||
    1057              $C$DW$99        .dwtag  DW_TAG_formal_parameter
    1058                      .dwattr $C$DW$99, DW_AT_name("x")
    1059                      .dwattr $C$DW$99, DW_AT_type(*$C$DW$T$16)
    1060                      .dwattr $C$DW$99, DW_AT_location[DW_OP_regx 0x2b]
    1061              
    1062              
    1063              ;***************************************************************
    1064              ;* FNAME: __relaxed_atanf               FR SIZE:   0           *
    1065              ;*                                                             *
    1066              ;* FUNCTION ENVIRONMENT                                        *
    1067              ;*                                                             *
    1068              ;* FUNCTION PROPERTIES                                         *
    1069              ;*                            0 Parameter,  0 Auto,  0 SOE     *
    1070              ;***************************************************************
    1071              
    1072              ||__relaxed_atanf||:
    1073              ;* R0    assigned to x
    1074              $C$DW$100       .dwtag  DW_TAG_variable
    1075                      .dwattr $C$DW$100, DW_AT_name("x")
    1076                      .dwattr $C$DW$100, DW_AT_type(*$C$DW$T$50)
    1077                      .dwattr $C$DW$100, DW_AT_location[DW_OP_regx 0x2b]
    1078              
    1079                      .dwcfi  cfa_offset, -2
    1080                      .dwcfi  save_reg_to_mem, 26, 0
    1081                      .dwpsn  file "D:/TI/ccs/ccs/tools/compiler/ti-cgt-c2000_22.6.2.LTS/include/math.h",line 276,column 3,
    1082 00000000 E801          MOVIZ     R1H,#16256            ; [CPU_FPU] |276| 
         00000001 FC01 
    1083 00000002 E27C          QUADF32   R1H,R0H,R0H,R1H       ; [CPU_FPU] |276| 
         00000003 0201 
    1084 00000004 7700          NOP       ; [CPU_ALU] 
    1085 00000005 7700          NOP       ; [CPU_ALU] 
    1086 00000006 7700          NOP       ; [CPU_ALU] 
    1087 00000007 7700          NOP       ; [CPU_ALU] 
    1088 00000008 E27A          ATANPUF32 R0H,R0H               ; [CPU_FPU] |276| 
         00000009 0000 
    1089 0000000a 7700          NOP       ; [CPU_ALU] 
    1090 0000000b 7700          NOP       ; [CPU_ALU] 
    1091 0000000c 7700          NOP       ; [CPU_ALU] 
    1092 0000000d E710          ADDF32    R0H,R0H,R1H           ; [CPU_FPU] |276| 
TMS320C2000 Assembler PC v22.6.2 Thu Jan 22 11:16:45 2026

Copyright (c) 1996-2018 Texas Instruments Incorporated
fcl_f2837x_sfra_gui.asm                                              PAGE   22

         0000000e 0040 
    1093 0000000f 7700          NOP       ; [CPU_ALU] 
    1094 00000010 7700          NOP       ; [CPU_ALU] 
    1095 00000011 E270          MPY2PIF32 R0H,R0H               ; [CPU_FPU] |276| 
         00000012 0000 
    1096 00000013 7700          NOP       ; [CPU_ALU] 
    1097              $C$DW$101       .dwtag  DW_TAG_TI_branch
    1098                      .dwattr $C$DW$101, DW_AT_low_pc(0x00)
    1099                      .dwattr $C$DW$101, DW_AT_TI_return
    1100              
    1101 00000014 0006          LRETR     ; [CPU_ALU] 
    1102                      ; return occurs ; [] 
    1103                      .dwattr $C$DW$98, DW_AT_TI_end_file("D:/TI/ccs/ccs/tools/compiler/ti-cgt-c2000_22.6.2.LTS/include/mat
    1104                      .dwattr $C$DW$98, DW_AT_TI_end_line(0x115)
    1105                      .dwattr $C$DW$98, DW_AT_TI_end_column(0x01)
    1106                      .dwendentry
    1107                      .dwendtag $C$DW$98
    1108              
    1109 00000000               .sect   ".text:__relaxed_atan2f"
    1110                      .clink
    1111                      .global ||__relaxed_atan2f||
    1112              
    1113              $C$DW$102       .dwtag  DW_TAG_subprogram
    1114                      .dwattr $C$DW$102, DW_AT_name("__relaxed_atan2f")
    1115                      .dwattr $C$DW$102, DW_AT_low_pc(||__relaxed_atan2f||)
    1116                      .dwattr $C$DW$102, DW_AT_high_pc(0x00)
    1117                      .dwattr $C$DW$102, DW_AT_linkage_name("__relaxed_atan2f")
    1118                      .dwattr $C$DW$102, DW_AT_external
    1119                      .dwattr $C$DW$102, DW_AT_type(*$C$DW$T$16)
    1120                      .dwattr $C$DW$102, DW_AT_decl_file("D:/TI/ccs/ccs/tools/compiler/ti-cgt-c2000_22.6.2.LTS/include/math
    1121                      .dwattr $C$DW$102, DW_AT_decl_line(0x117)
    1122                      .dwattr $C$DW$102, DW_AT_decl_column(0x10)
    1123                      .dwattr $C$DW$102, DW_AT_TI_max_frame_size(-2)
    1124                      .dwpsn  file "D:/TI/ccs/ccs/tools/compiler/ti-cgt-c2000_22.6.2.LTS/include/math.h",line 280,column 1,
    1125              
    1126                      .dwfde $C$DW$CIE, ||__relaxed_atan2f||
    1127              $C$DW$103       .dwtag  DW_TAG_formal_parameter
    1128                      .dwattr $C$DW$103, DW_AT_name("y")
    1129                      .dwattr $C$DW$103, DW_AT_type(*$C$DW$T$16)
    1130                      .dwattr $C$DW$103, DW_AT_location[DW_OP_regx 0x2b]
    1131              
    1132              $C$DW$104       .dwtag  DW_TAG_formal_parameter
    1133                      .dwattr $C$DW$104, DW_AT_name("x")
    1134                      .dwattr $C$DW$104, DW_AT_type(*$C$DW$T$16)
    1135                      .dwattr $C$DW$104, DW_AT_location[DW_OP_regx 0x2f]
    1136              
    1137              
    1138              ;***************************************************************
    1139              ;* FNAME: __relaxed_atan2f              FR SIZE:   0           *
    1140              ;*                                                             *
    1141              ;* FUNCTION ENVIRONMENT                                        *
    1142              ;*                                                             *
    1143              ;* FUNCTION PROPERTIES                                         *
    1144              ;*                            0 Parameter,  0 Auto,  0 SOE     *
    1145              ;***************************************************************
TMS320C2000 Assembler PC v22.6.2 Thu Jan 22 11:16:45 2026

Copyright (c) 1996-2018 Texas Instruments Incorporated
fcl_f2837x_sfra_gui.asm                                              PAGE   23

    1146              
    1147              ||__relaxed_atan2f||:
    1148              ;* R0    assigned to y
    1149              $C$DW$105       .dwtag  DW_TAG_variable
    1150                      .dwattr $C$DW$105, DW_AT_name("y")
    1151                      .dwattr $C$DW$105, DW_AT_type(*$C$DW$T$50)
    1152                      .dwattr $C$DW$105, DW_AT_location[DW_OP_regx 0x2b]
    1153              
    1154              ;* R1    assigned to x
    1155              $C$DW$106       .dwtag  DW_TAG_variable
    1156                      .dwattr $C$DW$106, DW_AT_name("x")
    1157                      .dwattr $C$DW$106, DW_AT_type(*$C$DW$T$50)
    1158                      .dwattr $C$DW$106, DW_AT_location[DW_OP_regx 0x2f]
    1159              
    1160                      .dwcfi  cfa_offset, -2
    1161                      .dwcfi  save_reg_to_mem, 26, 0
    1162                      .dwpsn  file "D:/TI/ccs/ccs/tools/compiler/ti-cgt-c2000_22.6.2.LTS/include/math.h",line 281,column 3,
    1163 00000000 E27C          QUADF32   R1H,R0H,R0H,R1H       ; [CPU_FPU] |281| 
         00000001 0201 
    1164 00000002 7700          NOP       ; [CPU_ALU] 
    1165 00000003 7700          NOP       ; [CPU_ALU] 
    1166 00000004 7700          NOP       ; [CPU_ALU] 
    1167 00000005 7700          NOP       ; [CPU_ALU] 
    1168 00000006 E27A          ATANPUF32 R0H,R0H               ; [CPU_FPU] |281| 
         00000007 0000 
    1169 00000008 7700          NOP       ; [CPU_ALU] 
    1170 00000009 7700          NOP       ; [CPU_ALU] 
    1171 0000000a 7700          NOP       ; [CPU_ALU] 
    1172 0000000b E710          ADDF32    R0H,R0H,R1H           ; [CPU_FPU] |281| 
         0000000c 0040 
    1173 0000000d 7700          NOP       ; [CPU_ALU] 
    1174 0000000e 7700          NOP       ; [CPU_ALU] 
    1175 0000000f E270          MPY2PIF32 R0H,R0H               ; [CPU_FPU] |281| 
         00000010 0000 
    1176 00000011 7700          NOP       ; [CPU_ALU] 
    1177              $C$DW$107       .dwtag  DW_TAG_TI_branch
    1178                      .dwattr $C$DW$107, DW_AT_low_pc(0x00)
    1179                      .dwattr $C$DW$107, DW_AT_TI_return
    1180              
    1181 00000012 0006          LRETR     ; [CPU_ALU] 
    1182                      ; return occurs ; [] 
    1183                      .dwattr $C$DW$102, DW_AT_TI_end_file("D:/TI/ccs/ccs/tools/compiler/ti-cgt-c2000_22.6.2.LTS/include/ma
    1184                      .dwattr $C$DW$102, DW_AT_TI_end_line(0x11a)
    1185                      .dwattr $C$DW$102, DW_AT_TI_end_column(0x01)
    1186                      .dwendentry
    1187                      .dwendtag $C$DW$102
    1188              
    1189 00000000               .sect   ".text:__isnormall"
    1190                      .clink
    1191                      .global ||__isnormall||
    1192              
    1193              $C$DW$108       .dwtag  DW_TAG_subprogram
    1194                      .dwattr $C$DW$108, DW_AT_name("__isnormall")
    1195                      .dwattr $C$DW$108, DW_AT_low_pc(||__isnormall||)
    1196                      .dwattr $C$DW$108, DW_AT_high_pc(0x00)
TMS320C2000 Assembler PC v22.6.2 Thu Jan 22 11:16:45 2026

Copyright (c) 1996-2018 Texas Instruments Incorporated
fcl_f2837x_sfra_gui.asm                                              PAGE   24

    1197                      .dwattr $C$DW$108, DW_AT_linkage_name("__isnormall")
    1198                      .dwattr $C$DW$108, DW_AT_external
    1199                      .dwattr $C$DW$108, DW_AT_type(*$C$DW$T$10)
    1200                      .dwattr $C$DW$108, DW_AT_decl_file("D:/TI/ccs/ccs/tools/compiler/ti-cgt-c2000_22.6.2.LTS/include/_def
    1201                      .dwattr $C$DW$108, DW_AT_decl_line(0x167)
    1202                      .dwattr $C$DW$108, DW_AT_decl_column(0x18)
    1203                      .dwattr $C$DW$108, DW_AT_TI_max_frame_size(-6)
    1204                      .dwpsn  file "D:/TI/ccs/ccs/tools/compiler/ti-cgt-c2000_22.6.2.LTS/include/_defs.h",line 360,column 1
    1205              
    1206                      .dwfde $C$DW$CIE, ||__isnormall||
    1207              $C$DW$109       .dwtag  DW_TAG_formal_parameter
    1208                      .dwattr $C$DW$109, DW_AT_name("e")
    1209                      .dwattr $C$DW$109, DW_AT_type(*$C$DW$T$55)
    1210                      .dwattr $C$DW$109, DW_AT_location[DW_OP_reg12]
    1211              
    1212              
    1213              ;***************************************************************
    1214              ;* FNAME: __isnormall                   FR SIZE:   4           *
    1215              ;*                                                             *
    1216              ;* FUNCTION ENVIRONMENT                                        *
    1217              ;*                                                             *
    1218              ;* FUNCTION PROPERTIES                                         *
    1219              ;*                            4 Parameter,  0 Auto,  0 SOE     *
    1220              ;***************************************************************
    1221              
    1222              ||__isnormall||:
    1223              ;* AR5   assigned to $O$C2
    1224              ;* AR6   assigned to $O$S1
    1225              ;* AR4   assigned to e
    1226              $C$DW$110       .dwtag  DW_TAG_variable
    1227                      .dwattr $C$DW$110, DW_AT_name("e")
    1228                      .dwattr $C$DW$110, DW_AT_type(*$C$DW$T$56)
    1229                      .dwattr $C$DW$110, DW_AT_location[DW_OP_reg12]
    1230              
    1231                      .dwcfi  cfa_offset, -2
    1232                      .dwcfi  save_reg_to_mem, 26, 0
    1233 00000000 FE04          ADDB      SP,#4                 ; [CPU_ARAU] 
    1234                      .dwcfi  cfa_offset, -6
    1235                      .dwpsn  file "D:/TI/ccs/ccs/tools/compiler/ti-cgt-c2000_22.6.2.LTS/include/_defs.h",line 360,column 3
    1236 00000001 83C4          MOVL      XAR5,*+XAR4[0]        ; [CPU_ALU] |360| 
    1237 00000002 8AD4          MOVL      XAR4,*+XAR4[2]        ; [CPU_ALU] |360| 
    1238 00000003 BE00          MOVB      XAR6,#0               ; [CPU_ALU] |360| 
    1239 00000004 28AC          MOV       T,#52                 ; [CPU_ALU] |360| 
         00000005 0034 
    1240 00000006 A0AB          MOVL      P,XAR5                ; [CPU_ALU] |360| 
    1241 00000007 A8A9          MOVL      ACC,XAR4              ; [CPU_ALU] |360| 
    1242 00000008 C244          MOVL      *-SP[4],XAR6          ; [CPU_ALU] |360| 
    1243 00000009 2B42          MOV       *-SP[2],#0            ; [CPU_ALU] |360| 
    1244 0000000a 565B          LSR64     ACC:P,T               ; [CPU_ALU] |360| 
    1245 0000000b 2B41          MOV       *-SP[1],#0            ; [CPU_FPU] |360| 
    1246 0000000c 9000          ANDB      AL,#0                 ; [CPU_ALU] |360| 
    1247 0000000d 9100          ANDB      AH,#0                 ; [CPU_ALU] |360| 
    1248 0000000e 18AB          AND       PL,#2047              ; [CPU_ALU] |360| 
         0000000f 07FF 
    1249 00000010 18AA          AND       PH,#0                 ; [CPU_ALU] |360| 
TMS320C2000 Assembler PC v22.6.2 Thu Jan 22 11:16:45 2026

Copyright (c) 1996-2018 Texas Instruments Incorporated
fcl_f2837x_sfra_gui.asm                                              PAGE   25

         00000011 0000 
    1250              $C$DW$111       .dwtag  DW_TAG_TI_branch
    1251                      .dwattr $C$DW$111, DW_AT_low_pc(0x00)
    1252                      .dwattr $C$DW$111, DW_AT_name("__c28xabi_cmpull")
    1253                      .dwattr $C$DW$111, DW_AT_TI_call
    1254              
    1255 00000012 7640!         LCR       #||__c28xabi_cmpull|| ; [CPU_ALU] |360| 
         00000013 0000 
    1256                      ; call occurs [#||__c28xabi_cmpull||] ; [] |360| 
    1257 00000014 BE00          MOVB      XAR6,#0               ; [CPU_ALU] |360| 
    1258 00000015 5200          CMPB      AL,#0                 ; [CPU_ALU] |360| 
    1259 00000016 610E          B         ||$C$L1||,EQ          ; [CPU_ALU] |360| 
    1260                      ; branchcc occurs ; [] |360| 
    1261 00000017 A0AB          MOVL      P,XAR5                ; [CPU_ALU] |360| 
    1262 00000018 A8A9          MOVL      ACC,XAR4              ; [CPU_ALU] |360| 
    1263 00000019 28AC          MOV       T,#48                 ; [CPU_ALU] |360| 
         0000001a 0030 
    1264 0000001b 565B          LSR64     ACC:P,T               ; [CPU_ALU] |360| 
    1265 0000001c 18AB          AND       PL,#0x7ff0            ; [CPU_ALU] |360| 
         0000001d 7FF0 
    1266 0000001e 80AB          MOVZ      AR7,PL                ; [CPU_ALU] |360| 
    1267 0000001f FF20          MOV       ACC,#32752            ; [CPU_ALU] |360| 
         00000020 7FF0 
    1268 00000021 0FA7          CMPL      ACC,XAR7              ; [CPU_ALU] |360| 
    1269 00000022 56B0          MOVB      XAR6,#1,NEQ           ; [CPU_ALU] |360| 
         00000023 01A6 
    1270 00000024       ||$C$L1||:    
    1271 00000024 FE84          SUBB      SP,#4                 ; [CPU_ARAU] 
    1272                      .dwcfi  cfa_offset, -2
    1273 00000025 92A6          MOV       AL,AR6                ; [CPU_ALU] |360| 
    1274              $C$DW$112       .dwtag  DW_TAG_TI_branch
    1275                      .dwattr $C$DW$112, DW_AT_low_pc(0x00)
    1276                      .dwattr $C$DW$112, DW_AT_TI_return
    1277              
    1278 00000026 0006          LRETR     ; [CPU_ALU] 
    1279                      ; return occurs ; [] 
    1280                      .dwattr $C$DW$108, DW_AT_TI_end_file("D:/TI/ccs/ccs/tools/compiler/ti-cgt-c2000_22.6.2.LTS/include/_d
    1281                      .dwattr $C$DW$108, DW_AT_TI_end_line(0x169)
    1282                      .dwattr $C$DW$108, DW_AT_TI_end_column(0x31)
    1283                      .dwendentry
    1284                      .dwendtag $C$DW$108
    1285              
    1286 00000000               .sect   ".text:__isnormalf"
    1287                      .clink
    1288                      .global ||__isnormalf||
    1289              
    1290              $C$DW$113       .dwtag  DW_TAG_subprogram
    1291                      .dwattr $C$DW$113, DW_AT_name("__isnormalf")
    1292                      .dwattr $C$DW$113, DW_AT_low_pc(||__isnormalf||)
    1293                      .dwattr $C$DW$113, DW_AT_high_pc(0x00)
    1294                      .dwattr $C$DW$113, DW_AT_linkage_name("__isnormalf")
    1295                      .dwattr $C$DW$113, DW_AT_external
    1296                      .dwattr $C$DW$113, DW_AT_type(*$C$DW$T$10)
    1297                      .dwattr $C$DW$113, DW_AT_decl_file("D:/TI/ccs/ccs/tools/compiler/ti-cgt-c2000_22.6.2.LTS/include/_def
    1298                      .dwattr $C$DW$113, DW_AT_decl_line(0x163)
TMS320C2000 Assembler PC v22.6.2 Thu Jan 22 11:16:45 2026

Copyright (c) 1996-2018 Texas Instruments Incorporated
fcl_f2837x_sfra_gui.asm                                              PAGE   26

    1299                      .dwattr $C$DW$113, DW_AT_decl_column(0x18)
    1300                      .dwattr $C$DW$113, DW_AT_TI_max_frame_size(-2)
    1301                      .dwpsn  file "D:/TI/ccs/ccs/tools/compiler/ti-cgt-c2000_22.6.2.LTS/include/_defs.h",line 356,column 1
    1302              
    1303                      .dwfde $C$DW$CIE, ||__isnormalf||
    1304              $C$DW$114       .dwtag  DW_TAG_formal_parameter
    1305                      .dwattr $C$DW$114, DW_AT_name("f")
    1306                      .dwattr $C$DW$114, DW_AT_type(*$C$DW$T$16)
    1307                      .dwattr $C$DW$114, DW_AT_location[DW_OP_regx 0x2b]
    1308              
    1309              
    1310              ;***************************************************************
    1311              ;* FNAME: __isnormalf                   FR SIZE:   0           *
    1312              ;*                                                             *
    1313              ;* FUNCTION ENVIRONMENT                                        *
    1314              ;*                                                             *
    1315              ;* FUNCTION PROPERTIES                                         *
    1316              ;*                            0 Parameter,  0 Auto,  0 SOE     *
    1317              ;***************************************************************
    1318              
    1319              ||__isnormalf||:
    1320              ;* PL    assigned to $O$K3
    1321              ;* AR6   assigned to $O$S1
    1322              ;* R0    assigned to f
    1323              $C$DW$115       .dwtag  DW_TAG_variable
    1324                      .dwattr $C$DW$115, DW_AT_name("f")
    1325                      .dwattr $C$DW$115, DW_AT_type(*$C$DW$T$50)
    1326                      .dwattr $C$DW$115, DW_AT_location[DW_OP_regx 0x2b]
    1327              
    1328                      .dwcfi  cfa_offset, -2
    1329                      .dwcfi  save_reg_to_mem, 26, 0
    1330                      .dwpsn  file "D:/TI/ccs/ccs/tools/compiler/ti-cgt-c2000_22.6.2.LTS/include/_defs.h",line 356,column 3
    1331 00000000 BFAB          MOV32     P,R0H                 ; [CPU_FPU] |356| 
         00000001 0F12 
    1332 00000002 28AC          MOV       T,#23                 ; [CPU_ALU] |356| 
         00000003 0017 
    1333 00000004 A9A9          MOVL      ACC,P                 ; [CPU_ALU] |356| 
    1334 00000005 BE00          MOVB      XAR6,#0               ; [CPU_ALU] |356| 
    1335 00000006 5622          LSRL      ACC,T                 ; [CPU_ALU] |356| 
    1336 00000007 90FF          ANDB      AL,#0xff              ; [CPU_ALU] |356| 
    1337 00000008 6109          B         ||$C$L2||,EQ          ; [CPU_ALU] |356| 
    1338                      ; branchcc occurs ; [] |356| 
    1339 00000009 CCAA          AND       AL,PH,#0x7f80         ; [CPU_ALU] |356| 
         0000000a 7F80 
    1340 0000000b 80A9          MOVZ      AR7,AL                ; [CPU_ALU] |356| 
    1341 0000000c FF20          MOV       ACC,#32640            ; [CPU_ALU] |356| 
         0000000d 7F80 
    1342 0000000e 0FA7          CMPL      ACC,XAR7              ; [CPU_ALU] |356| 
    1343 0000000f 56B0          MOVB      XAR6,#1,NEQ           ; [CPU_ALU] |356| 
         00000010 01A6 
    1344 00000011       ||$C$L2||:    
    1345 00000011 92A6          MOV       AL,AR6                ; [CPU_ALU] |356| 
    1346              $C$DW$116       .dwtag  DW_TAG_TI_branch
    1347                      .dwattr $C$DW$116, DW_AT_low_pc(0x00)
    1348                      .dwattr $C$DW$116, DW_AT_TI_return
TMS320C2000 Assembler PC v22.6.2 Thu Jan 22 11:16:45 2026

Copyright (c) 1996-2018 Texas Instruments Incorporated
fcl_f2837x_sfra_gui.asm                                              PAGE   27

    1349              
    1350 00000012 0006          LRETR     ; [CPU_ALU] 
    1351                      ; return occurs ; [] 
    1352                      .dwattr $C$DW$113, DW_AT_TI_end_file("D:/TI/ccs/ccs/tools/compiler/ti-cgt-c2000_22.6.2.LTS/include/_d
    1353                      .dwattr $C$DW$113, DW_AT_TI_end_line(0x165)
    1354                      .dwattr $C$DW$113, DW_AT_TI_end_column(0x2f)
    1355                      .dwendentry
    1356                      .dwendtag $C$DW$113
    1357              
    1358 00000000               .sect   ".text:__isnormal"
    1359                      .clink
    1360                      .global ||__isnormal||
    1361              
    1362              $C$DW$117       .dwtag  DW_TAG_subprogram
    1363                      .dwattr $C$DW$117, DW_AT_name("__isnormal")
    1364                      .dwattr $C$DW$117, DW_AT_low_pc(||__isnormal||)
    1365                      .dwattr $C$DW$117, DW_AT_high_pc(0x00)
    1366                      .dwattr $C$DW$117, DW_AT_linkage_name("__isnormal")
    1367                      .dwattr $C$DW$117, DW_AT_external
    1368                      .dwattr $C$DW$117, DW_AT_type(*$C$DW$T$10)
    1369                      .dwattr $C$DW$117, DW_AT_decl_file("D:/TI/ccs/ccs/tools/compiler/ti-cgt-c2000_22.6.2.LTS/include/_def
    1370                      .dwattr $C$DW$117, DW_AT_decl_line(0x15f)
    1371                      .dwattr $C$DW$117, DW_AT_decl_column(0x18)
    1372                      .dwattr $C$DW$117, DW_AT_TI_max_frame_size(-6)
    1373                      .dwpsn  file "D:/TI/ccs/ccs/tools/compiler/ti-cgt-c2000_22.6.2.LTS/include/_defs.h",line 352,column 1
    1374              
    1375                      .dwfde $C$DW$CIE, ||__isnormal||
    1376              $C$DW$118       .dwtag  DW_TAG_formal_parameter
    1377                      .dwattr $C$DW$118, DW_AT_name("d")
    1378                      .dwattr $C$DW$118, DW_AT_type(*$C$DW$T$53)
    1379                      .dwattr $C$DW$118, DW_AT_location[DW_OP_reg12]
    1380              
    1381              
    1382              ;***************************************************************
    1383              ;* FNAME: __isnormal                    FR SIZE:   4           *
    1384              ;*                                                             *
    1385              ;* FUNCTION ENVIRONMENT                                        *
    1386              ;*                                                             *
    1387              ;* FUNCTION PROPERTIES                                         *
    1388              ;*                            4 Parameter,  0 Auto,  0 SOE     *
    1389              ;***************************************************************
    1390              
    1391              ||__isnormal||:
    1392              ;* AR5   assigned to $O$C2
    1393              ;* AR6   assigned to $O$S1
    1394              ;* AR4   assigned to d
    1395              $C$DW$119       .dwtag  DW_TAG_variable
    1396                      .dwattr $C$DW$119, DW_AT_name("d")
    1397                      .dwattr $C$DW$119, DW_AT_type(*$C$DW$T$54)
    1398                      .dwattr $C$DW$119, DW_AT_location[DW_OP_reg12]
    1399              
    1400                      .dwcfi  cfa_offset, -2
    1401                      .dwcfi  save_reg_to_mem, 26, 0
    1402 00000000 FE04          ADDB      SP,#4                 ; [CPU_ARAU] 
    1403                      .dwcfi  cfa_offset, -6
TMS320C2000 Assembler PC v22.6.2 Thu Jan 22 11:16:45 2026

Copyright (c) 1996-2018 Texas Instruments Incorporated
fcl_f2837x_sfra_gui.asm                                              PAGE   28

    1404                      .dwpsn  file "D:/TI/ccs/ccs/tools/compiler/ti-cgt-c2000_22.6.2.LTS/include/_defs.h",line 352,column 3
    1405 00000001 83C4          MOVL      XAR5,*+XAR4[0]        ; [CPU_ALU] |352| 
    1406 00000002 8AD4          MOVL      XAR4,*+XAR4[2]        ; [CPU_ALU] |352| 
    1407 00000003 BE00          MOVB      XAR6,#0               ; [CPU_ALU] |352| 
    1408 00000004 28AC          MOV       T,#52                 ; [CPU_ALU] |352| 
         00000005 0034 
    1409 00000006 A0AB          MOVL      P,XAR5                ; [CPU_ALU] |352| 
    1410 00000007 A8A9          MOVL      ACC,XAR4              ; [CPU_ALU] |352| 
    1411 00000008 C244          MOVL      *-SP[4],XAR6          ; [CPU_ALU] |352| 
    1412 00000009 2B42          MOV       *-SP[2],#0            ; [CPU_ALU] |352| 
    1413 0000000a 565B          LSR64     ACC:P,T               ; [CPU_ALU] |352| 
    1414 0000000b 2B41          MOV       *-SP[1],#0            ; [CPU_FPU] |352| 
    1415 0000000c 9000          ANDB      AL,#0                 ; [CPU_ALU] |352| 
    1416 0000000d 9100          ANDB      AH,#0                 ; [CPU_ALU] |352| 
    1417 0000000e 18AB          AND       PL,#2047              ; [CPU_ALU] |352| 
         0000000f 07FF 
    1418 00000010 18AA          AND       PH,#0                 ; [CPU_ALU] |352| 
         00000011 0000 
    1419              $C$DW$120       .dwtag  DW_TAG_TI_branch
    1420                      .dwattr $C$DW$120, DW_AT_low_pc(0x00)
    1421                      .dwattr $C$DW$120, DW_AT_name("__c28xabi_cmpull")
    1422                      .dwattr $C$DW$120, DW_AT_TI_call
    1423              
    1424 00000012 7640!         LCR       #||__c28xabi_cmpull|| ; [CPU_ALU] |352| 
         00000013 0000 
    1425                      ; call occurs [#||__c28xabi_cmpull||] ; [] |352| 
    1426 00000014 BE00          MOVB      XAR6,#0               ; [CPU_ALU] |352| 
    1427 00000015 5200          CMPB      AL,#0                 ; [CPU_ALU] |352| 
    1428 00000016 610E          B         ||$C$L3||,EQ          ; [CPU_ALU] |352| 
    1429                      ; branchcc occurs ; [] |352| 
    1430 00000017 A0AB          MOVL      P,XAR5                ; [CPU_ALU] |352| 
    1431 00000018 A8A9          MOVL      ACC,XAR4              ; [CPU_ALU] |352| 
    1432 00000019 28AC          MOV       T,#48                 ; [CPU_ALU] |352| 
         0000001a 0030 
    1433 0000001b 565B          LSR64     ACC:P,T               ; [CPU_ALU] |352| 
    1434 0000001c 18AB          AND       PL,#0x7ff0            ; [CPU_ALU] |352| 
         0000001d 7FF0 
    1435 0000001e 80AB          MOVZ      AR7,PL                ; [CPU_ALU] |352| 
    1436 0000001f FF20          MOV       ACC,#32752            ; [CPU_ALU] |352| 
         00000020 7FF0 
    1437 00000021 0FA7          CMPL      ACC,XAR7              ; [CPU_ALU] |352| 
    1438 00000022 56B0          MOVB      XAR6,#1,NEQ           ; [CPU_ALU] |352| 
         00000023 01A6 
    1439 00000024       ||$C$L3||:    
    1440 00000024 FE84          SUBB      SP,#4                 ; [CPU_ARAU] 
    1441                      .dwcfi  cfa_offset, -2
    1442 00000025 92A6          MOV       AL,AR6                ; [CPU_ALU] |352| 
    1443              $C$DW$121       .dwtag  DW_TAG_TI_branch
    1444                      .dwattr $C$DW$121, DW_AT_low_pc(0x00)
    1445                      .dwattr $C$DW$121, DW_AT_TI_return
    1446              
    1447 00000026 0006          LRETR     ; [CPU_ALU] 
    1448                      ; return occurs ; [] 
    1449                      .dwattr $C$DW$117, DW_AT_TI_end_file("D:/TI/ccs/ccs/tools/compiler/ti-cgt-c2000_22.6.2.LTS/include/_d
    1450                      .dwattr $C$DW$117, DW_AT_TI_end_line(0x161)
TMS320C2000 Assembler PC v22.6.2 Thu Jan 22 11:16:45 2026

Copyright (c) 1996-2018 Texas Instruments Incorporated
fcl_f2837x_sfra_gui.asm                                              PAGE   29

    1451                      .dwattr $C$DW$117, DW_AT_TI_end_column(0x30)
    1452                      .dwendentry
    1453                      .dwendtag $C$DW$117
    1454              
    1455 00000000               .sect   ".text:__isnanl"
    1456                      .clink
    1457                      .global ||__isnanl||
    1458              
    1459              $C$DW$122       .dwtag  DW_TAG_subprogram
    1460                      .dwattr $C$DW$122, DW_AT_name("__isnanl")
    1461                      .dwattr $C$DW$122, DW_AT_low_pc(||__isnanl||)
    1462                      .dwattr $C$DW$122, DW_AT_high_pc(0x00)
    1463                      .dwattr $C$DW$122, DW_AT_linkage_name("__isnanl")
    1464                      .dwattr $C$DW$122, DW_AT_external
    1465                      .dwattr $C$DW$122, DW_AT_type(*$C$DW$T$10)
    1466                      .dwattr $C$DW$122, DW_AT_decl_file("D:/TI/ccs/ccs/tools/compiler/ti-cgt-c2000_22.6.2.LTS/include/_def
    1467                      .dwattr $C$DW$122, DW_AT_decl_line(0x15b)
    1468                      .dwattr $C$DW$122, DW_AT_decl_column(0x18)
    1469                      .dwattr $C$DW$122, DW_AT_TI_max_frame_size(-6)
    1470                      .dwpsn  file "D:/TI/ccs/ccs/tools/compiler/ti-cgt-c2000_22.6.2.LTS/include/_defs.h",line 348,column 1
    1471              
    1472                      .dwfde $C$DW$CIE, ||__isnanl||
    1473              $C$DW$123       .dwtag  DW_TAG_formal_parameter
    1474                      .dwattr $C$DW$123, DW_AT_name("e")
    1475                      .dwattr $C$DW$123, DW_AT_type(*$C$DW$T$55)
    1476                      .dwattr $C$DW$123, DW_AT_location[DW_OP_reg12]
    1477              
    1478              
    1479              ;***************************************************************
    1480              ;* FNAME: __isnanl                      FR SIZE:   4           *
    1481              ;*                                                             *
    1482              ;* FUNCTION ENVIRONMENT                                        *
    1483              ;*                                                             *
    1484              ;* FUNCTION PROPERTIES                                         *
    1485              ;*                            4 Parameter,  0 Auto,  0 SOE     *
    1486              ;***************************************************************
    1487              
    1488              ||__isnanl||:
    1489              ;* AR7   assigned to $O$C2
    1490              ;* AR4   assigned to $O$S1
    1491              ;* AR4   assigned to e
    1492              $C$DW$124       .dwtag  DW_TAG_variable
    1493                      .dwattr $C$DW$124, DW_AT_name("e")
    1494                      .dwattr $C$DW$124, DW_AT_type(*$C$DW$T$56)
    1495                      .dwattr $C$DW$124, DW_AT_location[DW_OP_reg12]
    1496              
    1497                      .dwcfi  cfa_offset, -2
    1498                      .dwcfi  save_reg_to_mem, 26, 0
    1499 00000000 FE04          ADDB      SP,#4                 ; [CPU_ARAU] 
    1500                      .dwcfi  cfa_offset, -6
    1501                      .dwpsn  file "D:/TI/ccs/ccs/tools/compiler/ti-cgt-c2000_22.6.2.LTS/include/_defs.h",line 348,column 3
    1502 00000001 C5C4          MOVL      XAR7,*+XAR4[0]        ; [CPU_ALU] |348| 
    1503 00000002 06D4          MOVL      ACC,*+XAR4[2]         ; [CPU_ALU] |348| 
    1504 00000003 28AC          MOV       T,#48                 ; [CPU_ALU] |348| 
         00000004 0030 
TMS320C2000 Assembler PC v22.6.2 Thu Jan 22 11:16:45 2026

Copyright (c) 1996-2018 Texas Instruments Incorporated
fcl_f2837x_sfra_gui.asm                                              PAGE   30

    1505 00000005 1EA6          MOVL      XAR6,ACC              ; [CPU_ALU] |348| 
    1506 00000006 A3A7          MOVL      P,XAR7                ; [CPU_ALU] |348| 
    1507 00000007 D400          MOVB      XAR4,#0               ; [CPU_ALU] |348| 
    1508 00000008 565B          LSR64     ACC:P,T               ; [CPU_ALU] |348| 
    1509 00000009 2BAA          MOV       PH,#0                 ; [CPU_ALU] |348| 
    1510 0000000a 18AB          AND       PL,#0x7ff0            ; [CPU_ALU] |348| 
         0000000b 7FF0 
    1511 0000000c FF20          MOV       ACC,#32752            ; [CPU_ALU] |348| 
         0000000d 7FF0 
    1512 0000000e 0FAB          CMPL      ACC,P                 ; [CPU_ALU] |348| 
    1513 0000000f 6013          B         ||$C$L4||,NEQ         ; [CPU_ALU] |348| 
    1514                      ; branchcc occurs ; [] |348| 
    1515 00000010 06A6          MOVL      ACC,XAR6              ; [CPU_ALU] |348| 
    1516 00000011 A3A7          MOVL      P,XAR7                ; [CPU_ALU] |348| 
    1517 00000012 BE00          MOVB      XAR6,#0               ; [CPU_ALU] |348| 
    1518 00000013 18A9          AND       AL,#65535             ; [CPU_ALU] |348| 
         00000014 FFFF 
    1519 00000015 910F          ANDB      AH,#15                ; [CPU_ALU] |348| 
    1520 00000016 18AB          AND       PL,#65535             ; [CPU_ALU] |348| 
         00000017 FFFF 
    1521 00000018 18AA          AND       PH,#65535             ; [CPU_ALU] |348| 
         00000019 FFFF 
    1522 0000001a C244          MOVL      *-SP[4],XAR6          ; [CPU_FPU] |348| 
    1523 0000001b 2B42          MOV       *-SP[2],#0            ; [CPU_FPU] |348| 
    1524 0000001c 2B41          MOV       *-SP[1],#0            ; [CPU_FPU] |348| 
    1525              $C$DW$125       .dwtag  DW_TAG_TI_branch
    1526                      .dwattr $C$DW$125, DW_AT_low_pc(0x00)
    1527                      .dwattr $C$DW$125, DW_AT_name("__c28xabi_cmpull")
    1528                      .dwattr $C$DW$125, DW_AT_TI_call
    1529              
    1530 0000001d 7640!         LCR       #||__c28xabi_cmpull|| ; [CPU_ALU] |348| 
         0000001e 0000 
    1531                      ; call occurs [#||__c28xabi_cmpull||] ; [] |348| 
    1532 0000001f 5200          CMPB      AL,#0                 ; [CPU_ALU] |348| 
    1533 00000020 56B0          MOVB      XAR4,#1,NEQ           ; [CPU_ALU] |348| 
         00000021 01A4 
    1534 00000022       ||$C$L4||:    
    1535 00000022 FE84          SUBB      SP,#4                 ; [CPU_ARAU] 
    1536                      .dwcfi  cfa_offset, -2
    1537 00000023 92A4          MOV       AL,AR4                ; [CPU_ALU] |348| 
    1538              $C$DW$126       .dwtag  DW_TAG_TI_branch
    1539                      .dwattr $C$DW$126, DW_AT_low_pc(0x00)
    1540                      .dwattr $C$DW$126, DW_AT_TI_return
    1541              
    1542 00000024 0006          LRETR     ; [CPU_ALU] 
    1543                      ; return occurs ; [] 
    1544                      .dwattr $C$DW$122, DW_AT_TI_end_file("D:/TI/ccs/ccs/tools/compiler/ti-cgt-c2000_22.6.2.LTS/include/_d
    1545                      .dwattr $C$DW$122, DW_AT_TI_end_line(0x15d)
    1546                      .dwattr $C$DW$122, DW_AT_TI_end_column(0x30)
    1547                      .dwendentry
    1548                      .dwendtag $C$DW$122
    1549              
    1550 00000000               .sect   ".text:__isnanf"
    1551                      .clink
    1552                      .global ||__isnanf||
TMS320C2000 Assembler PC v22.6.2 Thu Jan 22 11:16:45 2026

Copyright (c) 1996-2018 Texas Instruments Incorporated
fcl_f2837x_sfra_gui.asm                                              PAGE   31

    1553              
    1554              $C$DW$127       .dwtag  DW_TAG_subprogram
    1555                      .dwattr $C$DW$127, DW_AT_name("__isnanf")
    1556                      .dwattr $C$DW$127, DW_AT_low_pc(||__isnanf||)
    1557                      .dwattr $C$DW$127, DW_AT_high_pc(0x00)
    1558                      .dwattr $C$DW$127, DW_AT_linkage_name("__isnanf")
    1559                      .dwattr $C$DW$127, DW_AT_external
    1560                      .dwattr $C$DW$127, DW_AT_type(*$C$DW$T$10)
    1561                      .dwattr $C$DW$127, DW_AT_decl_file("D:/TI/ccs/ccs/tools/compiler/ti-cgt-c2000_22.6.2.LTS/include/_def
    1562                      .dwattr $C$DW$127, DW_AT_decl_line(0x158)
    1563                      .dwattr $C$DW$127, DW_AT_decl_column(0x18)
    1564                      .dwattr $C$DW$127, DW_AT_TI_max_frame_size(-2)
    1565                      .dwpsn  file "D:/TI/ccs/ccs/tools/compiler/ti-cgt-c2000_22.6.2.LTS/include/_defs.h",line 345,column 1
    1566              
    1567                      .dwfde $C$DW$CIE, ||__isnanf||
    1568              $C$DW$128       .dwtag  DW_TAG_formal_parameter
    1569                      .dwattr $C$DW$128, DW_AT_name("f")
    1570                      .dwattr $C$DW$128, DW_AT_type(*$C$DW$T$16)
    1571                      .dwattr $C$DW$128, DW_AT_location[DW_OP_regx 0x2b]
    1572              
    1573              
    1574              ;***************************************************************
    1575              ;* FNAME: __isnanf                      FR SIZE:   0           *
    1576              ;*                                                             *
    1577              ;* FUNCTION ENVIRONMENT                                        *
    1578              ;*                                                             *
    1579              ;* FUNCTION PROPERTIES                                         *
    1580              ;*                            0 Parameter,  0 Auto,  0 SOE     *
    1581              ;***************************************************************
    1582              
    1583              ||__isnanf||:
    1584              ;* PL    assigned to $O$K3
    1585              ;* AR6   assigned to $O$S1
    1586              ;* R0    assigned to f
    1587              $C$DW$129       .dwtag  DW_TAG_variable
    1588                      .dwattr $C$DW$129, DW_AT_name("f")
    1589                      .dwattr $C$DW$129, DW_AT_type(*$C$DW$T$50)
    1590                      .dwattr $C$DW$129, DW_AT_location[DW_OP_regx 0x2b]
    1591              
    1592                      .dwcfi  cfa_offset, -2
    1593                      .dwcfi  save_reg_to_mem, 26, 0
    1594                      .dwpsn  file "D:/TI/ccs/ccs/tools/compiler/ti-cgt-c2000_22.6.2.LTS/include/_defs.h",line 345,column 3
    1595 00000000 BFAB          MOV32     P,R0H                 ; [CPU_FPU] |345| 
         00000001 0F12 
    1596 00000002 CCAA          AND       AL,PH,#0x7f80         ; [CPU_ALU] |345| 
         00000003 7F80 
    1597 00000004 80A9          MOVZ      AR7,AL                ; [CPU_ALU] |345| 
    1598 00000005 BE00          MOVB      XAR6,#0               ; [CPU_ALU] |345| 
    1599 00000006 FF20          MOV       ACC,#32640            ; [CPU_ALU] |345| 
         00000007 7F80 
    1600 00000008 0FA7          CMPL      ACC,XAR7              ; [CPU_ALU] |345| 
    1601 00000009 6006          B         ||$C$L5||,NEQ         ; [CPU_ALU] |345| 
    1602                      ; branchcc occurs ; [] |345| 
    1603 0000000a A9A9          MOVL      ACC,P                 ; [CPU_ALU] |345| 
    1604 0000000b 917F          ANDB      AH,#127               ; [CPU_ALU] |345| 
TMS320C2000 Assembler PC v22.6.2 Thu Jan 22 11:16:45 2026

Copyright (c) 1996-2018 Texas Instruments Incorporated
fcl_f2837x_sfra_gui.asm                                              PAGE   32

    1605 0000000c FF58          TEST      ACC                   ; [CPU_ALU] |345| 
    1606 0000000d 56B0          MOVB      XAR6,#1,NEQ           ; [CPU_ALU] |345| 
         0000000e 01A6 
    1607 0000000f       ||$C$L5||:    
    1608 0000000f 92A6          MOV       AL,AR6                ; [CPU_ALU] |345| 
    1609              $C$DW$130       .dwtag  DW_TAG_TI_branch
    1610                      .dwattr $C$DW$130, DW_AT_low_pc(0x00)
    1611                      .dwattr $C$DW$130, DW_AT_TI_return
    1612              
    1613 00000010 0006          LRETR     ; [CPU_ALU] 
    1614                      ; return occurs ; [] 
    1615                      .dwattr $C$DW$127, DW_AT_TI_end_file("D:/TI/ccs/ccs/tools/compiler/ti-cgt-c2000_22.6.2.LTS/include/_d
    1616                      .dwattr $C$DW$127, DW_AT_TI_end_line(0x15a)
    1617                      .dwattr $C$DW$127, DW_AT_TI_end_column(0x2e)
    1618                      .dwendentry
    1619                      .dwendtag $C$DW$127
    1620              
    1621 00000000               .sect   ".text:__isnan"
    1622                      .clink
    1623                      .global ||__isnan||
    1624              
    1625              $C$DW$131       .dwtag  DW_TAG_subprogram
    1626                      .dwattr $C$DW$131, DW_AT_name("__isnan")
    1627                      .dwattr $C$DW$131, DW_AT_low_pc(||__isnan||)
    1628                      .dwattr $C$DW$131, DW_AT_high_pc(0x00)
    1629                      .dwattr $C$DW$131, DW_AT_linkage_name("__isnan")
    1630                      .dwattr $C$DW$131, DW_AT_external
    1631                      .dwattr $C$DW$131, DW_AT_type(*$C$DW$T$10)
    1632                      .dwattr $C$DW$131, DW_AT_decl_file("D:/TI/ccs/ccs/tools/compiler/ti-cgt-c2000_22.6.2.LTS/include/_def
    1633                      .dwattr $C$DW$131, DW_AT_decl_line(0x155)
    1634                      .dwattr $C$DW$131, DW_AT_decl_column(0x18)
    1635                      .dwattr $C$DW$131, DW_AT_TI_max_frame_size(-6)
    1636                      .dwpsn  file "D:/TI/ccs/ccs/tools/compiler/ti-cgt-c2000_22.6.2.LTS/include/_defs.h",line 342,column 1
    1637              
    1638                      .dwfde $C$DW$CIE, ||__isnan||
    1639              $C$DW$132       .dwtag  DW_TAG_formal_parameter
    1640                      .dwattr $C$DW$132, DW_AT_name("d")
    1641                      .dwattr $C$DW$132, DW_AT_type(*$C$DW$T$53)
    1642                      .dwattr $C$DW$132, DW_AT_location[DW_OP_reg12]
    1643              
    1644              
    1645              ;***************************************************************
    1646              ;* FNAME: __isnan                       FR SIZE:   4           *
    1647              ;*                                                             *
    1648              ;* FUNCTION ENVIRONMENT                                        *
    1649              ;*                                                             *
    1650              ;* FUNCTION PROPERTIES                                         *
    1651              ;*                            4 Parameter,  0 Auto,  0 SOE     *
    1652              ;***************************************************************
    1653              
    1654              ||__isnan||:
    1655              ;* AR7   assigned to $O$C2
    1656              ;* AR4   assigned to $O$S1
    1657              ;* AR4   assigned to d
    1658              $C$DW$133       .dwtag  DW_TAG_variable
TMS320C2000 Assembler PC v22.6.2 Thu Jan 22 11:16:45 2026

Copyright (c) 1996-2018 Texas Instruments Incorporated
fcl_f2837x_sfra_gui.asm                                              PAGE   33

    1659                      .dwattr $C$DW$133, DW_AT_name("d")
    1660                      .dwattr $C$DW$133, DW_AT_type(*$C$DW$T$54)
    1661                      .dwattr $C$DW$133, DW_AT_location[DW_OP_reg12]
    1662              
    1663                      .dwcfi  cfa_offset, -2
    1664                      .dwcfi  save_reg_to_mem, 26, 0
    1665 00000000 FE04          ADDB      SP,#4                 ; [CPU_ARAU] 
    1666                      .dwcfi  cfa_offset, -6
    1667                      .dwpsn  file "D:/TI/ccs/ccs/tools/compiler/ti-cgt-c2000_22.6.2.LTS/include/_defs.h",line 342,column 3
    1668 00000001 C5C4          MOVL      XAR7,*+XAR4[0]        ; [CPU_ALU] |342| 
    1669 00000002 06D4          MOVL      ACC,*+XAR4[2]         ; [CPU_ALU] |342| 
    1670 00000003 28AC          MOV       T,#48                 ; [CPU_ALU] |342| 
         00000004 0030 
    1671 00000005 1EA6          MOVL      XAR6,ACC              ; [CPU_ALU] |342| 
    1672 00000006 A3A7          MOVL      P,XAR7                ; [CPU_ALU] |342| 
    1673 00000007 D400          MOVB      XAR4,#0               ; [CPU_ALU] |342| 
    1674 00000008 565B          LSR64     ACC:P,T               ; [CPU_ALU] |342| 
    1675 00000009 2BAA          MOV       PH,#0                 ; [CPU_ALU] |342| 
    1676 0000000a 18AB          AND       PL,#0x7ff0            ; [CPU_ALU] |342| 
         0000000b 7FF0 
    1677 0000000c FF20          MOV       ACC,#32752            ; [CPU_ALU] |342| 
         0000000d 7FF0 
    1678 0000000e 0FAB          CMPL      ACC,P                 ; [CPU_ALU] |342| 
    1679 0000000f 6013          B         ||$C$L6||,NEQ         ; [CPU_ALU] |342| 
    1680                      ; branchcc occurs ; [] |342| 
    1681 00000010 06A6          MOVL      ACC,XAR6              ; [CPU_ALU] |342| 
    1682 00000011 A3A7          MOVL      P,XAR7                ; [CPU_ALU] |342| 
    1683 00000012 BE00          MOVB      XAR6,#0               ; [CPU_ALU] |342| 
    1684 00000013 18A9          AND       AL,#65535             ; [CPU_ALU] |342| 
         00000014 FFFF 
    1685 00000015 910F          ANDB      AH,#15                ; [CPU_ALU] |342| 
    1686 00000016 18AB          AND       PL,#65535             ; [CPU_ALU] |342| 
         00000017 FFFF 
    1687 00000018 18AA          AND       PH,#65535             ; [CPU_ALU] |342| 
         00000019 FFFF 
    1688 0000001a C244          MOVL      *-SP[4],XAR6          ; [CPU_FPU] |342| 
    1689 0000001b 2B42          MOV       *-SP[2],#0            ; [CPU_FPU] |342| 
    1690 0000001c 2B41          MOV       *-SP[1],#0            ; [CPU_FPU] |342| 
    1691              $C$DW$134       .dwtag  DW_TAG_TI_branch
    1692                      .dwattr $C$DW$134, DW_AT_low_pc(0x00)
    1693                      .dwattr $C$DW$134, DW_AT_name("__c28xabi_cmpull")
    1694                      .dwattr $C$DW$134, DW_AT_TI_call
    1695              
    1696 0000001d 7640!         LCR       #||__c28xabi_cmpull|| ; [CPU_ALU] |342| 
         0000001e 0000 
    1697                      ; call occurs [#||__c28xabi_cmpull||] ; [] |342| 
    1698 0000001f 5200          CMPB      AL,#0                 ; [CPU_ALU] |342| 
    1699 00000020 56B0          MOVB      XAR4,#1,NEQ           ; [CPU_ALU] |342| 
         00000021 01A4 
    1700 00000022       ||$C$L6||:    
    1701 00000022 FE84          SUBB      SP,#4                 ; [CPU_ARAU] 
    1702                      .dwcfi  cfa_offset, -2
    1703 00000023 92A4          MOV       AL,AR4                ; [CPU_ALU] |342| 
    1704              $C$DW$135       .dwtag  DW_TAG_TI_branch
    1705                      .dwattr $C$DW$135, DW_AT_low_pc(0x00)
TMS320C2000 Assembler PC v22.6.2 Thu Jan 22 11:16:45 2026

Copyright (c) 1996-2018 Texas Instruments Incorporated
fcl_f2837x_sfra_gui.asm                                              PAGE   34

    1706                      .dwattr $C$DW$135, DW_AT_TI_return
    1707              
    1708 00000024 0006          LRETR     ; [CPU_ALU] 
    1709                      ; return occurs ; [] 
    1710                      .dwattr $C$DW$131, DW_AT_TI_end_file("D:/TI/ccs/ccs/tools/compiler/ti-cgt-c2000_22.6.2.LTS/include/_d
    1711                      .dwattr $C$DW$131, DW_AT_TI_end_line(0x157)
    1712                      .dwattr $C$DW$131, DW_AT_TI_end_column(0x2f)
    1713                      .dwendentry
    1714                      .dwendtag $C$DW$131
    1715              
    1716 00000000               .sect   ".text:__isinfl"
    1717                      .clink
    1718                      .global ||__isinfl||
    1719              
    1720              $C$DW$136       .dwtag  DW_TAG_subprogram
    1721                      .dwattr $C$DW$136, DW_AT_name("__isinfl")
    1722                      .dwattr $C$DW$136, DW_AT_low_pc(||__isinfl||)
    1723                      .dwattr $C$DW$136, DW_AT_high_pc(0x00)
    1724                      .dwattr $C$DW$136, DW_AT_linkage_name("__isinfl")
    1725                      .dwattr $C$DW$136, DW_AT_external
    1726                      .dwattr $C$DW$136, DW_AT_type(*$C$DW$T$10)
    1727                      .dwattr $C$DW$136, DW_AT_decl_file("D:/TI/ccs/ccs/tools/compiler/ti-cgt-c2000_22.6.2.LTS/include/_def
    1728                      .dwattr $C$DW$136, DW_AT_decl_line(0x17a)
    1729                      .dwattr $C$DW$136, DW_AT_decl_column(0x18)
    1730                      .dwattr $C$DW$136, DW_AT_TI_max_frame_size(-6)
    1731                      .dwpsn  file "D:/TI/ccs/ccs/tools/compiler/ti-cgt-c2000_22.6.2.LTS/include/_defs.h",line 379,column 1
    1732              
    1733                      .dwfde $C$DW$CIE, ||__isinfl||
    1734              $C$DW$137       .dwtag  DW_TAG_formal_parameter
    1735                      .dwattr $C$DW$137, DW_AT_name("e")
    1736                      .dwattr $C$DW$137, DW_AT_type(*$C$DW$T$55)
    1737                      .dwattr $C$DW$137, DW_AT_location[DW_OP_reg12]
    1738              
    1739              
    1740              ;***************************************************************
    1741              ;* FNAME: __isinfl                      FR SIZE:   4           *
    1742              ;*                                                             *
    1743              ;* FUNCTION ENVIRONMENT                                        *
    1744              ;*                                                             *
    1745              ;* FUNCTION PROPERTIES                                         *
    1746              ;*                            4 Parameter,  0 Auto,  0 SOE     *
    1747              ;***************************************************************
    1748              
    1749              ||__isinfl||:
    1750              ;* AR7   assigned to $O$C2
    1751              ;* AR4   assigned to $O$S1
    1752              ;* AR4   assigned to e
    1753              $C$DW$138       .dwtag  DW_TAG_variable
    1754                      .dwattr $C$DW$138, DW_AT_name("e")
    1755                      .dwattr $C$DW$138, DW_AT_type(*$C$DW$T$56)
    1756                      .dwattr $C$DW$138, DW_AT_location[DW_OP_reg12]
    1757              
    1758                      .dwcfi  cfa_offset, -2
    1759                      .dwcfi  save_reg_to_mem, 26, 0
    1760 00000000 FE04          ADDB      SP,#4                 ; [CPU_ARAU] 
TMS320C2000 Assembler PC v22.6.2 Thu Jan 22 11:16:45 2026

Copyright (c) 1996-2018 Texas Instruments Incorporated
fcl_f2837x_sfra_gui.asm                                              PAGE   35

    1761                      .dwcfi  cfa_offset, -6
    1762                      .dwpsn  file "D:/TI/ccs/ccs/tools/compiler/ti-cgt-c2000_22.6.2.LTS/include/_defs.h",line 379,column 3
    1763 00000001 C5C4          MOVL      XAR7,*+XAR4[0]        ; [CPU_ALU] |379| 
    1764 00000002 06D4          MOVL      ACC,*+XAR4[2]         ; [CPU_ALU] |379| 
    1765 00000003 28AC          MOV       T,#48                 ; [CPU_ALU] |379| 
         00000004 0030 
    1766 00000005 1EA6          MOVL      XAR6,ACC              ; [CPU_ALU] |379| 
    1767 00000006 A3A7          MOVL      P,XAR7                ; [CPU_ALU] |379| 
    1768 00000007 D400          MOVB      XAR4,#0               ; [CPU_ALU] |379| 
    1769 00000008 565B          LSR64     ACC:P,T               ; [CPU_ALU] |379| 
    1770 00000009 2BAA          MOV       PH,#0                 ; [CPU_ALU] |379| 
    1771 0000000a 18AB          AND       PL,#0x7ff0            ; [CPU_ALU] |379| 
         0000000b 7FF0 
    1772 0000000c FF20          MOV       ACC,#32752            ; [CPU_ALU] |379| 
         0000000d 7FF0 
    1773 0000000e 0FAB          CMPL      ACC,P                 ; [CPU_ALU] |379| 
    1774 0000000f 6013          B         ||$C$L7||,NEQ         ; [CPU_ALU] |379| 
    1775                      ; branchcc occurs ; [] |379| 
    1776 00000010 06A6          MOVL      ACC,XAR6              ; [CPU_ALU] |379| 
    1777 00000011 A3A7          MOVL      P,XAR7                ; [CPU_ALU] |379| 
    1778 00000012 BE00          MOVB      XAR6,#0               ; [CPU_ALU] |379| 
    1779 00000013 18A9          AND       AL,#65535             ; [CPU_ALU] |379| 
         00000014 FFFF 
    1780 00000015 910F          ANDB      AH,#15                ; [CPU_ALU] |379| 
    1781 00000016 18AB          AND       PL,#65535             ; [CPU_ALU] |379| 
         00000017 FFFF 
    1782 00000018 18AA          AND       PH,#65535             ; [CPU_ALU] |379| 
         00000019 FFFF 
    1783 0000001a C244          MOVL      *-SP[4],XAR6          ; [CPU_FPU] |379| 
    1784 0000001b 2B42          MOV       *-SP[2],#0            ; [CPU_FPU] |379| 
    1785 0000001c 2B41          MOV       *-SP[1],#0            ; [CPU_FPU] |379| 
    1786              $C$DW$139       .dwtag  DW_TAG_TI_branch
    1787                      .dwattr $C$DW$139, DW_AT_low_pc(0x00)
    1788                      .dwattr $C$DW$139, DW_AT_name("__c28xabi_cmpull")
    1789                      .dwattr $C$DW$139, DW_AT_TI_call
    1790              
    1791 0000001d 7640!         LCR       #||__c28xabi_cmpull|| ; [CPU_ALU] |379| 
         0000001e 0000 
    1792                      ; call occurs [#||__c28xabi_cmpull||] ; [] |379| 
    1793 0000001f 5200          CMPB      AL,#0                 ; [CPU_ALU] |379| 
    1794 00000020 56B1          MOVB      XAR4,#1,EQ            ; [CPU_ALU] |379| 
         00000021 01A4 
    1795 00000022       ||$C$L7||:    
    1796 00000022 FE84          SUBB      SP,#4                 ; [CPU_ARAU] 
    1797                      .dwcfi  cfa_offset, -2
    1798 00000023 92A4          MOV       AL,AR4                ; [CPU_ALU] |379| 
    1799              $C$DW$140       .dwtag  DW_TAG_TI_branch
    1800                      .dwattr $C$DW$140, DW_AT_low_pc(0x00)
    1801                      .dwattr $C$DW$140, DW_AT_TI_return
    1802              
    1803 00000024 0006          LRETR     ; [CPU_ALU] 
    1804                      ; return occurs ; [] 
    1805                      .dwattr $C$DW$136, DW_AT_TI_end_file("D:/TI/ccs/ccs/tools/compiler/ti-cgt-c2000_22.6.2.LTS/include/_d
    1806                      .dwattr $C$DW$136, DW_AT_TI_end_line(0x17b)
    1807                      .dwattr $C$DW$136, DW_AT_TI_end_column(0x4c)
TMS320C2000 Assembler PC v22.6.2 Thu Jan 22 11:16:45 2026

Copyright (c) 1996-2018 Texas Instruments Incorporated
fcl_f2837x_sfra_gui.asm                                              PAGE   36

    1808                      .dwendentry
    1809                      .dwendtag $C$DW$136
    1810              
    1811 00000000               .sect   ".text:__isinff"
    1812                      .clink
    1813                      .global ||__isinff||
    1814              
    1815              $C$DW$141       .dwtag  DW_TAG_subprogram
    1816                      .dwattr $C$DW$141, DW_AT_name("__isinff")
    1817                      .dwattr $C$DW$141, DW_AT_low_pc(||__isinff||)
    1818                      .dwattr $C$DW$141, DW_AT_high_pc(0x00)
    1819                      .dwattr $C$DW$141, DW_AT_linkage_name("__isinff")
    1820                      .dwattr $C$DW$141, DW_AT_external
    1821                      .dwattr $C$DW$141, DW_AT_type(*$C$DW$T$10)
    1822                      .dwattr $C$DW$141, DW_AT_decl_file("D:/TI/ccs/ccs/tools/compiler/ti-cgt-c2000_22.6.2.LTS/include/_def
    1823                      .dwattr $C$DW$141, DW_AT_decl_line(0x176)
    1824                      .dwattr $C$DW$141, DW_AT_decl_column(0x18)
    1825                      .dwattr $C$DW$141, DW_AT_TI_max_frame_size(-2)
    1826                      .dwpsn  file "D:/TI/ccs/ccs/tools/compiler/ti-cgt-c2000_22.6.2.LTS/include/_defs.h",line 375,column 1
    1827              
    1828                      .dwfde $C$DW$CIE, ||__isinff||
    1829              $C$DW$142       .dwtag  DW_TAG_formal_parameter
    1830                      .dwattr $C$DW$142, DW_AT_name("f")
    1831                      .dwattr $C$DW$142, DW_AT_type(*$C$DW$T$16)
    1832                      .dwattr $C$DW$142, DW_AT_location[DW_OP_regx 0x2b]
    1833              
    1834              
    1835              ;***************************************************************
    1836              ;* FNAME: __isinff                      FR SIZE:   0           *
    1837              ;*                                                             *
    1838              ;* FUNCTION ENVIRONMENT                                        *
    1839              ;*                                                             *
    1840              ;* FUNCTION PROPERTIES                                         *
    1841              ;*                            0 Parameter,  0 Auto,  0 SOE     *
    1842              ;***************************************************************
    1843              
    1844              ||__isinff||:
    1845              ;* PL    assigned to $O$K3
    1846              ;* AR6   assigned to $O$S1
    1847              ;* R0    assigned to f
    1848              $C$DW$143       .dwtag  DW_TAG_variable
    1849                      .dwattr $C$DW$143, DW_AT_name("f")
    1850                      .dwattr $C$DW$143, DW_AT_type(*$C$DW$T$50)
    1851                      .dwattr $C$DW$143, DW_AT_location[DW_OP_regx 0x2b]
    1852              
    1853                      .dwcfi  cfa_offset, -2
    1854                      .dwcfi  save_reg_to_mem, 26, 0
    1855                      .dwpsn  file "D:/TI/ccs/ccs/tools/compiler/ti-cgt-c2000_22.6.2.LTS/include/_defs.h",line 375,column 3
    1856 00000000 BFAB          MOV32     P,R0H                 ; [CPU_FPU] |375| 
         00000001 0F12 
    1857 00000002 CCAA          AND       AL,PH,#0x7f80         ; [CPU_ALU] |375| 
         00000003 7F80 
    1858 00000004 80A9          MOVZ      AR7,AL                ; [CPU_ALU] |375| 
    1859 00000005 BE00          MOVB      XAR6,#0               ; [CPU_ALU] |375| 
    1860 00000006 FF20          MOV       ACC,#32640            ; [CPU_ALU] |375| 
TMS320C2000 Assembler PC v22.6.2 Thu Jan 22 11:16:45 2026

Copyright (c) 1996-2018 Texas Instruments Incorporated
fcl_f2837x_sfra_gui.asm                                              PAGE   37

         00000007 7F80 
    1861 00000008 0FA7          CMPL      ACC,XAR7              ; [CPU_ALU] |375| 
    1862 00000009 6006          B         ||$C$L8||,NEQ         ; [CPU_ALU] |375| 
    1863                      ; branchcc occurs ; [] |375| 
    1864 0000000a A9A9          MOVL      ACC,P                 ; [CPU_ALU] |375| 
    1865 0000000b 917F          ANDB      AH,#127               ; [CPU_ALU] |375| 
    1866 0000000c FF58          TEST      ACC                   ; [CPU_ALU] |375| 
    1867 0000000d 56B1          MOVB      XAR6,#1,EQ            ; [CPU_ALU] |375| 
         0000000e 01A6 
    1868 0000000f       ||$C$L8||:    
    1869 0000000f 92A6          MOV       AL,AR6                ; [CPU_ALU] |375| 
    1870              $C$DW$144       .dwtag  DW_TAG_TI_branch
    1871                      .dwattr $C$DW$144, DW_AT_low_pc(0x00)
    1872                      .dwattr $C$DW$144, DW_AT_TI_return
    1873              
    1874 00000010 0006          LRETR     ; [CPU_ALU] 
    1875                      ; return occurs ; [] 
    1876                      .dwattr $C$DW$141, DW_AT_TI_end_file("D:/TI/ccs/ccs/tools/compiler/ti-cgt-c2000_22.6.2.LTS/include/_d
    1877                      .dwattr $C$DW$141, DW_AT_TI_end_line(0x177)
    1878                      .dwattr $C$DW$141, DW_AT_TI_end_column(0x48)
    1879                      .dwendentry
    1880                      .dwendtag $C$DW$141
    1881              
    1882 00000000               .sect   ".text:__isinf"
    1883                      .clink
    1884                      .global ||__isinf||
    1885              
    1886              $C$DW$145       .dwtag  DW_TAG_subprogram
    1887                      .dwattr $C$DW$145, DW_AT_name("__isinf")
    1888                      .dwattr $C$DW$145, DW_AT_low_pc(||__isinf||)
    1889                      .dwattr $C$DW$145, DW_AT_high_pc(0x00)
    1890                      .dwattr $C$DW$145, DW_AT_linkage_name("__isinf")
    1891                      .dwattr $C$DW$145, DW_AT_external
    1892                      .dwattr $C$DW$145, DW_AT_type(*$C$DW$T$10)
    1893                      .dwattr $C$DW$145, DW_AT_decl_file("D:/TI/ccs/ccs/tools/compiler/ti-cgt-c2000_22.6.2.LTS/include/_def
    1894                      .dwattr $C$DW$145, DW_AT_decl_line(0x178)
    1895                      .dwattr $C$DW$145, DW_AT_decl_column(0x18)
    1896                      .dwattr $C$DW$145, DW_AT_TI_max_frame_size(-6)
    1897                      .dwpsn  file "D:/TI/ccs/ccs/tools/compiler/ti-cgt-c2000_22.6.2.LTS/include/_defs.h",line 377,column 1
    1898              
    1899                      .dwfde $C$DW$CIE, ||__isinf||
    1900              $C$DW$146       .dwtag  DW_TAG_formal_parameter
    1901                      .dwattr $C$DW$146, DW_AT_name("d")
    1902                      .dwattr $C$DW$146, DW_AT_type(*$C$DW$T$53)
    1903                      .dwattr $C$DW$146, DW_AT_location[DW_OP_reg12]
    1904              
    1905              
    1906              ;***************************************************************
    1907              ;* FNAME: __isinf                       FR SIZE:   4           *
    1908              ;*                                                             *
    1909              ;* FUNCTION ENVIRONMENT                                        *
    1910              ;*                                                             *
    1911              ;* FUNCTION PROPERTIES                                         *
    1912              ;*                            4 Parameter,  0 Auto,  0 SOE     *
    1913              ;***************************************************************
TMS320C2000 Assembler PC v22.6.2 Thu Jan 22 11:16:45 2026

Copyright (c) 1996-2018 Texas Instruments Incorporated
fcl_f2837x_sfra_gui.asm                                              PAGE   38

    1914              
    1915              ||__isinf||:
    1916              ;* AR7   assigned to $O$C2
    1917              ;* AR4   assigned to $O$S1
    1918              ;* AR4   assigned to d
    1919              $C$DW$147       .dwtag  DW_TAG_variable
    1920                      .dwattr $C$DW$147, DW_AT_name("d")
    1921                      .dwattr $C$DW$147, DW_AT_type(*$C$DW$T$54)
    1922                      .dwattr $C$DW$147, DW_AT_location[DW_OP_reg12]
    1923              
    1924                      .dwcfi  cfa_offset, -2
    1925                      .dwcfi  save_reg_to_mem, 26, 0
    1926 00000000 FE04          ADDB      SP,#4                 ; [CPU_ARAU] 
    1927                      .dwcfi  cfa_offset, -6
    1928                      .dwpsn  file "D:/TI/ccs/ccs/tools/compiler/ti-cgt-c2000_22.6.2.LTS/include/_defs.h",line 377,column 3
    1929 00000001 C5C4          MOVL      XAR7,*+XAR4[0]        ; [CPU_ALU] |377| 
    1930 00000002 06D4          MOVL      ACC,*+XAR4[2]         ; [CPU_ALU] |377| 
    1931 00000003 28AC          MOV       T,#48                 ; [CPU_ALU] |377| 
         00000004 0030 
    1932 00000005 1EA6          MOVL      XAR6,ACC              ; [CPU_ALU] |377| 
    1933 00000006 A3A7          MOVL      P,XAR7                ; [CPU_ALU] |377| 
    1934 00000007 D400          MOVB      XAR4,#0               ; [CPU_ALU] |377| 
    1935 00000008 565B          LSR64     ACC:P,T               ; [CPU_ALU] |377| 
    1936 00000009 2BAA          MOV       PH,#0                 ; [CPU_ALU] |377| 
    1937 0000000a 18AB          AND       PL,#0x7ff0            ; [CPU_ALU] |377| 
         0000000b 7FF0 
    1938 0000000c FF20          MOV       ACC,#32752            ; [CPU_ALU] |377| 
         0000000d 7FF0 
    1939 0000000e 0FAB          CMPL      ACC,P                 ; [CPU_ALU] |377| 
    1940 0000000f 6013          B         ||$C$L9||,NEQ         ; [CPU_ALU] |377| 
    1941                      ; branchcc occurs ; [] |377| 
    1942 00000010 06A6          MOVL      ACC,XAR6              ; [CPU_ALU] |377| 
    1943 00000011 A3A7          MOVL      P,XAR7                ; [CPU_ALU] |377| 
    1944 00000012 BE00          MOVB      XAR6,#0               ; [CPU_ALU] |377| 
    1945 00000013 18A9          AND       AL,#65535             ; [CPU_ALU] |377| 
         00000014 FFFF 
    1946 00000015 910F          ANDB      AH,#15                ; [CPU_ALU] |377| 
    1947 00000016 18AB          AND       PL,#65535             ; [CPU_ALU] |377| 
         00000017 FFFF 
    1948 00000018 18AA          AND       PH,#65535             ; [CPU_ALU] |377| 
         00000019 FFFF 
    1949 0000001a C244          MOVL      *-SP[4],XAR6          ; [CPU_FPU] |377| 
    1950 0000001b 2B42          MOV       *-SP[2],#0            ; [CPU_FPU] |377| 
    1951 0000001c 2B41          MOV       *-SP[1],#0            ; [CPU_FPU] |377| 
    1952              $C$DW$148       .dwtag  DW_TAG_TI_branch
    1953                      .dwattr $C$DW$148, DW_AT_low_pc(0x00)
    1954                      .dwattr $C$DW$148, DW_AT_name("__c28xabi_cmpull")
    1955                      .dwattr $C$DW$148, DW_AT_TI_call
    1956              
    1957 0000001d 7640!         LCR       #||__c28xabi_cmpull|| ; [CPU_ALU] |377| 
         0000001e 0000 
    1958                      ; call occurs [#||__c28xabi_cmpull||] ; [] |377| 
    1959 0000001f 5200          CMPB      AL,#0                 ; [CPU_ALU] |377| 
    1960 00000020 56B1          MOVB      XAR4,#1,EQ            ; [CPU_ALU] |377| 
         00000021 01A4 
TMS320C2000 Assembler PC v22.6.2 Thu Jan 22 11:16:45 2026

Copyright (c) 1996-2018 Texas Instruments Incorporated
fcl_f2837x_sfra_gui.asm                                              PAGE   39

    1961 00000022       ||$C$L9||:    
    1962 00000022 FE84          SUBB      SP,#4                 ; [CPU_ARAU] 
    1963                      .dwcfi  cfa_offset, -2
    1964 00000023 92A4          MOV       AL,AR4                ; [CPU_ALU] |377| 
    1965              $C$DW$149       .dwtag  DW_TAG_TI_branch
    1966                      .dwattr $C$DW$149, DW_AT_low_pc(0x00)
    1967                      .dwattr $C$DW$149, DW_AT_TI_return
    1968              
    1969 00000024 0006          LRETR     ; [CPU_ALU] 
    1970                      ; return occurs ; [] 
    1971                      .dwattr $C$DW$145, DW_AT_TI_end_file("D:/TI/ccs/ccs/tools/compiler/ti-cgt-c2000_22.6.2.LTS/include/_d
    1972                      .dwattr $C$DW$145, DW_AT_TI_end_line(0x179)
    1973                      .dwattr $C$DW$145, DW_AT_TI_end_column(0x4a)
    1974                      .dwendentry
    1975                      .dwendtag $C$DW$145
    1976              
    1977 00000000               .sect   ".text:__isfinitel"
    1978                      .clink
    1979                      .global ||__isfinitel||
    1980              
    1981              $C$DW$150       .dwtag  DW_TAG_subprogram
    1982                      .dwattr $C$DW$150, DW_AT_name("__isfinitel")
    1983                      .dwattr $C$DW$150, DW_AT_low_pc(||__isfinitel||)
    1984                      .dwattr $C$DW$150, DW_AT_high_pc(0x00)
    1985                      .dwattr $C$DW$150, DW_AT_linkage_name("__isfinitel")
    1986                      .dwattr $C$DW$150, DW_AT_external
    1987                      .dwattr $C$DW$150, DW_AT_type(*$C$DW$T$10)
    1988                      .dwattr $C$DW$150, DW_AT_decl_file("D:/TI/ccs/ccs/tools/compiler/ti-cgt-c2000_22.6.2.LTS/include/_def
    1989                      .dwattr $C$DW$150, DW_AT_decl_line(0x152)
    1990                      .dwattr $C$DW$150, DW_AT_decl_column(0x18)
    1991                      .dwattr $C$DW$150, DW_AT_TI_max_frame_size(-2)
    1992                      .dwpsn  file "D:/TI/ccs/ccs/tools/compiler/ti-cgt-c2000_22.6.2.LTS/include/_defs.h",line 339,column 1
    1993              
    1994                      .dwfde $C$DW$CIE, ||__isfinitel||
    1995              $C$DW$151       .dwtag  DW_TAG_formal_parameter
    1996                      .dwattr $C$DW$151, DW_AT_name("e")
    1997                      .dwattr $C$DW$151, DW_AT_type(*$C$DW$T$55)
    1998                      .dwattr $C$DW$151, DW_AT_location[DW_OP_reg12]
    1999              
    2000              
    2001              ;***************************************************************
    2002              ;* FNAME: __isfinitel                   FR SIZE:   0           *
    2003              ;*                                                             *
    2004              ;* FUNCTION ENVIRONMENT                                        *
    2005              ;*                                                             *
    2006              ;* FUNCTION PROPERTIES                                         *
    2007              ;*                            0 Parameter,  0 Auto,  0 SOE     *
    2008              ;***************************************************************
    2009              
    2010              ||__isfinitel||:
    2011              ;* AR4   assigned to e
    2012              $C$DW$152       .dwtag  DW_TAG_variable
    2013                      .dwattr $C$DW$152, DW_AT_name("e")
    2014                      .dwattr $C$DW$152, DW_AT_type(*$C$DW$T$56)
    2015                      .dwattr $C$DW$152, DW_AT_location[DW_OP_reg12]
TMS320C2000 Assembler PC v22.6.2 Thu Jan 22 11:16:45 2026

Copyright (c) 1996-2018 Texas Instruments Incorporated
fcl_f2837x_sfra_gui.asm                                              PAGE   40

    2016              
    2017                      .dwcfi  cfa_offset, -2
    2018                      .dwcfi  save_reg_to_mem, 26, 0
    2019                      .dwpsn  file "D:/TI/ccs/ccs/tools/compiler/ti-cgt-c2000_22.6.2.LTS/include/_defs.h",line 339,column 3
    2020 00000000 A3C4          MOVL      P,*+XAR4[0]           ; [CPU_ALU] |339| 
    2021 00000001 06D4          MOVL      ACC,*+XAR4[2]         ; [CPU_ALU] |339| 
    2022 00000002 28AC          MOV       T,#48                 ; [CPU_ALU] |339| 
         00000003 0030 
    2023 00000004 565B          LSR64     ACC:P,T               ; [CPU_ALU] |339| 
    2024 00000005 18AB          AND       PL,#0x7ff0            ; [CPU_ALU] |339| 
         00000006 7FF0 
    2025 00000007 80AB          MOVZ      AR7,PL                ; [CPU_ALU] |339| 
    2026 00000008 FF20          MOV       ACC,#32752            ; [CPU_ALU] |339| 
         00000009 7FF0 
    2027 0000000a BE00          MOVB      XAR6,#0               ; [CPU_ALU] |339| 
    2028 0000000b 0FA7          CMPL      ACC,XAR7              ; [CPU_ALU] |339| 
    2029 0000000c 56B0          MOVB      XAR6,#1,NEQ           ; [CPU_ALU] |339| 
         0000000d 01A6 
    2030 0000000e 92A6          MOV       AL,AR6                ; [CPU_ALU] |339| 
    2031              $C$DW$153       .dwtag  DW_TAG_TI_branch
    2032                      .dwattr $C$DW$153, DW_AT_low_pc(0x00)
    2033                      .dwattr $C$DW$153, DW_AT_TI_return
    2034              
    2035 0000000f 0006          LRETR     ; [CPU_ALU] 
    2036                      ; return occurs ; [] 
    2037                      .dwattr $C$DW$150, DW_AT_TI_end_file("D:/TI/ccs/ccs/tools/compiler/ti-cgt-c2000_22.6.2.LTS/include/_d
    2038                      .dwattr $C$DW$150, DW_AT_TI_end_line(0x153)
    2039                      .dwattr $C$DW$150, DW_AT_TI_end_column(0x2f)
    2040                      .dwendentry
    2041                      .dwendtag $C$DW$150
    2042              
    2043 00000000               .sect   ".text:__isfinitef"
    2044                      .clink
    2045                      .global ||__isfinitef||
    2046              
    2047              $C$DW$154       .dwtag  DW_TAG_subprogram
    2048                      .dwattr $C$DW$154, DW_AT_name("__isfinitef")
    2049                      .dwattr $C$DW$154, DW_AT_low_pc(||__isfinitef||)
    2050                      .dwattr $C$DW$154, DW_AT_high_pc(0x00)
    2051                      .dwattr $C$DW$154, DW_AT_linkage_name("__isfinitef")
    2052                      .dwattr $C$DW$154, DW_AT_external
    2053                      .dwattr $C$DW$154, DW_AT_type(*$C$DW$T$10)
    2054                      .dwattr $C$DW$154, DW_AT_decl_file("D:/TI/ccs/ccs/tools/compiler/ti-cgt-c2000_22.6.2.LTS/include/_def
    2055                      .dwattr $C$DW$154, DW_AT_decl_line(0x150)
    2056                      .dwattr $C$DW$154, DW_AT_decl_column(0x18)
    2057                      .dwattr $C$DW$154, DW_AT_TI_max_frame_size(-2)
    2058                      .dwpsn  file "D:/TI/ccs/ccs/tools/compiler/ti-cgt-c2000_22.6.2.LTS/include/_defs.h",line 337,column 1
    2059              
    2060                      .dwfde $C$DW$CIE, ||__isfinitef||
    2061              $C$DW$155       .dwtag  DW_TAG_formal_parameter
    2062                      .dwattr $C$DW$155, DW_AT_name("f")
    2063                      .dwattr $C$DW$155, DW_AT_type(*$C$DW$T$16)
    2064                      .dwattr $C$DW$155, DW_AT_location[DW_OP_regx 0x2b]
    2065              
    2066              
TMS320C2000 Assembler PC v22.6.2 Thu Jan 22 11:16:45 2026

Copyright (c) 1996-2018 Texas Instruments Incorporated
fcl_f2837x_sfra_gui.asm                                              PAGE   41

    2067              ;***************************************************************
    2068              ;* FNAME: __isfinitef                   FR SIZE:   0           *
    2069              ;*                                                             *
    2070              ;* FUNCTION ENVIRONMENT                                        *
    2071              ;*                                                             *
    2072              ;* FUNCTION PROPERTIES                                         *
    2073              ;*                            0 Parameter,  0 Auto,  0 SOE     *
    2074              ;***************************************************************
    2075              
    2076              ||__isfinitef||:
    2077              ;* R0    assigned to f
    2078              $C$DW$156       .dwtag  DW_TAG_variable
    2079                      .dwattr $C$DW$156, DW_AT_name("f")
    2080                      .dwattr $C$DW$156, DW_AT_type(*$C$DW$T$50)
    2081                      .dwattr $C$DW$156, DW_AT_location[DW_OP_regx 0x2b]
    2082              
    2083                      .dwcfi  cfa_offset, -2
    2084                      .dwcfi  save_reg_to_mem, 26, 0
    2085                      .dwpsn  file "D:/TI/ccs/ccs/tools/compiler/ti-cgt-c2000_22.6.2.LTS/include/_defs.h",line 337,column 3
    2086 00000000 BFAB          MOV32     P,R0H                 ; [CPU_FPU] |337| 
         00000001 0F12 
    2087 00000002 18AA          AND       PH,#0x7f80            ; [CPU_ALU] |337| 
         00000003 7F80 
    2088 00000004 80AA          MOVZ      AR7,PH                ; [CPU_ALU] |337| 
    2089 00000005 FF20          MOV       ACC,#32640            ; [CPU_ALU] |337| 
         00000006 7F80 
    2090 00000007 BE00          MOVB      XAR6,#0               ; [CPU_ALU] |337| 
    2091 00000008 0FA7          CMPL      ACC,XAR7              ; [CPU_ALU] |337| 
    2092 00000009 56B0          MOVB      XAR6,#1,NEQ           ; [CPU_ALU] |337| 
         0000000a 01A6 
    2093 0000000b 92A6          MOV       AL,AR6                ; [CPU_ALU] |337| 
    2094              $C$DW$157       .dwtag  DW_TAG_TI_branch
    2095                      .dwattr $C$DW$157, DW_AT_low_pc(0x00)
    2096                      .dwattr $C$DW$157, DW_AT_TI_return
    2097              
    2098 0000000c 0006          LRETR     ; [CPU_ALU] 
    2099                      ; return occurs ; [] 
    2100                      .dwattr $C$DW$154, DW_AT_TI_end_file("D:/TI/ccs/ccs/tools/compiler/ti-cgt-c2000_22.6.2.LTS/include/_d
    2101                      .dwattr $C$DW$154, DW_AT_TI_end_line(0x151)
    2102                      .dwattr $C$DW$154, DW_AT_TI_end_column(0x2d)
    2103                      .dwendentry
    2104                      .dwendtag $C$DW$154
    2105              
    2106 00000000               .sect   ".text:__isfinite"
    2107                      .clink
    2108                      .global ||__isfinite||
    2109              
    2110              $C$DW$158       .dwtag  DW_TAG_subprogram
    2111                      .dwattr $C$DW$158, DW_AT_name("__isfinite")
    2112                      .dwattr $C$DW$158, DW_AT_low_pc(||__isfinite||)
    2113                      .dwattr $C$DW$158, DW_AT_high_pc(0x00)
    2114                      .dwattr $C$DW$158, DW_AT_linkage_name("__isfinite")
    2115                      .dwattr $C$DW$158, DW_AT_external
    2116                      .dwattr $C$DW$158, DW_AT_type(*$C$DW$T$10)
    2117                      .dwattr $C$DW$158, DW_AT_decl_file("D:/TI/ccs/ccs/tools/compiler/ti-cgt-c2000_22.6.2.LTS/include/_def
TMS320C2000 Assembler PC v22.6.2 Thu Jan 22 11:16:45 2026

Copyright (c) 1996-2018 Texas Instruments Incorporated
fcl_f2837x_sfra_gui.asm                                              PAGE   42

    2118                      .dwattr $C$DW$158, DW_AT_decl_line(0x14e)
    2119                      .dwattr $C$DW$158, DW_AT_decl_column(0x18)
    2120                      .dwattr $C$DW$158, DW_AT_TI_max_frame_size(-2)
    2121                      .dwpsn  file "D:/TI/ccs/ccs/tools/compiler/ti-cgt-c2000_22.6.2.LTS/include/_defs.h",line 335,column 1
    2122              
    2123                      .dwfde $C$DW$CIE, ||__isfinite||
    2124              $C$DW$159       .dwtag  DW_TAG_formal_parameter
    2125                      .dwattr $C$DW$159, DW_AT_name("d")
    2126                      .dwattr $C$DW$159, DW_AT_type(*$C$DW$T$53)
    2127                      .dwattr $C$DW$159, DW_AT_location[DW_OP_reg12]
    2128              
    2129              
    2130              ;***************************************************************
    2131              ;* FNAME: __isfinite                    FR SIZE:   0           *
    2132              ;*                                                             *
    2133              ;* FUNCTION ENVIRONMENT                                        *
    2134              ;*                                                             *
    2135              ;* FUNCTION PROPERTIES                                         *
    2136              ;*                            0 Parameter,  0 Auto,  0 SOE     *
    2137              ;***************************************************************
    2138              
    2139              ||__isfinite||:
    2140              ;* AR4   assigned to d
    2141              $C$DW$160       .dwtag  DW_TAG_variable
    2142                      .dwattr $C$DW$160, DW_AT_name("d")
    2143                      .dwattr $C$DW$160, DW_AT_type(*$C$DW$T$54)
    2144                      .dwattr $C$DW$160, DW_AT_location[DW_OP_reg12]
    2145              
    2146                      .dwcfi  cfa_offset, -2
    2147                      .dwcfi  save_reg_to_mem, 26, 0
    2148                      .dwpsn  file "D:/TI/ccs/ccs/tools/compiler/ti-cgt-c2000_22.6.2.LTS/include/_defs.h",line 335,column 3
    2149 00000000 A3C4          MOVL      P,*+XAR4[0]           ; [CPU_ALU] |335| 
    2150 00000001 06D4          MOVL      ACC,*+XAR4[2]         ; [CPU_ALU] |335| 
    2151 00000002 28AC          MOV       T,#48                 ; [CPU_ALU] |335| 
         00000003 0030 
    2152 00000004 565B          LSR64     ACC:P,T               ; [CPU_ALU] |335| 
    2153 00000005 18AB          AND       PL,#0x7ff0            ; [CPU_ALU] |335| 
         00000006 7FF0 
    2154 00000007 80AB          MOVZ      AR7,PL                ; [CPU_ALU] |335| 
    2155 00000008 FF20          MOV       ACC,#32752            ; [CPU_ALU] |335| 
         00000009 7FF0 
    2156 0000000a BE00          MOVB      XAR6,#0               ; [CPU_ALU] |335| 
    2157 0000000b 0FA7          CMPL      ACC,XAR7              ; [CPU_ALU] |335| 
    2158 0000000c 56B0          MOVB      XAR6,#1,NEQ           ; [CPU_ALU] |335| 
         0000000d 01A6 
    2159 0000000e 92A6          MOV       AL,AR6                ; [CPU_ALU] |335| 
    2160              $C$DW$161       .dwtag  DW_TAG_TI_branch
    2161                      .dwattr $C$DW$161, DW_AT_low_pc(0x00)
    2162                      .dwattr $C$DW$161, DW_AT_TI_return
    2163              
    2164 0000000f 0006          LRETR     ; [CPU_ALU] 
    2165                      ; return occurs ; [] 
    2166                      .dwattr $C$DW$158, DW_AT_TI_end_file("D:/TI/ccs/ccs/tools/compiler/ti-cgt-c2000_22.6.2.LTS/include/_d
    2167                      .dwattr $C$DW$158, DW_AT_TI_end_line(0x14f)
    2168                      .dwattr $C$DW$158, DW_AT_TI_end_column(0x2e)
TMS320C2000 Assembler PC v22.6.2 Thu Jan 22 11:16:45 2026

Copyright (c) 1996-2018 Texas Instruments Incorporated
fcl_f2837x_sfra_gui.asm                                              PAGE   43

    2169                      .dwendentry
    2170                      .dwendtag $C$DW$158
    2171              
    2172 00000000               .sect   ".text:__fpclassifyl"
    2173                      .clink
    2174                      .global ||__fpclassifyl||
    2175              
    2176              $C$DW$162       .dwtag  DW_TAG_subprogram
    2177                      .dwattr $C$DW$162, DW_AT_name("__fpclassifyl")
    2178                      .dwattr $C$DW$162, DW_AT_low_pc(||__fpclassifyl||)
    2179                      .dwattr $C$DW$162, DW_AT_high_pc(0x00)
    2180                      .dwattr $C$DW$162, DW_AT_linkage_name("__fpclassifyl")
    2181                      .dwattr $C$DW$162, DW_AT_external
    2182                      .dwattr $C$DW$162, DW_AT_type(*$C$DW$T$10)
    2183                      .dwattr $C$DW$162, DW_AT_decl_file("D:/TI/ccs/ccs/tools/compiler/ti-cgt-c2000_22.6.2.LTS/include/_def
    2184                      .dwattr $C$DW$162, DW_AT_decl_line(0x1ae)
    2185                      .dwattr $C$DW$162, DW_AT_decl_column(0x18)
    2186                      .dwattr $C$DW$162, DW_AT_TI_max_frame_size(-10)
    2187                      .dwpsn  file "D:/TI/ccs/ccs/tools/compiler/ti-cgt-c2000_22.6.2.LTS/include/_defs.h",line 431,column 1
    2188              
    2189                      .dwfde $C$DW$CIE, ||__fpclassifyl||
    2190              $C$DW$163       .dwtag  DW_TAG_formal_parameter
    2191                      .dwattr $C$DW$163, DW_AT_name("e")
    2192                      .dwattr $C$DW$163, DW_AT_type(*$C$DW$T$55)
    2193                      .dwattr $C$DW$163, DW_AT_location[DW_OP_reg12]
    2194              
    2195              
    2196              ;***************************************************************
    2197              ;* FNAME: __fpclassifyl                 FR SIZE:   8           *
    2198              ;*                                                             *
    2199              ;* FUNCTION ENVIRONMENT                                        *
    2200              ;*                                                             *
    2201              ;* FUNCTION PROPERTIES                                         *
    2202              ;*                            4 Parameter,  4 Auto,  0 SOE     *
    2203              ;***************************************************************
    2204              
    2205              ||__fpclassifyl||:
    2206              $C$DW$164       .dwtag  DW_TAG_variable
    2207                      .dwattr $C$DW$164, DW_AT_name("e")
    2208                      .dwattr $C$DW$164, DW_AT_type(*$C$DW$T$18)
    2209                      .dwattr $C$DW$164, DW_AT_location[DW_OP_breg20 -8]
    2210              
    2211              ;* AR5   assigned to $O$C1
    2212              ;* AR4   assigned to e
    2213              $C$DW$165       .dwtag  DW_TAG_variable
    2214                      .dwattr $C$DW$165, DW_AT_name("e")
    2215                      .dwattr $C$DW$165, DW_AT_type(*$C$DW$T$56)
    2216                      .dwattr $C$DW$165, DW_AT_location[DW_OP_reg12]
    2217              
    2218                      .dwcfi  cfa_offset, -2
    2219                      .dwcfi  save_reg_to_mem, 26, 0
    2220 00000000 FE08          ADDB      SP,#8                 ; [CPU_ARAU] 
    2221                      .dwcfi  cfa_offset, -10
    2222 00000001 C4D4          MOVL      XAR6,*+XAR4[2]        ; [CPU_ALU] |431| 
    2223 00000002 06C4          MOVL      ACC,*+XAR4[0]         ; [CPU_ALU] |431| 
TMS320C2000 Assembler PC v22.6.2 Thu Jan 22 11:16:45 2026

Copyright (c) 1996-2018 Texas Instruments Incorporated
fcl_f2837x_sfra_gui.asm                                              PAGE   44

    2224 00000003 1E48          MOVL      *-SP[8],ACC           ; [CPU_ALU] |431| 
    2225 00000004 C246          MOVL      *-SP[6],XAR6          ; [CPU_ALU] |431| 
    2226                      .dwpsn  file "D:/TI/ccs/ccs/tools/compiler/ti-cgt-c2000_22.6.2.LTS/include/_defs.h",line 432,column 5
    2227 00000005 8348          MOVL      XAR5,*-SP[8]          ; [CPU_ALU] |432| 
    2228 00000006 8A46          MOVL      XAR4,*-SP[6]          ; [CPU_ALU] |432| 
    2229                      .dwpsn  file "D:/TI/ccs/ccs/tools/compiler/ti-cgt-c2000_22.6.2.LTS/include/_defs.h",line 436,column 1
    2230 00000007 28AC          MOV       T,#48                 ; [CPU_ALU] |436| 
         00000008 0030 
    2231 00000009 A0AB          MOVL      P,XAR5                ; [CPU_ALU] |436| 
    2232 0000000a A8A9          MOVL      ACC,XAR4              ; [CPU_ALU] |436| 
    2233 0000000b 565B          LSR64     ACC:P,T               ; [CPU_ALU] |436| 
    2234 0000000c 18AB          AND       PL,#0x7ff0            ; [CPU_ALU] |436| 
         0000000d 7FF0 
    2235 0000000e 88AB          MOVZ      AR6,PL                ; [CPU_ALU] |436| 
    2236 0000000f FF20          MOV       ACC,#32752            ; [CPU_ALU] |436| 
         00000010 7FF0 
    2237 00000011 0FA6          CMPL      ACC,XAR6              ; [CPU_ALU] |436| 
    2238 00000012 6016          B         ||$C$L11||,NEQ        ; [CPU_ALU] |436| 
    2239                      ; branchcc occurs ; [] |436| 
    2240 00000013 0200          MOVB      ACC,#0                ; [CPU_ALU] |436| 
    2241 00000014 1E44          MOVL      *-SP[4],ACC           ; [CPU_ALU] |436| 
    2242 00000015 2B42          MOV       *-SP[2],#0            ; [CPU_ALU] |436| 
    2243 00000016 2B41          MOV       *-SP[1],#0            ; [CPU_ALU] |436| 
    2244 00000017 A348          MOVL      P,*-SP[8]             ; [CPU_ALU] |436| 
    2245 00000018 0646          MOVL      ACC,*-SP[6]           ; [CPU_ALU] |436| 
    2246 00000019 18AB          AND       PL,#65535             ; [CPU_ALU] |436| 
         0000001a FFFF 
    2247 0000001b 18AA          AND       PH,#65535             ; [CPU_ALU] |436| 
         0000001c FFFF 
    2248 0000001d 18A9          AND       AL,#65535             ; [CPU_ALU] |436| 
         0000001e FFFF 
    2249 0000001f 910F          ANDB      AH,#15                ; [CPU_ALU] |436| 
    2250              $C$DW$166       .dwtag  DW_TAG_TI_branch
    2251                      .dwattr $C$DW$166, DW_AT_low_pc(0x00)
    2252                      .dwattr $C$DW$166, DW_AT_name("__c28xabi_cmpull")
    2253                      .dwattr $C$DW$166, DW_AT_TI_call
    2254              
    2255 00000020 7640!         LCR       #||__c28xabi_cmpull|| ; [CPU_ALU] |436| 
         00000021 0000 
    2256                      ; call occurs [#||__c28xabi_cmpull||] ; [] |436| 
    2257 00000022 5200          CMPB      AL,#0                 ; [CPU_ALU] |436| 
    2258 00000023 6103          B         ||$C$L10||,EQ         ; [CPU_ALU] |436| 
    2259                      ; branchcc occurs ; [] |436| 
    2260 00000024 9A02          MOVB      AL,#2                 ; [CPU_ALU] |436| 
    2261 00000025 6F2D          B         ||$C$L14||,UNC        ; [CPU_ALU] |436| 
    2262                      ; branch occurs ; [] |436| 
    2263 00000026       ||$C$L10||:    
    2264 00000026 9A01          MOVB      AL,#1                 ; [CPU_ALU] |436| 
    2265 00000027 6F2B          B         ||$C$L14||,UNC        ; [CPU_ALU] |436| 
    2266                      ; branch occurs ; [] |436| 
    2267 00000028       ||$C$L11||:    
    2268 00000028 BE00          MOVB      XAR6,#0               ; [CPU_ALU] |436| 
    2269 00000029 A0AB          MOVL      P,XAR5                ; [CPU_ALU] |436| 
    2270 0000002a A8A9          MOVL      ACC,XAR4              ; [CPU_ALU] |436| 
    2271 0000002b 28AC          MOV       T,#52                 ; [CPU_ALU] |436| 
TMS320C2000 Assembler PC v22.6.2 Thu Jan 22 11:16:45 2026

Copyright (c) 1996-2018 Texas Instruments Incorporated
fcl_f2837x_sfra_gui.asm                                              PAGE   45

         0000002c 0034 
    2272 0000002d C244          MOVL      *-SP[4],XAR6          ; [CPU_ALU] |436| 
    2273 0000002e 2B42          MOV       *-SP[2],#0            ; [CPU_ALU] |436| 
    2274 0000002f 565B          LSR64     ACC:P,T               ; [CPU_ALU] |436| 
    2275 00000030 2B41          MOV       *-SP[1],#0            ; [CPU_FPU] |436| 
    2276 00000031 9000          ANDB      AL,#0                 ; [CPU_ALU] |436| 
    2277 00000032 9100          ANDB      AH,#0                 ; [CPU_ALU] |436| 
    2278 00000033 18AB          AND       PL,#2047              ; [CPU_ALU] |436| 
         00000034 07FF 
    2279 00000035 18AA          AND       PH,#0                 ; [CPU_ALU] |436| 
         00000036 0000 
    2280              $C$DW$167       .dwtag  DW_TAG_TI_branch
    2281                      .dwattr $C$DW$167, DW_AT_low_pc(0x00)
    2282                      .dwattr $C$DW$167, DW_AT_name("__c28xabi_cmpull")
    2283                      .dwattr $C$DW$167, DW_AT_TI_call
    2284              
    2285 00000037 7640!         LCR       #||__c28xabi_cmpull|| ; [CPU_ALU] |436| 
         00000038 0000 
    2286                      ; call occurs [#||__c28xabi_cmpull||] ; [] |436| 
    2287 00000039 5200          CMPB      AL,#0                 ; [CPU_ALU] |436| 
    2288 0000003a 6104          B         ||$C$L12||,EQ         ; [CPU_ALU] |436| 
    2289                      ; branchcc occurs ; [] |436| 
    2290 0000003b 28A9          MOV       AL,#-1                ; [CPU_ALU] |436| 
         0000003c FFFF 
    2291 0000003d 6F15          B         ||$C$L14||,UNC        ; [CPU_ALU] |436| 
    2292                      ; branch occurs ; [] |436| 
    2293 0000003e       ||$C$L12||:    
    2294 0000003e C244          MOVL      *-SP[4],XAR6          ; [CPU_ALU] |436| 
    2295 0000003f A8A9          MOVL      ACC,XAR4              ; [CPU_ALU] |436| 
    2296 00000040 A0AB          MOVL      P,XAR5                ; [CPU_ALU] |436| 
    2297 00000041 2B42          MOV       *-SP[2],#0            ; [CPU_ALU] |436| 
    2298 00000042 18A9          AND       AL,#65535             ; [CPU_ALU] |436| 
         00000043 FFFF 
    2299 00000044 910F          ANDB      AH,#15                ; [CPU_ALU] |436| 
    2300 00000045 18AB          AND       PL,#65535             ; [CPU_ALU] |436| 
         00000046 FFFF 
    2301 00000047 18AA          AND       PH,#65535             ; [CPU_ALU] |436| 
         00000048 FFFF 
    2302 00000049 2B41          MOV       *-SP[1],#0            ; [CPU_FPU] |436| 
    2303              $C$DW$168       .dwtag  DW_TAG_TI_branch
    2304                      .dwattr $C$DW$168, DW_AT_low_pc(0x00)
    2305                      .dwattr $C$DW$168, DW_AT_name("__c28xabi_cmpull")
    2306                      .dwattr $C$DW$168, DW_AT_TI_call
    2307              
    2308 0000004a 7640!         LCR       #||__c28xabi_cmpull|| ; [CPU_ALU] |436| 
         0000004b 0000 
    2309                      ; call occurs [#||__c28xabi_cmpull||] ; [] |436| 
    2310 0000004c 5200          CMPB      AL,#0                 ; [CPU_ALU] |436| 
    2311 0000004d 6104          B         ||$C$L13||,EQ         ; [CPU_ALU] |436| 
    2312                      ; branchcc occurs ; [] |436| 
    2313 0000004e 28A9          MOV       AL,#-2                ; [CPU_ALU] |436| 
         0000004f FFFE 
    2314 00000050 6F02          B         ||$C$L14||,UNC        ; [CPU_ALU] |436| 
    2315                      ; branch occurs ; [] |436| 
    2316 00000051       ||$C$L13||:    
TMS320C2000 Assembler PC v22.6.2 Thu Jan 22 11:16:45 2026

Copyright (c) 1996-2018 Texas Instruments Incorporated
fcl_f2837x_sfra_gui.asm                                              PAGE   46

    2317 00000051 9A00          MOVB      AL,#0                 ; [CPU_ALU] |436| 
    2318 00000052       ||$C$L14||:    
    2319 00000052 FE88          SUBB      SP,#8                 ; [CPU_ARAU] 
    2320                      .dwcfi  cfa_offset, -2
    2321              $C$DW$169       .dwtag  DW_TAG_TI_branch
    2322                      .dwattr $C$DW$169, DW_AT_low_pc(0x00)
    2323                      .dwattr $C$DW$169, DW_AT_TI_return
    2324              
    2325 00000053 0006          LRETR     ; [CPU_ALU] 
    2326                      ; return occurs ; [] 
    2327                      .dwattr $C$DW$162, DW_AT_TI_end_file("D:/TI/ccs/ccs/tools/compiler/ti-cgt-c2000_22.6.2.LTS/include/_d
    2328                      .dwattr $C$DW$162, DW_AT_TI_end_line(0x1bd)
    2329                      .dwattr $C$DW$162, DW_AT_TI_end_column(0x01)
    2330                      .dwendentry
    2331                      .dwendtag $C$DW$162
    2332              
    2333 00000000               .sect   ".text:__fpclassifyf"
    2334                      .clink
    2335                      .global ||__fpclassifyf||
    2336              
    2337              $C$DW$170       .dwtag  DW_TAG_subprogram
    2338                      .dwattr $C$DW$170, DW_AT_name("__fpclassifyf")
    2339                      .dwattr $C$DW$170, DW_AT_low_pc(||__fpclassifyf||)
    2340                      .dwattr $C$DW$170, DW_AT_high_pc(0x00)
    2341                      .dwattr $C$DW$170, DW_AT_linkage_name("__fpclassifyf")
    2342                      .dwattr $C$DW$170, DW_AT_external
    2343                      .dwattr $C$DW$170, DW_AT_type(*$C$DW$T$10)
    2344                      .dwattr $C$DW$170, DW_AT_decl_file("D:/TI/ccs/ccs/tools/compiler/ti-cgt-c2000_22.6.2.LTS/include/_def
    2345                      .dwattr $C$DW$170, DW_AT_decl_line(0x18c)
    2346                      .dwattr $C$DW$170, DW_AT_decl_column(0x18)
    2347                      .dwattr $C$DW$170, DW_AT_TI_max_frame_size(-2)
    2348                      .dwpsn  file "D:/TI/ccs/ccs/tools/compiler/ti-cgt-c2000_22.6.2.LTS/include/_defs.h",line 397,column 1
    2349              
    2350                      .dwfde $C$DW$CIE, ||__fpclassifyf||
    2351              $C$DW$171       .dwtag  DW_TAG_formal_parameter
    2352                      .dwattr $C$DW$171, DW_AT_name("f")
    2353                      .dwattr $C$DW$171, DW_AT_type(*$C$DW$T$16)
    2354                      .dwattr $C$DW$171, DW_AT_location[DW_OP_regx 0x2b]
    2355              
    2356              
    2357              ;***************************************************************
    2358              ;* FNAME: __fpclassifyf                 FR SIZE:   0           *
    2359              ;*                                                             *
    2360              ;* FUNCTION ENVIRONMENT                                        *
    2361              ;*                                                             *
    2362              ;* FUNCTION PROPERTIES                                         *
    2363              ;*                            0 Parameter,  0 Auto,  0 SOE     *
    2364              ;***************************************************************
    2365              
    2366              ||__fpclassifyf||:
    2367              ;* PL    assigned to $O$K1
    2368              ;* R0    assigned to f
    2369              $C$DW$172       .dwtag  DW_TAG_variable
    2370                      .dwattr $C$DW$172, DW_AT_name("f")
    2371                      .dwattr $C$DW$172, DW_AT_type(*$C$DW$T$50)
TMS320C2000 Assembler PC v22.6.2 Thu Jan 22 11:16:45 2026

Copyright (c) 1996-2018 Texas Instruments Incorporated
fcl_f2837x_sfra_gui.asm                                              PAGE   47

    2372                      .dwattr $C$DW$172, DW_AT_location[DW_OP_regx 0x2b]
    2373              
    2374                      .dwcfi  cfa_offset, -2
    2375                      .dwcfi  save_reg_to_mem, 26, 0
    2376                      .dwpsn  file "D:/TI/ccs/ccs/tools/compiler/ti-cgt-c2000_22.6.2.LTS/include/_defs.h",line 398,column 5
    2377 00000000 BFAB          MOV32     P,R0H                 ; [CPU_FPU] |398| 
         00000001 0F12 
    2378                      .dwpsn  file "D:/TI/ccs/ccs/tools/compiler/ti-cgt-c2000_22.6.2.LTS/include/_defs.h",line 402,column 1
    2379 00000002 CCAA          AND       AL,PH,#0x7f80         ; [CPU_ALU] |402| 
         00000003 7F80 
    2380 00000004 88A9          MOVZ      AR6,AL                ; [CPU_ALU] |402| 
    2381 00000005 FF20          MOV       ACC,#32640            ; [CPU_ALU] |402| 
         00000006 7F80 
    2382 00000007 0FA6          CMPL      ACC,XAR6              ; [CPU_ALU] |402| 
    2383 00000008 6009          B         ||$C$L16||,NEQ        ; [CPU_ALU] |402| 
    2384                      ; branchcc occurs ; [] |402| 
    2385 00000009 A9A9          MOVL      ACC,P                 ; [CPU_ALU] |402| 
    2386 0000000a 917F          ANDB      AH,#127               ; [CPU_ALU] |402| 
    2387 0000000b FF58          TEST      ACC                   ; [CPU_ALU] |402| 
    2388 0000000c 6103          B         ||$C$L15||,EQ         ; [CPU_ALU] |402| 
    2389                      ; branchcc occurs ; [] |402| 
    2390                      .dwcfi  remember_state
    2391 0000000d 9A02          MOVB      AL,#2                 ; [CPU_ALU] |402| 
    2392              $C$DW$173       .dwtag  DW_TAG_TI_branch
    2393                      .dwattr $C$DW$173, DW_AT_low_pc(0x00)
    2394                      .dwattr $C$DW$173, DW_AT_TI_return
    2395              
    2396 0000000e 0006          LRETR     ; [CPU_ALU] 
    2397                      ; return occurs ; [] 
    2398                      .dwcfi  restore_state
    2399 0000000f       ||$C$L15||:    
    2400                      .dwcfi  remember_state
    2401 0000000f 9A01          MOVB      AL,#1                 ; [CPU_ALU] |402| 
    2402              $C$DW$174       .dwtag  DW_TAG_TI_branch
    2403                      .dwattr $C$DW$174, DW_AT_low_pc(0x00)
    2404                      .dwattr $C$DW$174, DW_AT_TI_return
    2405              
    2406 00000010 0006          LRETR     ; [CPU_ALU] 
    2407                      ; return occurs ; [] 
    2408                      .dwcfi  restore_state
    2409 00000011       ||$C$L16||:    
    2410 00000011 A9A9          MOVL      ACC,P                 ; [CPU_ALU] |402| 
    2411 00000012 28AC          MOV       T,#23                 ; [CPU_ALU] |402| 
         00000013 0017 
    2412 00000014 5622          LSRL      ACC,T                 ; [CPU_ALU] |402| 
    2413 00000015 90FF          ANDB      AL,#0xff              ; [CPU_ALU] |402| 
    2414 00000016 6104          B         ||$C$L17||,EQ         ; [CPU_ALU] |402| 
    2415                      ; branchcc occurs ; [] |402| 
    2416                      .dwcfi  remember_state
    2417 00000017 28A9          MOV       AL,#-1                ; [CPU_ALU] |402| 
         00000018 FFFF 
    2418              $C$DW$175       .dwtag  DW_TAG_TI_branch
    2419                      .dwattr $C$DW$175, DW_AT_low_pc(0x00)
    2420                      .dwattr $C$DW$175, DW_AT_TI_return
    2421              
TMS320C2000 Assembler PC v22.6.2 Thu Jan 22 11:16:45 2026

Copyright (c) 1996-2018 Texas Instruments Incorporated
fcl_f2837x_sfra_gui.asm                                              PAGE   48

    2422 00000019 0006          LRETR     ; [CPU_ALU] 
    2423                      ; return occurs ; [] 
    2424                      .dwcfi  restore_state
    2425 0000001a       ||$C$L17||:    
    2426 0000001a A9A9          MOVL      ACC,P                 ; [CPU_ALU] |402| 
    2427 0000001b 917F          ANDB      AH,#127               ; [CPU_ALU] |402| 
    2428 0000001c FF58          TEST      ACC                   ; [CPU_ALU] |402| 
    2429 0000001d 6104          B         ||$C$L18||,EQ         ; [CPU_ALU] |402| 
    2430                      ; branchcc occurs ; [] |402| 
    2431                      .dwcfi  remember_state
    2432 0000001e 28A9          MOV       AL,#-2                ; [CPU_ALU] |402| 
         0000001f FFFE 
    2433              $C$DW$176       .dwtag  DW_TAG_TI_branch
    2434                      .dwattr $C$DW$176, DW_AT_low_pc(0x00)
    2435                      .dwattr $C$DW$176, DW_AT_TI_return
    2436              
    2437 00000020 0006          LRETR     ; [CPU_ALU] 
    2438                      ; return occurs ; [] 
    2439                      .dwcfi  restore_state
    2440 00000021       ||$C$L18||:    
    2441 00000021 9A00          MOVB      AL,#0                 ; [CPU_ALU] |402| 
    2442              $C$DW$177       .dwtag  DW_TAG_TI_branch
    2443                      .dwattr $C$DW$177, DW_AT_low_pc(0x00)
    2444                      .dwattr $C$DW$177, DW_AT_TI_return
    2445              
    2446 00000022 0006          LRETR     ; [CPU_ALU] 
    2447                      ; return occurs ; [] 
    2448                      .dwattr $C$DW$170, DW_AT_TI_end_file("D:/TI/ccs/ccs/tools/compiler/ti-cgt-c2000_22.6.2.LTS/include/_d
    2449                      .dwattr $C$DW$170, DW_AT_TI_end_line(0x19b)
    2450                      .dwattr $C$DW$170, DW_AT_TI_end_column(0x01)
    2451                      .dwendentry
    2452                      .dwendtag $C$DW$170
    2453              
    2454 00000000               .sect   ".text:__fpclassify"
    2455                      .clink
    2456                      .global ||__fpclassify||
    2457              
    2458              $C$DW$178       .dwtag  DW_TAG_subprogram
    2459                      .dwattr $C$DW$178, DW_AT_name("__fpclassify")
    2460                      .dwattr $C$DW$178, DW_AT_low_pc(||__fpclassify||)
    2461                      .dwattr $C$DW$178, DW_AT_high_pc(0x00)
    2462                      .dwattr $C$DW$178, DW_AT_linkage_name("__fpclassify")
    2463                      .dwattr $C$DW$178, DW_AT_external
    2464                      .dwattr $C$DW$178, DW_AT_type(*$C$DW$T$10)
    2465                      .dwattr $C$DW$178, DW_AT_decl_file("D:/TI/ccs/ccs/tools/compiler/ti-cgt-c2000_22.6.2.LTS/include/_def
    2466                      .dwattr $C$DW$178, DW_AT_decl_line(0x19d)
    2467                      .dwattr $C$DW$178, DW_AT_decl_column(0x18)
    2468                      .dwattr $C$DW$178, DW_AT_TI_max_frame_size(-10)
    2469                      .dwpsn  file "D:/TI/ccs/ccs/tools/compiler/ti-cgt-c2000_22.6.2.LTS/include/_defs.h",line 414,column 1
    2470              
    2471                      .dwfde $C$DW$CIE, ||__fpclassify||
    2472              $C$DW$179       .dwtag  DW_TAG_formal_parameter
    2473                      .dwattr $C$DW$179, DW_AT_name("d")
    2474                      .dwattr $C$DW$179, DW_AT_type(*$C$DW$T$53)
    2475                      .dwattr $C$DW$179, DW_AT_location[DW_OP_reg12]
TMS320C2000 Assembler PC v22.6.2 Thu Jan 22 11:16:45 2026

Copyright (c) 1996-2018 Texas Instruments Incorporated
fcl_f2837x_sfra_gui.asm                                              PAGE   49

    2476              
    2477              
    2478              ;***************************************************************
    2479              ;* FNAME: __fpclassify                  FR SIZE:   8           *
    2480              ;*                                                             *
    2481              ;* FUNCTION ENVIRONMENT                                        *
    2482              ;*                                                             *
    2483              ;* FUNCTION PROPERTIES                                         *
    2484              ;*                            4 Parameter,  4 Auto,  0 SOE     *
    2485              ;***************************************************************
    2486              
    2487              ||__fpclassify||:
    2488              $C$DW$180       .dwtag  DW_TAG_variable
    2489                      .dwattr $C$DW$180, DW_AT_name("d")
    2490                      .dwattr $C$DW$180, DW_AT_type(*$C$DW$T$17)
    2491                      .dwattr $C$DW$180, DW_AT_location[DW_OP_breg20 -8]
    2492              
    2493              ;* AR5   assigned to $O$C1
    2494              ;* AR4   assigned to d
    2495              $C$DW$181       .dwtag  DW_TAG_variable
    2496                      .dwattr $C$DW$181, DW_AT_name("d")
    2497                      .dwattr $C$DW$181, DW_AT_type(*$C$DW$T$54)
    2498                      .dwattr $C$DW$181, DW_AT_location[DW_OP_reg12]
    2499              
    2500                      .dwcfi  cfa_offset, -2
    2501                      .dwcfi  save_reg_to_mem, 26, 0
    2502 00000000 FE08          ADDB      SP,#8                 ; [CPU_ARAU] 
    2503                      .dwcfi  cfa_offset, -10
    2504 00000001 C4D4          MOVL      XAR6,*+XAR4[2]        ; [CPU_ALU] |414| 
    2505 00000002 06C4          MOVL      ACC,*+XAR4[0]         ; [CPU_ALU] |414| 
    2506 00000003 1E48          MOVL      *-SP[8],ACC           ; [CPU_ALU] |414| 
    2507 00000004 C246          MOVL      *-SP[6],XAR6          ; [CPU_ALU] |414| 
    2508                      .dwpsn  file "D:/TI/ccs/ccs/tools/compiler/ti-cgt-c2000_22.6.2.LTS/include/_defs.h",line 415,column 5
    2509 00000005 8348          MOVL      XAR5,*-SP[8]          ; [CPU_ALU] |415| 
    2510 00000006 8A46          MOVL      XAR4,*-SP[6]          ; [CPU_ALU] |415| 
    2511                      .dwpsn  file "D:/TI/ccs/ccs/tools/compiler/ti-cgt-c2000_22.6.2.LTS/include/_defs.h",line 419,column 1
    2512 00000007 28AC          MOV       T,#48                 ; [CPU_ALU] |419| 
         00000008 0030 
    2513 00000009 A0AB          MOVL      P,XAR5                ; [CPU_ALU] |419| 
    2514 0000000a A8A9          MOVL      ACC,XAR4              ; [CPU_ALU] |419| 
    2515 0000000b 565B          LSR64     ACC:P,T               ; [CPU_ALU] |419| 
    2516 0000000c 18AB          AND       PL,#0x7ff0            ; [CPU_ALU] |419| 
         0000000d 7FF0 
    2517 0000000e 88AB          MOVZ      AR6,PL                ; [CPU_ALU] |419| 
    2518 0000000f FF20          MOV       ACC,#32752            ; [CPU_ALU] |419| 
         00000010 7FF0 
    2519 00000011 0FA6          CMPL      ACC,XAR6              ; [CPU_ALU] |419| 
    2520 00000012 6016          B         ||$C$L20||,NEQ        ; [CPU_ALU] |419| 
    2521                      ; branchcc occurs ; [] |419| 
    2522 00000013 0200          MOVB      ACC,#0                ; [CPU_ALU] |419| 
    2523 00000014 1E44          MOVL      *-SP[4],ACC           ; [CPU_ALU] |419| 
    2524 00000015 2B42          MOV       *-SP[2],#0            ; [CPU_ALU] |419| 
    2525 00000016 2B41          MOV       *-SP[1],#0            ; [CPU_ALU] |419| 
    2526 00000017 A348          MOVL      P,*-SP[8]             ; [CPU_ALU] |419| 
    2527 00000018 0646          MOVL      ACC,*-SP[6]           ; [CPU_ALU] |419| 
TMS320C2000 Assembler PC v22.6.2 Thu Jan 22 11:16:45 2026

Copyright (c) 1996-2018 Texas Instruments Incorporated
fcl_f2837x_sfra_gui.asm                                              PAGE   50

    2528 00000019 18AB          AND       PL,#65535             ; [CPU_ALU] |419| 
         0000001a FFFF 
    2529 0000001b 18AA          AND       PH,#65535             ; [CPU_ALU] |419| 
         0000001c FFFF 
    2530 0000001d 18A9          AND       AL,#65535             ; [CPU_ALU] |419| 
         0000001e FFFF 
    2531 0000001f 910F          ANDB      AH,#15                ; [CPU_ALU] |419| 
    2532              $C$DW$182       .dwtag  DW_TAG_TI_branch
    2533                      .dwattr $C$DW$182, DW_AT_low_pc(0x00)
    2534                      .dwattr $C$DW$182, DW_AT_name("__c28xabi_cmpull")
    2535                      .dwattr $C$DW$182, DW_AT_TI_call
    2536              
    2537 00000020 7640!         LCR       #||__c28xabi_cmpull|| ; [CPU_ALU] |419| 
         00000021 0000 
    2538                      ; call occurs [#||__c28xabi_cmpull||] ; [] |419| 
    2539 00000022 5200          CMPB      AL,#0                 ; [CPU_ALU] |419| 
    2540 00000023 6103          B         ||$C$L19||,EQ         ; [CPU_ALU] |419| 
    2541                      ; branchcc occurs ; [] |419| 
    2542 00000024 9A02          MOVB      AL,#2                 ; [CPU_ALU] |419| 
    2543 00000025 6F2D          B         ||$C$L23||,UNC        ; [CPU_ALU] |419| 
    2544                      ; branch occurs ; [] |419| 
    2545 00000026       ||$C$L19||:    
    2546 00000026 9A01          MOVB      AL,#1                 ; [CPU_ALU] |419| 
    2547 00000027 6F2B          B         ||$C$L23||,UNC        ; [CPU_ALU] |419| 
    2548                      ; branch occurs ; [] |419| 
    2549 00000028       ||$C$L20||:    
    2550 00000028 BE00          MOVB      XAR6,#0               ; [CPU_ALU] |419| 
    2551 00000029 A0AB          MOVL      P,XAR5                ; [CPU_ALU] |419| 
    2552 0000002a A8A9          MOVL      ACC,XAR4              ; [CPU_ALU] |419| 
    2553 0000002b 28AC          MOV       T,#52                 ; [CPU_ALU] |419| 
         0000002c 0034 
    2554 0000002d C244          MOVL      *-SP[4],XAR6          ; [CPU_ALU] |419| 
    2555 0000002e 2B42          MOV       *-SP[2],#0            ; [CPU_ALU] |419| 
    2556 0000002f 565B          LSR64     ACC:P,T               ; [CPU_ALU] |419| 
    2557 00000030 2B41          MOV       *-SP[1],#0            ; [CPU_FPU] |419| 
    2558 00000031 9000          ANDB      AL,#0                 ; [CPU_ALU] |419| 
    2559 00000032 9100          ANDB      AH,#0                 ; [CPU_ALU] |419| 
    2560 00000033 18AB          AND       PL,#2047              ; [CPU_ALU] |419| 
         00000034 07FF 
    2561 00000035 18AA          AND       PH,#0                 ; [CPU_ALU] |419| 
         00000036 0000 
    2562              $C$DW$183       .dwtag  DW_TAG_TI_branch
    2563                      .dwattr $C$DW$183, DW_AT_low_pc(0x00)
    2564                      .dwattr $C$DW$183, DW_AT_name("__c28xabi_cmpull")
    2565                      .dwattr $C$DW$183, DW_AT_TI_call
    2566              
    2567 00000037 7640!         LCR       #||__c28xabi_cmpull|| ; [CPU_ALU] |419| 
         00000038 0000 
    2568                      ; call occurs [#||__c28xabi_cmpull||] ; [] |419| 
    2569 00000039 5200          CMPB      AL,#0                 ; [CPU_ALU] |419| 
    2570 0000003a 6104          B         ||$C$L21||,EQ         ; [CPU_ALU] |419| 
    2571                      ; branchcc occurs ; [] |419| 
    2572 0000003b 28A9          MOV       AL,#-1                ; [CPU_ALU] |419| 
         0000003c FFFF 
    2573 0000003d 6F15          B         ||$C$L23||,UNC        ; [CPU_ALU] |419| 
TMS320C2000 Assembler PC v22.6.2 Thu Jan 22 11:16:45 2026

Copyright (c) 1996-2018 Texas Instruments Incorporated
fcl_f2837x_sfra_gui.asm                                              PAGE   51

    2574                      ; branch occurs ; [] |419| 
    2575 0000003e       ||$C$L21||:    
    2576 0000003e C244          MOVL      *-SP[4],XAR6          ; [CPU_ALU] |419| 
    2577 0000003f A8A9          MOVL      ACC,XAR4              ; [CPU_ALU] |419| 
    2578 00000040 A0AB          MOVL      P,XAR5                ; [CPU_ALU] |419| 
    2579 00000041 2B42          MOV       *-SP[2],#0            ; [CPU_ALU] |419| 
    2580 00000042 18A9          AND       AL,#65535             ; [CPU_ALU] |419| 
         00000043 FFFF 
    2581 00000044 910F          ANDB      AH,#15                ; [CPU_ALU] |419| 
    2582 00000045 18AB          AND       PL,#65535             ; [CPU_ALU] |419| 
         00000046 FFFF 
    2583 00000047 18AA          AND       PH,#65535             ; [CPU_ALU] |419| 
         00000048 FFFF 
    2584 00000049 2B41          MOV       *-SP[1],#0            ; [CPU_FPU] |419| 
    2585              $C$DW$184       .dwtag  DW_TAG_TI_branch
    2586                      .dwattr $C$DW$184, DW_AT_low_pc(0x00)
    2587                      .dwattr $C$DW$184, DW_AT_name("__c28xabi_cmpull")
    2588                      .dwattr $C$DW$184, DW_AT_TI_call
    2589              
    2590 0000004a 7640!         LCR       #||__c28xabi_cmpull|| ; [CPU_ALU] |419| 
         0000004b 0000 
    2591                      ; call occurs [#||__c28xabi_cmpull||] ; [] |419| 
    2592 0000004c 5200          CMPB      AL,#0                 ; [CPU_ALU] |419| 
    2593 0000004d 6104          B         ||$C$L22||,EQ         ; [CPU_ALU] |419| 
    2594                      ; branchcc occurs ; [] |419| 
    2595 0000004e 28A9          MOV       AL,#-2                ; [CPU_ALU] |419| 
         0000004f FFFE 
    2596 00000050 6F02          B         ||$C$L23||,UNC        ; [CPU_ALU] |419| 
    2597                      ; branch occurs ; [] |419| 
    2598 00000051       ||$C$L22||:    
    2599 00000051 9A00          MOVB      AL,#0                 ; [CPU_ALU] |419| 
    2600 00000052       ||$C$L23||:    
    2601 00000052 FE88          SUBB      SP,#8                 ; [CPU_ARAU] 
    2602                      .dwcfi  cfa_offset, -2
    2603              $C$DW$185       .dwtag  DW_TAG_TI_branch
    2604                      .dwattr $C$DW$185, DW_AT_low_pc(0x00)
    2605                      .dwattr $C$DW$185, DW_AT_TI_return
    2606              
    2607 00000053 0006          LRETR     ; [CPU_ALU] 
    2608                      ; return occurs ; [] 
    2609                      .dwattr $C$DW$178, DW_AT_TI_end_file("D:/TI/ccs/ccs/tools/compiler/ti-cgt-c2000_22.6.2.LTS/include/_d
    2610                      .dwattr $C$DW$178, DW_AT_TI_end_line(0x1ac)
    2611                      .dwattr $C$DW$178, DW_AT_TI_end_column(0x01)
    2612                      .dwendentry
    2613                      .dwendtag $C$DW$178
    2614              
    2615              ;**************************************************************
    2616              ;* UNDEFINED EXTERNAL REFERENCES                              *
    2617              ;**************************************************************
    2618                      .global ||SFRA_F32_reset||
    2619                      .global ||SFRA_F32_config||
    2620                      .global ||SFRA_F32_resetFreqRespArray||
    2621                      .global ||SFRA_F32_initFreqArrayWithLogSteps||
    2622                      .global ||SFRA_GUI_config||
    2623                      .global ||__c28xabi_cmpull||
TMS320C2000 Assembler PC v22.6.2 Thu Jan 22 11:16:45 2026

Copyright (c) 1996-2018 Texas Instruments Incorporated
fcl_f2837x_sfra_gui.asm                                              PAGE   52

    2624              ;**************************************************************
    2625              ;* SECTION GROUPS                                             *
    2626              ;**************************************************************
    2627                      .group    "__fpclassify", 1
    2628                      .gmember  ".text:__fpclassify"
    2629                      .endgroup
    2630                      .group    "__fpclassifyf", 1
    2631                      .gmember  ".text:__fpclassifyf"
    2632                      .endgroup
    2633                      .group    "__fpclassifyl", 1
    2634                      .gmember  ".text:__fpclassifyl"
    2635                      .endgroup
    2636                      .group    "__isfinite", 1
    2637                      .gmember  ".text:__isfinite"
    2638                      .endgroup
    2639                      .group    "__isfinitef", 1
    2640                      .gmember  ".text:__isfinitef"
    2641                      .endgroup
    2642                      .group    "__isfinitel", 1
    2643                      .gmember  ".text:__isfinitel"
    2644                      .endgroup
    2645                      .group    "__isinf", 1
    2646                      .gmember  ".text:__isinf"
    2647                      .endgroup
    2648                      .group    "__isinff", 1
    2649                      .gmember  ".text:__isinff"
    2650                      .endgroup
    2651                      .group    "__isinfl", 1
    2652                      .gmember  ".text:__isinfl"
    2653                      .endgroup
    2654                      .group    "__isnan", 1
    2655                      .gmember  ".text:__isnan"
    2656                      .endgroup
    2657                      .group    "__isnanf", 1
    2658                      .gmember  ".text:__isnanf"
    2659                      .endgroup
    2660                      .group    "__isnanl", 1
    2661                      .gmember  ".text:__isnanl"
    2662                      .endgroup
    2663                      .group    "__isnormal", 1
    2664                      .gmember  ".text:__isnormal"
    2665                      .endgroup
    2666                      .group    "__isnormalf", 1
    2667                      .gmember  ".text:__isnormalf"
    2668                      .endgroup
    2669                      .group    "__isnormall", 1
    2670                      .gmember  ".text:__isnormall"
    2671                      .endgroup
    2672                      .group    "__relaxed_atan2f", 1
    2673                      .gmember  ".text:__relaxed_atan2f"
    2674                      .endgroup
    2675                      .group    "__relaxed_atanf", 1
    2676                      .gmember  ".text:__relaxed_atanf"
    2677                      .endgroup
    2678                      .group    "__relaxed_cosf", 1
TMS320C2000 Assembler PC v22.6.2 Thu Jan 22 11:16:45 2026

Copyright (c) 1996-2018 Texas Instruments Incorporated
fcl_f2837x_sfra_gui.asm                                              PAGE   53

    2679                      .gmember  ".text:__relaxed_cosf"
    2680                      .endgroup
    2681                      .group    "__relaxed_fmaxf", 1
    2682                      .gmember  ".text:__relaxed_fmaxf"
    2683                      .endgroup
    2684                      .group    "__relaxed_fminf", 1
    2685                      .gmember  ".text:__relaxed_fminf"
    2686                      .endgroup
    2687                      .group    "__relaxed_fmodf", 1
    2688                      .gmember  ".text:__relaxed_fmodf"
    2689                      .endgroup
    2690                      .group    "__relaxed_sinf", 1
    2691                      .gmember  ".text:__relaxed_sinf"
    2692                      .endgroup
    2693                      .group    "__relaxed_sqrtf", 1
    2694                      .gmember  ".text:__relaxed_sqrtf"
    2695                      .endgroup
    2696                      .group    "__signbit", 1
    2697                      .gmember  ".text:__signbit"
    2698                      .endgroup
    2699                      .group    "__signbitf", 1
    2700                      .gmember  ".text:__signbitf"
    2701                      .endgroup
    2702                      .group    "__signbitl", 1
    2703                      .gmember  ".text:__signbitl"
    2704                      .endgroup
    2705              
    2706              
    2707              ;***************************************************************
    2708              ;* BUILD ATTRIBUTES                                            *
    2709              ;***************************************************************
    2710                      .battr "c28xabi", Tag_File, 1, Tag_float_args(1)
    2711                      .battr "c28xabi", Tag_File, 1, Tag_double_args(1)
    2712                      .dwattr $C$DW$CU, DW_AT_language(DW_LANG_C)
    2713              
    2714              ;***************************************************************
    2715              ;* DWARF CIE ENTRIES                                           *
    2716              ;***************************************************************
    2717              
    2718              $C$DW$CIE       .dwcie 26
    2719                      .dwcfi  cfa_register, 20
    2720                      .dwcfi  cfa_offset, 0
    2721                      .dwcfi  same_value, 28
    2722                      .dwcfi  same_value, 6
    2723                      .dwcfi  same_value, 7
    2724                      .dwcfi  same_value, 8
    2725                      .dwcfi  same_value, 9
    2726                      .dwcfi  same_value, 10
    2727                      .dwcfi  same_value, 11
    2728                      .dwcfi  same_value, 59
    2729                      .dwcfi  same_value, 63
    2730                      .dwcfi  same_value, 67
    2731                      .dwcfi  same_value, 71
    2732                      .dwendentry
    2733                      .dwendtag $C$DW$CU
TMS320C2000 Assembler PC v22.6.2 Thu Jan 22 11:16:45 2026

Copyright (c) 1996-2018 Texas Instruments Incorporated
fcl_f2837x_sfra_gui.asm                                              PAGE   54

    2734              
    2735              
    2736              ;***************************************************************
    2737              ;* TYPE INFORMATION                                            *
    2738              ;***************************************************************
    2739              
    2740              $C$DW$TU$23     .dwtag  DW_TAG_type_unit
    2741                      .dwmtype  $C$DW$T$23
    2742              
    2743              $C$DW$T$23      .dwtag  DW_TAG_structure_type
    2744                      .dwattr $C$DW$T$23, DW_AT_byte_size(0x20)
    2745              $C$DW$186       .dwtag  DW_TAG_member
    2746                      .dwattr $C$DW$186, DW_AT_type(*$C$DW$T$20)
    2747                      .dwattr $C$DW$186, DW_AT_name("h_magVect")
    2748                      .dwattr $C$DW$186, DW_AT_accessibility(DW_ACCESS_public)
    2749                      .dwattr $C$DW$186, DW_AT_decl_file("C:/TI/C2000Ware_MotorControl_SDK_5_04_00_00/libraries/sfra/includ
    2750                      .dwattr $C$DW$186, DW_AT_decl_line(0x40)
    2751                      .dwattr $C$DW$186, DW_AT_decl_column(0x10)
    2752              
    2753              $C$DW$187       .dwtag  DW_TAG_member
    2754                      .dwattr $C$DW$187, DW_AT_type(*$C$DW$T$20)
    2755                      .dwattr $C$DW$187, DW_AT_name("h_phaseVect")
    2756                      .dwattr $C$DW$187, DW_AT_data_member_location[DW_OP_plus_uconst 0x2]
    2757                      .dwattr $C$DW$187, DW_AT_accessibility(DW_ACCESS_public)
    2758                      .dwattr $C$DW$187, DW_AT_decl_file("C:/TI/C2000Ware_MotorControl_SDK_5_04_00_00/libraries/sfra/includ
    2759                      .dwattr $C$DW$187, DW_AT_decl_line(0x41)
    2760                      .dwattr $C$DW$187, DW_AT_decl_column(0x10)
    2761              
    2762              $C$DW$188       .dwtag  DW_TAG_member
    2763                      .dwattr $C$DW$188, DW_AT_type(*$C$DW$T$20)
    2764                      .dwattr $C$DW$188, DW_AT_name("gh_magVect")
    2765                      .dwattr $C$DW$188, DW_AT_data_member_location[DW_OP_plus_uconst 0x4]
    2766                      .dwattr $C$DW$188, DW_AT_accessibility(DW_ACCESS_public)
    2767                      .dwattr $C$DW$188, DW_AT_decl_file("C:/TI/C2000Ware_MotorControl_SDK_5_04_00_00/libraries/sfra/includ
    2768                      .dwattr $C$DW$188, DW_AT_decl_line(0x42)
    2769                      .dwattr $C$DW$188, DW_AT_decl_column(0x10)
    2770              
    2771              $C$DW$189       .dwtag  DW_TAG_member
    2772                      .dwattr $C$DW$189, DW_AT_type(*$C$DW$T$20)
    2773                      .dwattr $C$DW$189, DW_AT_name("gh_phaseVect")
    2774                      .dwattr $C$DW$189, DW_AT_data_member_location[DW_OP_plus_uconst 0x6]
    2775                      .dwattr $C$DW$189, DW_AT_accessibility(DW_ACCESS_public)
    2776                      .dwattr $C$DW$189, DW_AT_decl_file("C:/TI/C2000Ware_MotorControl_SDK_5_04_00_00/libraries/sfra/includ
    2777                      .dwattr $C$DW$189, DW_AT_decl_line(0x43)
    2778                      .dwattr $C$DW$189, DW_AT_decl_column(0x10)
    2779              
    2780              $C$DW$190       .dwtag  DW_TAG_member
    2781                      .dwattr $C$DW$190, DW_AT_type(*$C$DW$T$20)
    2782                      .dwattr $C$DW$190, DW_AT_name("cl_magVect")
    2783                      .dwattr $C$DW$190, DW_AT_data_member_location[DW_OP_plus_uconst 0x8]
    2784                      .dwattr $C$DW$190, DW_AT_accessibility(DW_ACCESS_public)
    2785                      .dwattr $C$DW$190, DW_AT_decl_file("C:/TI/C2000Ware_MotorControl_SDK_5_04_00_00/libraries/sfra/includ
    2786                      .dwattr $C$DW$190, DW_AT_decl_line(0x44)
    2787                      .dwattr $C$DW$190, DW_AT_decl_column(0x10)
    2788              
TMS320C2000 Assembler PC v22.6.2 Thu Jan 22 11:16:45 2026

Copyright (c) 1996-2018 Texas Instruments Incorporated
fcl_f2837x_sfra_gui.asm                                              PAGE   55

    2789              $C$DW$191       .dwtag  DW_TAG_member
    2790                      .dwattr $C$DW$191, DW_AT_type(*$C$DW$T$20)
    2791                      .dwattr $C$DW$191, DW_AT_name("cl_phaseVect")
    2792                      .dwattr $C$DW$191, DW_AT_data_member_location[DW_OP_plus_uconst 0xa]
    2793                      .dwattr $C$DW$191, DW_AT_accessibility(DW_ACCESS_public)
    2794                      .dwattr $C$DW$191, DW_AT_decl_file("C:/TI/C2000Ware_MotorControl_SDK_5_04_00_00/libraries/sfra/includ
    2795                      .dwattr $C$DW$191, DW_AT_decl_line(0x45)
    2796                      .dwattr $C$DW$191, DW_AT_decl_column(0x10)
    2797              
    2798              $C$DW$192       .dwtag  DW_TAG_member
    2799                      .dwattr $C$DW$192, DW_AT_type(*$C$DW$T$20)
    2800                      .dwattr $C$DW$192, DW_AT_name("freqVect")
    2801                      .dwattr $C$DW$192, DW_AT_data_member_location[DW_OP_plus_uconst 0xc]
    2802                      .dwattr $C$DW$192, DW_AT_accessibility(DW_ACCESS_public)
    2803                      .dwattr $C$DW$192, DW_AT_decl_file("C:/TI/C2000Ware_MotorControl_SDK_5_04_00_00/libraries/sfra/includ
    2804                      .dwattr $C$DW$192, DW_AT_decl_line(0x46)
    2805                      .dwattr $C$DW$192, DW_AT_decl_column(0x10)
    2806              
    2807              $C$DW$193       .dwtag  DW_TAG_member
    2808                      .dwattr $C$DW$193, DW_AT_type(*$C$DW$T$19)
    2809                      .dwattr $C$DW$193, DW_AT_name("amplitude")
    2810                      .dwattr $C$DW$193, DW_AT_data_member_location[DW_OP_plus_uconst 0xe]
    2811                      .dwattr $C$DW$193, DW_AT_accessibility(DW_ACCESS_public)
    2812                      .dwattr $C$DW$193, DW_AT_decl_file("C:/TI/C2000Ware_MotorControl_SDK_5_04_00_00/libraries/sfra/includ
    2813                      .dwattr $C$DW$193, DW_AT_decl_line(0x47)
    2814                      .dwattr $C$DW$193, DW_AT_decl_column(0x0f)
    2815              
    2816              $C$DW$194       .dwtag  DW_TAG_member
    2817                      .dwattr $C$DW$194, DW_AT_type(*$C$DW$T$19)
    2818                      .dwattr $C$DW$194, DW_AT_name("isrFreq")
    2819                      .dwattr $C$DW$194, DW_AT_data_member_location[DW_OP_plus_uconst 0x10]
    2820                      .dwattr $C$DW$194, DW_AT_accessibility(DW_ACCESS_public)
    2821                      .dwattr $C$DW$194, DW_AT_decl_file("C:/TI/C2000Ware_MotorControl_SDK_5_04_00_00/libraries/sfra/includ
    2822                      .dwattr $C$DW$194, DW_AT_decl_line(0x48)
    2823                      .dwattr $C$DW$194, DW_AT_decl_column(0x0f)
    2824              
    2825              $C$DW$195       .dwtag  DW_TAG_member
    2826                      .dwattr $C$DW$195, DW_AT_type(*$C$DW$T$19)
    2827                      .dwattr $C$DW$195, DW_AT_name("freqStart")
    2828                      .dwattr $C$DW$195, DW_AT_data_member_location[DW_OP_plus_uconst 0x12]
    2829                      .dwattr $C$DW$195, DW_AT_accessibility(DW_ACCESS_public)
    2830                      .dwattr $C$DW$195, DW_AT_decl_file("C:/TI/C2000Ware_MotorControl_SDK_5_04_00_00/libraries/sfra/includ
    2831                      .dwattr $C$DW$195, DW_AT_decl_line(0x49)
    2832                      .dwattr $C$DW$195, DW_AT_decl_column(0x0f)
    2833              
    2834              $C$DW$196       .dwtag  DW_TAG_member
    2835                      .dwattr $C$DW$196, DW_AT_type(*$C$DW$T$19)
    2836                      .dwattr $C$DW$196, DW_AT_name("freqStep")
    2837                      .dwattr $C$DW$196, DW_AT_data_member_location[DW_OP_plus_uconst 0x14]
    2838                      .dwattr $C$DW$196, DW_AT_accessibility(DW_ACCESS_public)
    2839                      .dwattr $C$DW$196, DW_AT_decl_file("C:/TI/C2000Ware_MotorControl_SDK_5_04_00_00/libraries/sfra/includ
    2840                      .dwattr $C$DW$196, DW_AT_decl_line(0x4a)
    2841                      .dwattr $C$DW$196, DW_AT_decl_column(0x0f)
    2842              
    2843              $C$DW$197       .dwtag  DW_TAG_member
TMS320C2000 Assembler PC v22.6.2 Thu Jan 22 11:16:45 2026

Copyright (c) 1996-2018 Texas Instruments Incorporated
fcl_f2837x_sfra_gui.asm                                              PAGE   56

    2844                      .dwattr $C$DW$197, DW_AT_type(*$C$DW$T$22)
    2845                      .dwattr $C$DW$197, DW_AT_name("start")
    2846                      .dwattr $C$DW$197, DW_AT_data_member_location[DW_OP_plus_uconst 0x16]
    2847                      .dwattr $C$DW$197, DW_AT_accessibility(DW_ACCESS_public)
    2848                      .dwattr $C$DW$197, DW_AT_decl_file("C:/TI/C2000Ware_MotorControl_SDK_5_04_00_00/libraries/sfra/includ
    2849                      .dwattr $C$DW$197, DW_AT_decl_line(0x4b)
    2850                      .dwattr $C$DW$197, DW_AT_decl_column(0x0d)
    2851              
    2852              $C$DW$198       .dwtag  DW_TAG_member
    2853                      .dwattr $C$DW$198, DW_AT_type(*$C$DW$T$22)
    2854                      .dwattr $C$DW$198, DW_AT_name("state")
    2855                      .dwattr $C$DW$198, DW_AT_data_member_location[DW_OP_plus_uconst 0x17]
    2856                      .dwattr $C$DW$198, DW_AT_accessibility(DW_ACCESS_public)
    2857                      .dwattr $C$DW$198, DW_AT_decl_file("C:/TI/C2000Ware_MotorControl_SDK_5_04_00_00/libraries/sfra/includ
    2858                      .dwattr $C$DW$198, DW_AT_decl_line(0x4c)
    2859                      .dwattr $C$DW$198, DW_AT_decl_column(0x0d)
    2860              
    2861              $C$DW$199       .dwtag  DW_TAG_member
    2862                      .dwattr $C$DW$199, DW_AT_type(*$C$DW$T$22)
    2863                      .dwattr $C$DW$199, DW_AT_name("status")
    2864                      .dwattr $C$DW$199, DW_AT_data_member_location[DW_OP_plus_uconst 0x18]
    2865                      .dwattr $C$DW$199, DW_AT_accessibility(DW_ACCESS_public)
    2866                      .dwattr $C$DW$199, DW_AT_decl_file("C:/TI/C2000Ware_MotorControl_SDK_5_04_00_00/libraries/sfra/includ
    2867                      .dwattr $C$DW$199, DW_AT_decl_line(0x4d)
    2868                      .dwattr $C$DW$199, DW_AT_decl_column(0x0d)
    2869              
    2870              $C$DW$200       .dwtag  DW_TAG_member
    2871                      .dwattr $C$DW$200, DW_AT_type(*$C$DW$T$22)
    2872                      .dwattr $C$DW$200, DW_AT_name("vecLength")
    2873                      .dwattr $C$DW$200, DW_AT_data_member_location[DW_OP_plus_uconst 0x19]
    2874                      .dwattr $C$DW$200, DW_AT_accessibility(DW_ACCESS_public)
    2875                      .dwattr $C$DW$200, DW_AT_decl_file("C:/TI/C2000Ware_MotorControl_SDK_5_04_00_00/libraries/sfra/includ
    2876                      .dwattr $C$DW$200, DW_AT_decl_line(0x4e)
    2877                      .dwattr $C$DW$200, DW_AT_decl_column(0x0d)
    2878              
    2879              $C$DW$201       .dwtag  DW_TAG_member
    2880                      .dwattr $C$DW$201, DW_AT_type(*$C$DW$T$22)
    2881                      .dwattr $C$DW$201, DW_AT_name("freqIndex")
    2882                      .dwattr $C$DW$201, DW_AT_data_member_location[DW_OP_plus_uconst 0x1a]
    2883                      .dwattr $C$DW$201, DW_AT_accessibility(DW_ACCESS_public)
    2884                      .dwattr $C$DW$201, DW_AT_decl_file("C:/TI/C2000Ware_MotorControl_SDK_5_04_00_00/libraries/sfra/includ
    2885                      .dwattr $C$DW$201, DW_AT_decl_line(0x4f)
    2886                      .dwattr $C$DW$201, DW_AT_decl_column(0x0d)
    2887              
    2888              $C$DW$202       .dwtag  DW_TAG_member
    2889                      .dwattr $C$DW$202, DW_AT_type(*$C$DW$T$22)
    2890                      .dwattr $C$DW$202, DW_AT_name("storeH")
    2891                      .dwattr $C$DW$202, DW_AT_data_member_location[DW_OP_plus_uconst 0x1b]
    2892                      .dwattr $C$DW$202, DW_AT_accessibility(DW_ACCESS_public)
    2893                      .dwattr $C$DW$202, DW_AT_decl_file("C:/TI/C2000Ware_MotorControl_SDK_5_04_00_00/libraries/sfra/includ
    2894                      .dwattr $C$DW$202, DW_AT_decl_line(0x50)
    2895                      .dwattr $C$DW$202, DW_AT_decl_column(0x0d)
    2896              
    2897              $C$DW$203       .dwtag  DW_TAG_member
    2898                      .dwattr $C$DW$203, DW_AT_type(*$C$DW$T$22)
TMS320C2000 Assembler PC v22.6.2 Thu Jan 22 11:16:45 2026

Copyright (c) 1996-2018 Texas Instruments Incorporated
fcl_f2837x_sfra_gui.asm                                              PAGE   57

    2899                      .dwattr $C$DW$203, DW_AT_name("storeGH")
    2900                      .dwattr $C$DW$203, DW_AT_data_member_location[DW_OP_plus_uconst 0x1c]
    2901                      .dwattr $C$DW$203, DW_AT_accessibility(DW_ACCESS_public)
    2902                      .dwattr $C$DW$203, DW_AT_decl_file("C:/TI/C2000Ware_MotorControl_SDK_5_04_00_00/libraries/sfra/includ
    2903                      .dwattr $C$DW$203, DW_AT_decl_line(0x51)
    2904                      .dwattr $C$DW$203, DW_AT_decl_column(0x0d)
    2905              
    2906              $C$DW$204       .dwtag  DW_TAG_member
    2907                      .dwattr $C$DW$204, DW_AT_type(*$C$DW$T$22)
    2908                      .dwattr $C$DW$204, DW_AT_name("storeCL")
    2909                      .dwattr $C$DW$204, DW_AT_data_member_location[DW_OP_plus_uconst 0x1d]
    2910                      .dwattr $C$DW$204, DW_AT_accessibility(DW_ACCESS_public)
    2911                      .dwattr $C$DW$204, DW_AT_decl_file("C:/TI/C2000Ware_MotorControl_SDK_5_04_00_00/libraries/sfra/includ
    2912                      .dwattr $C$DW$204, DW_AT_decl_line(0x52)
    2913                      .dwattr $C$DW$204, DW_AT_decl_column(0x0d)
    2914              
    2915              $C$DW$205       .dwtag  DW_TAG_member
    2916                      .dwattr $C$DW$205, DW_AT_type(*$C$DW$T$22)
    2917                      .dwattr $C$DW$205, DW_AT_name("speed")
    2918                      .dwattr $C$DW$205, DW_AT_data_member_location[DW_OP_plus_uconst 0x1e]
    2919                      .dwattr $C$DW$205, DW_AT_accessibility(DW_ACCESS_public)
    2920                      .dwattr $C$DW$205, DW_AT_decl_file("C:/TI/C2000Ware_MotorControl_SDK_5_04_00_00/libraries/sfra/includ
    2921                      .dwattr $C$DW$205, DW_AT_decl_line(0x53)
    2922                      .dwattr $C$DW$205, DW_AT_decl_column(0x0d)
    2923              
    2924                      .dwattr $C$DW$T$23, DW_AT_decl_file("C:/TI/C2000Ware_MotorControl_SDK_5_04_00_00/libraries/sfra/inclu
    2925                      .dwattr $C$DW$T$23, DW_AT_decl_line(0x3f)
    2926                      .dwattr $C$DW$T$23, DW_AT_decl_column(0x0f)
    2927                      .dwendtag $C$DW$T$23
    2928              
    2929                      .dwendtag $C$DW$TU$23
    2930              
    2931              
    2932              $C$DW$TU$24     .dwtag  DW_TAG_type_unit
    2933                      .dwmtype  $C$DW$T$24
    2934              $C$DW$T$24      .dwtag  DW_TAG_typedef
    2935                      .dwattr $C$DW$T$24, DW_AT_name("SFRA_F32")
    2936                      .dwattr $C$DW$T$24, DW_AT_type(*$C$DW$T$23)
    2937                      .dwattr $C$DW$T$24, DW_AT_decl_file("C:/TI/C2000Ware_MotorControl_SDK_5_04_00_00/libraries/sfra/inclu
    2938                      .dwattr $C$DW$T$24, DW_AT_decl_line(0x54)
    2939                      .dwattr $C$DW$T$24, DW_AT_decl_column(0x02)
    2940              
    2941                      .dwendtag $C$DW$TU$24
    2942              
    2943              
    2944              $C$DW$TU$25     .dwtag  DW_TAG_type_unit
    2945                      .dwmtype  $C$DW$T$25
    2946              $C$DW$T$25      .dwtag  DW_TAG_pointer_type
    2947                      .dwattr $C$DW$T$25, DW_AT_type(*$C$DW$T$24)
    2948                      .dwattr $C$DW$T$25, DW_AT_address_class(0x20)
    2949              
    2950                      .dwendtag $C$DW$TU$25
    2951              
    2952              
    2953              $C$DW$TU$2      .dwtag  DW_TAG_type_unit
TMS320C2000 Assembler PC v22.6.2 Thu Jan 22 11:16:45 2026

Copyright (c) 1996-2018 Texas Instruments Incorporated
fcl_f2837x_sfra_gui.asm                                              PAGE   58

    2954                      .dwmtype  $C$DW$T$2
    2955              $C$DW$T$2       .dwtag  DW_TAG_unspecified_type
    2956                      .dwattr $C$DW$T$2, DW_AT_name("void")
    2957              
    2958                      .dwendtag $C$DW$TU$2
    2959              
    2960              
    2961              $C$DW$TU$4      .dwtag  DW_TAG_type_unit
    2962                      .dwmtype  $C$DW$T$4
    2963              $C$DW$T$4       .dwtag  DW_TAG_base_type
    2964                      .dwattr $C$DW$T$4, DW_AT_encoding(DW_ATE_boolean)
    2965                      .dwattr $C$DW$T$4, DW_AT_name("bool")
    2966                      .dwattr $C$DW$T$4, DW_AT_byte_size(0x01)
    2967              
    2968                      .dwendtag $C$DW$TU$4
    2969              
    2970              
    2971              $C$DW$TU$5      .dwtag  DW_TAG_type_unit
    2972                      .dwmtype  $C$DW$T$5
    2973              $C$DW$T$5       .dwtag  DW_TAG_base_type
    2974                      .dwattr $C$DW$T$5, DW_AT_encoding(DW_ATE_signed_char)
    2975                      .dwattr $C$DW$T$5, DW_AT_name("signed char")
    2976                      .dwattr $C$DW$T$5, DW_AT_byte_size(0x01)
    2977              
    2978                      .dwendtag $C$DW$TU$5
    2979              
    2980              
    2981              $C$DW$TU$6      .dwtag  DW_TAG_type_unit
    2982                      .dwmtype  $C$DW$T$6
    2983              $C$DW$T$6       .dwtag  DW_TAG_base_type
    2984                      .dwattr $C$DW$T$6, DW_AT_encoding(DW_ATE_unsigned_char)
    2985                      .dwattr $C$DW$T$6, DW_AT_name("unsigned char")
    2986                      .dwattr $C$DW$T$6, DW_AT_byte_size(0x01)
    2987              
    2988                      .dwendtag $C$DW$TU$6
    2989              
    2990              
    2991              $C$DW$TU$7      .dwtag  DW_TAG_type_unit
    2992                      .dwmtype  $C$DW$T$7
    2993              $C$DW$T$7       .dwtag  DW_TAG_base_type
    2994                      .dwattr $C$DW$T$7, DW_AT_encoding(DW_ATE_signed_char)
    2995                      .dwattr $C$DW$T$7, DW_AT_name("wchar_t")
    2996                      .dwattr $C$DW$T$7, DW_AT_byte_size(0x02)
    2997              
    2998                      .dwendtag $C$DW$TU$7
    2999              
    3000              
    3001              $C$DW$TU$8      .dwtag  DW_TAG_type_unit
    3002                      .dwmtype  $C$DW$T$8
    3003              $C$DW$T$8       .dwtag  DW_TAG_base_type
    3004                      .dwattr $C$DW$T$8, DW_AT_encoding(DW_ATE_signed)
    3005                      .dwattr $C$DW$T$8, DW_AT_name("short")
    3006                      .dwattr $C$DW$T$8, DW_AT_byte_size(0x01)
    3007              
    3008                      .dwendtag $C$DW$TU$8
TMS320C2000 Assembler PC v22.6.2 Thu Jan 22 11:16:45 2026

Copyright (c) 1996-2018 Texas Instruments Incorporated
fcl_f2837x_sfra_gui.asm                                              PAGE   59

    3009              
    3010              
    3011              $C$DW$TU$9      .dwtag  DW_TAG_type_unit
    3012                      .dwmtype  $C$DW$T$9
    3013              $C$DW$T$9       .dwtag  DW_TAG_base_type
    3014                      .dwattr $C$DW$T$9, DW_AT_encoding(DW_ATE_unsigned)
    3015                      .dwattr $C$DW$T$9, DW_AT_name("unsigned short")
    3016                      .dwattr $C$DW$T$9, DW_AT_byte_size(0x01)
    3017              
    3018                      .dwendtag $C$DW$TU$9
    3019              
    3020              
    3021              $C$DW$TU$10     .dwtag  DW_TAG_type_unit
    3022                      .dwmtype  $C$DW$T$10
    3023              $C$DW$T$10      .dwtag  DW_TAG_base_type
    3024                      .dwattr $C$DW$T$10, DW_AT_encoding(DW_ATE_signed)
    3025                      .dwattr $C$DW$T$10, DW_AT_name("int")
    3026                      .dwattr $C$DW$T$10, DW_AT_byte_size(0x01)
    3027              
    3028                      .dwendtag $C$DW$TU$10
    3029              
    3030              
    3031              $C$DW$TU$21     .dwtag  DW_TAG_type_unit
    3032                      .dwmtype  $C$DW$T$21
    3033              $C$DW$T$21      .dwtag  DW_TAG_typedef
    3034                      .dwattr $C$DW$T$21, DW_AT_name("__int16_t")
    3035                      .dwattr $C$DW$T$21, DW_AT_type(*$C$DW$T$10)
    3036                      .dwattr $C$DW$T$21, DW_AT_decl_file("D:/TI/ccs/ccs/tools/compiler/ti-cgt-c2000_22.6.2.LTS/include/mac
    3037                      .dwattr $C$DW$T$21, DW_AT_decl_line(0x40)
    3038                      .dwattr $C$DW$T$21, DW_AT_decl_column(0x1d)
    3039              
    3040                      .dwendtag $C$DW$TU$21
    3041              
    3042              
    3043              $C$DW$TU$22     .dwtag  DW_TAG_type_unit
    3044                      .dwmtype  $C$DW$T$22
    3045              $C$DW$T$22      .dwtag  DW_TAG_typedef
    3046                      .dwattr $C$DW$T$22, DW_AT_name("int16_t")
    3047                      .dwattr $C$DW$T$22, DW_AT_type(*$C$DW$T$21)
    3048                      .dwattr $C$DW$T$22, DW_AT_decl_file("D:/TI/ccs/ccs/tools/compiler/ti-cgt-c2000_22.6.2.LTS/include/sys
    3049                      .dwattr $C$DW$T$22, DW_AT_decl_line(0x2b)
    3050                      .dwattr $C$DW$T$22, DW_AT_decl_column(0x14)
    3051              
    3052                      .dwendtag $C$DW$TU$22
    3053              
    3054              
    3055              $C$DW$TU$11     .dwtag  DW_TAG_type_unit
    3056                      .dwmtype  $C$DW$T$11
    3057              $C$DW$T$11      .dwtag  DW_TAG_base_type
    3058                      .dwattr $C$DW$T$11, DW_AT_encoding(DW_ATE_unsigned)
    3059                      .dwattr $C$DW$T$11, DW_AT_name("unsigned int")
    3060                      .dwattr $C$DW$T$11, DW_AT_byte_size(0x01)
    3061              
    3062                      .dwendtag $C$DW$TU$11
    3063              
TMS320C2000 Assembler PC v22.6.2 Thu Jan 22 11:16:45 2026

Copyright (c) 1996-2018 Texas Instruments Incorporated
fcl_f2837x_sfra_gui.asm                                              PAGE   60

    3064              
    3065              $C$DW$TU$36     .dwtag  DW_TAG_type_unit
    3066                      .dwmtype  $C$DW$T$36
    3067              $C$DW$T$36      .dwtag  DW_TAG_typedef
    3068                      .dwattr $C$DW$T$36, DW_AT_name("__uint16_t")
    3069                      .dwattr $C$DW$T$36, DW_AT_type(*$C$DW$T$11)
    3070                      .dwattr $C$DW$T$36, DW_AT_decl_file("D:/TI/ccs/ccs/tools/compiler/ti-cgt-c2000_22.6.2.LTS/include/mac
    3071                      .dwattr $C$DW$T$36, DW_AT_decl_line(0x41)
    3072                      .dwattr $C$DW$T$36, DW_AT_decl_column(0x1c)
    3073              
    3074                      .dwendtag $C$DW$TU$36
    3075              
    3076              
    3077              $C$DW$TU$37     .dwtag  DW_TAG_type_unit
    3078                      .dwmtype  $C$DW$T$37
    3079              $C$DW$T$37      .dwtag  DW_TAG_typedef
    3080                      .dwattr $C$DW$T$37, DW_AT_name("uint16_t")
    3081                      .dwattr $C$DW$T$37, DW_AT_type(*$C$DW$T$36)
    3082                      .dwattr $C$DW$T$37, DW_AT_decl_file("D:/TI/ccs/ccs/tools/compiler/ti-cgt-c2000_22.6.2.LTS/include/sys
    3083                      .dwattr $C$DW$T$37, DW_AT_decl_line(0x41)
    3084                      .dwattr $C$DW$T$37, DW_AT_decl_column(0x15)
    3085              
    3086                      .dwendtag $C$DW$TU$37
    3087              
    3088              
    3089              $C$DW$TU$45     .dwtag  DW_TAG_type_unit
    3090                      .dwmtype  $C$DW$T$45
    3091              $C$DW$206       .dwtag  DW_TAG_TI_far_type
    3092                      .dwattr $C$DW$206, DW_AT_type(*$C$DW$T$37)
    3093              
    3094              $C$DW$T$45      .dwtag  DW_TAG_const_type
    3095                      .dwattr $C$DW$T$45, DW_AT_type(*$C$DW$206)
    3096              
    3097                      .dwendtag $C$DW$TU$45
    3098              
    3099              
    3100              $C$DW$TU$12     .dwtag  DW_TAG_type_unit
    3101                      .dwmtype  $C$DW$T$12
    3102              $C$DW$T$12      .dwtag  DW_TAG_base_type
    3103                      .dwattr $C$DW$T$12, DW_AT_encoding(DW_ATE_signed)
    3104                      .dwattr $C$DW$T$12, DW_AT_name("long")
    3105                      .dwattr $C$DW$T$12, DW_AT_byte_size(0x02)
    3106              
    3107                      .dwendtag $C$DW$TU$12
    3108              
    3109              
    3110              $C$DW$TU$13     .dwtag  DW_TAG_type_unit
    3111                      .dwmtype  $C$DW$T$13
    3112              $C$DW$T$13      .dwtag  DW_TAG_base_type
    3113                      .dwattr $C$DW$T$13, DW_AT_encoding(DW_ATE_unsigned)
    3114                      .dwattr $C$DW$T$13, DW_AT_name("unsigned long")
    3115                      .dwattr $C$DW$T$13, DW_AT_byte_size(0x02)
    3116              
    3117                      .dwendtag $C$DW$TU$13
    3118              
TMS320C2000 Assembler PC v22.6.2 Thu Jan 22 11:16:45 2026

Copyright (c) 1996-2018 Texas Instruments Incorporated
fcl_f2837x_sfra_gui.asm                                              PAGE   61

    3119              
    3120              $C$DW$TU$33     .dwtag  DW_TAG_type_unit
    3121                      .dwmtype  $C$DW$T$33
    3122              $C$DW$T$33      .dwtag  DW_TAG_typedef
    3123                      .dwattr $C$DW$T$33, DW_AT_name("__uint32_t")
    3124                      .dwattr $C$DW$T$33, DW_AT_type(*$C$DW$T$13)
    3125                      .dwattr $C$DW$T$33, DW_AT_decl_file("D:/TI/ccs/ccs/tools/compiler/ti-cgt-c2000_22.6.2.LTS/include/mac
    3126                      .dwattr $C$DW$T$33, DW_AT_decl_line(0x43)
    3127                      .dwattr $C$DW$T$33, DW_AT_decl_column(0x1c)
    3128              
    3129                      .dwendtag $C$DW$TU$33
    3130              
    3131              
    3132              $C$DW$TU$34     .dwtag  DW_TAG_type_unit
    3133                      .dwmtype  $C$DW$T$34
    3134              $C$DW$T$34      .dwtag  DW_TAG_typedef
    3135                      .dwattr $C$DW$T$34, DW_AT_name("uint32_t")
    3136                      .dwattr $C$DW$T$34, DW_AT_type(*$C$DW$T$33)
    3137                      .dwattr $C$DW$T$34, DW_AT_decl_file("D:/TI/ccs/ccs/tools/compiler/ti-cgt-c2000_22.6.2.LTS/include/sys
    3138                      .dwattr $C$DW$T$34, DW_AT_decl_line(0x46)
    3139                      .dwattr $C$DW$T$34, DW_AT_decl_column(0x15)
    3140              
    3141                      .dwendtag $C$DW$TU$34
    3142              
    3143              
    3144              $C$DW$TU$35     .dwtag  DW_TAG_type_unit
    3145                      .dwmtype  $C$DW$T$35
    3146              $C$DW$207       .dwtag  DW_TAG_TI_far_type
    3147                      .dwattr $C$DW$207, DW_AT_type(*$C$DW$T$34)
    3148              
    3149              $C$DW$T$35      .dwtag  DW_TAG_volatile_type
    3150                      .dwattr $C$DW$T$35, DW_AT_type(*$C$DW$207)
    3151              
    3152                      .dwendtag $C$DW$TU$35
    3153              
    3154              
    3155              $C$DW$TU$14     .dwtag  DW_TAG_type_unit
    3156                      .dwmtype  $C$DW$T$14
    3157              $C$DW$T$14      .dwtag  DW_TAG_base_type
    3158                      .dwattr $C$DW$T$14, DW_AT_encoding(DW_ATE_signed)
    3159                      .dwattr $C$DW$T$14, DW_AT_name("long long")
    3160                      .dwattr $C$DW$T$14, DW_AT_byte_size(0x04)
    3161              
    3162                      .dwendtag $C$DW$TU$14
    3163              
    3164              
    3165              $C$DW$TU$15     .dwtag  DW_TAG_type_unit
    3166                      .dwmtype  $C$DW$T$15
    3167              $C$DW$T$15      .dwtag  DW_TAG_base_type
    3168                      .dwattr $C$DW$T$15, DW_AT_encoding(DW_ATE_unsigned)
    3169                      .dwattr $C$DW$T$15, DW_AT_name("unsigned long long")
    3170                      .dwattr $C$DW$T$15, DW_AT_byte_size(0x04)
    3171              
    3172                      .dwendtag $C$DW$TU$15
    3173              
TMS320C2000 Assembler PC v22.6.2 Thu Jan 22 11:16:45 2026

Copyright (c) 1996-2018 Texas Instruments Incorporated
fcl_f2837x_sfra_gui.asm                                              PAGE   62

    3174              
    3175              $C$DW$TU$16     .dwtag  DW_TAG_type_unit
    3176                      .dwmtype  $C$DW$T$16
    3177              $C$DW$T$16      .dwtag  DW_TAG_base_type
    3178                      .dwattr $C$DW$T$16, DW_AT_encoding(DW_ATE_float)
    3179                      .dwattr $C$DW$T$16, DW_AT_name("float")
    3180                      .dwattr $C$DW$T$16, DW_AT_byte_size(0x02)
    3181              
    3182                      .dwendtag $C$DW$TU$16
    3183              
    3184              
    3185              $C$DW$TU$50     .dwtag  DW_TAG_type_unit
    3186                      .dwmtype  $C$DW$T$50
    3187              $C$DW$208       .dwtag  DW_TAG_TI_far_type
    3188                      .dwattr $C$DW$208, DW_AT_type(*$C$DW$T$16)
    3189              
    3190              $C$DW$T$50      .dwtag  DW_TAG_const_type
    3191                      .dwattr $C$DW$T$50, DW_AT_type(*$C$DW$208)
    3192              
    3193                      .dwendtag $C$DW$TU$50
    3194              
    3195              
    3196              $C$DW$TU$19     .dwtag  DW_TAG_type_unit
    3197                      .dwmtype  $C$DW$T$19
    3198              $C$DW$T$19      .dwtag  DW_TAG_typedef
    3199                      .dwattr $C$DW$T$19, DW_AT_name("float32_t")
    3200                      .dwattr $C$DW$T$19, DW_AT_type(*$C$DW$T$16)
    3201                      .dwattr $C$DW$T$19, DW_AT_decl_file("C:/TI/C2000Ware_MotorControl_SDK_5_04_00_00/libraries/sfra/inclu
    3202                      .dwattr $C$DW$T$19, DW_AT_decl_line(0x2a)
    3203                      .dwattr $C$DW$T$19, DW_AT_decl_column(0x0f)
    3204              
    3205                      .dwendtag $C$DW$TU$19
    3206              
    3207              
    3208              $C$DW$TU$20     .dwtag  DW_TAG_type_unit
    3209                      .dwmtype  $C$DW$T$20
    3210              $C$DW$T$20      .dwtag  DW_TAG_pointer_type
    3211                      .dwattr $C$DW$T$20, DW_AT_type(*$C$DW$T$19)
    3212                      .dwattr $C$DW$T$20, DW_AT_address_class(0x20)
    3213              
    3214                      .dwendtag $C$DW$TU$20
    3215              
    3216              
    3217              $C$DW$TU$51     .dwtag  DW_TAG_type_unit
    3218                      .dwmtype  $C$DW$T$51
    3219              
    3220              $C$DW$T$51      .dwtag  DW_TAG_array_type
    3221                      .dwattr $C$DW$T$51, DW_AT_type(*$C$DW$T$19)
    3222                      .dwattr $C$DW$T$51, DW_AT_byte_size(0x2c)
    3223              $C$DW$209       .dwtag  DW_TAG_subrange_type
    3224                      .dwattr $C$DW$209, DW_AT_upper_bound(0x15)
    3225              
    3226                      .dwendtag $C$DW$T$51
    3227              
    3228                      .dwendtag $C$DW$TU$51
TMS320C2000 Assembler PC v22.6.2 Thu Jan 22 11:16:45 2026

Copyright (c) 1996-2018 Texas Instruments Incorporated
fcl_f2837x_sfra_gui.asm                                              PAGE   63

    3229              
    3230              
    3231              $C$DW$TU$52     .dwtag  DW_TAG_type_unit
    3232                      .dwmtype  $C$DW$T$52
    3233              $C$DW$210       .dwtag  DW_TAG_TI_far_type
    3234                      .dwattr $C$DW$210, DW_AT_type(*$C$DW$T$19)
    3235              
    3236              $C$DW$T$52      .dwtag  DW_TAG_const_type
    3237                      .dwattr $C$DW$T$52, DW_AT_type(*$C$DW$210)
    3238              
    3239                      .dwendtag $C$DW$TU$52
    3240              
    3241              
    3242              $C$DW$TU$17     .dwtag  DW_TAG_type_unit
    3243                      .dwmtype  $C$DW$T$17
    3244              $C$DW$T$17      .dwtag  DW_TAG_base_type
    3245                      .dwattr $C$DW$T$17, DW_AT_encoding(DW_ATE_float)
    3246                      .dwattr $C$DW$T$17, DW_AT_name("double")
    3247                      .dwattr $C$DW$T$17, DW_AT_byte_size(0x04)
    3248              
    3249                      .dwendtag $C$DW$TU$17
    3250              
    3251              
    3252              $C$DW$TU$53     .dwtag  DW_TAG_type_unit
    3253                      .dwmtype  $C$DW$T$53
    3254              $C$DW$T$53      .dwtag  DW_TAG_pointer_type
    3255                      .dwattr $C$DW$T$53, DW_AT_type(*$C$DW$T$17)
    3256                      .dwattr $C$DW$T$53, DW_AT_address_class(0x20)
    3257              
    3258                      .dwendtag $C$DW$TU$53
    3259              
    3260              
    3261              $C$DW$TU$54     .dwtag  DW_TAG_type_unit
    3262                      .dwmtype  $C$DW$T$54
    3263              $C$DW$211       .dwtag  DW_TAG_TI_far_type
    3264                      .dwattr $C$DW$211, DW_AT_type(*$C$DW$T$53)
    3265              
    3266              $C$DW$T$54      .dwtag  DW_TAG_const_type
    3267                      .dwattr $C$DW$T$54, DW_AT_type(*$C$DW$211)
    3268              
    3269                      .dwendtag $C$DW$TU$54
    3270              
    3271              
    3272              $C$DW$TU$18     .dwtag  DW_TAG_type_unit
    3273                      .dwmtype  $C$DW$T$18
    3274              $C$DW$T$18      .dwtag  DW_TAG_base_type
    3275                      .dwattr $C$DW$T$18, DW_AT_encoding(DW_ATE_float)
    3276                      .dwattr $C$DW$T$18, DW_AT_name("long double")
    3277                      .dwattr $C$DW$T$18, DW_AT_byte_size(0x04)
    3278              
    3279                      .dwendtag $C$DW$TU$18
    3280              
    3281              
    3282              $C$DW$TU$55     .dwtag  DW_TAG_type_unit
    3283                      .dwmtype  $C$DW$T$55
TMS320C2000 Assembler PC v22.6.2 Thu Jan 22 11:16:45 2026

Copyright (c) 1996-2018 Texas Instruments Incorporated
fcl_f2837x_sfra_gui.asm                                              PAGE   64

    3284              $C$DW$T$55      .dwtag  DW_TAG_pointer_type
    3285                      .dwattr $C$DW$T$55, DW_AT_type(*$C$DW$T$18)
    3286                      .dwattr $C$DW$T$55, DW_AT_address_class(0x20)
    3287              
    3288                      .dwendtag $C$DW$TU$55
    3289              
    3290              
    3291              $C$DW$TU$56     .dwtag  DW_TAG_type_unit
    3292                      .dwmtype  $C$DW$T$56
    3293              $C$DW$212       .dwtag  DW_TAG_TI_far_type
    3294                      .dwattr $C$DW$212, DW_AT_type(*$C$DW$T$55)
    3295              
    3296              $C$DW$T$56      .dwtag  DW_TAG_const_type
    3297                      .dwattr $C$DW$T$56, DW_AT_type(*$C$DW$212)
    3298              
    3299                      .dwendtag $C$DW$TU$56
    3300              

No Assembly Errors, No Assembly Warnings
