TMS320C2000 Assembler PC v22.6.2 Thu Jan 22 11:16:45 2026

Copyright (c) 1996-2018 Texas Instruments Incorporated
fcl_tformat_f2837x_config.asm                                        PAGE    1

       1              ;***************************************************************
       2              ;* TMS320C2000 G3 C/C++ Codegen                               PC v22.6.2.LTS *
       3              ;* Date/Time created: Thu Jan 22 11:16:45 2026                 *
       4              ;***************************************************************
       5                      .compiler_opts --abi=eabi --cla_support=cla1 --diag_wrap=off --float_support=fpu32 --hll_source=on --
       6                      .asg    XAR2, FP
       7              
       8              $C$DW$CU        .dwtag  DW_TAG_compile_unit
       9                      .dwattr $C$DW$CU, DW_AT_name("../sources/fcl_tformat_f2837x_config.c")
      10                      .dwattr $C$DW$CU, DW_AT_producer("TI TMS320C2000 G3 C/C++ Codegen PC v22.6.2.LTS Copyright (c) 1996-2
      11                      .dwattr $C$DW$CU, DW_AT_TI_version(0x01)
      12                      .dwattr $C$DW$CU, DW_AT_comp_dir("C:\Users\JUNLI\workspace_ccstheia\fcl_f2837x_tmdxiddk\f2837x_RAM")
      13              
      14              $C$DW$1 .dwtag  DW_TAG_subprogram
      15                      .dwattr $C$DW$1, DW_AT_name("PM_tformat_generateCRCTable")
      16                      .dwattr $C$DW$1, DW_AT_linkage_name("PM_tformat_generateCRCTable")
      17                      .dwattr $C$DW$1, DW_AT_declaration
      18                      .dwattr $C$DW$1, DW_AT_external
      19                      .dwattr $C$DW$1, DW_AT_decl_file("C:/TI/C2000Ware_MotorControl_SDK_5_04_00_00/libraries/position_sens
      20                      .dwattr $C$DW$1, DW_AT_decl_line(0x29e)
      21                      .dwattr $C$DW$1, DW_AT_decl_column(0x06)
      22              $C$DW$2 .dwtag  DW_TAG_formal_parameter
      23                      .dwattr $C$DW$2, DW_AT_type(*$C$DW$T$20)
      24              
      25              $C$DW$3 .dwtag  DW_TAG_formal_parameter
      26                      .dwattr $C$DW$3, DW_AT_type(*$C$DW$T$20)
      27              
      28              $C$DW$4 .dwtag  DW_TAG_formal_parameter
      29                      .dwattr $C$DW$4, DW_AT_type(*$C$DW$T$89)
      30              
      31                      .dwendtag $C$DW$1
      32              
      33              
      34              $C$DW$5 .dwtag  DW_TAG_subprogram
      35                      .dwattr $C$DW$5, DW_AT_name("PM_tformat_setupPeriph")
      36                      .dwattr $C$DW$5, DW_AT_linkage_name("PM_tformat_setupPeriph")
      37                      .dwattr $C$DW$5, DW_AT_declaration
      38                      .dwattr $C$DW$5, DW_AT_external
      39                      .dwattr $C$DW$5, DW_AT_decl_file("C:/TI/C2000Ware_MotorControl_SDK_5_04_00_00/libraries/position_sens
      40                      .dwattr $C$DW$5, DW_AT_decl_line(0x2ab)
      41                      .dwattr $C$DW$5, DW_AT_decl_column(0x06)
      42                      .dwendtag $C$DW$5
      43              
      44              
      45              $C$DW$6 .dwtag  DW_TAG_subprogram
      46                      .dwattr $C$DW$6, DW_AT_name("PM_tformat_setFreq")
      47                      .dwattr $C$DW$6, DW_AT_linkage_name("PM_tformat_setFreq")
      48                      .dwattr $C$DW$6, DW_AT_declaration
      49                      .dwattr $C$DW$6, DW_AT_external
      50                      .dwattr $C$DW$6, DW_AT_decl_file("C:/TI/C2000Ware_MotorControl_SDK_5_04_00_00/libraries/position_sens
      51                      .dwattr $C$DW$6, DW_AT_decl_line(0x2b7)
      52                      .dwattr $C$DW$6, DW_AT_decl_column(0x06)
      53              $C$DW$7 .dwtag  DW_TAG_formal_parameter
      54                      .dwattr $C$DW$7, DW_AT_type(*$C$DW$T$63)
      55              
TMS320C2000 Assembler PC v22.6.2 Thu Jan 22 11:16:45 2026

Copyright (c) 1996-2018 Texas Instruments Incorporated
fcl_tformat_f2837x_config.asm                                        PAGE    2

      56                      .dwendtag $C$DW$6
      57              
      58              
      59              $C$DW$8 .dwtag  DW_TAG_subprogram
      60                      .dwattr $C$DW$8, DW_AT_name("SPI_disableInterrupt")
      61                      .dwattr $C$DW$8, DW_AT_linkage_name("SPI_disableInterrupt")
      62                      .dwattr $C$DW$8, DW_AT_declaration
      63                      .dwattr $C$DW$8, DW_AT_external
      64                      .dwattr $C$DW$8, DW_AT_decl_file("C:/TI/C2000Ware_MotorControl_SDK_5_04_00_00/c2000ware/driverlib/f28
      65                      .dwattr $C$DW$8, DW_AT_decl_line(0x5eb)
      66                      .dwattr $C$DW$8, DW_AT_decl_column(0x01)
      67              $C$DW$9 .dwtag  DW_TAG_formal_parameter
      68                      .dwattr $C$DW$9, DW_AT_type(*$C$DW$T$63)
      69              
      70              $C$DW$10        .dwtag  DW_TAG_formal_parameter
      71                      .dwattr $C$DW$10, DW_AT_type(*$C$DW$T$63)
      72              
      73                      .dwendtag $C$DW$8
      74              
      75              
      76              $C$DW$11        .dwtag  DW_TAG_subprogram
      77                      .dwattr $C$DW$11, DW_AT_name("SPI_clearInterruptStatus")
      78                      .dwattr $C$DW$11, DW_AT_linkage_name("SPI_clearInterruptStatus")
      79                      .dwattr $C$DW$11, DW_AT_declaration
      80                      .dwattr $C$DW$11, DW_AT_external
      81                      .dwattr $C$DW$11, DW_AT_decl_file("C:/TI/C2000Ware_MotorControl_SDK_5_04_00_00/c2000ware/driverlib/f2
      82                      .dwattr $C$DW$11, DW_AT_decl_line(0x61e)
      83                      .dwattr $C$DW$11, DW_AT_decl_column(0x01)
      84              $C$DW$12        .dwtag  DW_TAG_formal_parameter
      85                      .dwattr $C$DW$12, DW_AT_type(*$C$DW$T$63)
      86              
      87              $C$DW$13        .dwtag  DW_TAG_formal_parameter
      88                      .dwattr $C$DW$13, DW_AT_type(*$C$DW$T$63)
      89              
      90                      .dwendtag $C$DW$11
      91              
      92              
      93              $C$DW$14        .dwtag  DW_TAG_subprogram
      94                      .dwattr $C$DW$14, DW_AT_name("SPI_enableInterrupt")
      95                      .dwattr $C$DW$14, DW_AT_linkage_name("SPI_enableInterrupt")
      96                      .dwattr $C$DW$14, DW_AT_declaration
      97                      .dwattr $C$DW$14, DW_AT_external
      98                      .dwattr $C$DW$14, DW_AT_decl_file("C:/TI/C2000Ware_MotorControl_SDK_5_04_00_00/c2000ware/driverlib/f2
      99                      .dwattr $C$DW$14, DW_AT_decl_line(0x5d3)
     100                      .dwattr $C$DW$14, DW_AT_decl_column(0x01)
     101              $C$DW$15        .dwtag  DW_TAG_formal_parameter
     102                      .dwattr $C$DW$15, DW_AT_type(*$C$DW$T$63)
     103              
     104              $C$DW$16        .dwtag  DW_TAG_formal_parameter
     105                      .dwattr $C$DW$16, DW_AT_type(*$C$DW$T$63)
     106              
     107                      .dwendtag $C$DW$14
     108              
     109              
     110              $C$DW$17        .dwtag  DW_TAG_subprogram
TMS320C2000 Assembler PC v22.6.2 Thu Jan 22 11:16:45 2026

Copyright (c) 1996-2018 Texas Instruments Incorporated
fcl_tformat_f2837x_config.asm                                        PAGE    3

     111                      .dwattr $C$DW$17, DW_AT_name("SysCtl_delay")
     112                      .dwattr $C$DW$17, DW_AT_linkage_name("SysCtl_delay")
     113                      .dwattr $C$DW$17, DW_AT_declaration
     114                      .dwattr $C$DW$17, DW_AT_external
     115                      .dwattr $C$DW$17, DW_AT_decl_file("C:\TI\C2000Ware_MotorControl_SDK_5_04_00_00\c2000ware\driverlib\f2
     116                      .dwattr $C$DW$17, DW_AT_decl_line(0xcd7)
     117                      .dwattr $C$DW$17, DW_AT_decl_column(0x01)
     118              $C$DW$18        .dwtag  DW_TAG_formal_parameter
     119                      .dwattr $C$DW$18, DW_AT_type(*$C$DW$T$63)
     120              
     121                      .dwendtag $C$DW$17
     122              
     123              
     124              $C$DW$19        .dwtag  DW_TAG_subprogram
     125                      .dwattr $C$DW$19, DW_AT_name("GPIO_setControllerCore")
     126                      .dwattr $C$DW$19, DW_AT_linkage_name("GPIO_setControllerCore")
     127                      .dwattr $C$DW$19, DW_AT_declaration
     128                      .dwattr $C$DW$19, DW_AT_external
     129                      .dwattr $C$DW$19, DW_AT_decl_file("C:/TI/C2000Ware_MotorControl_SDK_5_04_00_00/c2000ware/driverlib/f2
     130                      .dwattr $C$DW$19, DW_AT_decl_line(0x3d2)
     131                      .dwattr $C$DW$19, DW_AT_decl_column(0x01)
     132              $C$DW$20        .dwtag  DW_TAG_formal_parameter
     133                      .dwattr $C$DW$20, DW_AT_type(*$C$DW$T$63)
     134              
     135              $C$DW$21        .dwtag  DW_TAG_formal_parameter
     136                      .dwattr $C$DW$21, DW_AT_type(*$C$DW$T$55)
     137              
     138                      .dwendtag $C$DW$19
     139              
     140              
     141              $C$DW$22        .dwtag  DW_TAG_subprogram
     142                      .dwattr $C$DW$22, DW_AT_name("GPIO_setPinConfig")
     143                      .dwattr $C$DW$22, DW_AT_linkage_name("GPIO_setPinConfig")
     144                      .dwattr $C$DW$22, DW_AT_declaration
     145                      .dwattr $C$DW$22, DW_AT_external
     146                      .dwattr $C$DW$22, DW_AT_decl_file("C:/TI/C2000Ware_MotorControl_SDK_5_04_00_00/c2000ware/driverlib/f2
     147                      .dwattr $C$DW$22, DW_AT_decl_line(0x405)
     148                      .dwattr $C$DW$22, DW_AT_decl_column(0x01)
     149              $C$DW$23        .dwtag  DW_TAG_formal_parameter
     150                      .dwattr $C$DW$23, DW_AT_type(*$C$DW$T$63)
     151              
     152                      .dwendtag $C$DW$22
     153              
     154              
     155              $C$DW$24        .dwtag  DW_TAG_subprogram
     156                      .dwattr $C$DW$24, DW_AT_name("GPIO_setQualificationMode")
     157                      .dwattr $C$DW$24, DW_AT_linkage_name("GPIO_setQualificationMode")
     158                      .dwattr $C$DW$24, DW_AT_declaration
     159                      .dwattr $C$DW$24, DW_AT_external
     160                      .dwattr $C$DW$24, DW_AT_decl_file("C:/TI/C2000Ware_MotorControl_SDK_5_04_00_00/c2000ware/driverlib/f2
     161                      .dwattr $C$DW$24, DW_AT_decl_line(0x396)
     162                      .dwattr $C$DW$24, DW_AT_decl_column(0x01)
     163              $C$DW$25        .dwtag  DW_TAG_formal_parameter
     164                      .dwattr $C$DW$25, DW_AT_type(*$C$DW$T$63)
     165              
TMS320C2000 Assembler PC v22.6.2 Thu Jan 22 11:16:45 2026

Copyright (c) 1996-2018 Texas Instruments Incorporated
fcl_tformat_f2837x_config.asm                                        PAGE    4

     166              $C$DW$26        .dwtag  DW_TAG_formal_parameter
     167                      .dwattr $C$DW$26, DW_AT_type(*$C$DW$T$53)
     168              
     169                      .dwendtag $C$DW$24
     170              
     171              
     172              $C$DW$27        .dwtag  DW_TAG_subprogram
     173                      .dwattr $C$DW$27, DW_AT_name("GPIO_setDirectionMode")
     174                      .dwattr $C$DW$27, DW_AT_linkage_name("GPIO_setDirectionMode")
     175                      .dwattr $C$DW$27, DW_AT_declaration
     176                      .dwattr $C$DW$27, DW_AT_external
     177                      .dwattr $C$DW$27, DW_AT_decl_file("C:/TI/C2000Ware_MotorControl_SDK_5_04_00_00/c2000ware/driverlib/f2
     178                      .dwattr $C$DW$27, DW_AT_decl_line(0x326)
     179                      .dwattr $C$DW$27, DW_AT_decl_column(0x01)
     180              $C$DW$28        .dwtag  DW_TAG_formal_parameter
     181                      .dwattr $C$DW$28, DW_AT_type(*$C$DW$T$63)
     182              
     183              $C$DW$29        .dwtag  DW_TAG_formal_parameter
     184                      .dwattr $C$DW$29, DW_AT_type(*$C$DW$T$51)
     185              
     186                      .dwendtag $C$DW$27
     187              
     188              
     189              $C$DW$30        .dwtag  DW_TAG_subprogram
     190                      .dwattr $C$DW$30, DW_AT_name("XBAR_setCLBMuxConfig")
     191                      .dwattr $C$DW$30, DW_AT_linkage_name("XBAR_setCLBMuxConfig")
     192                      .dwattr $C$DW$30, DW_AT_declaration
     193                      .dwattr $C$DW$30, DW_AT_external
     194                      .dwattr $C$DW$30, DW_AT_decl_file("C:\TI\C2000Ware_MotorControl_SDK_5_04_00_00\c2000ware\driverlib\f2
     195                      .dwattr $C$DW$30, DW_AT_decl_line(0x4fb)
     196                      .dwattr $C$DW$30, DW_AT_decl_column(0x0d)
     197              $C$DW$31        .dwtag  DW_TAG_formal_parameter
     198                      .dwattr $C$DW$31, DW_AT_type(*$C$DW$T$45)
     199              
     200              $C$DW$32        .dwtag  DW_TAG_formal_parameter
     201                      .dwattr $C$DW$32, DW_AT_type(*$C$DW$T$49)
     202              
     203                      .dwendtag $C$DW$30
     204              
     205              
     206              $C$DW$33        .dwtag  DW_TAG_subprogram
     207                      .dwattr $C$DW$33, DW_AT_name("XBAR_setOutputMuxConfig")
     208                      .dwattr $C$DW$33, DW_AT_linkage_name("XBAR_setOutputMuxConfig")
     209                      .dwattr $C$DW$33, DW_AT_declaration
     210                      .dwattr $C$DW$33, DW_AT_external
     211                      .dwattr $C$DW$33, DW_AT_decl_file("C:\TI\C2000Ware_MotorControl_SDK_5_04_00_00\c2000ware\driverlib\f2
     212                      .dwattr $C$DW$33, DW_AT_decl_line(0x49d)
     213                      .dwattr $C$DW$33, DW_AT_decl_column(0x01)
     214              $C$DW$34        .dwtag  DW_TAG_formal_parameter
     215                      .dwattr $C$DW$34, DW_AT_type(*$C$DW$T$41)
     216              
     217              $C$DW$35        .dwtag  DW_TAG_formal_parameter
     218                      .dwattr $C$DW$35, DW_AT_type(*$C$DW$T$47)
     219              
     220                      .dwendtag $C$DW$33
TMS320C2000 Assembler PC v22.6.2 Thu Jan 22 11:16:45 2026

Copyright (c) 1996-2018 Texas Instruments Incorporated
fcl_tformat_f2837x_config.asm                                        PAGE    5

     221              
     222              
     223              $C$DW$36        .dwtag  DW_TAG_subprogram
     224                      .dwattr $C$DW$36, DW_AT_name("readTformatEncPosition")
     225                      .dwattr $C$DW$36, DW_AT_linkage_name("readTformatEncPosition")
     226                      .dwattr $C$DW$36, DW_AT_declaration
     227                      .dwattr $C$DW$36, DW_AT_external
     228                      .dwattr $C$DW$36, DW_AT_decl_file("C:/TI/C2000Ware_MotorControl_SDK_5_04_00_00/solutions/tmdxiddk379d
     229                      .dwattr $C$DW$36, DW_AT_decl_line(0x44)
     230                      .dwattr $C$DW$36, DW_AT_decl_column(0x14)
     231                      .dwendtag $C$DW$36
     232              
     233              
     234              $C$DW$37        .dwtag  DW_TAG_subprogram
     235                      .dwattr $C$DW$37, DW_AT_name("PM_tformat_setupCommandReadoutOrReset")
     236                      .dwattr $C$DW$37, DW_AT_linkage_name("PM_tformat_setupCommandReadoutOrReset")
     237                      .dwattr $C$DW$37, DW_AT_declaration
     238                      .dwattr $C$DW$37, DW_AT_external
     239                      .dwattr $C$DW$37, DW_AT_decl_file("C:/TI/C2000Ware_MotorControl_SDK_5_04_00_00/libraries/position_sen
     240                      .dwattr $C$DW$37, DW_AT_decl_line(0x2e3)
     241                      .dwattr $C$DW$37, DW_AT_decl_column(0x06)
     242              $C$DW$38        .dwtag  DW_TAG_formal_parameter
     243                      .dwattr $C$DW$38, DW_AT_type(*$C$DW$T$94)
     244              
     245              $C$DW$39        .dwtag  DW_TAG_formal_parameter
     246                      .dwattr $C$DW$39, DW_AT_type(*$C$DW$T$20)
     247              
     248              $C$DW$40        .dwtag  DW_TAG_formal_parameter
     249                      .dwattr $C$DW$40, DW_AT_type(*$C$DW$T$20)
     250              
     251              $C$DW$41        .dwtag  DW_TAG_formal_parameter
     252                      .dwattr $C$DW$41, DW_AT_type(*$C$DW$T$20)
     253              
     254              $C$DW$42        .dwtag  DW_TAG_formal_parameter
     255                      .dwattr $C$DW$42, DW_AT_type(*$C$DW$T$20)
     256              
     257                      .dwendtag $C$DW$37
     258              
     259              
     260              $C$DW$43        .dwtag  DW_TAG_subprogram
     261                      .dwattr $C$DW$43, DW_AT_name("PM_tformat_startOperation")
     262                      .dwattr $C$DW$43, DW_AT_linkage_name("PM_tformat_startOperation")
     263                      .dwattr $C$DW$43, DW_AT_declaration
     264                      .dwattr $C$DW$43, DW_AT_external
     265                      .dwattr $C$DW$43, DW_AT_decl_file("C:/TI/C2000Ware_MotorControl_SDK_5_04_00_00/libraries/position_sen
     266                      .dwattr $C$DW$43, DW_AT_decl_line(0x31d)
     267                      .dwattr $C$DW$43, DW_AT_decl_column(0x06)
     268                      .dwendtag $C$DW$43
     269              
     270              
     271              $C$DW$44        .dwtag  DW_TAG_subprogram
     272                      .dwattr $C$DW$44, DW_AT_name("PM_tformat_receiveDataID3")
     273                      .dwattr $C$DW$44, DW_AT_linkage_name("PM_tformat_receiveDataID3")
     274                      .dwattr $C$DW$44, DW_AT_declaration
     275                      .dwattr $C$DW$44, DW_AT_external
TMS320C2000 Assembler PC v22.6.2 Thu Jan 22 11:16:45 2026

Copyright (c) 1996-2018 Texas Instruments Incorporated
fcl_tformat_f2837x_config.asm                                        PAGE    6

     276                      .dwattr $C$DW$44, DW_AT_decl_file("C:/TI/C2000Ware_MotorControl_SDK_5_04_00_00/libraries/position_sen
     277                      .dwattr $C$DW$44, DW_AT_decl_line(0x398)
     278                      .dwattr $C$DW$44, DW_AT_decl_column(0x06)
     279                      .dwendtag $C$DW$44
     280              
     281              
     282              $C$DW$45        .dwtag  DW_TAG_subprogram
     283                      .dwattr $C$DW$45, DW_AT_name("PM_tformat_receiveDataID2")
     284                      .dwattr $C$DW$45, DW_AT_linkage_name("PM_tformat_receiveDataID2")
     285                      .dwattr $C$DW$45, DW_AT_declaration
     286                      .dwattr $C$DW$45, DW_AT_external
     287                      .dwattr $C$DW$45, DW_AT_decl_file("C:/TI/C2000Ware_MotorControl_SDK_5_04_00_00/libraries/position_sen
     288                      .dwattr $C$DW$45, DW_AT_decl_line(0x374)
     289                      .dwattr $C$DW$45, DW_AT_decl_column(0x06)
     290                      .dwendtag $C$DW$45
     291              
     292              
     293              $C$DW$46        .dwtag  DW_TAG_subprogram
     294                      .dwattr $C$DW$46, DW_AT_name("PM_tformat_receiveDataID0_1_7_8_C")
     295                      .dwattr $C$DW$46, DW_AT_linkage_name("PM_tformat_receiveDataID0_1_7_8_C")
     296                      .dwattr $C$DW$46, DW_AT_declaration
     297                      .dwattr $C$DW$46, DW_AT_external
     298                      .dwattr $C$DW$46, DW_AT_decl_file("C:/TI/C2000Ware_MotorControl_SDK_5_04_00_00/libraries/position_sen
     299                      .dwattr $C$DW$46, DW_AT_decl_line(0x350)
     300                      .dwattr $C$DW$46, DW_AT_decl_column(0x06)
     301                      .dwendtag $C$DW$46
     302              
     303              
     304              $C$DW$47        .dwtag  DW_TAG_subprogram
     305                      .dwattr $C$DW$47, DW_AT_name("PM_tformat_setupCommandReadEEPROM")
     306                      .dwattr $C$DW$47, DW_AT_linkage_name("PM_tformat_setupCommandReadEEPROM")
     307                      .dwattr $C$DW$47, DW_AT_declaration
     308                      .dwattr $C$DW$47, DW_AT_external
     309                      .dwattr $C$DW$47, DW_AT_decl_file("C:/TI/C2000Ware_MotorControl_SDK_5_04_00_00/libraries/position_sen
     310                      .dwattr $C$DW$47, DW_AT_decl_line(0x2f9)
     311                      .dwattr $C$DW$47, DW_AT_decl_column(0x06)
     312              $C$DW$48        .dwtag  DW_TAG_formal_parameter
     313                      .dwattr $C$DW$48, DW_AT_type(*$C$DW$T$20)
     314              
     315                      .dwendtag $C$DW$47
     316              
     317              
     318              $C$DW$49        .dwtag  DW_TAG_subprogram
     319                      .dwattr $C$DW$49, DW_AT_name("PM_tformat_setupCommandWriteEEPROM")
     320                      .dwattr $C$DW$49, DW_AT_linkage_name("PM_tformat_setupCommandWriteEEPROM")
     321                      .dwattr $C$DW$49, DW_AT_declaration
     322                      .dwattr $C$DW$49, DW_AT_external
     323                      .dwattr $C$DW$49, DW_AT_decl_file("C:/TI/C2000Ware_MotorControl_SDK_5_04_00_00/libraries/position_sen
     324                      .dwattr $C$DW$49, DW_AT_decl_line(0x30c)
     325                      .dwattr $C$DW$49, DW_AT_decl_column(0x06)
     326              $C$DW$50        .dwtag  DW_TAG_formal_parameter
     327                      .dwattr $C$DW$50, DW_AT_type(*$C$DW$T$20)
     328              
     329              $C$DW$51        .dwtag  DW_TAG_formal_parameter
     330                      .dwattr $C$DW$51, DW_AT_type(*$C$DW$T$20)
TMS320C2000 Assembler PC v22.6.2 Thu Jan 22 11:16:45 2026

Copyright (c) 1996-2018 Texas Instruments Incorporated
fcl_tformat_f2837x_config.asm                                        PAGE    7

     331              
     332                      .dwendtag $C$DW$49
     333              
     334              
     335              $C$DW$52        .dwtag  DW_TAG_subprogram
     336                      .dwattr $C$DW$52, DW_AT_name("PM_tformat_receiveDataIDD")
     337                      .dwattr $C$DW$52, DW_AT_linkage_name("PM_tformat_receiveDataIDD")
     338                      .dwattr $C$DW$52, DW_AT_type(*$C$DW$T$20)
     339                      .dwattr $C$DW$52, DW_AT_declaration
     340                      .dwattr $C$DW$52, DW_AT_external
     341                      .dwattr $C$DW$52, DW_AT_decl_file("C:/TI/C2000Ware_MotorControl_SDK_5_04_00_00/libraries/position_sen
     342                      .dwattr $C$DW$52, DW_AT_decl_line(0x3be)
     343                      .dwattr $C$DW$52, DW_AT_decl_column(0x0a)
     344                      .dwendtag $C$DW$52
     345              
     346              
     347              $C$DW$53        .dwtag  DW_TAG_subprogram
     348                      .dwattr $C$DW$53, DW_AT_name("PM_tformat_receiveDataID6")
     349                      .dwattr $C$DW$53, DW_AT_linkage_name("PM_tformat_receiveDataID6")
     350                      .dwattr $C$DW$53, DW_AT_type(*$C$DW$T$20)
     351                      .dwattr $C$DW$53, DW_AT_declaration
     352                      .dwattr $C$DW$53, DW_AT_external
     353                      .dwattr $C$DW$53, DW_AT_decl_file("C:/TI/C2000Ware_MotorControl_SDK_5_04_00_00/libraries/position_sen
     354                      .dwattr $C$DW$53, DW_AT_decl_line(0x3e4)
     355                      .dwattr $C$DW$53, DW_AT_decl_column(0x0a)
     356                      .dwendtag $C$DW$53
     357              
     358              
     359              $C$DW$54        .dwtag  DW_TAG_subprogram
     360                      .dwattr $C$DW$54, DW_AT_name("__eallow")
     361                      .dwattr $C$DW$54, DW_AT_linkage_name("__eallow")
     362                      .dwattr $C$DW$54, DW_AT_declaration
     363                      .dwattr $C$DW$54, DW_AT_external
     364                      .dwendtag $C$DW$54
     365              
     366              
     367              $C$DW$55        .dwtag  DW_TAG_subprogram
     368                      .dwattr $C$DW$55, DW_AT_name("__edis")
     369                      .dwattr $C$DW$55, DW_AT_linkage_name("__edis")
     370                      .dwattr $C$DW$55, DW_AT_declaration
     371                      .dwattr $C$DW$55, DW_AT_external
     372                      .dwendtag $C$DW$55
     373              
     374                      .global ||tformatRxData||
     375 00000000       ||tformatRxData||:      .usect  ".bss:tformatRxData",12,0,0
     376              $C$DW$56        .dwtag  DW_TAG_variable
     377                      .dwattr $C$DW$56, DW_AT_name("tformatRxData")
     378                      .dwattr $C$DW$56, DW_AT_linkage_name("tformatRxData")
     379                      .dwattr $C$DW$56, DW_AT_location[DW_OP_addr ||tformatRxData||]
     380                      .dwattr $C$DW$56, DW_AT_type(*$C$DW$T$113)
     381                      .dwattr $C$DW$56, DW_AT_external
     382                      .dwattr $C$DW$56, DW_AT_decl_file("../sources/fcl_tformat_f2837x_config.c")
     383                      .dwattr $C$DW$56, DW_AT_decl_line(0x40)
     384                      .dwattr $C$DW$56, DW_AT_decl_column(0x13)
     385              
TMS320C2000 Assembler PC v22.6.2 Thu Jan 22 11:16:45 2026

Copyright (c) 1996-2018 Texas Instruments Incorporated
fcl_tformat_f2837x_config.asm                                        PAGE    8

     386                      .global ||tformatData||
     387 00000000               .bss    ||tformatData||,17,1,0
     388              $C$DW$57        .dwtag  DW_TAG_variable
     389                      .dwattr $C$DW$57, DW_AT_name("tformatData")
     390                      .dwattr $C$DW$57, DW_AT_linkage_name("tformatData")
     391                      .dwattr $C$DW$57, DW_AT_location[DW_OP_addr ||tformatData||]
     392                      .dwattr $C$DW$57, DW_AT_type(*$C$DW$T$56)
     393                      .dwattr $C$DW$57, DW_AT_external
     394                      .dwattr $C$DW$57, DW_AT_decl_file("../sources/fcl_tformat_f2837x_config.c")
     395                      .dwattr $C$DW$57, DW_AT_decl_line(0x3f)
     396                      .dwattr $C$DW$57, DW_AT_decl_column(0x17)
     397              
     398                      .global ||tformatCRCtable||
     399 00000000       ||tformatCRCtable||:    .usect  ".bss:tformatCRCtable",256,0,0
     400              $C$DW$58        .dwtag  DW_TAG_variable
     401                      .dwattr $C$DW$58, DW_AT_name("tformatCRCtable")
     402                      .dwattr $C$DW$58, DW_AT_linkage_name("tformatCRCtable")
     403                      .dwattr $C$DW$58, DW_AT_location[DW_OP_addr ||tformatCRCtable||]
     404                      .dwattr $C$DW$58, DW_AT_type(*$C$DW$T$111)
     405                      .dwattr $C$DW$58, DW_AT_external
     406                      .dwattr $C$DW$58, DW_AT_decl_file("../sources/fcl_tformat_f2837x_config.c")
     407                      .dwattr $C$DW$58, DW_AT_decl_line(0x39)
     408                      .dwattr $C$DW$58, DW_AT_decl_column(0x0a)
     409              
     410                      .sblock ".bss"
     411              ;       D:\TI\ccs\ccs\tools\compiler\ti-cgt-c2000_22.6.2.LTS\bin\opt2000.exe C:\\Users\\JUNLI\\AppData\\Local
     412              ;       D:\TI\ccs\ccs\tools\compiler\ti-cgt-c2000_22.6.2.LTS\bin\acia2000.exe -@C:\\Users\\JUNLI\\AppData\\Lo
     413 00000000               .sect   ".text:tformat_setupGPIO"
     414                      .clink
     415                      .global ||tformat_setupGPIO||
     416              
     417              $C$DW$59        .dwtag  DW_TAG_subprogram
     418                      .dwattr $C$DW$59, DW_AT_name("tformat_setupGPIO")
     419                      .dwattr $C$DW$59, DW_AT_low_pc(||tformat_setupGPIO||)
     420                      .dwattr $C$DW$59, DW_AT_high_pc(0x00)
     421                      .dwattr $C$DW$59, DW_AT_linkage_name("tformat_setupGPIO")
     422                      .dwattr $C$DW$59, DW_AT_external
     423                      .dwattr $C$DW$59, DW_AT_decl_file("../sources/fcl_tformat_f2837x_config.c")
     424                      .dwattr $C$DW$59, DW_AT_decl_line(0x86)
     425                      .dwattr $C$DW$59, DW_AT_decl_column(0x06)
     426                      .dwattr $C$DW$59, DW_AT_TI_max_frame_size(-2)
     427                      .dwpsn  file "../sources/fcl_tformat_f2837x_config.c",line 135,column 1,is_stmt,address ||tformat_set
     428              
     429                      .dwfde $C$DW$CIE, ||tformat_setupGPIO||
     430              
     431              ;***************************************************************
     432              ;* FNAME: tformat_setupGPIO             FR SIZE:   0           *
     433              ;*                                                             *
     434              ;* FUNCTION ENVIRONMENT                                        *
     435              ;*                                                             *
     436              ;* FUNCTION PROPERTIES                                         *
     437              ;*                            0 Parameter,  0 Auto,  0 SOE     *
     438              ;***************************************************************
     439              
     440 00000000       ||tformat_setupGPIO||:
TMS320C2000 Assembler PC v22.6.2 Thu Jan 22 11:16:45 2026

Copyright (c) 1996-2018 Texas Instruments Incorporated
fcl_tformat_f2837x_config.asm                                        PAGE    9

     441                      .dwcfi  cfa_offset, -2
     442                      .dwcfi  save_reg_to_mem, 26, 0
     443                      .dwpsn  file "../sources/fcl_tformat_f2837x_config.c",line 141,column 5,is_stmt,isa 0
     444 00000000 0207          MOVB      ACC,#7                ; [CPU_ALU] |141| 
     445 00000001 D400          MOVB      XAR4,#0               ; [CPU_ALU] |141| 
     446              $C$DW$60        .dwtag  DW_TAG_TI_branch
     447                      .dwattr $C$DW$60, DW_AT_low_pc(0x00)
     448                      .dwattr $C$DW$60, DW_AT_name("GPIO_setControllerCore")
     449                      .dwattr $C$DW$60, DW_AT_TI_call
     450              
     451 00000002 7640!         LCR       #||GPIO_setControllerCore|| ; [CPU_ALU] |141| 
         00000003 0000 
     452                      ; call occurs [#||GPIO_setControllerCore||] ; [] |141| 
     453                      .dwpsn  file "../sources/fcl_tformat_f2837x_config.c",line 142,column 5,is_stmt,isa 0
     454 00000004 8F06          MOVL      XAR4,#396801          ; [CPU_ARAU] |142| 
         00000005 0E01 
     455 00000006 A8A9          MOVL      ACC,XAR4              ; [CPU_ALU] |142| 
     456              $C$DW$61        .dwtag  DW_TAG_TI_branch
     457                      .dwattr $C$DW$61, DW_AT_low_pc(0x00)
     458                      .dwattr $C$DW$61, DW_AT_name("GPIO_setPinConfig")
     459                      .dwattr $C$DW$61, DW_AT_TI_call
     460              
     461 00000007 7640!         LCR       #||GPIO_setPinConfig|| ; [CPU_ALU] |142| 
         00000008 0000 
     462                      ; call occurs [#||GPIO_setPinConfig||] ; [] |142| 
     463                      .dwpsn  file "../sources/fcl_tformat_f2837x_config.c",line 148,column 5,is_stmt,isa 0
     464 00000009 D400          MOVB      XAR4,#0               ; [CPU_ALU] |148| 
     465 0000000a 0218          MOVB      ACC,#24               ; [CPU_ALU] |148| 
     466              $C$DW$62        .dwtag  DW_TAG_TI_branch
     467                      .dwattr $C$DW$62, DW_AT_low_pc(0x00)
     468                      .dwattr $C$DW$62, DW_AT_name("GPIO_setControllerCore")
     469                      .dwattr $C$DW$62, DW_AT_TI_call
     470              
     471 0000000b 7640!         LCR       #||GPIO_setControllerCore|| ; [CPU_ALU] |148| 
         0000000c 0000 
     472                      ; call occurs [#||GPIO_setControllerCore||] ; [] |148| 
     473                      .dwpsn  file "../sources/fcl_tformat_f2837x_config.c",line 149,column 5,is_stmt,isa 0
     474 0000000d 8F08          MOVL      XAR4,#528390          ; [CPU_ARAU] |149| 
         0000000e 1006 
     475 0000000f A8A9          MOVL      ACC,XAR4              ; [CPU_ALU] |149| 
     476              $C$DW$63        .dwtag  DW_TAG_TI_branch
     477                      .dwattr $C$DW$63, DW_AT_low_pc(0x00)
     478                      .dwattr $C$DW$63, DW_AT_name("GPIO_setPinConfig")
     479                      .dwattr $C$DW$63, DW_AT_TI_call
     480              
     481 00000010 7640!         LCR       #||GPIO_setPinConfig|| ; [CPU_ALU] |149| 
         00000011 0000 
     482                      ; call occurs [#||GPIO_setPinConfig||] ; [] |149| 
     483                      .dwpsn  file "../sources/fcl_tformat_f2837x_config.c",line 150,column 5,is_stmt,isa 0
     484 00000012 D403          MOVB      XAR4,#3               ; [CPU_ALU] |150| 
     485 00000013 0218          MOVB      ACC,#24               ; [CPU_ALU] |150| 
     486              $C$DW$64        .dwtag  DW_TAG_TI_branch
     487                      .dwattr $C$DW$64, DW_AT_low_pc(0x00)
     488                      .dwattr $C$DW$64, DW_AT_name("GPIO_setQualificationMode")
     489                      .dwattr $C$DW$64, DW_AT_TI_call
TMS320C2000 Assembler PC v22.6.2 Thu Jan 22 11:16:45 2026

Copyright (c) 1996-2018 Texas Instruments Incorporated
fcl_tformat_f2837x_config.asm                                        PAGE   10

     490              
     491 00000014 7640!         LCR       #||GPIO_setQualificationMode|| ; [CPU_ALU] |150| 
         00000015 0000 
     492                      ; call occurs [#||GPIO_setQualificationMode||] ; [] |150| 
     493                      .dwpsn  file "../sources/fcl_tformat_f2837x_config.c",line 155,column 5,is_stmt,isa 0
     494 00000016 D400          MOVB      XAR4,#0               ; [CPU_ALU] |155| 
     495 00000017 0219          MOVB      ACC,#25               ; [CPU_ALU] |155| 
     496              $C$DW$65        .dwtag  DW_TAG_TI_branch
     497                      .dwattr $C$DW$65, DW_AT_low_pc(0x00)
     498                      .dwattr $C$DW$65, DW_AT_name("GPIO_setControllerCore")
     499                      .dwattr $C$DW$65, DW_AT_TI_call
     500              
     501 00000018 7640!         LCR       #||GPIO_setControllerCore|| ; [CPU_ALU] |155| 
         00000019 0000 
     502                      ; call occurs [#||GPIO_setControllerCore||] ; [] |155| 
     503                      .dwpsn  file "../sources/fcl_tformat_f2837x_config.c",line 156,column 5,is_stmt,isa 0
     504 0000001a 8F08          MOVL      XAR4,#528902          ; [CPU_ARAU] |156| 
         0000001b 1206 
     505 0000001c A8A9          MOVL      ACC,XAR4              ; [CPU_ALU] |156| 
     506              $C$DW$66        .dwtag  DW_TAG_TI_branch
     507                      .dwattr $C$DW$66, DW_AT_low_pc(0x00)
     508                      .dwattr $C$DW$66, DW_AT_name("GPIO_setPinConfig")
     509                      .dwattr $C$DW$66, DW_AT_TI_call
     510              
     511 0000001d 7640!         LCR       #||GPIO_setPinConfig|| ; [CPU_ALU] |156| 
         0000001e 0000 
     512                      ; call occurs [#||GPIO_setPinConfig||] ; [] |156| 
     513                      .dwpsn  file "../sources/fcl_tformat_f2837x_config.c",line 157,column 5,is_stmt,isa 0
     514 0000001f D403          MOVB      XAR4,#3               ; [CPU_ALU] |157| 
     515 00000020 0219          MOVB      ACC,#25               ; [CPU_ALU] |157| 
     516              $C$DW$67        .dwtag  DW_TAG_TI_branch
     517                      .dwattr $C$DW$67, DW_AT_low_pc(0x00)
     518                      .dwattr $C$DW$67, DW_AT_name("GPIO_setQualificationMode")
     519                      .dwattr $C$DW$67, DW_AT_TI_call
     520              
     521 00000021 7640!         LCR       #||GPIO_setQualificationMode|| ; [CPU_ALU] |157| 
         00000022 0000 
     522                      ; call occurs [#||GPIO_setQualificationMode||] ; [] |157| 
     523                      .dwpsn  file "../sources/fcl_tformat_f2837x_config.c",line 163,column 5,is_stmt,isa 0
     524 00000023 D400          MOVB      XAR4,#0               ; [CPU_ALU] |163| 
     525 00000024 021A          MOVB      ACC,#26               ; [CPU_ALU] |163| 
     526              $C$DW$68        .dwtag  DW_TAG_TI_branch
     527                      .dwattr $C$DW$68, DW_AT_low_pc(0x00)
     528                      .dwattr $C$DW$68, DW_AT_name("GPIO_setControllerCore")
     529                      .dwattr $C$DW$68, DW_AT_TI_call
     530              
     531 00000025 7640!         LCR       #||GPIO_setControllerCore|| ; [CPU_ALU] |163| 
         00000026 0000 
     532                      ; call occurs [#||GPIO_setControllerCore||] ; [] |163| 
     533                      .dwpsn  file "../sources/fcl_tformat_f2837x_config.c",line 164,column 5,is_stmt,isa 0
     534 00000027 8F08          MOVL      XAR4,#529414          ; [CPU_ARAU] |164| 
         00000028 1406 
     535 00000029 A8A9          MOVL      ACC,XAR4              ; [CPU_ALU] |164| 
     536              $C$DW$69        .dwtag  DW_TAG_TI_branch
     537                      .dwattr $C$DW$69, DW_AT_low_pc(0x00)
TMS320C2000 Assembler PC v22.6.2 Thu Jan 22 11:16:45 2026

Copyright (c) 1996-2018 Texas Instruments Incorporated
fcl_tformat_f2837x_config.asm                                        PAGE   11

     538                      .dwattr $C$DW$69, DW_AT_name("GPIO_setPinConfig")
     539                      .dwattr $C$DW$69, DW_AT_TI_call
     540              
     541 0000002a 7640!         LCR       #||GPIO_setPinConfig|| ; [CPU_ALU] |164| 
         0000002b 0000 
     542                      ; call occurs [#||GPIO_setPinConfig||] ; [] |164| 
     543                      .dwpsn  file "../sources/fcl_tformat_f2837x_config.c",line 165,column 5,is_stmt,isa 0
     544 0000002c D403          MOVB      XAR4,#3               ; [CPU_ALU] |165| 
     545 0000002d 021A          MOVB      ACC,#26               ; [CPU_ALU] |165| 
     546              $C$DW$70        .dwtag  DW_TAG_TI_branch
     547                      .dwattr $C$DW$70, DW_AT_low_pc(0x00)
     548                      .dwattr $C$DW$70, DW_AT_name("GPIO_setQualificationMode")
     549                      .dwattr $C$DW$70, DW_AT_TI_call
     550              
     551 0000002e 7640!         LCR       #||GPIO_setQualificationMode|| ; [CPU_ALU] |165| 
         0000002f 0000 
     552                      ; call occurs [#||GPIO_setQualificationMode||] ; [] |165| 
     553                      .dwpsn  file "../sources/fcl_tformat_f2837x_config.c",line 170,column 5,is_stmt,isa 0
     554 00000030 D400          MOVB      XAR4,#0               ; [CPU_ALU] |170| 
     555 00000031 021B          MOVB      ACC,#27               ; [CPU_ALU] |170| 
     556              $C$DW$71        .dwtag  DW_TAG_TI_branch
     557                      .dwattr $C$DW$71, DW_AT_low_pc(0x00)
     558                      .dwattr $C$DW$71, DW_AT_name("GPIO_setControllerCore")
     559                      .dwattr $C$DW$71, DW_AT_TI_call
     560              
     561 00000032 7640!         LCR       #||GPIO_setControllerCore|| ; [CPU_ALU] |170| 
         00000033 0000 
     562                      ; call occurs [#||GPIO_setControllerCore||] ; [] |170| 
     563                      .dwpsn  file "../sources/fcl_tformat_f2837x_config.c",line 171,column 5,is_stmt,isa 0
     564 00000034 8F08          MOVL      XAR4,#529926          ; [CPU_ARAU] |171| 
         00000035 1606 
     565 00000036 A8A9          MOVL      ACC,XAR4              ; [CPU_ALU] |171| 
     566              $C$DW$72        .dwtag  DW_TAG_TI_branch
     567                      .dwattr $C$DW$72, DW_AT_low_pc(0x00)
     568                      .dwattr $C$DW$72, DW_AT_name("GPIO_setPinConfig")
     569                      .dwattr $C$DW$72, DW_AT_TI_call
     570              
     571 00000037 7640!         LCR       #||GPIO_setPinConfig|| ; [CPU_ALU] |171| 
         00000038 0000 
     572                      ; call occurs [#||GPIO_setPinConfig||] ; [] |171| 
     573                      .dwpsn  file "../sources/fcl_tformat_f2837x_config.c",line 172,column 5,is_stmt,isa 0
     574 00000039 D403          MOVB      XAR4,#3               ; [CPU_ALU] |172| 
     575 0000003a 021B          MOVB      ACC,#27               ; [CPU_ALU] |172| 
     576              $C$DW$73        .dwtag  DW_TAG_TI_branch
     577                      .dwattr $C$DW$73, DW_AT_low_pc(0x00)
     578                      .dwattr $C$DW$73, DW_AT_name("GPIO_setQualificationMode")
     579                      .dwattr $C$DW$73, DW_AT_TI_call
     580              
     581 0000003b 7640!         LCR       #||GPIO_setQualificationMode|| ; [CPU_ALU] |172| 
         0000003c 0000 
     582                      ; call occurs [#||GPIO_setQualificationMode||] ; [] |172| 
     583                      .dwpsn  file "../sources/fcl_tformat_f2837x_config.c",line 178,column 5,is_stmt,isa 0
     584 0000003d D400          MOVB      XAR4,#0               ; [CPU_ALU] |178| 
     585 0000003e 0222          MOVB      ACC,#34               ; [CPU_ALU] |178| 
     586              $C$DW$74        .dwtag  DW_TAG_TI_branch
TMS320C2000 Assembler PC v22.6.2 Thu Jan 22 11:16:45 2026

Copyright (c) 1996-2018 Texas Instruments Incorporated
fcl_tformat_f2837x_config.asm                                        PAGE   12

     587                      .dwattr $C$DW$74, DW_AT_low_pc(0x00)
     588                      .dwattr $C$DW$74, DW_AT_name("GPIO_setControllerCore")
     589                      .dwattr $C$DW$74, DW_AT_TI_call
     590              
     591 0000003f 7640!         LCR       #||GPIO_setControllerCore|| ; [CPU_ALU] |178| 
         00000040 0000 
     592                      ; call occurs [#||GPIO_setControllerCore||] ; [] |178| 
     593                      .dwpsn  file "../sources/fcl_tformat_f2837x_config.c",line 179,column 5,is_stmt,isa 0
     594 00000041 28A9          MOV       AL,#1025              ; [CPU_ALU] |179| 
         00000042 0401 
     595 00000043 9B46          MOV       AH,#70                ; [CPU_ALU] |179| 
     596              $C$DW$75        .dwtag  DW_TAG_TI_branch
     597                      .dwattr $C$DW$75, DW_AT_low_pc(0x00)
     598                      .dwattr $C$DW$75, DW_AT_name("GPIO_setPinConfig")
     599                      .dwattr $C$DW$75, DW_AT_TI_call
     600              
     601 00000044 7640!         LCR       #||GPIO_setPinConfig|| ; [CPU_ALU] |179| 
         00000045 0000 
     602                      ; call occurs [#||GPIO_setPinConfig||] ; [] |179| 
     603                      .dwpsn  file "../sources/fcl_tformat_f2837x_config.c",line 184,column 5,is_stmt,isa 0
     604 00000046 D400          MOVB      XAR4,#0               ; [CPU_ALU] |184| 
     605 00000047 0220          MOVB      ACC,#32               ; [CPU_ALU] |184| 
     606              $C$DW$76        .dwtag  DW_TAG_TI_branch
     607                      .dwattr $C$DW$76, DW_AT_low_pc(0x00)
     608                      .dwattr $C$DW$76, DW_AT_name("GPIO_setControllerCore")
     609                      .dwattr $C$DW$76, DW_AT_TI_call
     610              
     611 00000048 7640!         LCR       #||GPIO_setControllerCore|| ; [CPU_ALU] |184| 
         00000049 0000 
     612                      ; call occurs [#||GPIO_setControllerCore||] ; [] |184| 
     613                      .dwpsn  file "../sources/fcl_tformat_f2837x_config.c",line 185,column 5,is_stmt,isa 0
     614 0000004a D401          MOVB      XAR4,#1               ; [CPU_ALU] |185| 
     615 0000004b 0220          MOVB      ACC,#32               ; [CPU_ALU] |185| 
     616              $C$DW$77        .dwtag  DW_TAG_TI_branch
     617                      .dwattr $C$DW$77, DW_AT_low_pc(0x00)
     618                      .dwattr $C$DW$77, DW_AT_name("GPIO_setDirectionMode")
     619                      .dwattr $C$DW$77, DW_AT_TI_call
     620              
     621 0000004c 7640!         LCR       #||GPIO_setDirectionMode|| ; [CPU_ALU] |185| 
         0000004d 0000 
     622                      ; call occurs [#||GPIO_setDirectionMode||] ; [] |185| 
     623              $C$DW$78        .dwtag  DW_TAG_TI_branch
     624                      .dwattr $C$DW$78, DW_AT_low_pc(0x00)
     625                      .dwattr $C$DW$78, DW_AT_TI_return
     626              
     627 0000004e 0006          LRETR     ; [CPU_ALU] 
     628                      ; return occurs ; [] 
     629                      .dwattr $C$DW$59, DW_AT_TI_end_file("../sources/fcl_tformat_f2837x_config.c")
     630                      .dwattr $C$DW$59, DW_AT_TI_end_line(0xba)
     631                      .dwattr $C$DW$59, DW_AT_TI_end_column(0x01)
     632                      .dwendentry
     633                      .dwendtag $C$DW$59
     634              
     635 00000000               .sect   ".text:tformat_configEPWM4"
     636                      .clink
TMS320C2000 Assembler PC v22.6.2 Thu Jan 22 11:16:45 2026

Copyright (c) 1996-2018 Texas Instruments Incorporated
fcl_tformat_f2837x_config.asm                                        PAGE   13

     637                      .global ||tformat_configEPWM4||
     638              
     639              $C$DW$79        .dwtag  DW_TAG_subprogram
     640                      .dwattr $C$DW$79, DW_AT_name("tformat_configEPWM4")
     641                      .dwattr $C$DW$79, DW_AT_low_pc(||tformat_configEPWM4||)
     642                      .dwattr $C$DW$79, DW_AT_high_pc(0x00)
     643                      .dwattr $C$DW$79, DW_AT_linkage_name("tformat_configEPWM4")
     644                      .dwattr $C$DW$79, DW_AT_external
     645                      .dwattr $C$DW$79, DW_AT_decl_file("../sources/fcl_tformat_f2837x_config.c")
     646                      .dwattr $C$DW$79, DW_AT_decl_line(0x121)
     647                      .dwattr $C$DW$79, DW_AT_decl_column(0x06)
     648                      .dwattr $C$DW$79, DW_AT_TI_max_frame_size(-2)
     649                      .dwpsn  file "../sources/fcl_tformat_f2837x_config.c",line 290,column 1,is_stmt,address ||tformat_con
     650              
     651                      .dwfde $C$DW$CIE, ||tformat_configEPWM4||
     652              
     653              ;***************************************************************
     654              ;* FNAME: tformat_configEPWM4           FR SIZE:   0           *
     655              ;*                                                             *
     656              ;* FUNCTION ENVIRONMENT                                        *
     657              ;*                                                             *
     658              ;* FUNCTION PROPERTIES                                         *
     659              ;*                            0 Parameter,  0 Auto,  0 SOE     *
     660              ;***************************************************************
     661              
     662 00000000       ||tformat_configEPWM4||:
     663                      .dwcfi  cfa_offset, -2
     664                      .dwcfi  save_reg_to_mem, 26, 0
     665                      .dwpsn  file "C:/TI/C2000Ware_MotorControl_SDK_5_04_00_00/c2000ware/driverlib/f2837xd/driverlib/epwm.
     666 00000000 7622          EALLOW    ; [CPU_ALU] |4103| 
     667                      .dwpsn  file "C:/TI/C2000Ware_MotorControl_SDK_5_04_00_00/c2000ware/driverlib/f2837xd/driverlib/epwm.
     668 00000001 F5A9          MOV       AL,*(0:0x4384)        ; [CPU_ALU] |4104| 
         00000002 4384 
     669 00000003 CCA9          AND       AL,AL,#0xfffc         ; [CPU_ALU] |4104| 
         00000004 FFFC 
     670 00000005 5001          ORB       AL,#0x01              ; [CPU_ALU] |4104| 
     671 00000006 F4A9          MOV       *(0:0x4384),AL        ; [CPU_ALU] |4104| 
         00000007 4384 
     672 00000008 F5A9          MOV       AL,*(0:0x4384)        ; [CPU_ALU] |4104| 
         00000009 4384 
     673 0000000a CCA9          AND       AL,AL,#0xfff7         ; [CPU_ALU] |4104| 
         0000000b FFF7 
     674 0000000c 5004          ORB       AL,#0x04              ; [CPU_ALU] |4104| 
     675 0000000d F4A9          MOV       *(0:0x4384),AL        ; [CPU_ALU] |4104| 
         0000000e 4384 
     676                      .dwpsn  file "C:/TI/C2000Ware_MotorControl_SDK_5_04_00_00/c2000ware/driverlib/f2837xd/driverlib/epwm.
     677 0000000f F5A9          MOV       AL,*(0:0x439b)        ; [CPU_ALU] |4654| 
         00000010 439B 
     678 00000011 5004          ORB       AL,#0x04              ; [CPU_ALU] |4654| 
     679 00000012 F4A9          MOV       *(0:0x439b),AL        ; [CPU_ALU] |4654| 
         00000013 439B 
     680                      .dwpsn  file "C:/TI/C2000Ware_MotorControl_SDK_5_04_00_00/c2000ware/driverlib/f2837xd/driverlib/epwm.
     681 00000014 761A          EDIS      ; [CPU_ALU] |4655| 
     682              $C$DW$80        .dwtag  DW_TAG_TI_branch
     683                      .dwattr $C$DW$80, DW_AT_low_pc(0x00)
TMS320C2000 Assembler PC v22.6.2 Thu Jan 22 11:16:45 2026

Copyright (c) 1996-2018 Texas Instruments Incorporated
fcl_tformat_f2837x_config.asm                                        PAGE   14

     684                      .dwattr $C$DW$80, DW_AT_TI_return
     685              
     686 00000015 0006          LRETR     ; [CPU_ALU] 
     687                      ; return occurs ; [] 
     688                      .dwattr $C$DW$79, DW_AT_TI_end_file("../sources/fcl_tformat_f2837x_config.c")
     689                      .dwattr $C$DW$79, DW_AT_TI_end_line(0x138)
     690                      .dwattr $C$DW$79, DW_AT_TI_end_column(0x01)
     691                      .dwendentry
     692                      .dwendtag $C$DW$79
     693              
     694 00000000               .sect   ".text:tformat_configXBAR"
     695                      .clink
     696                      .global ||tformat_configXBAR||
     697              
     698              $C$DW$81        .dwtag  DW_TAG_subprogram
     699                      .dwattr $C$DW$81, DW_AT_name("tformat_configXBAR")
     700                      .dwattr $C$DW$81, DW_AT_low_pc(||tformat_configXBAR||)
     701                      .dwattr $C$DW$81, DW_AT_high_pc(0x00)
     702                      .dwattr $C$DW$81, DW_AT_linkage_name("tformat_configXBAR")
     703                      .dwattr $C$DW$81, DW_AT_external
     704                      .dwattr $C$DW$81, DW_AT_decl_file("../sources/fcl_tformat_f2837x_config.c")
     705                      .dwattr $C$DW$81, DW_AT_decl_line(0xbc)
     706                      .dwattr $C$DW$81, DW_AT_decl_column(0x06)
     707                      .dwattr $C$DW$81, DW_AT_TI_max_frame_size(-2)
     708                      .dwpsn  file "../sources/fcl_tformat_f2837x_config.c",line 189,column 1,is_stmt,address ||tformat_con
     709              
     710                      .dwfde $C$DW$CIE, ||tformat_configXBAR||
     711              
     712              ;***************************************************************
     713              ;* FNAME: tformat_configXBAR            FR SIZE:   0           *
     714              ;*                                                             *
     715              ;* FUNCTION ENVIRONMENT                                        *
     716              ;*                                                             *
     717              ;* FUNCTION PROPERTIES                                         *
     718              ;*                            0 Parameter,  0 Auto,  0 SOE     *
     719              ;***************************************************************
     720              
     721 00000000       ||tformat_configXBAR||:
     722                      .dwcfi  cfa_offset, -2
     723                      .dwcfi  save_reg_to_mem, 26, 0
     724                      .dwpsn  file "C:\TI\C2000Ware_MotorControl_SDK_5_04_00_00\c2000ware\driverlib\f2837xd\driverlib\xbar.
     725 00000000 7622          EALLOW    ; [CPU_ALU] |969| 
     726                      .dwpsn  file "C:\TI\C2000Ware_MotorControl_SDK_5_04_00_00\c2000ware\driverlib\f2837xd\driverlib\xbar.
     727 00000001 9A18          MOVB      AL,#24                ; [CPU_ALU] |971| 
     728 00000002 F4A9          MOV       *(0:0x7900),AL        ; [CPU_ALU] |971| 
         00000003 7900 
     729                      .dwpsn  file "C:\TI\C2000Ware_MotorControl_SDK_5_04_00_00\c2000ware\driverlib\f2837xd\driverlib\xbar.
     730 00000004 761A          EDIS      ; [CPU_ALU] |973| 
     731                      .dwpsn  file "../sources/fcl_tformat_f2837x_config.c",line 194,column 5,is_stmt,isa 0
     732 00000005 28A8          MOV       AH,#513               ; [CPU_ALU] |194| 
         00000006 0201 
     733 00000007 9A00          MOVB      AL,#0                 ; [CPU_ALU] |194| 
     734              $C$DW$82        .dwtag  DW_TAG_TI_branch
     735                      .dwattr $C$DW$82, DW_AT_low_pc(0x00)
     736                      .dwattr $C$DW$82, DW_AT_name("XBAR_setCLBMuxConfig")
TMS320C2000 Assembler PC v22.6.2 Thu Jan 22 11:16:45 2026

Copyright (c) 1996-2018 Texas Instruments Incorporated
fcl_tformat_f2837x_config.asm                                        PAGE   15

     737                      .dwattr $C$DW$82, DW_AT_TI_call
     738              
     739 00000008 7640!         LCR       #||XBAR_setCLBMuxConfig|| ; [CPU_ALU] |194| 
         00000009 0000 
     740                      ; call occurs [#||XBAR_setCLBMuxConfig||] ; [] |194| 
     741                      .dwpsn  file "C:\TI\C2000Ware_MotorControl_SDK_5_04_00_00\c2000ware\driverlib\f2837xd\driverlib\xbar.
     742 0000000a 7622          EALLOW    ; [CPU_ALU] |1073| 
     743                      .dwpsn  file "C:\TI\C2000Ware_MotorControl_SDK_5_04_00_00\c2000ware\driverlib\f2837xd\driverlib\xbar.
     744 0000000b BFA9          MOV32     ACC,*(0:0x7a60)       ; [CPU_FPU] |1075| 
         0000000c 7A60 
     745 0000000d 5002          ORB       AL,#0x02              ; [CPU_ALU] |1075| 
     746 0000000e BDA9          MOV32     *(0:0x7a60),ACC       ; [CPU_FPU] |1075| 
         0000000f 7A60 
     747                      .dwpsn  file "C:\TI\C2000Ware_MotorControl_SDK_5_04_00_00\c2000ware\driverlib\f2837xd\driverlib\xbar.
     748 00000010 761A          EDIS      ; [CPU_ALU] |1077| 
     749                      .dwpsn  file "../sources/fcl_tformat_f2837x_config.c",line 200,column 5,is_stmt,isa 0
     750 00000011 9A00          MOVB      AL,#0                 ; [CPU_ALU] |200| 
     751 00000012 28A8          MOV       AH,#6658              ; [CPU_ALU] |200| 
         00000013 1A02 
     752              $C$DW$83        .dwtag  DW_TAG_TI_branch
     753                      .dwattr $C$DW$83, DW_AT_low_pc(0x00)
     754                      .dwattr $C$DW$83, DW_AT_name("XBAR_setOutputMuxConfig")
     755                      .dwattr $C$DW$83, DW_AT_TI_call
     756              
     757 00000014 7640!         LCR       #||XBAR_setOutputMuxConfig|| ; [CPU_ALU] |200| 
         00000015 0000 
     758                      ; call occurs [#||XBAR_setOutputMuxConfig||] ; [] |200| 
     759                      .dwpsn  file "C:\TI\C2000Ware_MotorControl_SDK_5_04_00_00\c2000ware\driverlib\f2837xd\driverlib\xbar.
     760 00000016 7622          EALLOW    ; [CPU_ALU] |654| 
     761                      .dwpsn  file "C:\TI\C2000Ware_MotorControl_SDK_5_04_00_00\c2000ware\driverlib\f2837xd\driverlib\xbar.
     762 00000017 BFA9          MOV32     ACC,*(0:0x7aa0)       ; [CPU_FPU] |656| 
         00000018 7AA0 
     763 00000019 1AA9          OR        AL,#8192              ; [CPU_ALU] |656| 
         0000001a 2000 
     764 0000001b BDA9          MOV32     *(0:0x7aa0),ACC       ; [CPU_FPU] |656| 
         0000001c 7AA0 
     765                      .dwpsn  file "C:\TI\C2000Ware_MotorControl_SDK_5_04_00_00\c2000ware\driverlib\f2837xd\driverlib\xbar.
     766 0000001d 761A          EDIS      ; [CPU_ALU] |658| 
     767              $C$DW$84        .dwtag  DW_TAG_TI_branch
     768                      .dwattr $C$DW$84, DW_AT_low_pc(0x00)
     769                      .dwattr $C$DW$84, DW_AT_TI_return
     770              
     771 0000001e 0006          LRETR     ; [CPU_ALU] 
     772                      ; return occurs ; [] 
     773                      .dwattr $C$DW$81, DW_AT_TI_end_file("../sources/fcl_tformat_f2837x_config.c")
     774                      .dwattr $C$DW$81, DW_AT_TI_end_line(0xca)
     775                      .dwattr $C$DW$81, DW_AT_TI_end_column(0x01)
     776                      .dwendentry
     777                      .dwendtag $C$DW$81
     778              
     779 00000000               .sect   ".text:tformat_configCLBConnect"
     780                      .clink
     781                      .global ||tformat_configCLBConnect||
     782              
     783              $C$DW$85        .dwtag  DW_TAG_subprogram
TMS320C2000 Assembler PC v22.6.2 Thu Jan 22 11:16:45 2026

Copyright (c) 1996-2018 Texas Instruments Incorporated
fcl_tformat_f2837x_config.asm                                        PAGE   16

     784                      .dwattr $C$DW$85, DW_AT_name("tformat_configCLBConnect")
     785                      .dwattr $C$DW$85, DW_AT_low_pc(||tformat_configCLBConnect||)
     786                      .dwattr $C$DW$85, DW_AT_high_pc(0x00)
     787                      .dwattr $C$DW$85, DW_AT_linkage_name("tformat_configCLBConnect")
     788                      .dwattr $C$DW$85, DW_AT_external
     789                      .dwattr $C$DW$85, DW_AT_decl_file("../sources/fcl_tformat_f2837x_config.c")
     790                      .dwattr $C$DW$85, DW_AT_decl_line(0xcc)
     791                      .dwattr $C$DW$85, DW_AT_decl_column(0x06)
     792                      .dwattr $C$DW$85, DW_AT_TI_max_frame_size(-2)
     793                      .dwpsn  file "../sources/fcl_tformat_f2837x_config.c",line 205,column 1,is_stmt,address ||tformat_con
     794              
     795                      .dwfde $C$DW$CIE, ||tformat_configCLBConnect||
     796              
     797              ;***************************************************************
     798              ;* FNAME: tformat_configCLBConnect      FR SIZE:   0           *
     799              ;*                                                             *
     800              ;* FUNCTION ENVIRONMENT                                        *
     801              ;*                                                             *
     802              ;* FUNCTION PROPERTIES                                         *
     803              ;*                            0 Parameter,  0 Auto,  0 SOE     *
     804              ;***************************************************************
     805              
     806 00000000       ||tformat_configCLBConnect||:
     807                      .dwcfi  cfa_offset, -2
     808                      .dwcfi  save_reg_to_mem, 26, 0
     809                      .dwpsn  file "C:/TI/C2000Ware_MotorControl_SDK_5_04_00_00/c2000ware/driverlib/f2837xd/driverlib/clb.h
     810 00000000 BFA9          MOV32     ACC,*(0:0x3d12)       ; [CPU_FPU] |811| 
         00000001 3D12 
     811 00000002 BDA9          MOV32     *(0:0x3d12),ACC       ; [CPU_FPU] |811| 
         00000003 3D12 
     812                      .dwpsn  file "C:/TI/C2000Ware_MotorControl_SDK_5_04_00_00/c2000ware/driverlib/f2837xd/driverlib/clb.h
     813 00000004 BFA9          MOV32     ACC,*(0:0x3d0a)       ; [CPU_FPU] |712| 
         00000005 3D0A 
     814 00000006 18A9          AND       AL,#65504             ; [CPU_ALU] |712| 
         00000007 FFE0 
     815 00000008 BDA9          MOV32     *(0:0x3d0a),ACC       ; [CPU_FPU] |712| 
         00000009 3D0A 
     816                      .dwpsn  file "C:/TI/C2000Ware_MotorControl_SDK_5_04_00_00/c2000ware/driverlib/f2837xd/driverlib/clb.h
     817 0000000a BE00          MOVB      XAR6,#0               ; [CPU_ALU] |647| 
     818                      .dwpsn  file "C:/TI/C2000Ware_MotorControl_SDK_5_04_00_00/c2000ware/driverlib/f2837xd/driverlib/clb.h
     819 0000000b BFA9          MOV32     ACC,*(0:0x3d14)       ; [CPU_FPU] |767| 
         0000000c 3D14 
     820 0000000d 18A9          AND       AL,#65408             ; [CPU_ALU] |767| 
         0000000e FF80 
     821 0000000f BDA9          MOV32     *(0:0x3d14),ACC       ; [CPU_FPU] |767| 
         00000010 3D14 
     822                      .dwpsn  file "C:/TI/C2000Ware_MotorControl_SDK_5_04_00_00/c2000ware/driverlib/f2837xd/driverlib/clb.h
     823 00000011 F5A9          MOV       AL,*(0:0x3d08)        ; [CPU_ALU] |619| 
         00000012 3D08 
     824 00000013 5001          ORB       AL,#0x01              ; [CPU_ALU] |619| 
     825 00000014 F4A9          MOV       *(0:0x3d08),AL        ; [CPU_ALU] |619| 
         00000015 3D08 
     826                      .dwpsn  file "C:/TI/C2000Ware_MotorControl_SDK_5_04_00_00/c2000ware/driverlib/f2837xd/driverlib/clb.h
     827 00000016 F5A9          MOV       AL,*(0:0x3d06)        ; [CPU_ALU] |547| 
         00000017 3D06 
TMS320C2000 Assembler PC v22.6.2 Thu Jan 22 11:16:45 2026

Copyright (c) 1996-2018 Texas Instruments Incorporated
fcl_tformat_f2837x_config.asm                                        PAGE   17

     828 00000018 CCA9          AND       AL,AL,#0xfffc         ; [CPU_ALU] |547| 
         00000019 FFFC 
     829 0000001a 5001          ORB       AL,#0x01              ; [CPU_ALU] |547| 
     830 0000001b F4A9          MOV       *(0:0x3d06),AL        ; [CPU_ALU] |547| 
         0000001c 3D06 
     831                      .dwpsn  file "C:/TI/C2000Ware_MotorControl_SDK_5_04_00_00/c2000ware/driverlib/f2837xd/driverlib/clb.h
     832 0000001d BFA9          MOV32     ACC,*(0:0x3d0a)       ; [CPU_FPU] |712| 
         0000001e 3D0A 
     833 0000001f 18A9          AND       AL,#64543             ; [CPU_ALU] |712| 
         00000020 FC1F 
     834 00000021 BDA9          MOV32     *(0:0x3d0a),ACC       ; [CPU_FPU] |712| 
         00000022 3D0A 
     835                      .dwpsn  file "C:/TI/C2000Ware_MotorControl_SDK_5_04_00_00/c2000ware/driverlib/f2837xd/driverlib/clb.h
     836 00000023 BFA9          MOV32     ACC,*(0:0x3d14)       ; [CPU_FPU] |767| 
         00000024 3D14 
     837 00000025 18A9          AND       AL,#57471             ; [CPU_ALU] |767| 
         00000026 E07F 
     838 00000027 1AA9          OR        AL,#8192              ; [CPU_ALU] |767| 
         00000028 2000 
     839 00000029 BDA9          MOV32     *(0:0x3d14),ACC       ; [CPU_FPU] |767| 
         0000002a 3D14 
     840                      .dwpsn  file "C:/TI/C2000Ware_MotorControl_SDK_5_04_00_00/c2000ware/driverlib/f2837xd/driverlib/clb.h
     841 0000002b F5A9          MOV       AL,*(0:0x3d08)        ; [CPU_ALU] |619| 
         0000002c 3D08 
     842 0000002d 18A9          AND       AL,#0xfffd            ; [CPU_ALU] |619| 
         0000002e FFFD 
     843 0000002f F4A9          MOV       *(0:0x3d08),AL        ; [CPU_ALU] |619| 
         00000030 3D08 
     844                      .dwpsn  file "C:/TI/C2000Ware_MotorControl_SDK_5_04_00_00/c2000ware/driverlib/f2837xd/driverlib/clb.h
     845 00000031 F5A9          MOV       AL,*(0:0x3d07)        ; [CPU_ALU] |570| 
         00000032 3D07 
     846 00000033 5002          ORB       AL,#0x02              ; [CPU_ALU] |570| 
     847 00000034 F4A9          MOV       *(0:0x3d07),AL        ; [CPU_ALU] |570| 
         00000035 3D07 
     848                      .dwpsn  file "C:/TI/C2000Ware_MotorControl_SDK_5_04_00_00/c2000ware/driverlib/f2837xd/driverlib/clb.h
     849 00000036 F5A9          MOV       AL,*(0:0x3d06)        ; [CPU_ALU] |547| 
         00000037 3D06 
     850 00000038 CCA9          AND       AL,AL,#0xfffb         ; [CPU_ALU] |547| 
         00000039 FFFB 
     851 0000003a 5008          ORB       AL,#0x08              ; [CPU_ALU] |547| 
     852 0000003b F4A9          MOV       *(0:0x3d06),AL        ; [CPU_ALU] |547| 
         0000003c 3D06 
     853                      .dwpsn  file "C:/TI/C2000Ware_MotorControl_SDK_5_04_00_00/c2000ware/driverlib/f2837xd/driverlib/clb.h
     854 0000003d BFA9          MOV32     ACC,*(0:0x3d0c)       ; [CPU_FPU] |723| 
         0000003e 3D0C 
     855 0000003f 18A9          AND       AL,#32767             ; [CPU_ALU] |723| 
         00000040 7FFF 
     856 00000041 18A8          AND       AH,#65520             ; [CPU_ALU] |723| 
         00000042 FFF0 
     857 00000043 BDA9          MOV32     *(0:0x3d0c),ACC       ; [CPU_FPU] |723| 
         00000044 3D0C 
     858                      .dwpsn  file "C:/TI/C2000Ware_MotorControl_SDK_5_04_00_00/c2000ware/driverlib/f2837xd/driverlib/clb.h
     859 00000045 BFA9          MOV32     ACC,*(0:0x3d16)       ; [CPU_FPU] |775| 
         00000046 3D16 
     860 00000047 18A8          AND       AH,#61471             ; [CPU_ALU] |775| 
TMS320C2000 Assembler PC v22.6.2 Thu Jan 22 11:16:45 2026

Copyright (c) 1996-2018 Texas Instruments Incorporated
fcl_tformat_f2837x_config.asm                                        PAGE   18

         00000048 F01F 
     861 00000049 BDA9          MOV32     *(0:0x3d16),ACC       ; [CPU_FPU] |775| 
         0000004a 3D16 
     862                      .dwpsn  file "C:/TI/C2000Ware_MotorControl_SDK_5_04_00_00/c2000ware/driverlib/f2837xd/driverlib/clb.h
     863 0000004b F5A9          MOV       AL,*(0:0x3d08)        ; [CPU_ALU] |619| 
         0000004c 3D08 
     864 0000004d 5080          ORB       AL,#0x80              ; [CPU_ALU] |619| 
     865 0000004e F4A9          MOV       *(0:0x3d08),AL        ; [CPU_ALU] |619| 
         0000004f 3D08 
     866                      .dwpsn  file "C:/TI/C2000Ware_MotorControl_SDK_5_04_00_00/c2000ware/driverlib/f2837xd/driverlib/clb.h
     867 00000050 F5A9          MOV       AL,*(0:0x3d06)        ; [CPU_ALU] |547| 
         00000051 3D06 
     868 00000052 18A9          AND       AL,#0x3fff            ; [CPU_ALU] |547| 
         00000053 3FFF 
     869 00000054 F4A9          MOV       *(0:0x3d06),AL        ; [CPU_ALU] |547| 
         00000055 3D06 
     870                      .dwpsn  file "C:/TI/C2000Ware_MotorControl_SDK_5_04_00_00/c2000ware/driverlib/f2837xd/driverlib/clb.h
     871 00000056 BDA6          MOV32     *(0:0x3d10),XAR6      ; [CPU_FPU] |647| 
         00000057 3D10 
     872                      .dwpsn  file "C:/TI/C2000Ware_MotorControl_SDK_5_04_00_00/c2000ware/driverlib/f2837xd/driverlib/clb.h
     873 00000058 7622          EALLOW    ; [CPU_ALU] |462| 
     874                      .dwpsn  file "C:/TI/C2000Ware_MotorControl_SDK_5_04_00_00/c2000ware/driverlib/f2837xd/driverlib/clb.h
     875 00000059 F5A9          MOV       AL,*(0:0x3d00)        ; [CPU_ALU] |463| 
         0000005a 3D00 
     876 0000005b 18A9          AND       AL,#0xfffd            ; [CPU_ALU] |463| 
         0000005c FFFD 
     877 0000005d F4A9          MOV       *(0:0x3d00),AL        ; [CPU_ALU] |463| 
         0000005e 3D00 
     878                      .dwpsn  file "C:/TI/C2000Ware_MotorControl_SDK_5_04_00_00/c2000ware/driverlib/f2837xd/driverlib/clb.h
     879 0000005f 761A          EDIS      ; [CPU_ALU] |464| 
     880              $C$DW$86        .dwtag  DW_TAG_TI_branch
     881                      .dwattr $C$DW$86, DW_AT_low_pc(0x00)
     882                      .dwattr $C$DW$86, DW_AT_TI_return
     883              
     884 00000060 0006          LRETR     ; [CPU_ALU] 
     885                      ; return occurs ; [] 
     886                      .dwattr $C$DW$85, DW_AT_TI_end_file("../sources/fcl_tformat_f2837x_config.c")
     887                      .dwattr $C$DW$85, DW_AT_TI_end_line(0x107)
     888                      .dwattr $C$DW$85, DW_AT_TI_end_column(0x01)
     889                      .dwendentry
     890                      .dwendtag $C$DW$85
     891              
     892 00000000               .sect   ".text:tformat_init"
     893                      .clink
     894                      .global ||tformat_init||
     895              
     896              $C$DW$87        .dwtag  DW_TAG_subprogram
     897                      .dwattr $C$DW$87, DW_AT_name("tformat_init")
     898                      .dwattr $C$DW$87, DW_AT_low_pc(||tformat_init||)
     899                      .dwattr $C$DW$87, DW_AT_high_pc(0x00)
     900                      .dwattr $C$DW$87, DW_AT_linkage_name("tformat_init")
     901                      .dwattr $C$DW$87, DW_AT_external
     902                      .dwattr $C$DW$87, DW_AT_decl_file("../sources/fcl_tformat_f2837x_config.c")
     903                      .dwattr $C$DW$87, DW_AT_decl_line(0x45)
     904                      .dwattr $C$DW$87, DW_AT_decl_column(0x06)
TMS320C2000 Assembler PC v22.6.2 Thu Jan 22 11:16:45 2026

Copyright (c) 1996-2018 Texas Instruments Incorporated
fcl_tformat_f2837x_config.asm                                        PAGE   19

     905                      .dwattr $C$DW$87, DW_AT_TI_max_frame_size(-4)
     906                      .dwpsn  file "../sources/fcl_tformat_f2837x_config.c",line 70,column 1,is_stmt,address ||tformat_init
     907              
     908                      .dwfde $C$DW$CIE, ||tformat_init||
     909              
     910              ;***************************************************************
     911              ;* FNAME: tformat_init                  FR SIZE:   2           *
     912              ;*                                                             *
     913              ;* FUNCTION ENVIRONMENT                                        *
     914              ;*                                                             *
     915              ;* FUNCTION PROPERTIES                                         *
     916              ;*                            2 Parameter,  0 Auto,  0 SOE     *
     917              ;***************************************************************
     918              
     919 00000000       ||tformat_init||:
     920                      .dwcfi  cfa_offset, -2
     921                      .dwcfi  save_reg_to_mem, 26, 0
     922 00000000 FE02          ADDB      SP,#2                 ; [CPU_ARAU] 
     923                      .dwcfi  cfa_offset, -4
     924                      .dwpsn  file "C:\TI\C2000Ware_MotorControl_SDK_5_04_00_00\c2000ware\driverlib\f2837xd\driverlib\sysct
     925 00000001 7622          EALLOW    ; [CPU_ALU] |990| 
     926                      .dwpsn  file "C:\TI\C2000Ware_MotorControl_SDK_5_04_00_00\c2000ware\driverlib\f2837xd\driverlib\sysct
     927 00000002 0208          MOVB      ACC,#8                ; [CPU_ALU] |995| 
     928 00000003 8F05          MOVL      XAR4,#381734          ; [CPU_ARAU] |995| 
         00000004 D326 
     929 00000005 98C4          OR        *+XAR4[0],AL          ; [CPU_ALU] |995| 
     930 00000006 99CC          OR        *+XAR4[1],AH          ; [CPU_ALU] |995| 
     931                      .dwpsn  file "C:\TI\C2000Ware_MotorControl_SDK_5_04_00_00\c2000ware\driverlib\f2837xd\driverlib\sysct
     932 00000007 761A          EDIS      ; [CPU_ALU] |996| 
     933                      .dwpsn  file "../sources/fcl_tformat_f2837x_config.c",line 77,column 5,is_stmt,isa 0
     934              $C$DW$88        .dwtag  DW_TAG_TI_branch
     935                      .dwattr $C$DW$88, DW_AT_low_pc(0x00)
     936                      .dwattr $C$DW$88, DW_AT_name("tformat_configEPWM4")
     937                      .dwattr $C$DW$88, DW_AT_TI_call
     938              
     939 00000008 7640!         LCR       #||tformat_configEPWM4|| ; [CPU_ALU] |77| 
         00000009 0000 
     940                      ; call occurs [#||tformat_configEPWM4||] ; [] |77| 
     941                      .dwpsn  file "../sources/fcl_tformat_f2837x_config.c",line 82,column 5,is_stmt,isa 0
     942 0000000a 9B01          MOVB      AH,#1                 ; [CPU_ALU] |82| 
     943 0000000b 8F00!         MOVL      XAR4,#||tformatCRCtable|| ; [CPU_ARAU] |82| 
         0000000c 0000 
     944 0000000d 9A08          MOVB      AL,#8                 ; [CPU_ALU] |82| 
     945              $C$DW$89        .dwtag  DW_TAG_TI_branch
     946                      .dwattr $C$DW$89, DW_AT_low_pc(0x00)
     947                      .dwattr $C$DW$89, DW_AT_name("PM_tformat_generateCRCTable")
     948                      .dwattr $C$DW$89, DW_AT_TI_call
     949              
     950 0000000e 7640!         LCR       #||PM_tformat_generateCRCTable|| ; [CPU_ALU] |82| 
         0000000f 0000 
     951                      ; call occurs [#||PM_tformat_generateCRCTable||] ; [] |82| 
     952                      .dwpsn  file "../sources/fcl_tformat_f2837x_config.c",line 89,column 5,is_stmt,isa 0
     953              $C$DW$90        .dwtag  DW_TAG_TI_branch
     954                      .dwattr $C$DW$90, DW_AT_low_pc(0x00)
     955                      .dwattr $C$DW$90, DW_AT_name("tformat_setupGPIO")
TMS320C2000 Assembler PC v22.6.2 Thu Jan 22 11:16:45 2026

Copyright (c) 1996-2018 Texas Instruments Incorporated
fcl_tformat_f2837x_config.asm                                        PAGE   20

     956                      .dwattr $C$DW$90, DW_AT_TI_call
     957              
     958 00000010 7640!         LCR       #||tformat_setupGPIO|| ; [CPU_ALU] |89| 
         00000011 0000 
     959                      ; call occurs [#||tformat_setupGPIO||] ; [] |89| 
     960                      .dwpsn  file "../sources/fcl_tformat_f2837x_config.c",line 94,column 5,is_stmt,isa 0
     961              $C$DW$91        .dwtag  DW_TAG_TI_branch
     962                      .dwattr $C$DW$91, DW_AT_low_pc(0x00)
     963                      .dwattr $C$DW$91, DW_AT_name("tformat_configXBAR")
     964                      .dwattr $C$DW$91, DW_AT_TI_call
     965              
     966 00000012 7640!         LCR       #||tformat_configXBAR|| ; [CPU_ALU] |94| 
         00000013 0000 
     967                      ; call occurs [#||tformat_configXBAR||] ; [] |94| 
     968                      .dwpsn  file "../sources/fcl_tformat_f2837x_config.c",line 96,column 5,is_stmt,isa 0
     969 00000014 28A9          MOV       AL,#61568             ; [CPU_ALU] |96| 
         00000015 F080 
     970 00000016 28A8          MOV       AH,#762               ; [CPU_ALU] |96| 
         00000017 02FA 
     971              $C$DW$92        .dwtag  DW_TAG_TI_branch
     972                      .dwattr $C$DW$92, DW_AT_low_pc(0x00)
     973                      .dwattr $C$DW$92, DW_AT_name("PM_tformat_setupPeriph")
     974                      .dwattr $C$DW$92, DW_AT_TI_call
     975              
     976 00000018 7640!         LCR       #||PM_tformat_setupPeriph|| ; [CPU_ALU] |96| 
         00000019 0000 
     977                      ; call occurs [#||PM_tformat_setupPeriph||] ; [] |96| 
     978                      .dwpsn  file "../sources/fcl_tformat_f2837x_config.c",line 97,column 5,is_stmt,isa 0
     979 0000001a 0214          MOVB      ACC,#20               ; [CPU_ALU] |97| 
     980              $C$DW$93        .dwtag  DW_TAG_TI_branch
     981                      .dwattr $C$DW$93, DW_AT_low_pc(0x00)
     982                      .dwattr $C$DW$93, DW_AT_name("PM_tformat_setFreq")
     983                      .dwattr $C$DW$93, DW_AT_TI_call
     984              
     985 0000001b 7640!         LCR       #||PM_tformat_setFreq|| ; [CPU_ALU] |97| 
         0000001c 0000 
     986                      ; call occurs [#||PM_tformat_setFreq||] ; [] |97| 
     987                      .dwpsn  file "../sources/fcl_tformat_f2837x_config.c",line 98,column 5,is_stmt,isa 0
     988              $C$DW$94        .dwtag  DW_TAG_TI_branch
     989                      .dwattr $C$DW$94, DW_AT_low_pc(0x00)
     990                      .dwattr $C$DW$94, DW_AT_name("tformat_configCLBConnect")
     991                      .dwattr $C$DW$94, DW_AT_TI_call
     992              
     993 0000001d 7640!         LCR       #||tformat_configCLBConnect|| ; [CPU_ALU] |98| 
         0000001e 0000 
     994                      ; call occurs [#||tformat_configCLBConnect||] ; [] |98| 
     995                      .dwpsn  file "C:/TI/C2000Ware_MotorControl_SDK_5_04_00_00/c2000ware/driverlib/f2837xd/driverlib/spi.h
     996 0000001f F5A6          MOV       AR6,*(0:0x6110)       ; [CPU_ALU] |486| 
         00000020 6110 
     997 00000021 18A6          AND       AR6,#0xff7f           ; [CPU_ALU] |486| 
         00000022 FF7F 
     998                      .dwpsn  file "../sources/fcl_tformat_f2837x_config.c",line 104,column 5,is_stmt,isa 0
     999 00000023 0204          MOVB      ACC,#4                ; [CPU_ALU] |104| 
    1000 00000024 1E42          MOVL      *-SP[2],ACC           ; [CPU_ALU] |104| 
    1001 00000025 FF20          MOV       ACC,#24848            ; [CPU_ALU] |104| 
TMS320C2000 Assembler PC v22.6.2 Thu Jan 22 11:16:45 2026

Copyright (c) 1996-2018 Texas Instruments Incorporated
fcl_tformat_f2837x_config.asm                                        PAGE   21

         00000026 6110 
    1002                      .dwpsn  file "C:/TI/C2000Ware_MotorControl_SDK_5_04_00_00/c2000ware/driverlib/f2837xd/driverlib/spi.h
    1003 00000027 F4A6          MOV       *(0:0x6110),AR6       ; [CPU_ALU] |486| 
         00000028 6110 
    1004                      .dwpsn  file "../sources/fcl_tformat_f2837x_config.c",line 104,column 5,is_stmt,isa 0
    1005              $C$DW$95        .dwtag  DW_TAG_TI_branch
    1006                      .dwattr $C$DW$95, DW_AT_low_pc(0x00)
    1007                      .dwattr $C$DW$95, DW_AT_name("SPI_disableInterrupt")
    1008                      .dwattr $C$DW$95, DW_AT_TI_call
    1009              
    1010 00000029 7640!         LCR       #||SPI_disableInterrupt|| ; [CPU_ALU] |104| 
         0000002a 0000 
    1011                      ; call occurs [#||SPI_disableInterrupt||] ; [] |104| 
    1012                      .dwpsn  file "../sources/fcl_tformat_f2837x_config.c",line 109,column 5,is_stmt,isa 0
    1013 0000002b 0204          MOVB      ACC,#4                ; [CPU_ALU] |109| 
    1014 0000002c 1E42          MOVL      *-SP[2],ACC           ; [CPU_ALU] |109| 
    1015 0000002d FF20          MOV       ACC,#24848            ; [CPU_ALU] |109| 
         0000002e 6110 
    1016              $C$DW$96        .dwtag  DW_TAG_TI_branch
    1017                      .dwattr $C$DW$96, DW_AT_low_pc(0x00)
    1018                      .dwattr $C$DW$96, DW_AT_name("SPI_clearInterruptStatus")
    1019                      .dwattr $C$DW$96, DW_AT_TI_call
    1020              
    1021 0000002f 7640!         LCR       #||SPI_clearInterruptStatus|| ; [CPU_ALU] |109| 
         00000030 0000 
    1022                      ; call occurs [#||SPI_clearInterruptStatus||] ; [] |109| 
    1023                      .dwpsn  file "../sources/fcl_tformat_f2837x_config.c",line 110,column 5,is_stmt,isa 0
    1024 00000031 0204          MOVB      ACC,#4                ; [CPU_ALU] |110| 
    1025 00000032 1E42          MOVL      *-SP[2],ACC           ; [CPU_ALU] |110| 
    1026 00000033 FF20          MOV       ACC,#24848            ; [CPU_ALU] |110| 
         00000034 6110 
    1027              $C$DW$97        .dwtag  DW_TAG_TI_branch
    1028                      .dwattr $C$DW$97, DW_AT_low_pc(0x00)
    1029                      .dwattr $C$DW$97, DW_AT_name("SPI_enableInterrupt")
    1030                      .dwattr $C$DW$97, DW_AT_TI_call
    1031              
    1032 00000035 7640!         LCR       #||SPI_enableInterrupt|| ; [CPU_ALU] |110| 
         00000036 0000 
    1033                      ; call occurs [#||SPI_enableInterrupt||] ; [] |110| 
    1034                      .dwpsn  file "C:/TI/C2000Ware_MotorControl_SDK_5_04_00_00/c2000ware/driverlib/f2837xd/driverlib/spi.h
    1035 00000037 F5A9          MOV       AL,*(0:0x6110)        ; [CPU_ALU] |463| 
         00000038 6110 
    1036                      .dwpsn  file "C:/TI/C2000Ware_MotorControl_SDK_5_04_00_00/c2000ware/driverlib/f2837xd/driverlib/gpio.
    1037 00000039 BE01          MOVB      XAR6,#1               ; [CPU_ALU] |473| 
    1038                      .dwpsn  file "C:/TI/C2000Ware_MotorControl_SDK_5_04_00_00/c2000ware/driverlib/f2837xd/driverlib/spi.h
    1039 0000003a 5080          ORB       AL,#0x80              ; [CPU_ALU] |463| 
    1040                      .dwpsn  file "../sources/fcl_tformat_f2837x_config.c",line 121,column 5,is_stmt,isa 0
    1041 0000003b 28A8          MOV       AH,#915               ; [CPU_ALU] |121| 
         0000003c 0393 
    1042                      .dwpsn  file "C:/TI/C2000Ware_MotorControl_SDK_5_04_00_00/c2000ware/driverlib/f2837xd/driverlib/spi.h
    1043 0000003d F4A9          MOV       *(0:0x6110),AL        ; [CPU_ALU] |463| 
         0000003e 6110 
    1044                      .dwpsn  file "../sources/fcl_tformat_f2837x_config.c",line 121,column 5,is_stmt,isa 0
    1045 0000003f 28A9          MOV       AL,#34558             ; [CPU_ALU] |121| 
         00000040 86FE 
TMS320C2000 Assembler PC v22.6.2 Thu Jan 22 11:16:45 2026

Copyright (c) 1996-2018 Texas Instruments Incorporated
fcl_tformat_f2837x_config.asm                                        PAGE   22

    1046                      .dwpsn  file "C:/TI/C2000Ware_MotorControl_SDK_5_04_00_00/c2000ware/driverlib/f2837xd/driverlib/gpio.
    1047 00000041 BDA6          MOV32     *(0:0x7f0a),XAR6      ; [CPU_FPU] |473| 
         00000042 7F0A 
    1048                      .dwpsn  file "../sources/fcl_tformat_f2837x_config.c",line 121,column 5,is_stmt,isa 0
    1049              $C$DW$98        .dwtag  DW_TAG_TI_branch
    1050                      .dwattr $C$DW$98, DW_AT_low_pc(0x00)
    1051                      .dwattr $C$DW$98, DW_AT_name("SysCtl_delay")
    1052                      .dwattr $C$DW$98, DW_AT_TI_call
    1053              
    1054 00000043 7640!         LCR       #||SysCtl_delay||     ; [CPU_ALU] |121| 
         00000044 0000 
    1055                      ; call occurs [#||SysCtl_delay||] ; [] |121| 
    1056 00000045 FE82          SUBB      SP,#2                 ; [CPU_ARAU] 
    1057                      .dwcfi  cfa_offset, -2
    1058              $C$DW$99        .dwtag  DW_TAG_TI_branch
    1059                      .dwattr $C$DW$99, DW_AT_low_pc(0x00)
    1060                      .dwattr $C$DW$99, DW_AT_TI_return
    1061              
    1062 00000046 0006          LRETR     ; [CPU_ALU] 
    1063                      ; return occurs ; [] 
    1064                      .dwattr $C$DW$87, DW_AT_TI_end_file("../sources/fcl_tformat_f2837x_config.c")
    1065                      .dwattr $C$DW$87, DW_AT_TI_end_line(0x84)
    1066                      .dwattr $C$DW$87, DW_AT_TI_end_column(0x01)
    1067                      .dwendentry
    1068                      .dwendtag $C$DW$87
    1069              
    1070 00000000               .sect   ".text:tformat_exCommands"
    1071                      .clink
    1072                      .global ||tformat_exCommands||
    1073              
    1074              $C$DW$100       .dwtag  DW_TAG_subprogram
    1075                      .dwattr $C$DW$100, DW_AT_name("tformat_exCommands")
    1076                      .dwattr $C$DW$100, DW_AT_low_pc(||tformat_exCommands||)
    1077                      .dwattr $C$DW$100, DW_AT_high_pc(0x00)
    1078                      .dwattr $C$DW$100, DW_AT_linkage_name("tformat_exCommands")
    1079                      .dwattr $C$DW$100, DW_AT_external
    1080                      .dwattr $C$DW$100, DW_AT_type(*$C$DW$T$20)
    1081                      .dwattr $C$DW$100, DW_AT_decl_file("../sources/fcl_tformat_f2837x_config.c")
    1082                      .dwattr $C$DW$100, DW_AT_decl_line(0x14e)
    1083                      .dwattr $C$DW$100, DW_AT_decl_column(0x0a)
    1084                      .dwattr $C$DW$100, DW_AT_TI_max_frame_size(-6)
    1085                      .dwpsn  file "../sources/fcl_tformat_f2837x_config.c",line 335,column 1,is_stmt,address ||tformat_exC
    1086              
    1087                      .dwfde $C$DW$CIE, ||tformat_exCommands||
    1088              
    1089              ;***************************************************************
    1090              ;* FNAME: tformat_exCommands            FR SIZE:   4           *
    1091              ;*                                                             *
    1092              ;* FUNCTION ENVIRONMENT                                        *
    1093              ;*                                                             *
    1094              ;* FUNCTION PROPERTIES                                         *
    1095              ;*                            1 Parameter,  0 Auto,  2 SOE     *
    1096              ;***************************************************************
    1097              
    1098              ||tformat_exCommands||:
TMS320C2000 Assembler PC v22.6.2 Thu Jan 22 11:16:45 2026

Copyright (c) 1996-2018 Texas Instruments Incorporated
fcl_tformat_f2837x_config.asm                                        PAGE   23

    1099              ;* AR1   assigned to retval1
    1100              $C$DW$101       .dwtag  DW_TAG_variable
    1101                      .dwattr $C$DW$101, DW_AT_name("retval1")
    1102                      .dwattr $C$DW$101, DW_AT_type(*$C$DW$T$20)
    1103                      .dwattr $C$DW$101, DW_AT_location[DW_OP_reg6]
    1104              
    1105                      .dwcfi  cfa_offset, -2
    1106                      .dwcfi  save_reg_to_mem, 26, 0
    1107 00000000 B2BD          MOVL      *SP++,XAR1            ; [CPU_ALU] 
    1108                      .dwcfi  save_reg_to_mem, 7, 2
    1109                      .dwcfi  cfa_offset, -4
    1110 00000001 FE02          ADDB      SP,#2                 ; [CPU_ARAU] 
    1111                      .dwcfi  cfa_offset, -6
    1112                      .dwpsn  file "../sources/fcl_tformat_f2837x_config.c",line 340,column 5,is_stmt,isa 0
    1113 00000002 28A9          MOV       AL,#38463             ; [CPU_ALU] |340| 
         00000003 963F 
    1114 00000004 D40B          MOVB      XAR4,#11              ; [CPU_ALU] |340| 
    1115 00000005 D50B          MOVB      XAR5,#11              ; [CPU_ALU] |340| 
    1116 00000006 9B6E          MOVB      AH,#110               ; [CPU_ALU] |340| 
    1117 00000007 56BF          MOVB      *-SP[1],#12,UNC       ; [CPU_ALU] |340| 
         00000008 0C41 
    1118              $C$DW$102       .dwtag  DW_TAG_TI_branch
    1119                      .dwattr $C$DW$102, DW_AT_low_pc(0x00)
    1120                      .dwattr $C$DW$102, DW_AT_name("PM_tformat_setupCommandReadoutOrReset")
    1121                      .dwattr $C$DW$102, DW_AT_TI_call
    1122              
    1123 00000009 7640!         LCR       #||PM_tformat_setupCommandReadoutOrReset|| ; [CPU_ALU] |340| 
         0000000a 0000 
    1124                      ; call occurs [#||PM_tformat_setupCommandReadoutOrReset||] ; [] |340| 
    1125                      .dwpsn  file "../sources/fcl_tformat_f2837x_config.c",line 345,column 5,is_stmt,isa 0
    1126              $C$DW$103       .dwtag  DW_TAG_TI_branch
    1127                      .dwattr $C$DW$103, DW_AT_low_pc(0x00)
    1128                      .dwattr $C$DW$103, DW_AT_name("PM_tformat_startOperation")
    1129                      .dwattr $C$DW$103, DW_AT_TI_call
    1130              
    1131 0000000b 7640!         LCR       #||PM_tformat_startOperation|| ; [CPU_ALU] |345| 
         0000000c 0000 
    1132                      ; call occurs [#||PM_tformat_startOperation||] ; [] |345| 
    1133 0000000d       ||$C$L1||:    
    1134 0000000d 761F!         MOVW      DP,#||tformatData||+15 ; [CPU_ARAU] 
         0000000e 0000 
    1135                      .dwpsn  file "../sources/fcl_tformat_f2837x_config.c",line 346,column 11,is_stmt,isa 0
    1136 0000000f 920F!         MOV       AL,@$BLOCKED(||tformatData||)+15 ; [CPU_ALU] |346| 
    1137 00000010 5201          CMPB      AL,#1                 ; [CPU_ALU] |346| 
    1138 00000011 60FC          B         ||$C$L1||,NEQ         ; [CPU_ALU] |346| 
    1139                      ; branchcc occurs ; [] |346| 
    1140                      .dwpsn  file "../sources/fcl_tformat_f2837x_config.c",line 347,column 5,is_stmt,isa 0
    1141              $C$DW$104       .dwtag  DW_TAG_TI_branch
    1142                      .dwattr $C$DW$104, DW_AT_low_pc(0x00)
    1143                      .dwattr $C$DW$104, DW_AT_name("PM_tformat_receiveDataID3")
    1144                      .dwattr $C$DW$104, DW_AT_TI_call
    1145              
    1146 00000012 7640!         LCR       #||PM_tformat_receiveDataID3|| ; [CPU_ALU] |347| 
         00000013 0000 
    1147                      ; call occurs [#||PM_tformat_receiveDataID3||] ; [] |347| 
TMS320C2000 Assembler PC v22.6.2 Thu Jan 22 11:16:45 2026

Copyright (c) 1996-2018 Texas Instruments Incorporated
fcl_tformat_f2837x_config.asm                                        PAGE   24

    1148 00000014 761F!         MOVW      DP,#||tformatData||+10 ; [CPU_ARAU] 
         00000015 0000 
    1149                      .dwpsn  file "../sources/fcl_tformat_f2837x_config.c",line 348,column 5,is_stmt,isa 0
    1150 00000016 880B!         MOVZ      AR6,@$BLOCKED(||tformatData||)+11 ; [CPU_ALU] |348| 
    1151 00000017 0E0A!         MOVU      ACC,@$BLOCKED(||tformatData||)+10 ; [CPU_ALU] |348| 
    1152 00000018 0FA6          CMPL      ACC,XAR6              ; [CPU_ALU] |348| 
    1153 00000019 6102          B         ||$C$L2||,EQ          ; [CPU_ALU] |348| 
    1154                      ; branchcc occurs ; [] |348| 
    1155 0000001a 7625   ESTOP0
    1156 0000001b       ||$C$L2||:    
    1157                      .dwpsn  file "../sources/fcl_tformat_f2837x_config.c",line 353,column 5,is_stmt,isa 0
    1158 0000001b 56BF          MOVB      *-SP[1],#5,UNC        ; [CPU_ALU] |353| 
         0000001c 0541 
    1159 0000001d 28A9          MOV       AL,#37503             ; [CPU_ALU] |353| 
         0000001e 927F 
    1160 0000001f D404          MOVB      XAR4,#4               ; [CPU_ALU] |353| 
    1161 00000020 D50B          MOVB      XAR5,#11              ; [CPU_ALU] |353| 
    1162 00000021 9B28          MOVB      AH,#40                ; [CPU_ALU] |353| 
    1163 00000022 FF69          SPM       #0                    ; [CPU_ALU] 
    1164              $C$DW$105       .dwtag  DW_TAG_TI_branch
    1165                      .dwattr $C$DW$105, DW_AT_low_pc(0x00)
    1166                      .dwattr $C$DW$105, DW_AT_name("PM_tformat_setupCommandReadoutOrReset")
    1167                      .dwattr $C$DW$105, DW_AT_TI_call
    1168              
    1169 00000023 7640!         LCR       #||PM_tformat_setupCommandReadoutOrReset|| ; [CPU_ALU] |353| 
         00000024 0000 
    1170                      ; call occurs [#||PM_tformat_setupCommandReadoutOrReset||] ; [] |353| 
    1171                      .dwpsn  file "../sources/fcl_tformat_f2837x_config.c",line 358,column 5,is_stmt,isa 0
    1172              $C$DW$106       .dwtag  DW_TAG_TI_branch
    1173                      .dwattr $C$DW$106, DW_AT_low_pc(0x00)
    1174                      .dwattr $C$DW$106, DW_AT_name("PM_tformat_startOperation")
    1175                      .dwattr $C$DW$106, DW_AT_TI_call
    1176              
    1177 00000025 7640!         LCR       #||PM_tformat_startOperation|| ; [CPU_ALU] |358| 
         00000026 0000 
    1178                      ; call occurs [#||PM_tformat_startOperation||] ; [] |358| 
    1179 00000027       ||$C$L3||:    
    1180 00000027 761F!         MOVW      DP,#||tformatData||+15 ; [CPU_ARAU] 
         00000028 0000 
    1181                      .dwpsn  file "../sources/fcl_tformat_f2837x_config.c",line 359,column 11,is_stmt,isa 0
    1182 00000029 920F!         MOV       AL,@$BLOCKED(||tformatData||)+15 ; [CPU_ALU] |359| 
    1183 0000002a 5201          CMPB      AL,#1                 ; [CPU_ALU] |359| 
    1184 0000002b 60FC          B         ||$C$L3||,NEQ         ; [CPU_ALU] |359| 
    1185                      ; branchcc occurs ; [] |359| 
    1186                      .dwpsn  file "../sources/fcl_tformat_f2837x_config.c",line 360,column 5,is_stmt,isa 0
    1187              $C$DW$107       .dwtag  DW_TAG_TI_branch
    1188                      .dwattr $C$DW$107, DW_AT_low_pc(0x00)
    1189                      .dwattr $C$DW$107, DW_AT_name("PM_tformat_receiveDataID2")
    1190                      .dwattr $C$DW$107, DW_AT_TI_call
    1191              
    1192 0000002c 7640!         LCR       #||PM_tformat_receiveDataID2|| ; [CPU_ALU] |360| 
         0000002d 0000 
    1193                      ; call occurs [#||PM_tformat_receiveDataID2||] ; [] |360| 
    1194 0000002e 761F!         MOVW      DP,#||tformatData||+10 ; [CPU_ARAU] 
         0000002f 0000 
TMS320C2000 Assembler PC v22.6.2 Thu Jan 22 11:16:45 2026

Copyright (c) 1996-2018 Texas Instruments Incorporated
fcl_tformat_f2837x_config.asm                                        PAGE   25

    1195                      .dwpsn  file "../sources/fcl_tformat_f2837x_config.c",line 361,column 5,is_stmt,isa 0
    1196 00000030 880B!         MOVZ      AR6,@$BLOCKED(||tformatData||)+11 ; [CPU_ALU] |361| 
    1197 00000031 0E0A!         MOVU      ACC,@$BLOCKED(||tformatData||)+10 ; [CPU_ALU] |361| 
    1198 00000032 0FA6          CMPL      ACC,XAR6              ; [CPU_ALU] |361| 
    1199 00000033 6102          B         ||$C$L4||,EQ          ; [CPU_ALU] |361| 
    1200                      ; branchcc occurs ; [] |361| 
    1201 00000034 7625   ESTOP0
    1202 00000035       ||$C$L4||:    
    1203                      .dwpsn  file "../sources/fcl_tformat_f2837x_config.c",line 366,column 5,is_stmt,isa 0
    1204 00000035 FF20          MOV       ACC,#1598             ; [CPU_ALU] |366| 
         00000036 063E 
    1205 00000037 FF69          SPM       #0                    ; [CPU_ALU] 
    1206              $C$DW$108       .dwtag  DW_TAG_TI_branch
    1207                      .dwattr $C$DW$108, DW_AT_low_pc(0x00)
    1208                      .dwattr $C$DW$108, DW_AT_name("SysCtl_delay")
    1209                      .dwattr $C$DW$108, DW_AT_TI_call
    1210              
    1211 00000038 7640!         LCR       #||SysCtl_delay||     ; [CPU_ALU] |366| 
         00000039 0000 
    1212                      ; call occurs [#||SysCtl_delay||] ; [] |366| 
    1213                      .dwpsn  file "../sources/fcl_tformat_f2837x_config.c",line 367,column 5,is_stmt,isa 0
    1214 0000003a 56BF          MOVB      *-SP[1],#7,UNC        ; [CPU_ALU] |367| 
         0000003b 0741 
    1215 0000003c 28A9          MOV       AL,#36927             ; [CPU_ALU] |367| 
         0000003d 903F 
    1216 0000003e D406          MOVB      XAR4,#6               ; [CPU_ALU] |367| 
    1217 0000003f D50B          MOVB      XAR5,#11              ; [CPU_ALU] |367| 
    1218 00000040 9B3C          MOVB      AH,#60                ; [CPU_ALU] |367| 
    1219              $C$DW$109       .dwtag  DW_TAG_TI_branch
    1220                      .dwattr $C$DW$109, DW_AT_low_pc(0x00)
    1221                      .dwattr $C$DW$109, DW_AT_name("PM_tformat_setupCommandReadoutOrReset")
    1222                      .dwattr $C$DW$109, DW_AT_TI_call
    1223              
    1224 00000041 7640!         LCR       #||PM_tformat_setupCommandReadoutOrReset|| ; [CPU_ALU] |367| 
         00000042 0000 
    1225                      ; call occurs [#||PM_tformat_setupCommandReadoutOrReset||] ; [] |367| 
    1226                      .dwpsn  file "../sources/fcl_tformat_f2837x_config.c",line 372,column 5,is_stmt,isa 0
    1227              $C$DW$110       .dwtag  DW_TAG_TI_branch
    1228                      .dwattr $C$DW$110, DW_AT_low_pc(0x00)
    1229                      .dwattr $C$DW$110, DW_AT_name("PM_tformat_startOperation")
    1230                      .dwattr $C$DW$110, DW_AT_TI_call
    1231              
    1232 00000043 7640!         LCR       #||PM_tformat_startOperation|| ; [CPU_ALU] |372| 
         00000044 0000 
    1233                      ; call occurs [#||PM_tformat_startOperation||] ; [] |372| 
    1234 00000045       ||$C$L5||:    
    1235 00000045 761F!         MOVW      DP,#||tformatData||+15 ; [CPU_ARAU] 
         00000046 0000 
    1236                      .dwpsn  file "../sources/fcl_tformat_f2837x_config.c",line 373,column 11,is_stmt,isa 0
    1237 00000047 920F!         MOV       AL,@$BLOCKED(||tformatData||)+15 ; [CPU_ALU] |373| 
    1238 00000048 5201          CMPB      AL,#1                 ; [CPU_ALU] |373| 
    1239 00000049 60FC          B         ||$C$L5||,NEQ         ; [CPU_ALU] |373| 
    1240                      ; branchcc occurs ; [] |373| 
    1241                      .dwpsn  file "../sources/fcl_tformat_f2837x_config.c",line 374,column 5,is_stmt,isa 0
    1242              $C$DW$111       .dwtag  DW_TAG_TI_branch
TMS320C2000 Assembler PC v22.6.2 Thu Jan 22 11:16:45 2026

Copyright (c) 1996-2018 Texas Instruments Incorporated
fcl_tformat_f2837x_config.asm                                        PAGE   26

    1243                      .dwattr $C$DW$111, DW_AT_low_pc(0x00)
    1244                      .dwattr $C$DW$111, DW_AT_name("PM_tformat_receiveDataID0_1_7_8_C")
    1245                      .dwattr $C$DW$111, DW_AT_TI_call
    1246              
    1247 0000004a 7640!         LCR       #||PM_tformat_receiveDataID0_1_7_8_C|| ; [CPU_ALU] |374| 
         0000004b 0000 
    1248                      ; call occurs [#||PM_tformat_receiveDataID0_1_7_8_C||] ; [] |374| 
    1249 0000004c 761F!         MOVW      DP,#||tformatData||+10 ; [CPU_ARAU] 
         0000004d 0000 
    1250                      .dwpsn  file "../sources/fcl_tformat_f2837x_config.c",line 375,column 5,is_stmt,isa 0
    1251 0000004e 880B!         MOVZ      AR6,@$BLOCKED(||tformatData||)+11 ; [CPU_ALU] |375| 
    1252 0000004f 0E0A!         MOVU      ACC,@$BLOCKED(||tformatData||)+10 ; [CPU_ALU] |375| 
    1253 00000050 0FA6          CMPL      ACC,XAR6              ; [CPU_ALU] |375| 
    1254 00000051 6102          B         ||$C$L6||,EQ          ; [CPU_ALU] |375| 
    1255                      ; branchcc occurs ; [] |375| 
    1256 00000052 7625   ESTOP0
    1257 00000053       ||$C$L6||:    
    1258                      .dwpsn  file "../sources/fcl_tformat_f2837x_config.c",line 380,column 5,is_stmt,isa 0
    1259 00000053 FF20          MOV       ACC,#1598             ; [CPU_ALU] |380| 
         00000054 063E 
    1260 00000055 FF69          SPM       #0                    ; [CPU_ALU] 
    1261              $C$DW$112       .dwtag  DW_TAG_TI_branch
    1262                      .dwattr $C$DW$112, DW_AT_low_pc(0x00)
    1263                      .dwattr $C$DW$112, DW_AT_name("SysCtl_delay")
    1264                      .dwattr $C$DW$112, DW_AT_TI_call
    1265              
    1266 00000056 7640!         LCR       #||SysCtl_delay||     ; [CPU_ALU] |380| 
         00000057 0000 
    1267                      ; call occurs [#||SysCtl_delay||] ; [] |380| 
    1268                      .dwpsn  file "../sources/fcl_tformat_f2837x_config.c",line 381,column 5,is_stmt,isa 0
    1269 00000058 56BF          MOVB      *-SP[1],#7,UNC        ; [CPU_ALU] |381| 
         00000059 0741 
    1270 0000005a 28A9          MOV       AL,#38015             ; [CPU_ALU] |381| 
         0000005b 947F 
    1271 0000005c D406          MOVB      XAR4,#6               ; [CPU_ALU] |381| 
    1272 0000005d D50B          MOVB      XAR5,#11              ; [CPU_ALU] |381| 
    1273 0000005e 9B3C          MOVB      AH,#60                ; [CPU_ALU] |381| 
    1274              $C$DW$113       .dwtag  DW_TAG_TI_branch
    1275                      .dwattr $C$DW$113, DW_AT_low_pc(0x00)
    1276                      .dwattr $C$DW$113, DW_AT_name("PM_tformat_setupCommandReadoutOrReset")
    1277                      .dwattr $C$DW$113, DW_AT_TI_call
    1278              
    1279 0000005f 7640!         LCR       #||PM_tformat_setupCommandReadoutOrReset|| ; [CPU_ALU] |381| 
         00000060 0000 
    1280                      ; call occurs [#||PM_tformat_setupCommandReadoutOrReset||] ; [] |381| 
    1281                      .dwpsn  file "../sources/fcl_tformat_f2837x_config.c",line 386,column 5,is_stmt,isa 0
    1282              $C$DW$114       .dwtag  DW_TAG_TI_branch
    1283                      .dwattr $C$DW$114, DW_AT_low_pc(0x00)
    1284                      .dwattr $C$DW$114, DW_AT_name("PM_tformat_startOperation")
    1285                      .dwattr $C$DW$114, DW_AT_TI_call
    1286              
    1287 00000061 7640!         LCR       #||PM_tformat_startOperation|| ; [CPU_ALU] |386| 
         00000062 0000 
    1288                      ; call occurs [#||PM_tformat_startOperation||] ; [] |386| 
    1289 00000063       ||$C$L7||:    
TMS320C2000 Assembler PC v22.6.2 Thu Jan 22 11:16:45 2026

Copyright (c) 1996-2018 Texas Instruments Incorporated
fcl_tformat_f2837x_config.asm                                        PAGE   27

    1290 00000063 761F!         MOVW      DP,#||tformatData||+15 ; [CPU_ARAU] 
         00000064 0000 
    1291                      .dwpsn  file "../sources/fcl_tformat_f2837x_config.c",line 387,column 11,is_stmt,isa 0
    1292 00000065 920F!         MOV       AL,@$BLOCKED(||tformatData||)+15 ; [CPU_ALU] |387| 
    1293 00000066 5201          CMPB      AL,#1                 ; [CPU_ALU] |387| 
    1294 00000067 60FC          B         ||$C$L7||,NEQ         ; [CPU_ALU] |387| 
    1295                      ; branchcc occurs ; [] |387| 
    1296                      .dwpsn  file "../sources/fcl_tformat_f2837x_config.c",line 388,column 5,is_stmt,isa 0
    1297              $C$DW$115       .dwtag  DW_TAG_TI_branch
    1298                      .dwattr $C$DW$115, DW_AT_low_pc(0x00)
    1299                      .dwattr $C$DW$115, DW_AT_name("PM_tformat_receiveDataID0_1_7_8_C")
    1300                      .dwattr $C$DW$115, DW_AT_TI_call
    1301              
    1302 00000068 7640!         LCR       #||PM_tformat_receiveDataID0_1_7_8_C|| ; [CPU_ALU] |388| 
         00000069 0000 
    1303                      ; call occurs [#||PM_tformat_receiveDataID0_1_7_8_C||] ; [] |388| 
    1304 0000006a 761F!         MOVW      DP,#||tformatData||+10 ; [CPU_ARAU] 
         0000006b 0000 
    1305                      .dwpsn  file "../sources/fcl_tformat_f2837x_config.c",line 389,column 5,is_stmt,isa 0
    1306 0000006c 880B!         MOVZ      AR6,@$BLOCKED(||tformatData||)+11 ; [CPU_ALU] |389| 
    1307 0000006d 0E0A!         MOVU      ACC,@$BLOCKED(||tformatData||)+10 ; [CPU_ALU] |389| 
    1308 0000006e 0FA6          CMPL      ACC,XAR6              ; [CPU_ALU] |389| 
    1309 0000006f 6102          B         ||$C$L8||,EQ          ; [CPU_ALU] |389| 
    1310                      ; branchcc occurs ; [] |389| 
    1311 00000070 7625   ESTOP0
    1312 00000071       ||$C$L8||:    
    1313                      .dwpsn  file "../sources/fcl_tformat_f2837x_config.c",line 394,column 5,is_stmt,isa 0
    1314 00000071 FF20          MOV       ACC,#1598             ; [CPU_ALU] |394| 
         00000072 063E 
    1315 00000073 FF69          SPM       #0                    ; [CPU_ALU] 
    1316              $C$DW$116       .dwtag  DW_TAG_TI_branch
    1317                      .dwattr $C$DW$116, DW_AT_low_pc(0x00)
    1318                      .dwattr $C$DW$116, DW_AT_name("SysCtl_delay")
    1319                      .dwattr $C$DW$116, DW_AT_TI_call
    1320              
    1321 00000074 7640!         LCR       #||SysCtl_delay||     ; [CPU_ALU] |394| 
         00000075 0000 
    1322                      ; call occurs [#||SysCtl_delay||] ; [] |394| 
    1323                      .dwpsn  file "../sources/fcl_tformat_f2837x_config.c",line 396,column 5,is_stmt,isa 0
    1324 00000076 9A01          MOVB      AL,#1                 ; [CPU_ALU] |396| 
    1325              $C$DW$117       .dwtag  DW_TAG_TI_branch
    1326                      .dwattr $C$DW$117, DW_AT_low_pc(0x00)
    1327                      .dwattr $C$DW$117, DW_AT_name("PM_tformat_setupCommandReadEEPROM")
    1328                      .dwattr $C$DW$117, DW_AT_TI_call
    1329              
    1330 00000077 7640!         LCR       #||PM_tformat_setupCommandReadEEPROM|| ; [CPU_ALU] |396| 
         00000078 0000 
    1331                      ; call occurs [#||PM_tformat_setupCommandReadEEPROM||] ; [] |396| 
    1332                      .dwpsn  file "../sources/fcl_tformat_f2837x_config.c",line 397,column 5,is_stmt,isa 0
    1333              $C$DW$118       .dwtag  DW_TAG_TI_branch
    1334                      .dwattr $C$DW$118, DW_AT_low_pc(0x00)
    1335                      .dwattr $C$DW$118, DW_AT_name("PM_tformat_startOperation")
    1336                      .dwattr $C$DW$118, DW_AT_TI_call
    1337              
    1338 00000079 7640!         LCR       #||PM_tformat_startOperation|| ; [CPU_ALU] |397| 
TMS320C2000 Assembler PC v22.6.2 Thu Jan 22 11:16:45 2026

Copyright (c) 1996-2018 Texas Instruments Incorporated
fcl_tformat_f2837x_config.asm                                        PAGE   28

         0000007a 0000 
    1339                      ; call occurs [#||PM_tformat_startOperation||] ; [] |397| 
    1340 0000007b       ||$C$L9||:    
    1341 0000007b 761F!         MOVW      DP,#||tformatData||+15 ; [CPU_ARAU] 
         0000007c 0000 
    1342                      .dwpsn  file "../sources/fcl_tformat_f2837x_config.c",line 398,column 11,is_stmt,isa 0
    1343 0000007d 920F!         MOV       AL,@$BLOCKED(||tformatData||)+15 ; [CPU_ALU] |398| 
    1344 0000007e 5201          CMPB      AL,#1                 ; [CPU_ALU] |398| 
    1345 0000007f 60FC          B         ||$C$L9||,NEQ         ; [CPU_ALU] |398| 
    1346                      ; branchcc occurs ; [] |398| 
    1347                      .dwpsn  file "../sources/fcl_tformat_f2837x_config.c",line 399,column 5,is_stmt,isa 0
    1348              $C$DW$119       .dwtag  DW_TAG_TI_branch
    1349                      .dwattr $C$DW$119, DW_AT_low_pc(0x00)
    1350                      .dwattr $C$DW$119, DW_AT_name("PM_tformat_receiveDataIDD")
    1351                      .dwattr $C$DW$119, DW_AT_TI_call
    1352              
    1353 00000080 7640!         LCR       #||PM_tformat_receiveDataIDD|| ; [CPU_ALU] |399| 
         00000081 0000 
    1354                      ; call occurs [#||PM_tformat_receiveDataIDD||] ; [] |399| 
    1355 00000082 761F!         MOVW      DP,#||tformatData||+10 ; [CPU_ARAU] 
         00000083 0000 
    1356                      .dwpsn  file "../sources/fcl_tformat_f2837x_config.c",line 400,column 5,is_stmt,isa 0
    1357 00000084 880B!         MOVZ      AR6,@$BLOCKED(||tformatData||)+11 ; [CPU_ALU] |400| 
    1358 00000085 0E0A!         MOVU      ACC,@$BLOCKED(||tformatData||)+10 ; [CPU_ALU] |400| 
    1359 00000086 0FA6          CMPL      ACC,XAR6              ; [CPU_ALU] |400| 
    1360 00000087 6102          B         ||$C$L10||,EQ         ; [CPU_ALU] |400| 
    1361                      ; branchcc occurs ; [] |400| 
    1362 00000088 7625   ESTOP0
    1363 00000089       ||$C$L10||:    
    1364                      .dwpsn  file "../sources/fcl_tformat_f2837x_config.c",line 405,column 5,is_stmt,isa 0
    1365 00000089 8F0A          MOVL      XAR4,#719998          ; [CPU_ARAU] |405| 
         0000008a FC7E 
    1366 0000008b FF69          SPM       #0                    ; [CPU_ALU] 
    1367 0000008c A8A9          MOVL      ACC,XAR4              ; [CPU_ALU] |405| 
    1368              $C$DW$120       .dwtag  DW_TAG_TI_branch
    1369                      .dwattr $C$DW$120, DW_AT_low_pc(0x00)
    1370                      .dwattr $C$DW$120, DW_AT_name("SysCtl_delay")
    1371                      .dwattr $C$DW$120, DW_AT_TI_call
    1372              
    1373 0000008d 7640!         LCR       #||SysCtl_delay||     ; [CPU_ALU] |405| 
         0000008e 0000 
    1374                      ; call occurs [#||SysCtl_delay||] ; [] |405| 
    1375                      .dwpsn  file "../sources/fcl_tformat_f2837x_config.c",line 407,column 5,is_stmt,isa 0
    1376 0000008f 9A01          MOVB      AL,#1                 ; [CPU_ALU] |407| 
    1377 00000090 9B23          MOVB      AH,#35                ; [CPU_ALU] |407| 
    1378              $C$DW$121       .dwtag  DW_TAG_TI_branch
    1379                      .dwattr $C$DW$121, DW_AT_low_pc(0x00)
    1380                      .dwattr $C$DW$121, DW_AT_name("PM_tformat_setupCommandWriteEEPROM")
    1381                      .dwattr $C$DW$121, DW_AT_TI_call
    1382              
    1383 00000091 7640!         LCR       #||PM_tformat_setupCommandWriteEEPROM|| ; [CPU_ALU] |407| 
         00000092 0000 
    1384                      ; call occurs [#||PM_tformat_setupCommandWriteEEPROM||] ; [] |407| 
    1385                      .dwpsn  file "../sources/fcl_tformat_f2837x_config.c",line 408,column 5,is_stmt,isa 0
    1386              $C$DW$122       .dwtag  DW_TAG_TI_branch
TMS320C2000 Assembler PC v22.6.2 Thu Jan 22 11:16:45 2026

Copyright (c) 1996-2018 Texas Instruments Incorporated
fcl_tformat_f2837x_config.asm                                        PAGE   29

    1387                      .dwattr $C$DW$122, DW_AT_low_pc(0x00)
    1388                      .dwattr $C$DW$122, DW_AT_name("PM_tformat_startOperation")
    1389                      .dwattr $C$DW$122, DW_AT_TI_call
    1390              
    1391 00000093 7640!         LCR       #||PM_tformat_startOperation|| ; [CPU_ALU] |408| 
         00000094 0000 
    1392                      ; call occurs [#||PM_tformat_startOperation||] ; [] |408| 
    1393 00000095       ||$C$L11||:    
    1394 00000095 761F!         MOVW      DP,#||tformatData||+15 ; [CPU_ARAU] 
         00000096 0000 
    1395                      .dwpsn  file "../sources/fcl_tformat_f2837x_config.c",line 409,column 11,is_stmt,isa 0
    1396 00000097 920F!         MOV       AL,@$BLOCKED(||tformatData||)+15 ; [CPU_ALU] |409| 
    1397 00000098 5201          CMPB      AL,#1                 ; [CPU_ALU] |409| 
    1398 00000099 60FC          B         ||$C$L11||,NEQ        ; [CPU_ALU] |409| 
    1399                      ; branchcc occurs ; [] |409| 
    1400                      .dwpsn  file "../sources/fcl_tformat_f2837x_config.c",line 410,column 5,is_stmt,isa 0
    1401              $C$DW$123       .dwtag  DW_TAG_TI_branch
    1402                      .dwattr $C$DW$123, DW_AT_low_pc(0x00)
    1403                      .dwattr $C$DW$123, DW_AT_name("PM_tformat_receiveDataID6")
    1404                      .dwattr $C$DW$123, DW_AT_TI_call
    1405              
    1406 0000009a 7640!         LCR       #||PM_tformat_receiveDataID6|| ; [CPU_ALU] |410| 
         0000009b 0000 
    1407                      ; call occurs [#||PM_tformat_receiveDataID6||] ; [] |410| 
    1408 0000009c 761F!         MOVW      DP,#||tformatData||+10 ; [CPU_ARAU] 
         0000009d 0000 
    1409                      .dwpsn  file "../sources/fcl_tformat_f2837x_config.c",line 411,column 5,is_stmt,isa 0
    1410 0000009e 880B!         MOVZ      AR6,@$BLOCKED(||tformatData||)+11 ; [CPU_ALU] |411| 
    1411 0000009f 0E0A!         MOVU      ACC,@$BLOCKED(||tformatData||)+10 ; [CPU_ALU] |411| 
    1412 000000a0 0FA6          CMPL      ACC,XAR6              ; [CPU_ALU] |411| 
    1413 000000a1 6102          B         ||$C$L12||,EQ         ; [CPU_ALU] |411| 
    1414                      ; branchcc occurs ; [] |411| 
    1415 000000a2 7625   ESTOP0
    1416 000000a3       ||$C$L12||:    
    1417                      .dwpsn  file "../sources/fcl_tformat_f2837x_config.c",line 416,column 5,is_stmt,isa 0
    1418 000000a3 8F0A          MOVL      XAR4,#719998          ; [CPU_ARAU] |416| 
         000000a4 FC7E 
    1419 000000a5 FF69          SPM       #0                    ; [CPU_ALU] 
    1420 000000a6 A8A9          MOVL      ACC,XAR4              ; [CPU_ALU] |416| 
    1421              $C$DW$124       .dwtag  DW_TAG_TI_branch
    1422                      .dwattr $C$DW$124, DW_AT_low_pc(0x00)
    1423                      .dwattr $C$DW$124, DW_AT_name("SysCtl_delay")
    1424                      .dwattr $C$DW$124, DW_AT_TI_call
    1425              
    1426 000000a7 7640!         LCR       #||SysCtl_delay||     ; [CPU_ALU] |416| 
         000000a8 0000 
    1427                      ; call occurs [#||SysCtl_delay||] ; [] |416| 
    1428                      .dwpsn  file "../sources/fcl_tformat_f2837x_config.c",line 418,column 5,is_stmt,isa 0
    1429 000000a9 9A01          MOVB      AL,#1                 ; [CPU_ALU] |418| 
    1430              $C$DW$125       .dwtag  DW_TAG_TI_branch
    1431                      .dwattr $C$DW$125, DW_AT_low_pc(0x00)
    1432                      .dwattr $C$DW$125, DW_AT_name("PM_tformat_setupCommandReadEEPROM")
    1433                      .dwattr $C$DW$125, DW_AT_TI_call
    1434              
    1435 000000aa 7640!         LCR       #||PM_tformat_setupCommandReadEEPROM|| ; [CPU_ALU] |418| 
TMS320C2000 Assembler PC v22.6.2 Thu Jan 22 11:16:45 2026

Copyright (c) 1996-2018 Texas Instruments Incorporated
fcl_tformat_f2837x_config.asm                                        PAGE   30

         000000ab 0000 
    1436                      ; call occurs [#||PM_tformat_setupCommandReadEEPROM||] ; [] |418| 
    1437                      .dwpsn  file "../sources/fcl_tformat_f2837x_config.c",line 419,column 5,is_stmt,isa 0
    1438              $C$DW$126       .dwtag  DW_TAG_TI_branch
    1439                      .dwattr $C$DW$126, DW_AT_low_pc(0x00)
    1440                      .dwattr $C$DW$126, DW_AT_name("PM_tformat_startOperation")
    1441                      .dwattr $C$DW$126, DW_AT_TI_call
    1442              
    1443 000000ac 7640!         LCR       #||PM_tformat_startOperation|| ; [CPU_ALU] |419| 
         000000ad 0000 
    1444                      ; call occurs [#||PM_tformat_startOperation||] ; [] |419| 
    1445 000000ae       ||$C$L13||:    
    1446 000000ae 761F!         MOVW      DP,#||tformatData||+15 ; [CPU_ARAU] 
         000000af 0000 
    1447                      .dwpsn  file "../sources/fcl_tformat_f2837x_config.c",line 420,column 11,is_stmt,isa 0
    1448 000000b0 920F!         MOV       AL,@$BLOCKED(||tformatData||)+15 ; [CPU_ALU] |420| 
    1449 000000b1 5201          CMPB      AL,#1                 ; [CPU_ALU] |420| 
    1450 000000b2 60FC          B         ||$C$L13||,NEQ        ; [CPU_ALU] |420| 
    1451                      ; branchcc occurs ; [] |420| 
    1452                      .dwpsn  file "../sources/fcl_tformat_f2837x_config.c",line 421,column 5,is_stmt,isa 0
    1453              $C$DW$127       .dwtag  DW_TAG_TI_branch
    1454                      .dwattr $C$DW$127, DW_AT_low_pc(0x00)
    1455                      .dwattr $C$DW$127, DW_AT_name("PM_tformat_receiveDataIDD")
    1456                      .dwattr $C$DW$127, DW_AT_TI_call
    1457              
    1458 000000b3 7640!         LCR       #||PM_tformat_receiveDataIDD|| ; [CPU_ALU] |421| 
         000000b4 0000 
    1459                      ; call occurs [#||PM_tformat_receiveDataIDD||] ; [] |421| 
    1460 000000b5 761F!         MOVW      DP,#||tformatData||+11 ; [CPU_ARAU] 
         000000b6 0000 
    1461                      .dwpsn  file "../sources/fcl_tformat_f2837x_config.c",line 422,column 5,is_stmt,isa 0
    1462 000000b7 880B!         MOVZ      AR6,@$BLOCKED(||tformatData||)+11 ; [CPU_ALU] |422| 
    1463                      .dwpsn  file "../sources/fcl_tformat_f2837x_config.c",line 421,column 5,is_stmt,isa 0
    1464 000000b8 59A9          MOVZ      AR1,AL                ; [CPU_ALU] |421| 
    1465                      .dwpsn  file "../sources/fcl_tformat_f2837x_config.c",line 422,column 5,is_stmt,isa 0
    1466 000000b9 0E0A!         MOVU      ACC,@$BLOCKED(||tformatData||)+10 ; [CPU_ALU] |422| 
    1467 000000ba 0FA6          CMPL      ACC,XAR6              ; [CPU_ALU] |422| 
    1468 000000bb 6102          B         ||$C$L14||,EQ         ; [CPU_ALU] |422| 
    1469                      ; branchcc occurs ; [] |422| 
    1470 000000bc 7625   ESTOP0
    1471 000000bd       ||$C$L14||:    
    1472                      .dwpsn  file "../sources/fcl_tformat_f2837x_config.c",line 427,column 5,is_stmt,isa 0
    1473 000000bd FF20          MOV       ACC,#1598             ; [CPU_ALU] |427| 
         000000be 063E 
    1474 000000bf FF69          SPM       #0                    ; [CPU_ALU] 
    1475              $C$DW$128       .dwtag  DW_TAG_TI_branch
    1476                      .dwattr $C$DW$128, DW_AT_low_pc(0x00)
    1477                      .dwattr $C$DW$128, DW_AT_name("SysCtl_delay")
    1478                      .dwattr $C$DW$128, DW_AT_TI_call
    1479              
    1480 000000c0 7640!         LCR       #||SysCtl_delay||     ; [CPU_ALU] |427| 
         000000c1 0000 
    1481                      ; call occurs [#||SysCtl_delay||] ; [] |427| 
    1482                      .dwpsn  file "../sources/fcl_tformat_f2837x_config.c",line 428,column 5,is_stmt,isa 0
    1483 000000c2 92A1          MOV       AL,AR1                ; [CPU_ALU] |428| 
TMS320C2000 Assembler PC v22.6.2 Thu Jan 22 11:16:45 2026

Copyright (c) 1996-2018 Texas Instruments Incorporated
fcl_tformat_f2837x_config.asm                                        PAGE   31

    1484 000000c3 FE82          SUBB      SP,#2                 ; [CPU_ARAU] 
    1485                      .dwcfi  cfa_offset, -4
    1486 000000c4 8BBE          MOVL      XAR1,*--SP            ; [CPU_ALU] 
    1487                      .dwcfi  cfa_offset, -2
    1488                      .dwcfi  restore_reg, 7
    1489              $C$DW$129       .dwtag  DW_TAG_TI_branch
    1490                      .dwattr $C$DW$129, DW_AT_low_pc(0x00)
    1491                      .dwattr $C$DW$129, DW_AT_TI_return
    1492              
    1493 000000c5 0006          LRETR     ; [CPU_ALU] 
    1494                      ; return occurs ; [] 
    1495                      .dwattr $C$DW$100, DW_AT_TI_end_file("../sources/fcl_tformat_f2837x_config.c")
    1496                      .dwattr $C$DW$100, DW_AT_TI_end_line(0x1ad)
    1497                      .dwattr $C$DW$100, DW_AT_TI_end_column(0x05)
    1498                      .dwendentry
    1499                      .dwendtag $C$DW$100
    1500              
    1501 00000000               .sect   ".text:tformat_error"
    1502                      .clink
    1503                      .global ||tformat_error||
    1504              
    1505              $C$DW$130       .dwtag  DW_TAG_subprogram
    1506                      .dwattr $C$DW$130, DW_AT_name("tformat_error")
    1507                      .dwattr $C$DW$130, DW_AT_low_pc(||tformat_error||)
    1508                      .dwattr $C$DW$130, DW_AT_high_pc(0x00)
    1509                      .dwattr $C$DW$130, DW_AT_linkage_name("tformat_error")
    1510                      .dwattr $C$DW$130, DW_AT_external
    1511                      .dwattr $C$DW$130, DW_AT_decl_file("../sources/fcl_tformat_f2837x_config.c")
    1512                      .dwattr $C$DW$130, DW_AT_decl_line(0x109)
    1513                      .dwattr $C$DW$130, DW_AT_decl_column(0x06)
    1514                      .dwattr $C$DW$130, DW_AT_TI_max_frame_size(-2)
    1515                      .dwpsn  file "../sources/fcl_tformat_f2837x_config.c",line 266,column 1,is_stmt,address ||tformat_err
    1516              
    1517                      .dwfde $C$DW$CIE, ||tformat_error||
    1518              
    1519              ;***************************************************************
    1520              ;* FNAME: tformat_error                 FR SIZE:   0           *
    1521              ;*                                                             *
    1522              ;* FUNCTION ENVIRONMENT                                        *
    1523              ;*                                                             *
    1524              ;* FUNCTION PROPERTIES                                         *
    1525              ;*                            0 Parameter,  0 Auto,  0 SOE     *
    1526              ;***************************************************************
    1527              
    1528 00000000       ||tformat_error||:
    1529                      .dwcfi  cfa_offset, -2
    1530                      .dwcfi  save_reg_to_mem, 26, 0
    1531 00000000 7625   ESTOP0
    1532 00000001       ||$C$L15||:    
    1533                      .dwpsn  file "../sources/fcl_tformat_f2837x_config.c",line 268,column 5,is_stmt,isa 0
    1534 00000001 6F00          B         ||$C$L15||,UNC        ; [CPU_ALU] |268| 
    1535                      ; branch occurs ; [] |268| 
    1536                      .dwattr $C$DW$130, DW_AT_TI_end_file("../sources/fcl_tformat_f2837x_config.c")
    1537                      .dwattr $C$DW$130, DW_AT_TI_end_line(0x10d)
    1538                      .dwattr $C$DW$130, DW_AT_TI_end_column(0x01)
TMS320C2000 Assembler PC v22.6.2 Thu Jan 22 11:16:45 2026

Copyright (c) 1996-2018 Texas Instruments Incorporated
fcl_tformat_f2837x_config.asm                                        PAGE   32

    1539                      .dwendentry
    1540                      .dwendtag $C$DW$130
    1541              
    1542 00000000               .sect   ".text:tformat_checkCRC"
    1543                      .clink
    1544                      .global ||tformat_checkCRC||
    1545              
    1546              $C$DW$131       .dwtag  DW_TAG_subprogram
    1547                      .dwattr $C$DW$131, DW_AT_name("tformat_checkCRC")
    1548                      .dwattr $C$DW$131, DW_AT_low_pc(||tformat_checkCRC||)
    1549                      .dwattr $C$DW$131, DW_AT_high_pc(0x00)
    1550                      .dwattr $C$DW$131, DW_AT_linkage_name("tformat_checkCRC")
    1551                      .dwattr $C$DW$131, DW_AT_external
    1552                      .dwattr $C$DW$131, DW_AT_type(*$C$DW$T$20)
    1553                      .dwattr $C$DW$131, DW_AT_decl_file("../sources/fcl_tformat_f2837x_config.c")
    1554                      .dwattr $C$DW$131, DW_AT_decl_line(0x13a)
    1555                      .dwattr $C$DW$131, DW_AT_decl_column(0x0a)
    1556                      .dwattr $C$DW$131, DW_AT_TI_max_frame_size(-2)
    1557                      .dwpsn  file "../sources/fcl_tformat_f2837x_config.c",line 315,column 1,is_stmt,address ||tformat_che
    1558              
    1559                      .dwfde $C$DW$CIE, ||tformat_checkCRC||
    1560              $C$DW$132       .dwtag  DW_TAG_formal_parameter
    1561                      .dwattr $C$DW$132, DW_AT_name("expectCRC5")
    1562                      .dwattr $C$DW$132, DW_AT_type(*$C$DW$T$20)
    1563                      .dwattr $C$DW$132, DW_AT_location[DW_OP_reg0]
    1564              
    1565              $C$DW$133       .dwtag  DW_TAG_formal_parameter
    1566                      .dwattr $C$DW$133, DW_AT_name("receiveCRC5")
    1567                      .dwattr $C$DW$133, DW_AT_type(*$C$DW$T$20)
    1568                      .dwattr $C$DW$133, DW_AT_location[DW_OP_reg1]
    1569              
    1570              
    1571              ;***************************************************************
    1572              ;* FNAME: tformat_checkCRC              FR SIZE:   0           *
    1573              ;*                                                             *
    1574              ;* FUNCTION ENVIRONMENT                                        *
    1575              ;*                                                             *
    1576              ;* FUNCTION PROPERTIES                                         *
    1577              ;*                            0 Parameter,  0 Auto,  0 SOE     *
    1578              ;***************************************************************
    1579              
    1580              ||tformat_checkCRC||:
    1581              ;* AH    assigned to receiveCRC5
    1582              $C$DW$134       .dwtag  DW_TAG_variable
    1583                      .dwattr $C$DW$134, DW_AT_name("receiveCRC5")
    1584                      .dwattr $C$DW$134, DW_AT_type(*$C$DW$T$114)
    1585                      .dwattr $C$DW$134, DW_AT_location[DW_OP_reg1]
    1586              
    1587                      .dwcfi  cfa_offset, -2
    1588                      .dwcfi  save_reg_to_mem, 26, 0
    1589                      .dwpsn  file "../sources/fcl_tformat_f2837x_config.c",line 318,column 9,is_stmt,isa 0
    1590 00000000 80A9          MOVZ      AR7,AL                ; [CPU_ALU] |318| 
    1591 00000001 0EA8          MOVU      ACC,AH                ; [CPU_ALU] |318| 
    1592 00000002 BE00          MOVB      XAR6,#0               ; [CPU_ALU] |318| 
    1593 00000003 0FA7          CMPL      ACC,XAR7              ; [CPU_ALU] |318| 
TMS320C2000 Assembler PC v22.6.2 Thu Jan 22 11:16:45 2026

Copyright (c) 1996-2018 Texas Instruments Incorporated
fcl_tformat_f2837x_config.asm                                        PAGE   33

    1594 00000004 56B1          MOVB      XAR6,#1,EQ            ; [CPU_ALU] |318| 
         00000005 01A6 
    1595 00000006 92A6          MOV       AL,AR6                ; [CPU_ALU] |318| 
    1596              $C$DW$135       .dwtag  DW_TAG_TI_branch
    1597                      .dwattr $C$DW$135, DW_AT_low_pc(0x00)
    1598                      .dwattr $C$DW$135, DW_AT_TI_return
    1599              
    1600 00000007 0006          LRETR     ; [CPU_ALU] 
    1601                      ; return occurs ; [] 
    1602                      .dwattr $C$DW$131, DW_AT_TI_end_file("../sources/fcl_tformat_f2837x_config.c")
    1603                      .dwattr $C$DW$131, DW_AT_TI_end_line(0x144)
    1604                      .dwattr $C$DW$131, DW_AT_TI_end_column(0x01)
    1605                      .dwendentry
    1606                      .dwendtag $C$DW$131
    1607              
    1608 00000000               .sect   ".text:spiRxFIFOISR"
    1609                      .retain
    1610                      .retainrefs
    1611                      .global ||spiRxFIFOISR||
    1612              
    1613              $C$DW$136       .dwtag  DW_TAG_subprogram
    1614                      .dwattr $C$DW$136, DW_AT_name("spiRxFIFOISR")
    1615                      .dwattr $C$DW$136, DW_AT_low_pc(||spiRxFIFOISR||)
    1616                      .dwattr $C$DW$136, DW_AT_high_pc(0x00)
    1617                      .dwattr $C$DW$136, DW_AT_linkage_name("spiRxFIFOISR")
    1618                      .dwattr $C$DW$136, DW_AT_external
    1619                      .dwattr $C$DW$136, DW_AT_decl_file("../sources/fcl_tformat_f2837x_config.c")
    1620                      .dwattr $C$DW$136, DW_AT_decl_line(0x110)
    1621                      .dwattr $C$DW$136, DW_AT_decl_column(0x10)
    1622                      .dwattr $C$DW$136, DW_AT_TI_interrupt
    1623                      .dwattr $C$DW$136, DW_AT_TI_max_frame_size(-28)
    1624                      .dwpsn  file "../sources/fcl_tformat_f2837x_config.c",line 273,column 1,is_stmt,address ||spiRxFIFOIS
    1625              
    1626                      .dwfde $C$DW$CIE, ||spiRxFIFOISR||
    1627              
    1628              ;***************************************************************
    1629              ;* FNAME: spiRxFIFOISR                  FR SIZE:  26           *
    1630              ;*                                                             *
    1631              ;* FUNCTION ENVIRONMENT                                        *
    1632              ;*                                                             *
    1633              ;* FUNCTION PROPERTIES                                         *
    1634              ;*                            2 Parameter,  0 Auto, 24 SOE     *
    1635              ;***************************************************************
    1636              
    1637              ||spiRxFIFOISR||:
    1638              ;* AR6   assigned to $O$C2
    1639              ;* AL    assigned to $O$R1
    1640              ;* AL    assigned to $O$R1
    1641              ;* AL    assigned to $O$R1
    1642              ;* AR4   assigned to $O$U22
    1643              ;* AR7   assigned to $O$V0
    1644              ;* AR0   assigned to i
    1645              $C$DW$137       .dwtag  DW_TAG_variable
    1646                      .dwattr $C$DW$137, DW_AT_name("i")
    1647                      .dwattr $C$DW$137, DW_AT_type(*$C$DW$T$20)
TMS320C2000 Assembler PC v22.6.2 Thu Jan 22 11:16:45 2026

Copyright (c) 1996-2018 Texas Instruments Incorporated
fcl_tformat_f2837x_config.asm                                        PAGE   34

    1648                      .dwattr $C$DW$137, DW_AT_location[DW_OP_reg4]
    1649              
    1650                      .dwcfi  cfa_offset, -2
    1651                      .dwcfi  save_reg_to_mem, 26, 0
    1652 00000000 761B          ASP       ; [CPU_ALU] 
    1653 00000001 FFF0          PUSH      RB                    ; [CPU_FPU] 
    1654                      .dwcfi  save_reg_to_mem, 74, 4
    1655                      .dwcfi  cfa_offset, -4
    1656 00000002 0005          PUSH      AR1H:AR0H             ; [CPU_ALU] 
    1657                      .dwcfi  save_reg_to_mem, 5, 4
    1658                      .dwcfi  save_reg_to_mem, 7, 5
    1659                      .dwcfi  cfa_offset, -6
    1660 00000003 ABBD          MOVL      *SP++,XT              ; [CPU_ALU] 
    1661                      .dwcfi  save_reg_to_mem, 21, 6
    1662                      .dwcfi  save_reg_to_mem, 22, 7
    1663                      .dwcfi  cfa_offset, -8
    1664 00000004 A8BD          MOVL      *SP++,XAR4            ; [CPU_ALU] 
    1665                      .dwcfi  save_reg_to_mem, 12, 8
    1666                      .dwcfi  save_reg_to_mem, 13, 9
    1667                      .dwcfi  cfa_offset, -10
    1668 00000005 A0BD          MOVL      *SP++,XAR5            ; [CPU_ALU] 
    1669                      .dwcfi  save_reg_to_mem, 14, 10
    1670                      .dwcfi  save_reg_to_mem, 15, 11
    1671                      .dwcfi  cfa_offset, -12
    1672 00000006 C2BD          MOVL      *SP++,XAR6            ; [CPU_ALU] 
    1673                      .dwcfi  save_reg_to_mem, 16, 12
    1674                      .dwcfi  save_reg_to_mem, 17, 13
    1675                      .dwcfi  cfa_offset, -14
    1676 00000007 C3BD          MOVL      *SP++,XAR7            ; [CPU_ALU] 
    1677                      .dwcfi  save_reg_to_mem, 18, 14
    1678                      .dwcfi  save_reg_to_mem, 19, 15
    1679                      .dwcfi  cfa_offset, -16
    1680 00000008 E200          MOV32     *SP++,STF             ; [CPU_FPU] 
         00000009 00BD 
    1681                      .dwcfi  save_reg_to_mem, 40, 18
    1682                      .dwcfi  cfa_offset, -18
    1683 0000000a E203          MOV32     *SP++,R0H             ; [CPU_FPU] 
         0000000b 00BD 
    1684                      .dwcfi  save_reg_to_mem, 43, 20
    1685                      .dwcfi  cfa_offset, -20
    1686 0000000c E203          MOV32     *SP++,R1H             ; [CPU_FPU] 
         0000000d 01BD 
    1687                      .dwcfi  save_reg_to_mem, 47, 22
    1688                      .dwcfi  cfa_offset, -22
    1689 0000000e E203          MOV32     *SP++,R2H             ; [CPU_FPU] 
         0000000f 02BD 
    1690                      .dwcfi  save_reg_to_mem, 51, 24
    1691                      .dwcfi  cfa_offset, -24
    1692 00000010 E203          MOV32     *SP++,R3H             ; [CPU_FPU] 
         00000011 03BD 
    1693                      .dwcfi  save_reg_to_mem, 55, 26
    1694                      .dwcfi  cfa_offset, -26
    1695 00000012 E630          SETFLG    RNDF32=1, RNDF64=1    ; [CPU_FPU] 
         00000013 0600 
    1696 00000014 FE02          ADDB      SP,#2                 ; [CPU_ARAU] 
TMS320C2000 Assembler PC v22.6.2 Thu Jan 22 11:16:45 2026

Copyright (c) 1996-2018 Texas Instruments Incorporated
fcl_tformat_f2837x_config.asm                                        PAGE   35

    1697                      .dwcfi  cfa_offset, -28
    1698 00000015 FF69          SPM       0                     ; [CPU_ALU] 
    1699 00000016 2942          CLRC      PAGE0,OVM             ; [CPU_ALU] 
    1700 00000017 5616          CLRC      AMODE                 ; [CPU_ALU] 
    1701 00000018 761F!         MOVW      DP,#||tformatData||+16 ; [CPU_ARAU] 
         00000019 0000 
    1702 0000001a 8010!         MOVZ      AR7,@$BLOCKED(||tformatData||)+16 ; [CPU_ALU] 
    1703                      .dwpsn  file "../sources/fcl_tformat_f2837x_config.c",line 276,column 16,is_stmt,isa 0
    1704 0000001b 9A01          MOVB      AL,#1                 ; [CPU_ALU] |276| 
    1705 0000001c 94A7          ADD       AL,AR7                ; [CPU_ALU] |276| 
    1706 0000001d CCA9          AND       AL,AL,#0xfffe         ; [CPU_ALU] |276| 
         0000001e FFFE 
    1707                      .dwpsn  file "../sources/fcl_tformat_f2837x_config.c",line 276,column 9,is_stmt,isa 0
    1708 0000001f 56B1          MOVB      XAR0,#0,EQ            ; [CPU_ALU] |276| 
         00000020 00A0 
    1709 00000021 6118          B         ||$C$L17||,EQ         ; [CPU_ALU] 
    1710                      ; branchcc occurs ; [] 
    1711                      .dwpsn  file "../sources/fcl_tformat_f2837x_config.c",line 276,column 44,is_stmt,isa 0
    1712 00000022 9210!         MOV       AL,@$BLOCKED(||tformatData||)+16 ; [CPU_ALU] |276| 
    1713 00000023 9C01          ADDB      AL,#1                 ; [CPU_ALU] |276| 
    1714 00000024 FFC0          LSR       AL,1                  ; [CPU_ALU] |276| 
    1715 00000025 88A9          MOVZ      AR6,AL                ; [CPU_ALU] |276| 
    1716 00000026 8F00!         MOVL      XAR4,#||tformatRxData|| ; [CPU_ARAU] 
         00000027 0000 
    1717 00000028 5603          MOV       ACC,AR6 << #1         ; [CPU_ALU] |276| 
         00000029 01A6 
    1718 0000002a 58A9          MOVZ      AR0,AL                ; [CPU_ALU] |276| 
    1719 0000002b DE81          SUBB      XAR6,#1               ; [CPU_ARAU] 
    1720                      .dwpsn  file "../sources/fcl_tformat_f2837x_config.c",line 276,column 16,is_stmt,isa 0
    1721 0000002c B50B          RPTB      ||$C$L17||,AR6        ; [CPU_ALU] |276| 
         0000002d 00A6 
    1722                      ; repeat block starts ; [] 
    1723 0000002e       ||$C$L16||:    
    1724                      .dwpsn  file "C:/TI/C2000Ware_MotorControl_SDK_5_04_00_00/c2000ware/driverlib/f2837xd/driverlib/spi.h
    1725 0000002e F5A9          MOV       AL,*(0:0x6117)        ; [CPU_ALU] |852| 
         0000002f 6117 
    1726                      .dwpsn  file "../sources/fcl_tformat_f2837x_config.c",line 278,column 9,is_stmt,isa 0
    1727 00000030 90FF          ANDB      AL,#255               ; [CPU_ALU] |278| 
    1728 00000031 9684          MOV       *XAR4++,AL            ; [CPU_ALU] |278| 
    1729                      .dwpsn  file "C:/TI/C2000Ware_MotorControl_SDK_5_04_00_00/c2000ware/driverlib/f2837xd/driverlib/spi.h
    1730 00000032 F5A9          MOV       AL,*(0:0x6117)        ; [CPU_ALU] |852| 
         00000033 6117 
    1731                      .dwpsn  file "../sources/fcl_tformat_f2837x_config.c",line 278,column 9,is_stmt,isa 0
    1732 00000034 90FF          ANDB      AL,#255               ; [CPU_ALU] |278| 
    1733 00000035 9684          MOV       *XAR4++,AL            ; [CPU_ALU] |278| 
    1734 00000036 7700          NOP       ; [CPU_ALU] 
    1735 00000037 7700          NOP       ; [CPU_ALU] 
    1736 00000038 7700          NOP       ; [CPU_ALU] 
    1737                      ; repeat block ends ; [] 
    1738 00000039       ||$C$L17||:    
    1739 00000039 40A7          TBIT      AR7,#0                ; [CPU_ALU] 
    1740 0000003a 6D07          B         ||$C$L18||,TC         ; [CPU_ALU] 
    1741                      ; branchcc occurs ; [] 
    1742              ; Peeled loop iterations for unrolled loop:
    1743                      .dwpsn  file "C:/TI/C2000Ware_MotorControl_SDK_5_04_00_00/c2000ware/driverlib/f2837xd/driverlib/spi.h
TMS320C2000 Assembler PC v22.6.2 Thu Jan 22 11:16:45 2026

Copyright (c) 1996-2018 Texas Instruments Incorporated
fcl_tformat_f2837x_config.asm                                        PAGE   36

    1744 0000003b F5A9          MOV       AL,*(0:0x6117)        ; [CPU_ALU] |852| 
         0000003c 6117 
    1745                      .dwpsn  file "../sources/fcl_tformat_f2837x_config.c",line 278,column 9,is_stmt,isa 0
    1746 0000003d 8F00!         MOVL      XAR4,#||tformatRxData|| ; [CPU_ARAU] |278| 
         0000003e 0000 
    1747 0000003f 90FF          ANDB      AL,#255               ; [CPU_ALU] |278| 
    1748 00000040 9694          MOV       *+XAR4[AR0],AL        ; [CPU_ALU] |278| 
    1749 00000041       ||$C$L18||:    
    1750                      .dwpsn  file "../sources/fcl_tformat_f2837x_config.c",line 281,column 5,is_stmt,isa 0
    1751              $C$DW$138       .dwtag  DW_TAG_TI_branch
    1752                      .dwattr $C$DW$138, DW_AT_low_pc(0x00)
    1753                      .dwattr $C$DW$138, DW_AT_name("readTformatEncPosition")
    1754                      .dwattr $C$DW$138, DW_AT_TI_call
    1755              
    1756 00000041 7640!         LCR       #||readTformatEncPosition|| ; [CPU_ALU] |281| 
         00000042 0000 
    1757                      ; call occurs [#||readTformatEncPosition||] ; [] |281| 
    1758                      .dwpsn  file "../sources/fcl_tformat_f2837x_config.c",line 283,column 5,is_stmt,isa 0
    1759 00000043 0204          MOVB      ACC,#4                ; [CPU_ALU] |283| 
    1760 00000044 8F00          MOVL      XAR4,#24848           ; [CPU_ARAU] |283| 
         00000045 6110 
    1761 00000046 1E42          MOVL      *-SP[2],ACC           ; [CPU_ALU] |283| 
    1762 00000047 A8A9          MOVL      ACC,XAR4              ; [CPU_ALU] |283| 
    1763              $C$DW$139       .dwtag  DW_TAG_TI_branch
    1764                      .dwattr $C$DW$139, DW_AT_low_pc(0x00)
    1765                      .dwattr $C$DW$139, DW_AT_name("SPI_clearInterruptStatus")
    1766                      .dwattr $C$DW$139, DW_AT_TI_call
    1767              
    1768 00000048 7640!         LCR       #||SPI_clearInterruptStatus|| ; [CPU_ALU] |283| 
         00000049 0000 
    1769                      ; call occurs [#||SPI_clearInterruptStatus||] ; [] |283| 
    1770                      .dwpsn  file "C:\TI\C2000Ware_MotorControl_SDK_5_04_00_00\c2000ware\driverlib\f2837xd\driverlib\inter
    1771 0000004a 9A20          MOVB      AL,#32                ; [CPU_ALU] |379| 
    1772 0000004b 761F!         MOVW      DP,#||tformatData||+15 ; [CPU_ARAU] 
         0000004c 0000 
    1773 0000004d F4A9          MOV       *(0:0x0ce1),AL        ; [CPU_ALU] |379| 
         0000004e 0CE1 
    1774 0000004f FE82          SUBB      SP,#2                 ; [CPU_ARAU] 
    1775                      .dwcfi  cfa_offset, -26
    1776                      .dwpsn  file "../sources/fcl_tformat_f2837x_config.c",line 285,column 5,is_stmt,isa 0
    1777 00000050 56BF!         MOVB      @$BLOCKED(||tformatData||)+15,#1,UNC ; [CPU_ALU] |285| 
         00000051 010F 
    1778 00000052 E2AF          MOV32     R3H,*--SP             ; [CPU_FPU] 
         00000053 03BE 
    1779                      .dwcfi  cfa_offset, -24
    1780                      .dwcfi  restore_reg, 55
    1781 00000054 E2AF          MOV32     R2H,*--SP             ; [CPU_FPU] 
         00000055 02BE 
    1782                      .dwcfi  cfa_offset, -22
    1783                      .dwcfi  restore_reg, 51
    1784 00000056 E2AF          MOV32     R1H,*--SP             ; [CPU_FPU] 
         00000057 01BE 
    1785                      .dwcfi  cfa_offset, -20
    1786                      .dwcfi  restore_reg, 47
    1787 00000058 E2AF          MOV32     R0H,*--SP             ; [CPU_FPU] 
TMS320C2000 Assembler PC v22.6.2 Thu Jan 22 11:16:45 2026

Copyright (c) 1996-2018 Texas Instruments Incorporated
fcl_tformat_f2837x_config.asm                                        PAGE   37

         00000059 00BE 
    1788                      .dwcfi  cfa_offset, -18
    1789                      .dwcfi  restore_reg, 43
    1790 0000005a E280          MOV32     STF,*--SP             ; [CPU_FPU] 
         0000005b 00BE 
    1791                      .dwcfi  cfa_offset, -16
    1792                      .dwcfi  restore_reg, 40
    1793 0000005c C5BE          MOVL      XAR7,*--SP            ; [CPU_ALU] 
    1794                      .dwcfi  cfa_offset, -14
    1795                      .dwcfi  restore_reg, 18
    1796 0000005d C4BE          MOVL      XAR6,*--SP            ; [CPU_ALU] 
    1797                      .dwcfi  cfa_offset, -12
    1798                      .dwcfi  restore_reg, 16
    1799 0000005e 83BE          MOVL      XAR5,*--SP            ; [CPU_ALU] 
    1800                      .dwcfi  cfa_offset, -10
    1801                      .dwcfi  restore_reg, 14
    1802 0000005f 8ABE          MOVL      XAR4,*--SP            ; [CPU_ALU] 
    1803                      .dwcfi  cfa_offset, -8
    1804                      .dwcfi  restore_reg, 12
    1805 00000060 87BE          MOVL      XT,*--SP              ; [CPU_ALU] 
    1806                      .dwcfi  cfa_offset, -6
    1807                      .dwcfi  restore_reg, 22
    1808                      .dwcfi  restore_reg, 21
    1809 00000061 0003          POP       AR1H:AR0H             ; [CPU_ALU] 
    1810                      .dwcfi  cfa_offset, -4
    1811                      .dwcfi  restore_reg, 5
    1812                      .dwcfi  restore_reg, 7
    1813 00000062 3B30          SETC      INTM, DBGM            ; [CPU_ALU] 
    1814 00000063 FFF1          POP       RB                    ; [CPU_FPU] 
    1815                      .dwcfi  cfa_offset, -2
    1816                      .dwcfi  restore_reg, 74
    1817 00000064 7617          NASP      ; [CPU_ALU] 
    1818              $C$DW$140       .dwtag  DW_TAG_TI_branch
    1819                      .dwattr $C$DW$140, DW_AT_low_pc(0x00)
    1820                      .dwattr $C$DW$140, DW_AT_TI_return
    1821              
    1822 00000065 7602          IRET      ; [CPU_ALU] 
    1823                      ; return occurs ; [] 
    1824                      .dwattr $C$DW$136, DW_AT_TI_end_file("../sources/fcl_tformat_f2837x_config.c")
    1825                      .dwattr $C$DW$136, DW_AT_TI_end_line(0x11e)
    1826                      .dwattr $C$DW$136, DW_AT_TI_end_column(0x01)
    1827                      .dwendentry
    1828                      .dwendtag $C$DW$136
    1829              
    1830              ;**************************************************************
    1831              ;* UNDEFINED EXTERNAL REFERENCES                              *
    1832              ;**************************************************************
    1833                      .global ||PM_tformat_generateCRCTable||
    1834                      .global ||PM_tformat_setupPeriph||
    1835                      .global ||PM_tformat_setFreq||
    1836                      .global ||SPI_disableInterrupt||
    1837                      .global ||SPI_clearInterruptStatus||
    1838                      .global ||SPI_enableInterrupt||
    1839                      .global ||SysCtl_delay||
    1840                      .global ||GPIO_setControllerCore||
TMS320C2000 Assembler PC v22.6.2 Thu Jan 22 11:16:45 2026

Copyright (c) 1996-2018 Texas Instruments Incorporated
fcl_tformat_f2837x_config.asm                                        PAGE   38

    1841                      .global ||GPIO_setPinConfig||
    1842                      .global ||GPIO_setQualificationMode||
    1843                      .global ||GPIO_setDirectionMode||
    1844                      .global ||XBAR_setCLBMuxConfig||
    1845                      .global ||XBAR_setOutputMuxConfig||
    1846                      .global ||readTformatEncPosition||
    1847                      .global ||PM_tformat_setupCommandReadoutOrReset||
    1848                      .global ||PM_tformat_startOperation||
    1849                      .global ||PM_tformat_receiveDataID3||
    1850                      .global ||PM_tformat_receiveDataID2||
    1851                      .global ||PM_tformat_receiveDataID0_1_7_8_C||
    1852                      .global ||PM_tformat_setupCommandReadEEPROM||
    1853                      .global ||PM_tformat_setupCommandWriteEEPROM||
    1854                      .global ||PM_tformat_receiveDataIDD||
    1855                      .global ||PM_tformat_receiveDataID6||
    1856              
    1857              ;***************************************************************
    1858              ;* BUILD ATTRIBUTES                                            *
    1859              ;***************************************************************
    1860                      .battr "c28xabi", Tag_File, 1, Tag_float_args(0)
    1861                      .battr "c28xabi", Tag_File, 1, Tag_double_args(0)
    1862                      .dwattr $C$DW$CU, DW_AT_language(DW_LANG_C)
    1863              
    1864              ;***************************************************************
    1865              ;* DWARF CIE ENTRIES                                           *
    1866              ;***************************************************************
    1867              
    1868              $C$DW$CIE       .dwcie 26
    1869                      .dwcfi  cfa_register, 20
    1870                      .dwcfi  cfa_offset, 0
    1871                      .dwcfi  same_value, 28
    1872                      .dwcfi  same_value, 6
    1873                      .dwcfi  same_value, 7
    1874                      .dwcfi  same_value, 8
    1875                      .dwcfi  same_value, 9
    1876                      .dwcfi  same_value, 10
    1877                      .dwcfi  same_value, 11
    1878                      .dwcfi  same_value, 59
    1879                      .dwcfi  same_value, 63
    1880                      .dwcfi  same_value, 67
    1881                      .dwcfi  same_value, 71
    1882                      .dwendentry
    1883                      .dwendtag $C$DW$CU
    1884              
    1885              
    1886              ;***************************************************************
    1887              ;* TYPE INFORMATION                                            *
    1888              ;***************************************************************
    1889              
    1890              $C$DW$TU$24     .dwtag  DW_TAG_type_unit
    1891                      .dwmtype  $C$DW$T$24
    1892              
    1893              $C$DW$T$24      .dwtag  DW_TAG_enumeration_type
    1894                      .dwattr $C$DW$T$24, DW_AT_byte_size(0x01)
    1895              $C$DW$141       .dwtag  DW_TAG_enumerator
TMS320C2000 Assembler PC v22.6.2 Thu Jan 22 11:16:45 2026

Copyright (c) 1996-2018 Texas Instruments Incorporated
fcl_tformat_f2837x_config.asm                                        PAGE   39

    1896                      .dwattr $C$DW$141, DW_AT_name("SYSCTL_PERIPH_CLK_CLA1")
    1897                      .dwattr $C$DW$141, DW_AT_const_value(0x00)
    1898                      .dwattr $C$DW$141, DW_AT_decl_file("C:\TI\C2000Ware_MotorControl_SDK_5_04_00_00\c2000ware\driverlib\f
    1899                      .dwattr $C$DW$141, DW_AT_decl_line(0x183)
    1900                      .dwattr $C$DW$141, DW_AT_decl_column(0x05)
    1901              
    1902              $C$DW$142       .dwtag  DW_TAG_enumerator
    1903                      .dwattr $C$DW$142, DW_AT_name("SYSCTL_PERIPH_CLK_DMA")
    1904                      .dwattr $C$DW$142, DW_AT_const_value(0x200)
    1905                      .dwattr $C$DW$142, DW_AT_decl_file("C:\TI\C2000Ware_MotorControl_SDK_5_04_00_00\c2000ware\driverlib\f
    1906                      .dwattr $C$DW$142, DW_AT_decl_line(0x184)
    1907                      .dwattr $C$DW$142, DW_AT_decl_column(0x05)
    1908              
    1909              $C$DW$143       .dwtag  DW_TAG_enumerator
    1910                      .dwattr $C$DW$143, DW_AT_name("SYSCTL_PERIPH_CLK_TIMER0")
    1911                      .dwattr $C$DW$143, DW_AT_const_value(0x300)
    1912                      .dwattr $C$DW$143, DW_AT_decl_file("C:\TI\C2000Ware_MotorControl_SDK_5_04_00_00\c2000ware\driverlib\f
    1913                      .dwattr $C$DW$143, DW_AT_decl_line(0x185)
    1914                      .dwattr $C$DW$143, DW_AT_decl_column(0x05)
    1915              
    1916              $C$DW$144       .dwtag  DW_TAG_enumerator
    1917                      .dwattr $C$DW$144, DW_AT_name("SYSCTL_PERIPH_CLK_TIMER1")
    1918                      .dwattr $C$DW$144, DW_AT_const_value(0x400)
    1919                      .dwattr $C$DW$144, DW_AT_decl_file("C:\TI\C2000Ware_MotorControl_SDK_5_04_00_00\c2000ware\driverlib\f
    1920                      .dwattr $C$DW$144, DW_AT_decl_line(0x186)
    1921                      .dwattr $C$DW$144, DW_AT_decl_column(0x05)
    1922              
    1923              $C$DW$145       .dwtag  DW_TAG_enumerator
    1924                      .dwattr $C$DW$145, DW_AT_name("SYSCTL_PERIPH_CLK_TIMER2")
    1925                      .dwattr $C$DW$145, DW_AT_const_value(0x500)
    1926                      .dwattr $C$DW$145, DW_AT_decl_file("C:\TI\C2000Ware_MotorControl_SDK_5_04_00_00\c2000ware\driverlib\f
    1927                      .dwattr $C$DW$145, DW_AT_decl_line(0x187)
    1928                      .dwattr $C$DW$145, DW_AT_decl_column(0x05)
    1929              
    1930              $C$DW$146       .dwtag  DW_TAG_enumerator
    1931                      .dwattr $C$DW$146, DW_AT_name("SYSCTL_PERIPH_CLK_HRPWM")
    1932                      .dwattr $C$DW$146, DW_AT_const_value(0x1000)
    1933                      .dwattr $C$DW$146, DW_AT_decl_file("C:\TI\C2000Ware_MotorControl_SDK_5_04_00_00\c2000ware\driverlib\f
    1934                      .dwattr $C$DW$146, DW_AT_decl_line(0x188)
    1935                      .dwattr $C$DW$146, DW_AT_decl_column(0x05)
    1936              
    1937              $C$DW$147       .dwtag  DW_TAG_enumerator
    1938                      .dwattr $C$DW$147, DW_AT_name("SYSCTL_PERIPH_CLK_TBCLKSYNC")
    1939                      .dwattr $C$DW$147, DW_AT_const_value(0x1200)
    1940                      .dwattr $C$DW$147, DW_AT_decl_file("C:\TI\C2000Ware_MotorControl_SDK_5_04_00_00\c2000ware\driverlib\f
    1941                      .dwattr $C$DW$147, DW_AT_decl_line(0x189)
    1942                      .dwattr $C$DW$147, DW_AT_decl_column(0x05)
    1943              
    1944              $C$DW$148       .dwtag  DW_TAG_enumerator
    1945                      .dwattr $C$DW$148, DW_AT_name("SYSCTL_PERIPH_CLK_GTBCLKSYNC")
    1946                      .dwattr $C$DW$148, DW_AT_const_value(0x1300)
    1947                      .dwattr $C$DW$148, DW_AT_decl_file("C:\TI\C2000Ware_MotorControl_SDK_5_04_00_00\c2000ware\driverlib\f
    1948                      .dwattr $C$DW$148, DW_AT_decl_line(0x18a)
    1949                      .dwattr $C$DW$148, DW_AT_decl_column(0x05)
    1950              
TMS320C2000 Assembler PC v22.6.2 Thu Jan 22 11:16:45 2026

Copyright (c) 1996-2018 Texas Instruments Incorporated
fcl_tformat_f2837x_config.asm                                        PAGE   40

    1951              $C$DW$149       .dwtag  DW_TAG_enumerator
    1952                      .dwattr $C$DW$149, DW_AT_name("SYSCTL_PERIPH_CLK_EMIF1")
    1953                      .dwattr $C$DW$149, DW_AT_const_value(0x01)
    1954                      .dwattr $C$DW$149, DW_AT_decl_file("C:\TI\C2000Ware_MotorControl_SDK_5_04_00_00\c2000ware\driverlib\f
    1955                      .dwattr $C$DW$149, DW_AT_decl_line(0x18b)
    1956                      .dwattr $C$DW$149, DW_AT_decl_column(0x05)
    1957              
    1958              $C$DW$150       .dwtag  DW_TAG_enumerator
    1959                      .dwattr $C$DW$150, DW_AT_name("SYSCTL_PERIPH_CLK_EMIF2")
    1960                      .dwattr $C$DW$150, DW_AT_const_value(0x101)
    1961                      .dwattr $C$DW$150, DW_AT_decl_file("C:\TI\C2000Ware_MotorControl_SDK_5_04_00_00\c2000ware\driverlib\f
    1962                      .dwattr $C$DW$150, DW_AT_decl_line(0x18c)
    1963                      .dwattr $C$DW$150, DW_AT_decl_column(0x05)
    1964              
    1965              $C$DW$151       .dwtag  DW_TAG_enumerator
    1966                      .dwattr $C$DW$151, DW_AT_name("SYSCTL_PERIPH_CLK_EPWM1")
    1967                      .dwattr $C$DW$151, DW_AT_const_value(0x02)
    1968                      .dwattr $C$DW$151, DW_AT_decl_file("C:\TI\C2000Ware_MotorControl_SDK_5_04_00_00\c2000ware\driverlib\f
    1969                      .dwattr $C$DW$151, DW_AT_decl_line(0x18d)
    1970                      .dwattr $C$DW$151, DW_AT_decl_column(0x05)
    1971              
    1972              $C$DW$152       .dwtag  DW_TAG_enumerator
    1973                      .dwattr $C$DW$152, DW_AT_name("SYSCTL_PERIPH_CLK_EPWM2")
    1974                      .dwattr $C$DW$152, DW_AT_const_value(0x102)
    1975                      .dwattr $C$DW$152, DW_AT_decl_file("C:\TI\C2000Ware_MotorControl_SDK_5_04_00_00\c2000ware\driverlib\f
    1976                      .dwattr $C$DW$152, DW_AT_decl_line(0x18e)
    1977                      .dwattr $C$DW$152, DW_AT_decl_column(0x05)
    1978              
    1979              $C$DW$153       .dwtag  DW_TAG_enumerator
    1980                      .dwattr $C$DW$153, DW_AT_name("SYSCTL_PERIPH_CLK_EPWM3")
    1981                      .dwattr $C$DW$153, DW_AT_const_value(0x202)
    1982                      .dwattr $C$DW$153, DW_AT_decl_file("C:\TI\C2000Ware_MotorControl_SDK_5_04_00_00\c2000ware\driverlib\f
    1983                      .dwattr $C$DW$153, DW_AT_decl_line(0x18f)
    1984                      .dwattr $C$DW$153, DW_AT_decl_column(0x05)
    1985              
    1986              $C$DW$154       .dwtag  DW_TAG_enumerator
    1987                      .dwattr $C$DW$154, DW_AT_name("SYSCTL_PERIPH_CLK_EPWM4")
    1988                      .dwattr $C$DW$154, DW_AT_const_value(0x302)
    1989                      .dwattr $C$DW$154, DW_AT_decl_file("C:\TI\C2000Ware_MotorControl_SDK_5_04_00_00\c2000ware\driverlib\f
    1990                      .dwattr $C$DW$154, DW_AT_decl_line(0x190)
    1991                      .dwattr $C$DW$154, DW_AT_decl_column(0x05)
    1992              
    1993              $C$DW$155       .dwtag  DW_TAG_enumerator
    1994                      .dwattr $C$DW$155, DW_AT_name("SYSCTL_PERIPH_CLK_EPWM5")
    1995                      .dwattr $C$DW$155, DW_AT_const_value(0x402)
    1996                      .dwattr $C$DW$155, DW_AT_decl_file("C:\TI\C2000Ware_MotorControl_SDK_5_04_00_00\c2000ware\driverlib\f
    1997                      .dwattr $C$DW$155, DW_AT_decl_line(0x191)
    1998                      .dwattr $C$DW$155, DW_AT_decl_column(0x05)
    1999              
    2000              $C$DW$156       .dwtag  DW_TAG_enumerator
    2001                      .dwattr $C$DW$156, DW_AT_name("SYSCTL_PERIPH_CLK_EPWM6")
    2002                      .dwattr $C$DW$156, DW_AT_const_value(0x502)
    2003                      .dwattr $C$DW$156, DW_AT_decl_file("C:\TI\C2000Ware_MotorControl_SDK_5_04_00_00\c2000ware\driverlib\f
    2004                      .dwattr $C$DW$156, DW_AT_decl_line(0x192)
    2005                      .dwattr $C$DW$156, DW_AT_decl_column(0x05)
TMS320C2000 Assembler PC v22.6.2 Thu Jan 22 11:16:45 2026

Copyright (c) 1996-2018 Texas Instruments Incorporated
fcl_tformat_f2837x_config.asm                                        PAGE   41

    2006              
    2007              $C$DW$157       .dwtag  DW_TAG_enumerator
    2008                      .dwattr $C$DW$157, DW_AT_name("SYSCTL_PERIPH_CLK_EPWM7")
    2009                      .dwattr $C$DW$157, DW_AT_const_value(0x602)
    2010                      .dwattr $C$DW$157, DW_AT_decl_file("C:\TI\C2000Ware_MotorControl_SDK_5_04_00_00\c2000ware\driverlib\f
    2011                      .dwattr $C$DW$157, DW_AT_decl_line(0x193)
    2012                      .dwattr $C$DW$157, DW_AT_decl_column(0x05)
    2013              
    2014              $C$DW$158       .dwtag  DW_TAG_enumerator
    2015                      .dwattr $C$DW$158, DW_AT_name("SYSCTL_PERIPH_CLK_EPWM8")
    2016                      .dwattr $C$DW$158, DW_AT_const_value(0x702)
    2017                      .dwattr $C$DW$158, DW_AT_decl_file("C:\TI\C2000Ware_MotorControl_SDK_5_04_00_00\c2000ware\driverlib\f
    2018                      .dwattr $C$DW$158, DW_AT_decl_line(0x194)
    2019                      .dwattr $C$DW$158, DW_AT_decl_column(0x05)
    2020              
    2021              $C$DW$159       .dwtag  DW_TAG_enumerator
    2022                      .dwattr $C$DW$159, DW_AT_name("SYSCTL_PERIPH_CLK_EPWM9")
    2023                      .dwattr $C$DW$159, DW_AT_const_value(0x802)
    2024                      .dwattr $C$DW$159, DW_AT_decl_file("C:\TI\C2000Ware_MotorControl_SDK_5_04_00_00\c2000ware\driverlib\f
    2025                      .dwattr $C$DW$159, DW_AT_decl_line(0x195)
    2026                      .dwattr $C$DW$159, DW_AT_decl_column(0x05)
    2027              
    2028              $C$DW$160       .dwtag  DW_TAG_enumerator
    2029                      .dwattr $C$DW$160, DW_AT_name("SYSCTL_PERIPH_CLK_EPWM10")
    2030                      .dwattr $C$DW$160, DW_AT_const_value(0x902)
    2031                      .dwattr $C$DW$160, DW_AT_decl_file("C:\TI\C2000Ware_MotorControl_SDK_5_04_00_00\c2000ware\driverlib\f
    2032                      .dwattr $C$DW$160, DW_AT_decl_line(0x196)
    2033                      .dwattr $C$DW$160, DW_AT_decl_column(0x05)
    2034              
    2035              $C$DW$161       .dwtag  DW_TAG_enumerator
    2036                      .dwattr $C$DW$161, DW_AT_name("SYSCTL_PERIPH_CLK_EPWM11")
    2037                      .dwattr $C$DW$161, DW_AT_const_value(0xa02)
    2038                      .dwattr $C$DW$161, DW_AT_decl_file("C:\TI\C2000Ware_MotorControl_SDK_5_04_00_00\c2000ware\driverlib\f
    2039                      .dwattr $C$DW$161, DW_AT_decl_line(0x197)
    2040                      .dwattr $C$DW$161, DW_AT_decl_column(0x05)
    2041              
    2042              $C$DW$162       .dwtag  DW_TAG_enumerator
    2043                      .dwattr $C$DW$162, DW_AT_name("SYSCTL_PERIPH_CLK_EPWM12")
    2044                      .dwattr $C$DW$162, DW_AT_const_value(0xb02)
    2045                      .dwattr $C$DW$162, DW_AT_decl_file("C:\TI\C2000Ware_MotorControl_SDK_5_04_00_00\c2000ware\driverlib\f
    2046                      .dwattr $C$DW$162, DW_AT_decl_line(0x198)
    2047                      .dwattr $C$DW$162, DW_AT_decl_column(0x05)
    2048              
    2049              $C$DW$163       .dwtag  DW_TAG_enumerator
    2050                      .dwattr $C$DW$163, DW_AT_name("SYSCTL_PERIPH_CLK_ECAP1")
    2051                      .dwattr $C$DW$163, DW_AT_const_value(0x03)
    2052                      .dwattr $C$DW$163, DW_AT_decl_file("C:\TI\C2000Ware_MotorControl_SDK_5_04_00_00\c2000ware\driverlib\f
    2053                      .dwattr $C$DW$163, DW_AT_decl_line(0x199)
    2054                      .dwattr $C$DW$163, DW_AT_decl_column(0x05)
    2055              
    2056              $C$DW$164       .dwtag  DW_TAG_enumerator
    2057                      .dwattr $C$DW$164, DW_AT_name("SYSCTL_PERIPH_CLK_ECAP2")
    2058                      .dwattr $C$DW$164, DW_AT_const_value(0x103)
    2059                      .dwattr $C$DW$164, DW_AT_decl_file("C:\TI\C2000Ware_MotorControl_SDK_5_04_00_00\c2000ware\driverlib\f
    2060                      .dwattr $C$DW$164, DW_AT_decl_line(0x19a)
TMS320C2000 Assembler PC v22.6.2 Thu Jan 22 11:16:45 2026

Copyright (c) 1996-2018 Texas Instruments Incorporated
fcl_tformat_f2837x_config.asm                                        PAGE   42

    2061                      .dwattr $C$DW$164, DW_AT_decl_column(0x05)
    2062              
    2063              $C$DW$165       .dwtag  DW_TAG_enumerator
    2064                      .dwattr $C$DW$165, DW_AT_name("SYSCTL_PERIPH_CLK_ECAP3")
    2065                      .dwattr $C$DW$165, DW_AT_const_value(0x203)
    2066                      .dwattr $C$DW$165, DW_AT_decl_file("C:\TI\C2000Ware_MotorControl_SDK_5_04_00_00\c2000ware\driverlib\f
    2067                      .dwattr $C$DW$165, DW_AT_decl_line(0x19b)
    2068                      .dwattr $C$DW$165, DW_AT_decl_column(0x05)
    2069              
    2070              $C$DW$166       .dwtag  DW_TAG_enumerator
    2071                      .dwattr $C$DW$166, DW_AT_name("SYSCTL_PERIPH_CLK_ECAP4")
    2072                      .dwattr $C$DW$166, DW_AT_const_value(0x303)
    2073                      .dwattr $C$DW$166, DW_AT_decl_file("C:\TI\C2000Ware_MotorControl_SDK_5_04_00_00\c2000ware\driverlib\f
    2074                      .dwattr $C$DW$166, DW_AT_decl_line(0x19c)
    2075                      .dwattr $C$DW$166, DW_AT_decl_column(0x05)
    2076              
    2077              $C$DW$167       .dwtag  DW_TAG_enumerator
    2078                      .dwattr $C$DW$167, DW_AT_name("SYSCTL_PERIPH_CLK_ECAP5")
    2079                      .dwattr $C$DW$167, DW_AT_const_value(0x403)
    2080                      .dwattr $C$DW$167, DW_AT_decl_file("C:\TI\C2000Ware_MotorControl_SDK_5_04_00_00\c2000ware\driverlib\f
    2081                      .dwattr $C$DW$167, DW_AT_decl_line(0x19d)
    2082                      .dwattr $C$DW$167, DW_AT_decl_column(0x05)
    2083              
    2084              $C$DW$168       .dwtag  DW_TAG_enumerator
    2085                      .dwattr $C$DW$168, DW_AT_name("SYSCTL_PERIPH_CLK_ECAP6")
    2086                      .dwattr $C$DW$168, DW_AT_const_value(0x503)
    2087                      .dwattr $C$DW$168, DW_AT_decl_file("C:\TI\C2000Ware_MotorControl_SDK_5_04_00_00\c2000ware\driverlib\f
    2088                      .dwattr $C$DW$168, DW_AT_decl_line(0x19e)
    2089                      .dwattr $C$DW$168, DW_AT_decl_column(0x05)
    2090              
    2091              $C$DW$169       .dwtag  DW_TAG_enumerator
    2092                      .dwattr $C$DW$169, DW_AT_name("SYSCTL_PERIPH_CLK_EQEP1")
    2093                      .dwattr $C$DW$169, DW_AT_const_value(0x04)
    2094                      .dwattr $C$DW$169, DW_AT_decl_file("C:\TI\C2000Ware_MotorControl_SDK_5_04_00_00\c2000ware\driverlib\f
    2095                      .dwattr $C$DW$169, DW_AT_decl_line(0x19f)
    2096                      .dwattr $C$DW$169, DW_AT_decl_column(0x05)
    2097              
    2098              $C$DW$170       .dwtag  DW_TAG_enumerator
    2099                      .dwattr $C$DW$170, DW_AT_name("SYSCTL_PERIPH_CLK_EQEP2")
    2100                      .dwattr $C$DW$170, DW_AT_const_value(0x104)
    2101                      .dwattr $C$DW$170, DW_AT_decl_file("C:\TI\C2000Ware_MotorControl_SDK_5_04_00_00\c2000ware\driverlib\f
    2102                      .dwattr $C$DW$170, DW_AT_decl_line(0x1a0)
    2103                      .dwattr $C$DW$170, DW_AT_decl_column(0x05)
    2104              
    2105              $C$DW$171       .dwtag  DW_TAG_enumerator
    2106                      .dwattr $C$DW$171, DW_AT_name("SYSCTL_PERIPH_CLK_EQEP3")
    2107                      .dwattr $C$DW$171, DW_AT_const_value(0x204)
    2108                      .dwattr $C$DW$171, DW_AT_decl_file("C:\TI\C2000Ware_MotorControl_SDK_5_04_00_00\c2000ware\driverlib\f
    2109                      .dwattr $C$DW$171, DW_AT_decl_line(0x1a1)
    2110                      .dwattr $C$DW$171, DW_AT_decl_column(0x05)
    2111              
    2112              $C$DW$172       .dwtag  DW_TAG_enumerator
    2113                      .dwattr $C$DW$172, DW_AT_name("SYSCTL_PERIPH_CLK_SD1")
    2114                      .dwattr $C$DW$172, DW_AT_const_value(0x06)
    2115                      .dwattr $C$DW$172, DW_AT_decl_file("C:\TI\C2000Ware_MotorControl_SDK_5_04_00_00\c2000ware\driverlib\f
TMS320C2000 Assembler PC v22.6.2 Thu Jan 22 11:16:45 2026

Copyright (c) 1996-2018 Texas Instruments Incorporated
fcl_tformat_f2837x_config.asm                                        PAGE   43

    2116                      .dwattr $C$DW$172, DW_AT_decl_line(0x1a2)
    2117                      .dwattr $C$DW$172, DW_AT_decl_column(0x05)
    2118              
    2119              $C$DW$173       .dwtag  DW_TAG_enumerator
    2120                      .dwattr $C$DW$173, DW_AT_name("SYSCTL_PERIPH_CLK_SD2")
    2121                      .dwattr $C$DW$173, DW_AT_const_value(0x106)
    2122                      .dwattr $C$DW$173, DW_AT_decl_file("C:\TI\C2000Ware_MotorControl_SDK_5_04_00_00\c2000ware\driverlib\f
    2123                      .dwattr $C$DW$173, DW_AT_decl_line(0x1a3)
    2124                      .dwattr $C$DW$173, DW_AT_decl_column(0x05)
    2125              
    2126              $C$DW$174       .dwtag  DW_TAG_enumerator
    2127                      .dwattr $C$DW$174, DW_AT_name("SYSCTL_PERIPH_CLK_SCIA")
    2128                      .dwattr $C$DW$174, DW_AT_const_value(0x07)
    2129                      .dwattr $C$DW$174, DW_AT_decl_file("C:\TI\C2000Ware_MotorControl_SDK_5_04_00_00\c2000ware\driverlib\f
    2130                      .dwattr $C$DW$174, DW_AT_decl_line(0x1a4)
    2131                      .dwattr $C$DW$174, DW_AT_decl_column(0x05)
    2132              
    2133              $C$DW$175       .dwtag  DW_TAG_enumerator
    2134                      .dwattr $C$DW$175, DW_AT_name("SYSCTL_PERIPH_CLK_SCIB")
    2135                      .dwattr $C$DW$175, DW_AT_const_value(0x107)
    2136                      .dwattr $C$DW$175, DW_AT_decl_file("C:\TI\C2000Ware_MotorControl_SDK_5_04_00_00\c2000ware\driverlib\f
    2137                      .dwattr $C$DW$175, DW_AT_decl_line(0x1a5)
    2138                      .dwattr $C$DW$175, DW_AT_decl_column(0x05)
    2139              
    2140              $C$DW$176       .dwtag  DW_TAG_enumerator
    2141                      .dwattr $C$DW$176, DW_AT_name("SYSCTL_PERIPH_CLK_SCIC")
    2142                      .dwattr $C$DW$176, DW_AT_const_value(0x207)
    2143                      .dwattr $C$DW$176, DW_AT_decl_file("C:\TI\C2000Ware_MotorControl_SDK_5_04_00_00\c2000ware\driverlib\f
    2144                      .dwattr $C$DW$176, DW_AT_decl_line(0x1a6)
    2145                      .dwattr $C$DW$176, DW_AT_decl_column(0x05)
    2146              
    2147              $C$DW$177       .dwtag  DW_TAG_enumerator
    2148                      .dwattr $C$DW$177, DW_AT_name("SYSCTL_PERIPH_CLK_SCID")
    2149                      .dwattr $C$DW$177, DW_AT_const_value(0x307)
    2150                      .dwattr $C$DW$177, DW_AT_decl_file("C:\TI\C2000Ware_MotorControl_SDK_5_04_00_00\c2000ware\driverlib\f
    2151                      .dwattr $C$DW$177, DW_AT_decl_line(0x1a7)
    2152                      .dwattr $C$DW$177, DW_AT_decl_column(0x05)
    2153              
    2154              $C$DW$178       .dwtag  DW_TAG_enumerator
    2155                      .dwattr $C$DW$178, DW_AT_name("SYSCTL_PERIPH_CLK_SPIA")
    2156                      .dwattr $C$DW$178, DW_AT_const_value(0x08)
    2157                      .dwattr $C$DW$178, DW_AT_decl_file("C:\TI\C2000Ware_MotorControl_SDK_5_04_00_00\c2000ware\driverlib\f
    2158                      .dwattr $C$DW$178, DW_AT_decl_line(0x1a8)
    2159                      .dwattr $C$DW$178, DW_AT_decl_column(0x05)
    2160              
    2161              $C$DW$179       .dwtag  DW_TAG_enumerator
    2162                      .dwattr $C$DW$179, DW_AT_name("SYSCTL_PERIPH_CLK_SPIB")
    2163                      .dwattr $C$DW$179, DW_AT_const_value(0x108)
    2164                      .dwattr $C$DW$179, DW_AT_decl_file("C:\TI\C2000Ware_MotorControl_SDK_5_04_00_00\c2000ware\driverlib\f
    2165                      .dwattr $C$DW$179, DW_AT_decl_line(0x1a9)
    2166                      .dwattr $C$DW$179, DW_AT_decl_column(0x05)
    2167              
    2168              $C$DW$180       .dwtag  DW_TAG_enumerator
    2169                      .dwattr $C$DW$180, DW_AT_name("SYSCTL_PERIPH_CLK_SPIC")
    2170                      .dwattr $C$DW$180, DW_AT_const_value(0x208)
TMS320C2000 Assembler PC v22.6.2 Thu Jan 22 11:16:45 2026

Copyright (c) 1996-2018 Texas Instruments Incorporated
fcl_tformat_f2837x_config.asm                                        PAGE   44

    2171                      .dwattr $C$DW$180, DW_AT_decl_file("C:\TI\C2000Ware_MotorControl_SDK_5_04_00_00\c2000ware\driverlib\f
    2172                      .dwattr $C$DW$180, DW_AT_decl_line(0x1aa)
    2173                      .dwattr $C$DW$180, DW_AT_decl_column(0x05)
    2174              
    2175              $C$DW$181       .dwtag  DW_TAG_enumerator
    2176                      .dwattr $C$DW$181, DW_AT_name("SYSCTL_PERIPH_CLK_I2CA")
    2177                      .dwattr $C$DW$181, DW_AT_const_value(0x09)
    2178                      .dwattr $C$DW$181, DW_AT_decl_file("C:\TI\C2000Ware_MotorControl_SDK_5_04_00_00\c2000ware\driverlib\f
    2179                      .dwattr $C$DW$181, DW_AT_decl_line(0x1ab)
    2180                      .dwattr $C$DW$181, DW_AT_decl_column(0x05)
    2181              
    2182              $C$DW$182       .dwtag  DW_TAG_enumerator
    2183                      .dwattr $C$DW$182, DW_AT_name("SYSCTL_PERIPH_CLK_I2CB")
    2184                      .dwattr $C$DW$182, DW_AT_const_value(0x109)
    2185                      .dwattr $C$DW$182, DW_AT_decl_file("C:\TI\C2000Ware_MotorControl_SDK_5_04_00_00\c2000ware\driverlib\f
    2186                      .dwattr $C$DW$182, DW_AT_decl_line(0x1ac)
    2187                      .dwattr $C$DW$182, DW_AT_decl_column(0x05)
    2188              
    2189              $C$DW$183       .dwtag  DW_TAG_enumerator
    2190                      .dwattr $C$DW$183, DW_AT_name("SYSCTL_PERIPH_CLK_CANA")
    2191                      .dwattr $C$DW$183, DW_AT_const_value(0x0a)
    2192                      .dwattr $C$DW$183, DW_AT_decl_file("C:\TI\C2000Ware_MotorControl_SDK_5_04_00_00\c2000ware\driverlib\f
    2193                      .dwattr $C$DW$183, DW_AT_decl_line(0x1ad)
    2194                      .dwattr $C$DW$183, DW_AT_decl_column(0x05)
    2195              
    2196              $C$DW$184       .dwtag  DW_TAG_enumerator
    2197                      .dwattr $C$DW$184, DW_AT_name("SYSCTL_PERIPH_CLK_CANB")
    2198                      .dwattr $C$DW$184, DW_AT_const_value(0x10a)
    2199                      .dwattr $C$DW$184, DW_AT_decl_file("C:\TI\C2000Ware_MotorControl_SDK_5_04_00_00\c2000ware\driverlib\f
    2200                      .dwattr $C$DW$184, DW_AT_decl_line(0x1ae)
    2201                      .dwattr $C$DW$184, DW_AT_decl_column(0x05)
    2202              
    2203              $C$DW$185       .dwtag  DW_TAG_enumerator
    2204                      .dwattr $C$DW$185, DW_AT_name("SYSCTL_PERIPH_CLK_MCBSPA")
    2205                      .dwattr $C$DW$185, DW_AT_const_value(0x0b)
    2206                      .dwattr $C$DW$185, DW_AT_decl_file("C:\TI\C2000Ware_MotorControl_SDK_5_04_00_00\c2000ware\driverlib\f
    2207                      .dwattr $C$DW$185, DW_AT_decl_line(0x1af)
    2208                      .dwattr $C$DW$185, DW_AT_decl_column(0x05)
    2209              
    2210              $C$DW$186       .dwtag  DW_TAG_enumerator
    2211                      .dwattr $C$DW$186, DW_AT_name("SYSCTL_PERIPH_CLK_MCBSPB")
    2212                      .dwattr $C$DW$186, DW_AT_const_value(0x10b)
    2213                      .dwattr $C$DW$186, DW_AT_decl_file("C:\TI\C2000Ware_MotorControl_SDK_5_04_00_00\c2000ware\driverlib\f
    2214                      .dwattr $C$DW$186, DW_AT_decl_line(0x1b0)
    2215                      .dwattr $C$DW$186, DW_AT_decl_column(0x05)
    2216              
    2217              $C$DW$187       .dwtag  DW_TAG_enumerator
    2218                      .dwattr $C$DW$187, DW_AT_name("SYSCTL_PERIPH_CLK_USBA")
    2219                      .dwattr $C$DW$187, DW_AT_const_value(0x100b)
    2220                      .dwattr $C$DW$187, DW_AT_decl_file("C:\TI\C2000Ware_MotorControl_SDK_5_04_00_00\c2000ware\driverlib\f
    2221                      .dwattr $C$DW$187, DW_AT_decl_line(0x1b1)
    2222                      .dwattr $C$DW$187, DW_AT_decl_column(0x05)
    2223              
    2224              $C$DW$188       .dwtag  DW_TAG_enumerator
    2225                      .dwattr $C$DW$188, DW_AT_name("SYSCTL_PERIPH_CLK_UPPA")
TMS320C2000 Assembler PC v22.6.2 Thu Jan 22 11:16:45 2026

Copyright (c) 1996-2018 Texas Instruments Incorporated
fcl_tformat_f2837x_config.asm                                        PAGE   45

    2226                      .dwattr $C$DW$188, DW_AT_const_value(0x0c)
    2227                      .dwattr $C$DW$188, DW_AT_decl_file("C:\TI\C2000Ware_MotorControl_SDK_5_04_00_00\c2000ware\driverlib\f
    2228                      .dwattr $C$DW$188, DW_AT_decl_line(0x1b2)
    2229                      .dwattr $C$DW$188, DW_AT_decl_column(0x05)
    2230              
    2231              $C$DW$189       .dwtag  DW_TAG_enumerator
    2232                      .dwattr $C$DW$189, DW_AT_name("SYSCTL_PERIPH_CLK_ADCA")
    2233                      .dwattr $C$DW$189, DW_AT_const_value(0x0d)
    2234                      .dwattr $C$DW$189, DW_AT_decl_file("C:\TI\C2000Ware_MotorControl_SDK_5_04_00_00\c2000ware\driverlib\f
    2235                      .dwattr $C$DW$189, DW_AT_decl_line(0x1b3)
    2236                      .dwattr $C$DW$189, DW_AT_decl_column(0x05)
    2237              
    2238              $C$DW$190       .dwtag  DW_TAG_enumerator
    2239                      .dwattr $C$DW$190, DW_AT_name("SYSCTL_PERIPH_CLK_ADCB")
    2240                      .dwattr $C$DW$190, DW_AT_const_value(0x10d)
    2241                      .dwattr $C$DW$190, DW_AT_decl_file("C:\TI\C2000Ware_MotorControl_SDK_5_04_00_00\c2000ware\driverlib\f
    2242                      .dwattr $C$DW$190, DW_AT_decl_line(0x1b4)
    2243                      .dwattr $C$DW$190, DW_AT_decl_column(0x05)
    2244              
    2245              $C$DW$191       .dwtag  DW_TAG_enumerator
    2246                      .dwattr $C$DW$191, DW_AT_name("SYSCTL_PERIPH_CLK_ADCC")
    2247                      .dwattr $C$DW$191, DW_AT_const_value(0x20d)
    2248                      .dwattr $C$DW$191, DW_AT_decl_file("C:\TI\C2000Ware_MotorControl_SDK_5_04_00_00\c2000ware\driverlib\f
    2249                      .dwattr $C$DW$191, DW_AT_decl_line(0x1b5)
    2250                      .dwattr $C$DW$191, DW_AT_decl_column(0x05)
    2251              
    2252              $C$DW$192       .dwtag  DW_TAG_enumerator
    2253                      .dwattr $C$DW$192, DW_AT_name("SYSCTL_PERIPH_CLK_ADCD")
    2254                      .dwattr $C$DW$192, DW_AT_const_value(0x30d)
    2255                      .dwattr $C$DW$192, DW_AT_decl_file("C:\TI\C2000Ware_MotorControl_SDK_5_04_00_00\c2000ware\driverlib\f
    2256                      .dwattr $C$DW$192, DW_AT_decl_line(0x1b6)
    2257                      .dwattr $C$DW$192, DW_AT_decl_column(0x05)
    2258              
    2259              $C$DW$193       .dwtag  DW_TAG_enumerator
    2260                      .dwattr $C$DW$193, DW_AT_name("SYSCTL_PERIPH_CLK_CMPSS1")
    2261                      .dwattr $C$DW$193, DW_AT_const_value(0x0e)
    2262                      .dwattr $C$DW$193, DW_AT_decl_file("C:\TI\C2000Ware_MotorControl_SDK_5_04_00_00\c2000ware\driverlib\f
    2263                      .dwattr $C$DW$193, DW_AT_decl_line(0x1b7)
    2264                      .dwattr $C$DW$193, DW_AT_decl_column(0x05)
    2265              
    2266              $C$DW$194       .dwtag  DW_TAG_enumerator
    2267                      .dwattr $C$DW$194, DW_AT_name("SYSCTL_PERIPH_CLK_CMPSS2")
    2268                      .dwattr $C$DW$194, DW_AT_const_value(0x10e)
    2269                      .dwattr $C$DW$194, DW_AT_decl_file("C:\TI\C2000Ware_MotorControl_SDK_5_04_00_00\c2000ware\driverlib\f
    2270                      .dwattr $C$DW$194, DW_AT_decl_line(0x1b8)
    2271                      .dwattr $C$DW$194, DW_AT_decl_column(0x05)
    2272              
    2273              $C$DW$195       .dwtag  DW_TAG_enumerator
    2274                      .dwattr $C$DW$195, DW_AT_name("SYSCTL_PERIPH_CLK_CMPSS3")
    2275                      .dwattr $C$DW$195, DW_AT_const_value(0x20e)
    2276                      .dwattr $C$DW$195, DW_AT_decl_file("C:\TI\C2000Ware_MotorControl_SDK_5_04_00_00\c2000ware\driverlib\f
    2277                      .dwattr $C$DW$195, DW_AT_decl_line(0x1b9)
    2278                      .dwattr $C$DW$195, DW_AT_decl_column(0x05)
    2279              
    2280              $C$DW$196       .dwtag  DW_TAG_enumerator
TMS320C2000 Assembler PC v22.6.2 Thu Jan 22 11:16:45 2026

Copyright (c) 1996-2018 Texas Instruments Incorporated
fcl_tformat_f2837x_config.asm                                        PAGE   46

    2281                      .dwattr $C$DW$196, DW_AT_name("SYSCTL_PERIPH_CLK_CMPSS4")
    2282                      .dwattr $C$DW$196, DW_AT_const_value(0x30e)
    2283                      .dwattr $C$DW$196, DW_AT_decl_file("C:\TI\C2000Ware_MotorControl_SDK_5_04_00_00\c2000ware\driverlib\f
    2284                      .dwattr $C$DW$196, DW_AT_decl_line(0x1ba)
    2285                      .dwattr $C$DW$196, DW_AT_decl_column(0x05)
    2286              
    2287              $C$DW$197       .dwtag  DW_TAG_enumerator
    2288                      .dwattr $C$DW$197, DW_AT_name("SYSCTL_PERIPH_CLK_CMPSS5")
    2289                      .dwattr $C$DW$197, DW_AT_const_value(0x40e)
    2290                      .dwattr $C$DW$197, DW_AT_decl_file("C:\TI\C2000Ware_MotorControl_SDK_5_04_00_00\c2000ware\driverlib\f
    2291                      .dwattr $C$DW$197, DW_AT_decl_line(0x1bb)
    2292                      .dwattr $C$DW$197, DW_AT_decl_column(0x05)
    2293              
    2294              $C$DW$198       .dwtag  DW_TAG_enumerator
    2295                      .dwattr $C$DW$198, DW_AT_name("SYSCTL_PERIPH_CLK_CMPSS6")
    2296                      .dwattr $C$DW$198, DW_AT_const_value(0x50e)
    2297                      .dwattr $C$DW$198, DW_AT_decl_file("C:\TI\C2000Ware_MotorControl_SDK_5_04_00_00\c2000ware\driverlib\f
    2298                      .dwattr $C$DW$198, DW_AT_decl_line(0x1bc)
    2299                      .dwattr $C$DW$198, DW_AT_decl_column(0x05)
    2300              
    2301              $C$DW$199       .dwtag  DW_TAG_enumerator
    2302                      .dwattr $C$DW$199, DW_AT_name("SYSCTL_PERIPH_CLK_CMPSS7")
    2303                      .dwattr $C$DW$199, DW_AT_const_value(0x60e)
    2304                      .dwattr $C$DW$199, DW_AT_decl_file("C:\TI\C2000Ware_MotorControl_SDK_5_04_00_00\c2000ware\driverlib\f
    2305                      .dwattr $C$DW$199, DW_AT_decl_line(0x1bd)
    2306                      .dwattr $C$DW$199, DW_AT_decl_column(0x05)
    2307              
    2308              $C$DW$200       .dwtag  DW_TAG_enumerator
    2309                      .dwattr $C$DW$200, DW_AT_name("SYSCTL_PERIPH_CLK_CMPSS8")
    2310                      .dwattr $C$DW$200, DW_AT_const_value(0x70e)
    2311                      .dwattr $C$DW$200, DW_AT_decl_file("C:\TI\C2000Ware_MotorControl_SDK_5_04_00_00\c2000ware\driverlib\f
    2312                      .dwattr $C$DW$200, DW_AT_decl_line(0x1be)
    2313                      .dwattr $C$DW$200, DW_AT_decl_column(0x05)
    2314              
    2315              $C$DW$201       .dwtag  DW_TAG_enumerator
    2316                      .dwattr $C$DW$201, DW_AT_name("SYSCTL_PERIPH_CLK_DACA")
    2317                      .dwattr $C$DW$201, DW_AT_const_value(0x1010)
    2318                      .dwattr $C$DW$201, DW_AT_decl_file("C:\TI\C2000Ware_MotorControl_SDK_5_04_00_00\c2000ware\driverlib\f
    2319                      .dwattr $C$DW$201, DW_AT_decl_line(0x1bf)
    2320                      .dwattr $C$DW$201, DW_AT_decl_column(0x05)
    2321              
    2322              $C$DW$202       .dwtag  DW_TAG_enumerator
    2323                      .dwattr $C$DW$202, DW_AT_name("SYSCTL_PERIPH_CLK_DACB")
    2324                      .dwattr $C$DW$202, DW_AT_const_value(0x1110)
    2325                      .dwattr $C$DW$202, DW_AT_decl_file("C:\TI\C2000Ware_MotorControl_SDK_5_04_00_00\c2000ware\driverlib\f
    2326                      .dwattr $C$DW$202, DW_AT_decl_line(0x1c0)
    2327                      .dwattr $C$DW$202, DW_AT_decl_column(0x05)
    2328              
    2329              $C$DW$203       .dwtag  DW_TAG_enumerator
    2330                      .dwattr $C$DW$203, DW_AT_name("SYSCTL_PERIPH_CLK_DACC")
    2331                      .dwattr $C$DW$203, DW_AT_const_value(0x1210)
    2332                      .dwattr $C$DW$203, DW_AT_decl_file("C:\TI\C2000Ware_MotorControl_SDK_5_04_00_00\c2000ware\driverlib\f
    2333                      .dwattr $C$DW$203, DW_AT_decl_line(0x1c1)
    2334                      .dwattr $C$DW$203, DW_AT_decl_column(0x05)
    2335              
TMS320C2000 Assembler PC v22.6.2 Thu Jan 22 11:16:45 2026

Copyright (c) 1996-2018 Texas Instruments Incorporated
fcl_tformat_f2837x_config.asm                                        PAGE   47

    2336                      .dwattr $C$DW$T$24, DW_AT_decl_file("C:\TI\C2000Ware_MotorControl_SDK_5_04_00_00\c2000ware\driverlib\
    2337                      .dwattr $C$DW$T$24, DW_AT_decl_line(0x182)
    2338                      .dwattr $C$DW$T$24, DW_AT_decl_column(0x01)
    2339                      .dwendtag $C$DW$T$24
    2340              
    2341                      .dwendtag $C$DW$TU$24
    2342              
    2343              
    2344              $C$DW$TU$25     .dwtag  DW_TAG_type_unit
    2345                      .dwmtype  $C$DW$T$25
    2346              $C$DW$T$25      .dwtag  DW_TAG_typedef
    2347                      .dwattr $C$DW$T$25, DW_AT_name("SysCtl_PeripheralPCLOCKCR")
    2348                      .dwattr $C$DW$T$25, DW_AT_type(*$C$DW$T$24)
    2349                      .dwattr $C$DW$T$25, DW_AT_decl_file("C:\TI\C2000Ware_MotorControl_SDK_5_04_00_00\c2000ware\driverlib\
    2350                      .dwattr $C$DW$T$25, DW_AT_decl_line(0x1c2)
    2351                      .dwattr $C$DW$T$25, DW_AT_decl_column(0x03)
    2352              
    2353                      .dwendtag $C$DW$TU$25
    2354              
    2355              
    2356              $C$DW$TU$26     .dwtag  DW_TAG_type_unit
    2357                      .dwmtype  $C$DW$T$26
    2358              
    2359              $C$DW$T$26      .dwtag  DW_TAG_enumeration_type
    2360                      .dwattr $C$DW$T$26, DW_AT_byte_size(0x01)
    2361              $C$DW$204       .dwtag  DW_TAG_enumerator
    2362                      .dwattr $C$DW$204, DW_AT_name("CLB_IN0")
    2363                      .dwattr $C$DW$204, DW_AT_const_value(0x00)
    2364                      .dwattr $C$DW$204, DW_AT_decl_file("C:/TI/C2000Ware_MotorControl_SDK_5_04_00_00/c2000ware/driverlib/f
    2365                      .dwattr $C$DW$204, DW_AT_decl_line(0xae)
    2366                      .dwattr $C$DW$204, DW_AT_decl_column(0x05)
    2367              
    2368              $C$DW$205       .dwtag  DW_TAG_enumerator
    2369                      .dwattr $C$DW$205, DW_AT_name("CLB_IN1")
    2370                      .dwattr $C$DW$205, DW_AT_const_value(0x01)
    2371                      .dwattr $C$DW$205, DW_AT_decl_file("C:/TI/C2000Ware_MotorControl_SDK_5_04_00_00/c2000ware/driverlib/f
    2372                      .dwattr $C$DW$205, DW_AT_decl_line(0xaf)
    2373                      .dwattr $C$DW$205, DW_AT_decl_column(0x05)
    2374              
    2375              $C$DW$206       .dwtag  DW_TAG_enumerator
    2376                      .dwattr $C$DW$206, DW_AT_name("CLB_IN2")
    2377                      .dwattr $C$DW$206, DW_AT_const_value(0x02)
    2378                      .dwattr $C$DW$206, DW_AT_decl_file("C:/TI/C2000Ware_MotorControl_SDK_5_04_00_00/c2000ware/driverlib/f
    2379                      .dwattr $C$DW$206, DW_AT_decl_line(0xb0)
    2380                      .dwattr $C$DW$206, DW_AT_decl_column(0x05)
    2381              
    2382              $C$DW$207       .dwtag  DW_TAG_enumerator
    2383                      .dwattr $C$DW$207, DW_AT_name("CLB_IN3")
    2384                      .dwattr $C$DW$207, DW_AT_const_value(0x03)
    2385                      .dwattr $C$DW$207, DW_AT_decl_file("C:/TI/C2000Ware_MotorControl_SDK_5_04_00_00/c2000ware/driverlib/f
    2386                      .dwattr $C$DW$207, DW_AT_decl_line(0xb1)
    2387                      .dwattr $C$DW$207, DW_AT_decl_column(0x05)
    2388              
    2389              $C$DW$208       .dwtag  DW_TAG_enumerator
    2390                      .dwattr $C$DW$208, DW_AT_name("CLB_IN4")
TMS320C2000 Assembler PC v22.6.2 Thu Jan 22 11:16:45 2026

Copyright (c) 1996-2018 Texas Instruments Incorporated
fcl_tformat_f2837x_config.asm                                        PAGE   48

    2391                      .dwattr $C$DW$208, DW_AT_const_value(0x04)
    2392                      .dwattr $C$DW$208, DW_AT_decl_file("C:/TI/C2000Ware_MotorControl_SDK_5_04_00_00/c2000ware/driverlib/f
    2393                      .dwattr $C$DW$208, DW_AT_decl_line(0xb2)
    2394                      .dwattr $C$DW$208, DW_AT_decl_column(0x05)
    2395              
    2396              $C$DW$209       .dwtag  DW_TAG_enumerator
    2397                      .dwattr $C$DW$209, DW_AT_name("CLB_IN5")
    2398                      .dwattr $C$DW$209, DW_AT_const_value(0x05)
    2399                      .dwattr $C$DW$209, DW_AT_decl_file("C:/TI/C2000Ware_MotorControl_SDK_5_04_00_00/c2000ware/driverlib/f
    2400                      .dwattr $C$DW$209, DW_AT_decl_line(0xb3)
    2401                      .dwattr $C$DW$209, DW_AT_decl_column(0x05)
    2402              
    2403              $C$DW$210       .dwtag  DW_TAG_enumerator
    2404                      .dwattr $C$DW$210, DW_AT_name("CLB_IN6")
    2405                      .dwattr $C$DW$210, DW_AT_const_value(0x06)
    2406                      .dwattr $C$DW$210, DW_AT_decl_file("C:/TI/C2000Ware_MotorControl_SDK_5_04_00_00/c2000ware/driverlib/f
    2407                      .dwattr $C$DW$210, DW_AT_decl_line(0xb4)
    2408                      .dwattr $C$DW$210, DW_AT_decl_column(0x05)
    2409              
    2410              $C$DW$211       .dwtag  DW_TAG_enumerator
    2411                      .dwattr $C$DW$211, DW_AT_name("CLB_IN7")
    2412                      .dwattr $C$DW$211, DW_AT_const_value(0x07)
    2413                      .dwattr $C$DW$211, DW_AT_decl_file("C:/TI/C2000Ware_MotorControl_SDK_5_04_00_00/c2000ware/driverlib/f
    2414                      .dwattr $C$DW$211, DW_AT_decl_line(0xb5)
    2415                      .dwattr $C$DW$211, DW_AT_decl_column(0x05)
    2416              
    2417                      .dwattr $C$DW$T$26, DW_AT_decl_file("C:/TI/C2000Ware_MotorControl_SDK_5_04_00_00/c2000ware/driverlib/
    2418                      .dwattr $C$DW$T$26, DW_AT_decl_line(0xad)
    2419                      .dwattr $C$DW$T$26, DW_AT_decl_column(0x01)
    2420                      .dwendtag $C$DW$T$26
    2421              
    2422                      .dwendtag $C$DW$TU$26
    2423              
    2424              
    2425              $C$DW$TU$27     .dwtag  DW_TAG_type_unit
    2426                      .dwmtype  $C$DW$T$27
    2427              $C$DW$T$27      .dwtag  DW_TAG_typedef
    2428                      .dwattr $C$DW$T$27, DW_AT_name("CLB_Inputs")
    2429                      .dwattr $C$DW$T$27, DW_AT_type(*$C$DW$T$26)
    2430                      .dwattr $C$DW$T$27, DW_AT_decl_file("C:/TI/C2000Ware_MotorControl_SDK_5_04_00_00/c2000ware/driverlib/
    2431                      .dwattr $C$DW$T$27, DW_AT_decl_line(0xb6)
    2432                      .dwattr $C$DW$T$27, DW_AT_decl_column(0x03)
    2433              
    2434                      .dwendtag $C$DW$TU$27
    2435              
    2436              
    2437              $C$DW$TU$28     .dwtag  DW_TAG_type_unit
    2438                      .dwmtype  $C$DW$T$28
    2439              
    2440              $C$DW$T$28      .dwtag  DW_TAG_enumeration_type
    2441                      .dwattr $C$DW$T$28, DW_AT_byte_size(0x01)
    2442              $C$DW$212       .dwtag  DW_TAG_enumerator
    2443                      .dwattr $C$DW$212, DW_AT_name("CLB_FILTER_NONE")
    2444                      .dwattr $C$DW$212, DW_AT_const_value(0x00)
    2445                      .dwattr $C$DW$212, DW_AT_decl_file("C:/TI/C2000Ware_MotorControl_SDK_5_04_00_00/c2000ware/driverlib/f
TMS320C2000 Assembler PC v22.6.2 Thu Jan 22 11:16:45 2026

Copyright (c) 1996-2018 Texas Instruments Incorporated
fcl_tformat_f2837x_config.asm                                        PAGE   49

    2446                      .dwattr $C$DW$212, DW_AT_decl_line(0xf0)
    2447                      .dwattr $C$DW$212, DW_AT_decl_column(0x05)
    2448              
    2449              $C$DW$213       .dwtag  DW_TAG_enumerator
    2450                      .dwattr $C$DW$213, DW_AT_name("CLB_FILTER_RISING_EDGE")
    2451                      .dwattr $C$DW$213, DW_AT_const_value(0x01)
    2452                      .dwattr $C$DW$213, DW_AT_decl_file("C:/TI/C2000Ware_MotorControl_SDK_5_04_00_00/c2000ware/driverlib/f
    2453                      .dwattr $C$DW$213, DW_AT_decl_line(0xf1)
    2454                      .dwattr $C$DW$213, DW_AT_decl_column(0x05)
    2455              
    2456              $C$DW$214       .dwtag  DW_TAG_enumerator
    2457                      .dwattr $C$DW$214, DW_AT_name("CLB_FILTER_FALLING_EDGE")
    2458                      .dwattr $C$DW$214, DW_AT_const_value(0x02)
    2459                      .dwattr $C$DW$214, DW_AT_decl_file("C:/TI/C2000Ware_MotorControl_SDK_5_04_00_00/c2000ware/driverlib/f
    2460                      .dwattr $C$DW$214, DW_AT_decl_line(0xf2)
    2461                      .dwattr $C$DW$214, DW_AT_decl_column(0x05)
    2462              
    2463              $C$DW$215       .dwtag  DW_TAG_enumerator
    2464                      .dwattr $C$DW$215, DW_AT_name("CLB_FILTER_ANY_EDGE")
    2465                      .dwattr $C$DW$215, DW_AT_const_value(0x03)
    2466                      .dwattr $C$DW$215, DW_AT_decl_file("C:/TI/C2000Ware_MotorControl_SDK_5_04_00_00/c2000ware/driverlib/f
    2467                      .dwattr $C$DW$215, DW_AT_decl_line(0xf3)
    2468                      .dwattr $C$DW$215, DW_AT_decl_column(0x05)
    2469              
    2470                      .dwattr $C$DW$T$28, DW_AT_decl_file("C:/TI/C2000Ware_MotorControl_SDK_5_04_00_00/c2000ware/driverlib/
    2471                      .dwattr $C$DW$T$28, DW_AT_decl_line(0xef)
    2472                      .dwattr $C$DW$T$28, DW_AT_decl_column(0x01)
    2473                      .dwendtag $C$DW$T$28
    2474              
    2475                      .dwendtag $C$DW$TU$28
    2476              
    2477              
    2478              $C$DW$TU$29     .dwtag  DW_TAG_type_unit
    2479                      .dwmtype  $C$DW$T$29
    2480              $C$DW$T$29      .dwtag  DW_TAG_typedef
    2481                      .dwattr $C$DW$T$29, DW_AT_name("CLB_FilterType")
    2482                      .dwattr $C$DW$T$29, DW_AT_type(*$C$DW$T$28)
    2483                      .dwattr $C$DW$T$29, DW_AT_decl_file("C:/TI/C2000Ware_MotorControl_SDK_5_04_00_00/c2000ware/driverlib/
    2484                      .dwattr $C$DW$T$29, DW_AT_decl_line(0xf4)
    2485                      .dwattr $C$DW$T$29, DW_AT_decl_column(0x03)
    2486              
    2487                      .dwendtag $C$DW$TU$29
    2488              
    2489              
    2490              $C$DW$TU$30     .dwtag  DW_TAG_type_unit
    2491                      .dwmtype  $C$DW$T$30
    2492              
    2493              $C$DW$T$30      .dwtag  DW_TAG_enumeration_type
    2494                      .dwattr $C$DW$T$30, DW_AT_byte_size(0x01)
    2495              $C$DW$216       .dwtag  DW_TAG_enumerator
    2496                      .dwattr $C$DW$216, DW_AT_name("CLB_GP_IN_MUX_EXTERNAL")
    2497                      .dwattr $C$DW$216, DW_AT_const_value(0x00)
    2498                      .dwattr $C$DW$216, DW_AT_decl_file("C:/TI/C2000Ware_MotorControl_SDK_5_04_00_00/c2000ware/driverlib/f
    2499                      .dwattr $C$DW$216, DW_AT_decl_line(0xfe)
    2500                      .dwattr $C$DW$216, DW_AT_decl_column(0x05)
TMS320C2000 Assembler PC v22.6.2 Thu Jan 22 11:16:45 2026

Copyright (c) 1996-2018 Texas Instruments Incorporated
fcl_tformat_f2837x_config.asm                                        PAGE   50

    2501              
    2502              $C$DW$217       .dwtag  DW_TAG_enumerator
    2503                      .dwattr $C$DW$217, DW_AT_name("CLB_GP_IN_MUX_GP_REG")
    2504                      .dwattr $C$DW$217, DW_AT_const_value(0x01)
    2505                      .dwattr $C$DW$217, DW_AT_decl_file("C:/TI/C2000Ware_MotorControl_SDK_5_04_00_00/c2000ware/driverlib/f
    2506                      .dwattr $C$DW$217, DW_AT_decl_line(0xff)
    2507                      .dwattr $C$DW$217, DW_AT_decl_column(0x05)
    2508              
    2509                      .dwattr $C$DW$T$30, DW_AT_decl_file("C:/TI/C2000Ware_MotorControl_SDK_5_04_00_00/c2000ware/driverlib/
    2510                      .dwattr $C$DW$T$30, DW_AT_decl_line(0xfd)
    2511                      .dwattr $C$DW$T$30, DW_AT_decl_column(0x01)
    2512                      .dwendtag $C$DW$T$30
    2513              
    2514                      .dwendtag $C$DW$TU$30
    2515              
    2516              
    2517              $C$DW$TU$31     .dwtag  DW_TAG_type_unit
    2518                      .dwmtype  $C$DW$T$31
    2519              $C$DW$T$31      .dwtag  DW_TAG_typedef
    2520                      .dwattr $C$DW$T$31, DW_AT_name("CLB_GPInputMux")
    2521                      .dwattr $C$DW$T$31, DW_AT_type(*$C$DW$T$30)
    2522                      .dwattr $C$DW$T$31, DW_AT_decl_file("C:/TI/C2000Ware_MotorControl_SDK_5_04_00_00/c2000ware/driverlib/
    2523                      .dwattr $C$DW$T$31, DW_AT_decl_line(0x100)
    2524                      .dwattr $C$DW$T$31, DW_AT_decl_column(0x03)
    2525              
    2526                      .dwendtag $C$DW$TU$31
    2527              
    2528              
    2529              $C$DW$TU$32     .dwtag  DW_TAG_type_unit
    2530                      .dwmtype  $C$DW$T$32
    2531              
    2532              $C$DW$T$32      .dwtag  DW_TAG_enumeration_type
    2533                      .dwattr $C$DW$T$32, DW_AT_byte_size(0x01)
    2534              $C$DW$218       .dwtag  DW_TAG_enumerator
    2535                      .dwattr $C$DW$218, DW_AT_name("CLB_LOCAL_IN_MUX_GLOBAL_IN")
    2536                      .dwattr $C$DW$218, DW_AT_const_value(0x00)
    2537                      .dwattr $C$DW$218, DW_AT_decl_file("C:/TI/C2000Ware_MotorControl_SDK_5_04_00_00/c2000ware/driverlib/f
    2538                      .dwattr $C$DW$218, DW_AT_decl_line(0x10a)
    2539                      .dwattr $C$DW$218, DW_AT_decl_column(0x05)
    2540              
    2541              $C$DW$219       .dwtag  DW_TAG_enumerator
    2542                      .dwattr $C$DW$219, DW_AT_name("CLB_LOCAL_IN_MUX_EPWM_DCAEVT1")
    2543                      .dwattr $C$DW$219, DW_AT_const_value(0x01)
    2544                      .dwattr $C$DW$219, DW_AT_decl_file("C:/TI/C2000Ware_MotorControl_SDK_5_04_00_00/c2000ware/driverlib/f
    2545                      .dwattr $C$DW$219, DW_AT_decl_line(0x10b)
    2546                      .dwattr $C$DW$219, DW_AT_decl_column(0x05)
    2547              
    2548              $C$DW$220       .dwtag  DW_TAG_enumerator
    2549                      .dwattr $C$DW$220, DW_AT_name("CLB_LOCAL_IN_MUX_EPWM_DCAEVT2")
    2550                      .dwattr $C$DW$220, DW_AT_const_value(0x02)
    2551                      .dwattr $C$DW$220, DW_AT_decl_file("C:/TI/C2000Ware_MotorControl_SDK_5_04_00_00/c2000ware/driverlib/f
    2552                      .dwattr $C$DW$220, DW_AT_decl_line(0x10c)
    2553                      .dwattr $C$DW$220, DW_AT_decl_column(0x05)
    2554              
    2555              $C$DW$221       .dwtag  DW_TAG_enumerator
TMS320C2000 Assembler PC v22.6.2 Thu Jan 22 11:16:45 2026

Copyright (c) 1996-2018 Texas Instruments Incorporated
fcl_tformat_f2837x_config.asm                                        PAGE   51

    2556                      .dwattr $C$DW$221, DW_AT_name("CLB_LOCAL_IN_MUX_EPWM_DCBEVT1")
    2557                      .dwattr $C$DW$221, DW_AT_const_value(0x03)
    2558                      .dwattr $C$DW$221, DW_AT_decl_file("C:/TI/C2000Ware_MotorControl_SDK_5_04_00_00/c2000ware/driverlib/f
    2559                      .dwattr $C$DW$221, DW_AT_decl_line(0x10d)
    2560                      .dwattr $C$DW$221, DW_AT_decl_column(0x05)
    2561              
    2562              $C$DW$222       .dwtag  DW_TAG_enumerator
    2563                      .dwattr $C$DW$222, DW_AT_name("CLB_LOCAL_IN_MUX_EPWM_DCBEVT2")
    2564                      .dwattr $C$DW$222, DW_AT_const_value(0x04)
    2565                      .dwattr $C$DW$222, DW_AT_decl_file("C:/TI/C2000Ware_MotorControl_SDK_5_04_00_00/c2000ware/driverlib/f
    2566                      .dwattr $C$DW$222, DW_AT_decl_line(0x10e)
    2567                      .dwattr $C$DW$222, DW_AT_decl_column(0x05)
    2568              
    2569              $C$DW$223       .dwtag  DW_TAG_enumerator
    2570                      .dwattr $C$DW$223, DW_AT_name("CLB_LOCAL_IN_MUX_EPWM_DCAH")
    2571                      .dwattr $C$DW$223, DW_AT_const_value(0x05)
    2572                      .dwattr $C$DW$223, DW_AT_decl_file("C:/TI/C2000Ware_MotorControl_SDK_5_04_00_00/c2000ware/driverlib/f
    2573                      .dwattr $C$DW$223, DW_AT_decl_line(0x10f)
    2574                      .dwattr $C$DW$223, DW_AT_decl_column(0x05)
    2575              
    2576              $C$DW$224       .dwtag  DW_TAG_enumerator
    2577                      .dwattr $C$DW$224, DW_AT_name("CLB_LOCAL_IN_MUX_EPWM_DCAL")
    2578                      .dwattr $C$DW$224, DW_AT_const_value(0x06)
    2579                      .dwattr $C$DW$224, DW_AT_decl_file("C:/TI/C2000Ware_MotorControl_SDK_5_04_00_00/c2000ware/driverlib/f
    2580                      .dwattr $C$DW$224, DW_AT_decl_line(0x110)
    2581                      .dwattr $C$DW$224, DW_AT_decl_column(0x05)
    2582              
    2583              $C$DW$225       .dwtag  DW_TAG_enumerator
    2584                      .dwattr $C$DW$225, DW_AT_name("CLB_LOCAL_IN_MUX_EPWM_DCBH")
    2585                      .dwattr $C$DW$225, DW_AT_const_value(0x07)
    2586                      .dwattr $C$DW$225, DW_AT_decl_file("C:/TI/C2000Ware_MotorControl_SDK_5_04_00_00/c2000ware/driverlib/f
    2587                      .dwattr $C$DW$225, DW_AT_decl_line(0x111)
    2588                      .dwattr $C$DW$225, DW_AT_decl_column(0x05)
    2589              
    2590              $C$DW$226       .dwtag  DW_TAG_enumerator
    2591                      .dwattr $C$DW$226, DW_AT_name("CLB_LOCAL_IN_MUX_EPWM_DCBL")
    2592                      .dwattr $C$DW$226, DW_AT_const_value(0x08)
    2593                      .dwattr $C$DW$226, DW_AT_decl_file("C:/TI/C2000Ware_MotorControl_SDK_5_04_00_00/c2000ware/driverlib/f
    2594                      .dwattr $C$DW$226, DW_AT_decl_line(0x112)
    2595                      .dwattr $C$DW$226, DW_AT_decl_column(0x05)
    2596              
    2597              $C$DW$227       .dwtag  DW_TAG_enumerator
    2598                      .dwattr $C$DW$227, DW_AT_name("CLB_LOCAL_IN_MUX_EPWM_OST")
    2599                      .dwattr $C$DW$227, DW_AT_const_value(0x09)
    2600                      .dwattr $C$DW$227, DW_AT_decl_file("C:/TI/C2000Ware_MotorControl_SDK_5_04_00_00/c2000ware/driverlib/f
    2601                      .dwattr $C$DW$227, DW_AT_decl_line(0x113)
    2602                      .dwattr $C$DW$227, DW_AT_decl_column(0x05)
    2603              
    2604              $C$DW$228       .dwtag  DW_TAG_enumerator
    2605                      .dwattr $C$DW$228, DW_AT_name("CLB_LOCAL_IN_MUX_EPWM_CBC")
    2606                      .dwattr $C$DW$228, DW_AT_const_value(0x0a)
    2607                      .dwattr $C$DW$228, DW_AT_decl_file("C:/TI/C2000Ware_MotorControl_SDK_5_04_00_00/c2000ware/driverlib/f
    2608                      .dwattr $C$DW$228, DW_AT_decl_line(0x114)
    2609                      .dwattr $C$DW$228, DW_AT_decl_column(0x05)
    2610              
TMS320C2000 Assembler PC v22.6.2 Thu Jan 22 11:16:45 2026

Copyright (c) 1996-2018 Texas Instruments Incorporated
fcl_tformat_f2837x_config.asm                                        PAGE   52

    2611              $C$DW$229       .dwtag  DW_TAG_enumerator
    2612                      .dwattr $C$DW$229, DW_AT_name("CLB_LOCAL_IN_MUX_ECAP_ECAPIN")
    2613                      .dwattr $C$DW$229, DW_AT_const_value(0x0b)
    2614                      .dwattr $C$DW$229, DW_AT_decl_file("C:/TI/C2000Ware_MotorControl_SDK_5_04_00_00/c2000ware/driverlib/f
    2615                      .dwattr $C$DW$229, DW_AT_decl_line(0x115)
    2616                      .dwattr $C$DW$229, DW_AT_decl_column(0x05)
    2617              
    2618              $C$DW$230       .dwtag  DW_TAG_enumerator
    2619                      .dwattr $C$DW$230, DW_AT_name("CLB_LOCAL_IN_MUX_ECAP_ECAP_OUT")
    2620                      .dwattr $C$DW$230, DW_AT_const_value(0x0c)
    2621                      .dwattr $C$DW$230, DW_AT_decl_file("C:/TI/C2000Ware_MotorControl_SDK_5_04_00_00/c2000ware/driverlib/f
    2622                      .dwattr $C$DW$230, DW_AT_decl_line(0x116)
    2623                      .dwattr $C$DW$230, DW_AT_decl_column(0x05)
    2624              
    2625              $C$DW$231       .dwtag  DW_TAG_enumerator
    2626                      .dwattr $C$DW$231, DW_AT_name("CLB_LOCAL_IN_MUX_ECAP_ECAP_OUT_EN")
    2627                      .dwattr $C$DW$231, DW_AT_const_value(0x0d)
    2628                      .dwattr $C$DW$231, DW_AT_decl_file("C:/TI/C2000Ware_MotorControl_SDK_5_04_00_00/c2000ware/driverlib/f
    2629                      .dwattr $C$DW$231, DW_AT_decl_line(0x117)
    2630                      .dwattr $C$DW$231, DW_AT_decl_column(0x05)
    2631              
    2632              $C$DW$232       .dwtag  DW_TAG_enumerator
    2633                      .dwattr $C$DW$232, DW_AT_name("CLB_LOCAL_IN_MUX_ECAP_CEVT1")
    2634                      .dwattr $C$DW$232, DW_AT_const_value(0x0e)
    2635                      .dwattr $C$DW$232, DW_AT_decl_file("C:/TI/C2000Ware_MotorControl_SDK_5_04_00_00/c2000ware/driverlib/f
    2636                      .dwattr $C$DW$232, DW_AT_decl_line(0x118)
    2637                      .dwattr $C$DW$232, DW_AT_decl_column(0x05)
    2638              
    2639              $C$DW$233       .dwtag  DW_TAG_enumerator
    2640                      .dwattr $C$DW$233, DW_AT_name("CLB_LOCAL_IN_MUX_ECAP_CEVT2")
    2641                      .dwattr $C$DW$233, DW_AT_const_value(0x0f)
    2642                      .dwattr $C$DW$233, DW_AT_decl_file("C:/TI/C2000Ware_MotorControl_SDK_5_04_00_00/c2000ware/driverlib/f
    2643                      .dwattr $C$DW$233, DW_AT_decl_line(0x119)
    2644                      .dwattr $C$DW$233, DW_AT_decl_column(0x05)
    2645              
    2646              $C$DW$234       .dwtag  DW_TAG_enumerator
    2647                      .dwattr $C$DW$234, DW_AT_name("CLB_LOCAL_IN_MUX_ECAP_CEVT3")
    2648                      .dwattr $C$DW$234, DW_AT_const_value(0x10)
    2649                      .dwattr $C$DW$234, DW_AT_decl_file("C:/TI/C2000Ware_MotorControl_SDK_5_04_00_00/c2000ware/driverlib/f
    2650                      .dwattr $C$DW$234, DW_AT_decl_line(0x11a)
    2651                      .dwattr $C$DW$234, DW_AT_decl_column(0x05)
    2652              
    2653              $C$DW$235       .dwtag  DW_TAG_enumerator
    2654                      .dwattr $C$DW$235, DW_AT_name("CLB_LOCAL_IN_MUX_ECAP_CEVT4")
    2655                      .dwattr $C$DW$235, DW_AT_const_value(0x11)
    2656                      .dwattr $C$DW$235, DW_AT_decl_file("C:/TI/C2000Ware_MotorControl_SDK_5_04_00_00/c2000ware/driverlib/f
    2657                      .dwattr $C$DW$235, DW_AT_decl_line(0x11b)
    2658                      .dwattr $C$DW$235, DW_AT_decl_column(0x05)
    2659              
    2660              $C$DW$236       .dwtag  DW_TAG_enumerator
    2661                      .dwattr $C$DW$236, DW_AT_name("CLB_LOCAL_IN_MUX_EQEP_EQEPA")
    2662                      .dwattr $C$DW$236, DW_AT_const_value(0x12)
    2663                      .dwattr $C$DW$236, DW_AT_decl_file("C:/TI/C2000Ware_MotorControl_SDK_5_04_00_00/c2000ware/driverlib/f
    2664                      .dwattr $C$DW$236, DW_AT_decl_line(0x11c)
    2665                      .dwattr $C$DW$236, DW_AT_decl_column(0x05)
TMS320C2000 Assembler PC v22.6.2 Thu Jan 22 11:16:45 2026

Copyright (c) 1996-2018 Texas Instruments Incorporated
fcl_tformat_f2837x_config.asm                                        PAGE   53

    2666              
    2667              $C$DW$237       .dwtag  DW_TAG_enumerator
    2668                      .dwattr $C$DW$237, DW_AT_name("CLB_LOCAL_IN_MUX_EQEP_EQEPB")
    2669                      .dwattr $C$DW$237, DW_AT_const_value(0x13)
    2670                      .dwattr $C$DW$237, DW_AT_decl_file("C:/TI/C2000Ware_MotorControl_SDK_5_04_00_00/c2000ware/driverlib/f
    2671                      .dwattr $C$DW$237, DW_AT_decl_line(0x11d)
    2672                      .dwattr $C$DW$237, DW_AT_decl_column(0x05)
    2673              
    2674              $C$DW$238       .dwtag  DW_TAG_enumerator
    2675                      .dwattr $C$DW$238, DW_AT_name("CLB_LOCAL_IN_MUX_EQEP_EQEPI")
    2676                      .dwattr $C$DW$238, DW_AT_const_value(0x14)
    2677                      .dwattr $C$DW$238, DW_AT_decl_file("C:/TI/C2000Ware_MotorControl_SDK_5_04_00_00/c2000ware/driverlib/f
    2678                      .dwattr $C$DW$238, DW_AT_decl_line(0x11e)
    2679                      .dwattr $C$DW$238, DW_AT_decl_column(0x05)
    2680              
    2681              $C$DW$239       .dwtag  DW_TAG_enumerator
    2682                      .dwattr $C$DW$239, DW_AT_name("CLB_LOCAL_IN_MUX_EQEP_EQEPS")
    2683                      .dwattr $C$DW$239, DW_AT_const_value(0x15)
    2684                      .dwattr $C$DW$239, DW_AT_decl_file("C:/TI/C2000Ware_MotorControl_SDK_5_04_00_00/c2000ware/driverlib/f
    2685                      .dwattr $C$DW$239, DW_AT_decl_line(0x11f)
    2686                      .dwattr $C$DW$239, DW_AT_decl_column(0x05)
    2687              
    2688              $C$DW$240       .dwtag  DW_TAG_enumerator
    2689                      .dwattr $C$DW$240, DW_AT_name("CLB_LOCAL_IN_MUX_CPU1_TBCLKSYNC")
    2690                      .dwattr $C$DW$240, DW_AT_const_value(0x16)
    2691                      .dwattr $C$DW$240, DW_AT_decl_file("C:/TI/C2000Ware_MotorControl_SDK_5_04_00_00/c2000ware/driverlib/f
    2692                      .dwattr $C$DW$240, DW_AT_decl_line(0x120)
    2693                      .dwattr $C$DW$240, DW_AT_decl_column(0x05)
    2694              
    2695              $C$DW$241       .dwtag  DW_TAG_enumerator
    2696                      .dwattr $C$DW$241, DW_AT_name("CLB_LOCAL_IN_MUX_CPU2_TBCLKSYNC")
    2697                      .dwattr $C$DW$241, DW_AT_const_value(0x17)
    2698                      .dwattr $C$DW$241, DW_AT_decl_file("C:/TI/C2000Ware_MotorControl_SDK_5_04_00_00/c2000ware/driverlib/f
    2699                      .dwattr $C$DW$241, DW_AT_decl_line(0x121)
    2700                      .dwattr $C$DW$241, DW_AT_decl_column(0x05)
    2701              
    2702              $C$DW$242       .dwtag  DW_TAG_enumerator
    2703                      .dwattr $C$DW$242, DW_AT_name("CLB_LOCAL_IN_MUX_CPU1_HALT")
    2704                      .dwattr $C$DW$242, DW_AT_const_value(0x18)
    2705                      .dwattr $C$DW$242, DW_AT_decl_file("C:/TI/C2000Ware_MotorControl_SDK_5_04_00_00/c2000ware/driverlib/f
    2706                      .dwattr $C$DW$242, DW_AT_decl_line(0x122)
    2707                      .dwattr $C$DW$242, DW_AT_decl_column(0x05)
    2708              
    2709              $C$DW$243       .dwtag  DW_TAG_enumerator
    2710                      .dwattr $C$DW$243, DW_AT_name("CLB_LOCAL_IN_MUX_CPU2_HALT")
    2711                      .dwattr $C$DW$243, DW_AT_const_value(0x19)
    2712                      .dwattr $C$DW$243, DW_AT_decl_file("C:/TI/C2000Ware_MotorControl_SDK_5_04_00_00/c2000ware/driverlib/f
    2713                      .dwattr $C$DW$243, DW_AT_decl_line(0x123)
    2714                      .dwattr $C$DW$243, DW_AT_decl_column(0x05)
    2715              
    2716                      .dwattr $C$DW$T$32, DW_AT_decl_file("C:/TI/C2000Ware_MotorControl_SDK_5_04_00_00/c2000ware/driverlib/
    2717                      .dwattr $C$DW$T$32, DW_AT_decl_line(0x109)
    2718                      .dwattr $C$DW$T$32, DW_AT_decl_column(0x01)
    2719                      .dwendtag $C$DW$T$32
    2720              
TMS320C2000 Assembler PC v22.6.2 Thu Jan 22 11:16:45 2026

Copyright (c) 1996-2018 Texas Instruments Incorporated
fcl_tformat_f2837x_config.asm                                        PAGE   54

    2721                      .dwendtag $C$DW$TU$32
    2722              
    2723              
    2724              $C$DW$TU$33     .dwtag  DW_TAG_type_unit
    2725                      .dwmtype  $C$DW$T$33
    2726              $C$DW$T$33      .dwtag  DW_TAG_typedef
    2727                      .dwattr $C$DW$T$33, DW_AT_name("CLB_LocalInputMux")
    2728                      .dwattr $C$DW$T$33, DW_AT_type(*$C$DW$T$32)
    2729                      .dwattr $C$DW$T$33, DW_AT_decl_file("C:/TI/C2000Ware_MotorControl_SDK_5_04_00_00/c2000ware/driverlib/
    2730                      .dwattr $C$DW$T$33, DW_AT_decl_line(0x124)
    2731                      .dwattr $C$DW$T$33, DW_AT_decl_column(0x03)
    2732              
    2733                      .dwendtag $C$DW$TU$33
    2734              
    2735              
    2736              $C$DW$TU$34     .dwtag  DW_TAG_type_unit
    2737                      .dwmtype  $C$DW$T$34
    2738              
    2739              $C$DW$T$34      .dwtag  DW_TAG_enumeration_type
    2740                      .dwattr $C$DW$T$34, DW_AT_byte_size(0x01)
    2741              $C$DW$244       .dwtag  DW_TAG_enumerator
    2742                      .dwattr $C$DW$244, DW_AT_name("CLB_GLOBAL_IN_MUX_EPWM1A")
    2743                      .dwattr $C$DW$244, DW_AT_const_value(0x00)
    2744                      .dwattr $C$DW$244, DW_AT_decl_file("C:/TI/C2000Ware_MotorControl_SDK_5_04_00_00/c2000ware/driverlib/f
    2745                      .dwattr $C$DW$244, DW_AT_decl_line(0x12e)
    2746                      .dwattr $C$DW$244, DW_AT_decl_column(0x05)
    2747              
    2748              $C$DW$245       .dwtag  DW_TAG_enumerator
    2749                      .dwattr $C$DW$245, DW_AT_name("CLB_GLOBAL_IN_MUX_EPWM1A_OE")
    2750                      .dwattr $C$DW$245, DW_AT_const_value(0x01)
    2751                      .dwattr $C$DW$245, DW_AT_decl_file("C:/TI/C2000Ware_MotorControl_SDK_5_04_00_00/c2000ware/driverlib/f
    2752                      .dwattr $C$DW$245, DW_AT_decl_line(0x12f)
    2753                      .dwattr $C$DW$245, DW_AT_decl_column(0x05)
    2754              
    2755              $C$DW$246       .dwtag  DW_TAG_enumerator
    2756                      .dwattr $C$DW$246, DW_AT_name("CLB_GLOBAL_IN_MUX_EPWM1B")
    2757                      .dwattr $C$DW$246, DW_AT_const_value(0x02)
    2758                      .dwattr $C$DW$246, DW_AT_decl_file("C:/TI/C2000Ware_MotorControl_SDK_5_04_00_00/c2000ware/driverlib/f
    2759                      .dwattr $C$DW$246, DW_AT_decl_line(0x130)
    2760                      .dwattr $C$DW$246, DW_AT_decl_column(0x05)
    2761              
    2762              $C$DW$247       .dwtag  DW_TAG_enumerator
    2763                      .dwattr $C$DW$247, DW_AT_name("CLB_GLOBAL_IN_MUX_EPWM1B_OE")
    2764                      .dwattr $C$DW$247, DW_AT_const_value(0x03)
    2765                      .dwattr $C$DW$247, DW_AT_decl_file("C:/TI/C2000Ware_MotorControl_SDK_5_04_00_00/c2000ware/driverlib/f
    2766                      .dwattr $C$DW$247, DW_AT_decl_line(0x131)
    2767                      .dwattr $C$DW$247, DW_AT_decl_column(0x05)
    2768              
    2769              $C$DW$248       .dwtag  DW_TAG_enumerator
    2770                      .dwattr $C$DW$248, DW_AT_name("CLB_GLOBAL_IN_MUX_EPWM1_CTR_ZERO")
    2771                      .dwattr $C$DW$248, DW_AT_const_value(0x04)
    2772                      .dwattr $C$DW$248, DW_AT_decl_file("C:/TI/C2000Ware_MotorControl_SDK_5_04_00_00/c2000ware/driverlib/f
    2773                      .dwattr $C$DW$248, DW_AT_decl_line(0x132)
    2774                      .dwattr $C$DW$248, DW_AT_decl_column(0x05)
    2775              
TMS320C2000 Assembler PC v22.6.2 Thu Jan 22 11:16:45 2026

Copyright (c) 1996-2018 Texas Instruments Incorporated
fcl_tformat_f2837x_config.asm                                        PAGE   55

    2776              $C$DW$249       .dwtag  DW_TAG_enumerator
    2777                      .dwattr $C$DW$249, DW_AT_name("CLB_GLOBAL_IN_MUX_EPWM1_CTR_PRD")
    2778                      .dwattr $C$DW$249, DW_AT_const_value(0x05)
    2779                      .dwattr $C$DW$249, DW_AT_decl_file("C:/TI/C2000Ware_MotorControl_SDK_5_04_00_00/c2000ware/driverlib/f
    2780                      .dwattr $C$DW$249, DW_AT_decl_line(0x133)
    2781                      .dwattr $C$DW$249, DW_AT_decl_column(0x05)
    2782              
    2783              $C$DW$250       .dwtag  DW_TAG_enumerator
    2784                      .dwattr $C$DW$250, DW_AT_name("CLB_GLOBAL_IN_MUX_EPWM1_CTRDIR")
    2785                      .dwattr $C$DW$250, DW_AT_const_value(0x06)
    2786                      .dwattr $C$DW$250, DW_AT_decl_file("C:/TI/C2000Ware_MotorControl_SDK_5_04_00_00/c2000ware/driverlib/f
    2787                      .dwattr $C$DW$250, DW_AT_decl_line(0x134)
    2788                      .dwattr $C$DW$250, DW_AT_decl_column(0x05)
    2789              
    2790              $C$DW$251       .dwtag  DW_TAG_enumerator
    2791                      .dwattr $C$DW$251, DW_AT_name("CLB_GLOBAL_IN_MUX_EPWM1_TBCLK")
    2792                      .dwattr $C$DW$251, DW_AT_const_value(0x07)
    2793                      .dwattr $C$DW$251, DW_AT_decl_file("C:/TI/C2000Ware_MotorControl_SDK_5_04_00_00/c2000ware/driverlib/f
    2794                      .dwattr $C$DW$251, DW_AT_decl_line(0x135)
    2795                      .dwattr $C$DW$251, DW_AT_decl_column(0x05)
    2796              
    2797              $C$DW$252       .dwtag  DW_TAG_enumerator
    2798                      .dwattr $C$DW$252, DW_AT_name("CLB_GLOBAL_IN_MUX_EPWM1_CTR_CMPA")
    2799                      .dwattr $C$DW$252, DW_AT_const_value(0x08)
    2800                      .dwattr $C$DW$252, DW_AT_decl_file("C:/TI/C2000Ware_MotorControl_SDK_5_04_00_00/c2000ware/driverlib/f
    2801                      .dwattr $C$DW$252, DW_AT_decl_line(0x136)
    2802                      .dwattr $C$DW$252, DW_AT_decl_column(0x05)
    2803              
    2804              $C$DW$253       .dwtag  DW_TAG_enumerator
    2805                      .dwattr $C$DW$253, DW_AT_name("CLB_GLOBAL_IN_MUX_EPWM1_CTR_CMPB")
    2806                      .dwattr $C$DW$253, DW_AT_const_value(0x09)
    2807                      .dwattr $C$DW$253, DW_AT_decl_file("C:/TI/C2000Ware_MotorControl_SDK_5_04_00_00/c2000ware/driverlib/f
    2808                      .dwattr $C$DW$253, DW_AT_decl_line(0x137)
    2809                      .dwattr $C$DW$253, DW_AT_decl_column(0x05)
    2810              
    2811              $C$DW$254       .dwtag  DW_TAG_enumerator
    2812                      .dwattr $C$DW$254, DW_AT_name("CLB_GLOBAL_IN_MUX_EPWM1_CTR_CMPC")
    2813                      .dwattr $C$DW$254, DW_AT_const_value(0x0a)
    2814                      .dwattr $C$DW$254, DW_AT_decl_file("C:/TI/C2000Ware_MotorControl_SDK_5_04_00_00/c2000ware/driverlib/f
    2815                      .dwattr $C$DW$254, DW_AT_decl_line(0x138)
    2816                      .dwattr $C$DW$254, DW_AT_decl_column(0x05)
    2817              
    2818              $C$DW$255       .dwtag  DW_TAG_enumerator
    2819                      .dwattr $C$DW$255, DW_AT_name("CLB_GLOBAL_IN_MUX_EPWM1_CTR_CMPD")
    2820                      .dwattr $C$DW$255, DW_AT_const_value(0x0b)
    2821                      .dwattr $C$DW$255, DW_AT_decl_file("C:/TI/C2000Ware_MotorControl_SDK_5_04_00_00/c2000ware/driverlib/f
    2822                      .dwattr $C$DW$255, DW_AT_decl_line(0x139)
    2823                      .dwattr $C$DW$255, DW_AT_decl_column(0x05)
    2824              
    2825              $C$DW$256       .dwtag  DW_TAG_enumerator
    2826                      .dwattr $C$DW$256, DW_AT_name("CLB_GLOBAL_IN_MUX_EPWM1A_AQ")
    2827                      .dwattr $C$DW$256, DW_AT_const_value(0x0c)
    2828                      .dwattr $C$DW$256, DW_AT_decl_file("C:/TI/C2000Ware_MotorControl_SDK_5_04_00_00/c2000ware/driverlib/f
    2829                      .dwattr $C$DW$256, DW_AT_decl_line(0x13a)
    2830                      .dwattr $C$DW$256, DW_AT_decl_column(0x05)
TMS320C2000 Assembler PC v22.6.2 Thu Jan 22 11:16:45 2026

Copyright (c) 1996-2018 Texas Instruments Incorporated
fcl_tformat_f2837x_config.asm                                        PAGE   56

    2831              
    2832              $C$DW$257       .dwtag  DW_TAG_enumerator
    2833                      .dwattr $C$DW$257, DW_AT_name("CLB_GLOBAL_IN_MUX_EPWM1B_AQ")
    2834                      .dwattr $C$DW$257, DW_AT_const_value(0x0d)
    2835                      .dwattr $C$DW$257, DW_AT_decl_file("C:/TI/C2000Ware_MotorControl_SDK_5_04_00_00/c2000ware/driverlib/f
    2836                      .dwattr $C$DW$257, DW_AT_decl_line(0x13b)
    2837                      .dwattr $C$DW$257, DW_AT_decl_column(0x05)
    2838              
    2839              $C$DW$258       .dwtag  DW_TAG_enumerator
    2840                      .dwattr $C$DW$258, DW_AT_name("CLB_GLOBAL_IN_MUX_EPWM1A_DB")
    2841                      .dwattr $C$DW$258, DW_AT_const_value(0x0e)
    2842                      .dwattr $C$DW$258, DW_AT_decl_file("C:/TI/C2000Ware_MotorControl_SDK_5_04_00_00/c2000ware/driverlib/f
    2843                      .dwattr $C$DW$258, DW_AT_decl_line(0x13c)
    2844                      .dwattr $C$DW$258, DW_AT_decl_column(0x05)
    2845              
    2846              $C$DW$259       .dwtag  DW_TAG_enumerator
    2847                      .dwattr $C$DW$259, DW_AT_name("CLB_GLOBAL_IN_MUX_EPWM1B_DB")
    2848                      .dwattr $C$DW$259, DW_AT_const_value(0x0f)
    2849                      .dwattr $C$DW$259, DW_AT_decl_file("C:/TI/C2000Ware_MotorControl_SDK_5_04_00_00/c2000ware/driverlib/f
    2850                      .dwattr $C$DW$259, DW_AT_decl_line(0x13d)
    2851                      .dwattr $C$DW$259, DW_AT_decl_column(0x05)
    2852              
    2853              $C$DW$260       .dwtag  DW_TAG_enumerator
    2854                      .dwattr $C$DW$260, DW_AT_name("CLB_GLOBAL_IN_MUX_EPWM2A")
    2855                      .dwattr $C$DW$260, DW_AT_const_value(0x10)
    2856                      .dwattr $C$DW$260, DW_AT_decl_file("C:/TI/C2000Ware_MotorControl_SDK_5_04_00_00/c2000ware/driverlib/f
    2857                      .dwattr $C$DW$260, DW_AT_decl_line(0x13f)
    2858                      .dwattr $C$DW$260, DW_AT_decl_column(0x05)
    2859              
    2860              $C$DW$261       .dwtag  DW_TAG_enumerator
    2861                      .dwattr $C$DW$261, DW_AT_name("CLB_GLOBAL_IN_MUX_EPWM2A_OE")
    2862                      .dwattr $C$DW$261, DW_AT_const_value(0x11)
    2863                      .dwattr $C$DW$261, DW_AT_decl_file("C:/TI/C2000Ware_MotorControl_SDK_5_04_00_00/c2000ware/driverlib/f
    2864                      .dwattr $C$DW$261, DW_AT_decl_line(0x140)
    2865                      .dwattr $C$DW$261, DW_AT_decl_column(0x05)
    2866              
    2867              $C$DW$262       .dwtag  DW_TAG_enumerator
    2868                      .dwattr $C$DW$262, DW_AT_name("CLB_GLOBAL_IN_MUX_EPWM2B")
    2869                      .dwattr $C$DW$262, DW_AT_const_value(0x12)
    2870                      .dwattr $C$DW$262, DW_AT_decl_file("C:/TI/C2000Ware_MotorControl_SDK_5_04_00_00/c2000ware/driverlib/f
    2871                      .dwattr $C$DW$262, DW_AT_decl_line(0x141)
    2872                      .dwattr $C$DW$262, DW_AT_decl_column(0x05)
    2873              
    2874              $C$DW$263       .dwtag  DW_TAG_enumerator
    2875                      .dwattr $C$DW$263, DW_AT_name("CLB_GLOBAL_IN_MUX_EPWM2B_OE")
    2876                      .dwattr $C$DW$263, DW_AT_const_value(0x13)
    2877                      .dwattr $C$DW$263, DW_AT_decl_file("C:/TI/C2000Ware_MotorControl_SDK_5_04_00_00/c2000ware/driverlib/f
    2878                      .dwattr $C$DW$263, DW_AT_decl_line(0x142)
    2879                      .dwattr $C$DW$263, DW_AT_decl_column(0x05)
    2880              
    2881              $C$DW$264       .dwtag  DW_TAG_enumerator
    2882                      .dwattr $C$DW$264, DW_AT_name("CLB_GLOBAL_IN_MUX_EPWM2_CTR_ZERO")
    2883                      .dwattr $C$DW$264, DW_AT_const_value(0x14)
    2884                      .dwattr $C$DW$264, DW_AT_decl_file("C:/TI/C2000Ware_MotorControl_SDK_5_04_00_00/c2000ware/driverlib/f
    2885                      .dwattr $C$DW$264, DW_AT_decl_line(0x143)
TMS320C2000 Assembler PC v22.6.2 Thu Jan 22 11:16:45 2026

Copyright (c) 1996-2018 Texas Instruments Incorporated
fcl_tformat_f2837x_config.asm                                        PAGE   57

    2886                      .dwattr $C$DW$264, DW_AT_decl_column(0x05)
    2887              
    2888              $C$DW$265       .dwtag  DW_TAG_enumerator
    2889                      .dwattr $C$DW$265, DW_AT_name("CLB_GLOBAL_IN_MUX_EPWM2_CTR_PRD")
    2890                      .dwattr $C$DW$265, DW_AT_const_value(0x15)
    2891                      .dwattr $C$DW$265, DW_AT_decl_file("C:/TI/C2000Ware_MotorControl_SDK_5_04_00_00/c2000ware/driverlib/f
    2892                      .dwattr $C$DW$265, DW_AT_decl_line(0x144)
    2893                      .dwattr $C$DW$265, DW_AT_decl_column(0x05)
    2894              
    2895              $C$DW$266       .dwtag  DW_TAG_enumerator
    2896                      .dwattr $C$DW$266, DW_AT_name("CLB_GLOBAL_IN_MUX_EPWM2_CTRDIR")
    2897                      .dwattr $C$DW$266, DW_AT_const_value(0x16)
    2898                      .dwattr $C$DW$266, DW_AT_decl_file("C:/TI/C2000Ware_MotorControl_SDK_5_04_00_00/c2000ware/driverlib/f
    2899                      .dwattr $C$DW$266, DW_AT_decl_line(0x145)
    2900                      .dwattr $C$DW$266, DW_AT_decl_column(0x05)
    2901              
    2902              $C$DW$267       .dwtag  DW_TAG_enumerator
    2903                      .dwattr $C$DW$267, DW_AT_name("CLB_GLOBAL_IN_MUX_EPWM2_TBCLK")
    2904                      .dwattr $C$DW$267, DW_AT_const_value(0x17)
    2905                      .dwattr $C$DW$267, DW_AT_decl_file("C:/TI/C2000Ware_MotorControl_SDK_5_04_00_00/c2000ware/driverlib/f
    2906                      .dwattr $C$DW$267, DW_AT_decl_line(0x146)
    2907                      .dwattr $C$DW$267, DW_AT_decl_column(0x05)
    2908              
    2909              $C$DW$268       .dwtag  DW_TAG_enumerator
    2910                      .dwattr $C$DW$268, DW_AT_name("CLB_GLOBAL_IN_MUX_EPWM2_CTR_CMPA")
    2911                      .dwattr $C$DW$268, DW_AT_const_value(0x18)
    2912                      .dwattr $C$DW$268, DW_AT_decl_file("C:/TI/C2000Ware_MotorControl_SDK_5_04_00_00/c2000ware/driverlib/f
    2913                      .dwattr $C$DW$268, DW_AT_decl_line(0x147)
    2914                      .dwattr $C$DW$268, DW_AT_decl_column(0x05)
    2915              
    2916              $C$DW$269       .dwtag  DW_TAG_enumerator
    2917                      .dwattr $C$DW$269, DW_AT_name("CLB_GLOBAL_IN_MUX_EPWM2_CTR_CMPB")
    2918                      .dwattr $C$DW$269, DW_AT_const_value(0x19)
    2919                      .dwattr $C$DW$269, DW_AT_decl_file("C:/TI/C2000Ware_MotorControl_SDK_5_04_00_00/c2000ware/driverlib/f
    2920                      .dwattr $C$DW$269, DW_AT_decl_line(0x148)
    2921                      .dwattr $C$DW$269, DW_AT_decl_column(0x05)
    2922              
    2923              $C$DW$270       .dwtag  DW_TAG_enumerator
    2924                      .dwattr $C$DW$270, DW_AT_name("CLB_GLOBAL_IN_MUX_EPWM2_CTR_CMPC")
    2925                      .dwattr $C$DW$270, DW_AT_const_value(0x1a)
    2926                      .dwattr $C$DW$270, DW_AT_decl_file("C:/TI/C2000Ware_MotorControl_SDK_5_04_00_00/c2000ware/driverlib/f
    2927                      .dwattr $C$DW$270, DW_AT_decl_line(0x149)
    2928                      .dwattr $C$DW$270, DW_AT_decl_column(0x05)
    2929              
    2930              $C$DW$271       .dwtag  DW_TAG_enumerator
    2931                      .dwattr $C$DW$271, DW_AT_name("CLB_GLOBAL_IN_MUX_EPWM2_CTR_CMPD")
    2932                      .dwattr $C$DW$271, DW_AT_const_value(0x1b)
    2933                      .dwattr $C$DW$271, DW_AT_decl_file("C:/TI/C2000Ware_MotorControl_SDK_5_04_00_00/c2000ware/driverlib/f
    2934                      .dwattr $C$DW$271, DW_AT_decl_line(0x14a)
    2935                      .dwattr $C$DW$271, DW_AT_decl_column(0x05)
    2936              
    2937              $C$DW$272       .dwtag  DW_TAG_enumerator
    2938                      .dwattr $C$DW$272, DW_AT_name("CLB_GLOBAL_IN_MUX_EPWM2A_AQ")
    2939                      .dwattr $C$DW$272, DW_AT_const_value(0x1c)
    2940                      .dwattr $C$DW$272, DW_AT_decl_file("C:/TI/C2000Ware_MotorControl_SDK_5_04_00_00/c2000ware/driverlib/f
TMS320C2000 Assembler PC v22.6.2 Thu Jan 22 11:16:45 2026

Copyright (c) 1996-2018 Texas Instruments Incorporated
fcl_tformat_f2837x_config.asm                                        PAGE   58

    2941                      .dwattr $C$DW$272, DW_AT_decl_line(0x14b)
    2942                      .dwattr $C$DW$272, DW_AT_decl_column(0x05)
    2943              
    2944              $C$DW$273       .dwtag  DW_TAG_enumerator
    2945                      .dwattr $C$DW$273, DW_AT_name("CLB_GLOBAL_IN_MUX_EPWM2B_AQ")
    2946                      .dwattr $C$DW$273, DW_AT_const_value(0x1d)
    2947                      .dwattr $C$DW$273, DW_AT_decl_file("C:/TI/C2000Ware_MotorControl_SDK_5_04_00_00/c2000ware/driverlib/f
    2948                      .dwattr $C$DW$273, DW_AT_decl_line(0x14c)
    2949                      .dwattr $C$DW$273, DW_AT_decl_column(0x05)
    2950              
    2951              $C$DW$274       .dwtag  DW_TAG_enumerator
    2952                      .dwattr $C$DW$274, DW_AT_name("CLB_GLOBAL_IN_MUX_EPWM2A_DB")
    2953                      .dwattr $C$DW$274, DW_AT_const_value(0x1e)
    2954                      .dwattr $C$DW$274, DW_AT_decl_file("C:/TI/C2000Ware_MotorControl_SDK_5_04_00_00/c2000ware/driverlib/f
    2955                      .dwattr $C$DW$274, DW_AT_decl_line(0x14d)
    2956                      .dwattr $C$DW$274, DW_AT_decl_column(0x05)
    2957              
    2958              $C$DW$275       .dwtag  DW_TAG_enumerator
    2959                      .dwattr $C$DW$275, DW_AT_name("CLB_GLOBAL_IN_MUX_EPWM2B_DB")
    2960                      .dwattr $C$DW$275, DW_AT_const_value(0x1f)
    2961                      .dwattr $C$DW$275, DW_AT_decl_file("C:/TI/C2000Ware_MotorControl_SDK_5_04_00_00/c2000ware/driverlib/f
    2962                      .dwattr $C$DW$275, DW_AT_decl_line(0x14e)
    2963                      .dwattr $C$DW$275, DW_AT_decl_column(0x05)
    2964              
    2965              $C$DW$276       .dwtag  DW_TAG_enumerator
    2966                      .dwattr $C$DW$276, DW_AT_name("CLB_GLOBAL_IN_MUX_EPWM3A")
    2967                      .dwattr $C$DW$276, DW_AT_const_value(0x20)
    2968                      .dwattr $C$DW$276, DW_AT_decl_file("C:/TI/C2000Ware_MotorControl_SDK_5_04_00_00/c2000ware/driverlib/f
    2969                      .dwattr $C$DW$276, DW_AT_decl_line(0x150)
    2970                      .dwattr $C$DW$276, DW_AT_decl_column(0x05)
    2971              
    2972              $C$DW$277       .dwtag  DW_TAG_enumerator
    2973                      .dwattr $C$DW$277, DW_AT_name("CLB_GLOBAL_IN_MUX_EPWM3A_OE")
    2974                      .dwattr $C$DW$277, DW_AT_const_value(0x21)
    2975                      .dwattr $C$DW$277, DW_AT_decl_file("C:/TI/C2000Ware_MotorControl_SDK_5_04_00_00/c2000ware/driverlib/f
    2976                      .dwattr $C$DW$277, DW_AT_decl_line(0x151)
    2977                      .dwattr $C$DW$277, DW_AT_decl_column(0x05)
    2978              
    2979              $C$DW$278       .dwtag  DW_TAG_enumerator
    2980                      .dwattr $C$DW$278, DW_AT_name("CLB_GLOBAL_IN_MUX_EPWM3B")
    2981                      .dwattr $C$DW$278, DW_AT_const_value(0x22)
    2982                      .dwattr $C$DW$278, DW_AT_decl_file("C:/TI/C2000Ware_MotorControl_SDK_5_04_00_00/c2000ware/driverlib/f
    2983                      .dwattr $C$DW$278, DW_AT_decl_line(0x152)
    2984                      .dwattr $C$DW$278, DW_AT_decl_column(0x05)
    2985              
    2986              $C$DW$279       .dwtag  DW_TAG_enumerator
    2987                      .dwattr $C$DW$279, DW_AT_name("CLB_GLOBAL_IN_MUX_EPWM3B_OE")
    2988                      .dwattr $C$DW$279, DW_AT_const_value(0x23)
    2989                      .dwattr $C$DW$279, DW_AT_decl_file("C:/TI/C2000Ware_MotorControl_SDK_5_04_00_00/c2000ware/driverlib/f
    2990                      .dwattr $C$DW$279, DW_AT_decl_line(0x153)
    2991                      .dwattr $C$DW$279, DW_AT_decl_column(0x05)
    2992              
    2993              $C$DW$280       .dwtag  DW_TAG_enumerator
    2994                      .dwattr $C$DW$280, DW_AT_name("CLB_GLOBAL_IN_MUX_EPWM3_CTR_ZERO")
    2995                      .dwattr $C$DW$280, DW_AT_const_value(0x24)
TMS320C2000 Assembler PC v22.6.2 Thu Jan 22 11:16:45 2026

Copyright (c) 1996-2018 Texas Instruments Incorporated
fcl_tformat_f2837x_config.asm                                        PAGE   59

    2996                      .dwattr $C$DW$280, DW_AT_decl_file("C:/TI/C2000Ware_MotorControl_SDK_5_04_00_00/c2000ware/driverlib/f
    2997                      .dwattr $C$DW$280, DW_AT_decl_line(0x154)
    2998                      .dwattr $C$DW$280, DW_AT_decl_column(0x05)
    2999              
    3000              $C$DW$281       .dwtag  DW_TAG_enumerator
    3001                      .dwattr $C$DW$281, DW_AT_name("CLB_GLOBAL_IN_MUX_EPWM3_CTR_PRD")
    3002                      .dwattr $C$DW$281, DW_AT_const_value(0x25)
    3003                      .dwattr $C$DW$281, DW_AT_decl_file("C:/TI/C2000Ware_MotorControl_SDK_5_04_00_00/c2000ware/driverlib/f
    3004                      .dwattr $C$DW$281, DW_AT_decl_line(0x155)
    3005                      .dwattr $C$DW$281, DW_AT_decl_column(0x05)
    3006              
    3007              $C$DW$282       .dwtag  DW_TAG_enumerator
    3008                      .dwattr $C$DW$282, DW_AT_name("CLB_GLOBAL_IN_MUX_EPWM3_CTRDIR")
    3009                      .dwattr $C$DW$282, DW_AT_const_value(0x26)
    3010                      .dwattr $C$DW$282, DW_AT_decl_file("C:/TI/C2000Ware_MotorControl_SDK_5_04_00_00/c2000ware/driverlib/f
    3011                      .dwattr $C$DW$282, DW_AT_decl_line(0x156)
    3012                      .dwattr $C$DW$282, DW_AT_decl_column(0x05)
    3013              
    3014              $C$DW$283       .dwtag  DW_TAG_enumerator
    3015                      .dwattr $C$DW$283, DW_AT_name("CLB_GLOBAL_IN_MUX_EPWM3_TBCLK")
    3016                      .dwattr $C$DW$283, DW_AT_const_value(0x27)
    3017                      .dwattr $C$DW$283, DW_AT_decl_file("C:/TI/C2000Ware_MotorControl_SDK_5_04_00_00/c2000ware/driverlib/f
    3018                      .dwattr $C$DW$283, DW_AT_decl_line(0x157)
    3019                      .dwattr $C$DW$283, DW_AT_decl_column(0x05)
    3020              
    3021              $C$DW$284       .dwtag  DW_TAG_enumerator
    3022                      .dwattr $C$DW$284, DW_AT_name("CLB_GLOBAL_IN_MUX_EPWM3_CTR_CMPA")
    3023                      .dwattr $C$DW$284, DW_AT_const_value(0x28)
    3024                      .dwattr $C$DW$284, DW_AT_decl_file("C:/TI/C2000Ware_MotorControl_SDK_5_04_00_00/c2000ware/driverlib/f
    3025                      .dwattr $C$DW$284, DW_AT_decl_line(0x158)
    3026                      .dwattr $C$DW$284, DW_AT_decl_column(0x05)
    3027              
    3028              $C$DW$285       .dwtag  DW_TAG_enumerator
    3029                      .dwattr $C$DW$285, DW_AT_name("CLB_GLOBAL_IN_MUX_EPWM3_CTR_CMPB")
    3030                      .dwattr $C$DW$285, DW_AT_const_value(0x29)
    3031                      .dwattr $C$DW$285, DW_AT_decl_file("C:/TI/C2000Ware_MotorControl_SDK_5_04_00_00/c2000ware/driverlib/f
    3032                      .dwattr $C$DW$285, DW_AT_decl_line(0x159)
    3033                      .dwattr $C$DW$285, DW_AT_decl_column(0x05)
    3034              
    3035              $C$DW$286       .dwtag  DW_TAG_enumerator
    3036                      .dwattr $C$DW$286, DW_AT_name("CLB_GLOBAL_IN_MUX_EPWM3_CTR_CMPC")
    3037                      .dwattr $C$DW$286, DW_AT_const_value(0x2a)
    3038                      .dwattr $C$DW$286, DW_AT_decl_file("C:/TI/C2000Ware_MotorControl_SDK_5_04_00_00/c2000ware/driverlib/f
    3039                      .dwattr $C$DW$286, DW_AT_decl_line(0x15a)
    3040                      .dwattr $C$DW$286, DW_AT_decl_column(0x05)
    3041              
    3042              $C$DW$287       .dwtag  DW_TAG_enumerator
    3043                      .dwattr $C$DW$287, DW_AT_name("CLB_GLOBAL_IN_MUX_EPWM3_CTR_CMPD")
    3044                      .dwattr $C$DW$287, DW_AT_const_value(0x2b)
    3045                      .dwattr $C$DW$287, DW_AT_decl_file("C:/TI/C2000Ware_MotorControl_SDK_5_04_00_00/c2000ware/driverlib/f
    3046                      .dwattr $C$DW$287, DW_AT_decl_line(0x15b)
    3047                      .dwattr $C$DW$287, DW_AT_decl_column(0x05)
    3048              
    3049              $C$DW$288       .dwtag  DW_TAG_enumerator
    3050                      .dwattr $C$DW$288, DW_AT_name("CLB_GLOBAL_IN_MUX_EPWM3A_AQ")
TMS320C2000 Assembler PC v22.6.2 Thu Jan 22 11:16:45 2026

Copyright (c) 1996-2018 Texas Instruments Incorporated
fcl_tformat_f2837x_config.asm                                        PAGE   60

    3051                      .dwattr $C$DW$288, DW_AT_const_value(0x2c)
    3052                      .dwattr $C$DW$288, DW_AT_decl_file("C:/TI/C2000Ware_MotorControl_SDK_5_04_00_00/c2000ware/driverlib/f
    3053                      .dwattr $C$DW$288, DW_AT_decl_line(0x15c)
    3054                      .dwattr $C$DW$288, DW_AT_decl_column(0x05)
    3055              
    3056              $C$DW$289       .dwtag  DW_TAG_enumerator
    3057                      .dwattr $C$DW$289, DW_AT_name("CLB_GLOBAL_IN_MUX_EPWM3B_AQ")
    3058                      .dwattr $C$DW$289, DW_AT_const_value(0x2d)
    3059                      .dwattr $C$DW$289, DW_AT_decl_file("C:/TI/C2000Ware_MotorControl_SDK_5_04_00_00/c2000ware/driverlib/f
    3060                      .dwattr $C$DW$289, DW_AT_decl_line(0x15d)
    3061                      .dwattr $C$DW$289, DW_AT_decl_column(0x05)
    3062              
    3063              $C$DW$290       .dwtag  DW_TAG_enumerator
    3064                      .dwattr $C$DW$290, DW_AT_name("CLB_GLOBAL_IN_MUX_EPWM3A_DB")
    3065                      .dwattr $C$DW$290, DW_AT_const_value(0x2e)
    3066                      .dwattr $C$DW$290, DW_AT_decl_file("C:/TI/C2000Ware_MotorControl_SDK_5_04_00_00/c2000ware/driverlib/f
    3067                      .dwattr $C$DW$290, DW_AT_decl_line(0x15e)
    3068                      .dwattr $C$DW$290, DW_AT_decl_column(0x05)
    3069              
    3070              $C$DW$291       .dwtag  DW_TAG_enumerator
    3071                      .dwattr $C$DW$291, DW_AT_name("CLB_GLOBAL_IN_MUX_EPWM3B_DB")
    3072                      .dwattr $C$DW$291, DW_AT_const_value(0x2f)
    3073                      .dwattr $C$DW$291, DW_AT_decl_file("C:/TI/C2000Ware_MotorControl_SDK_5_04_00_00/c2000ware/driverlib/f
    3074                      .dwattr $C$DW$291, DW_AT_decl_line(0x15f)
    3075                      .dwattr $C$DW$291, DW_AT_decl_column(0x05)
    3076              
    3077              $C$DW$292       .dwtag  DW_TAG_enumerator
    3078                      .dwattr $C$DW$292, DW_AT_name("CLB_GLOBAL_IN_MUX_EPWM4A")
    3079                      .dwattr $C$DW$292, DW_AT_const_value(0x30)
    3080                      .dwattr $C$DW$292, DW_AT_decl_file("C:/TI/C2000Ware_MotorControl_SDK_5_04_00_00/c2000ware/driverlib/f
    3081                      .dwattr $C$DW$292, DW_AT_decl_line(0x161)
    3082                      .dwattr $C$DW$292, DW_AT_decl_column(0x05)
    3083              
    3084              $C$DW$293       .dwtag  DW_TAG_enumerator
    3085                      .dwattr $C$DW$293, DW_AT_name("CLB_GLOBAL_IN_MUX_EPWM4A_OE")
    3086                      .dwattr $C$DW$293, DW_AT_const_value(0x31)
    3087                      .dwattr $C$DW$293, DW_AT_decl_file("C:/TI/C2000Ware_MotorControl_SDK_5_04_00_00/c2000ware/driverlib/f
    3088                      .dwattr $C$DW$293, DW_AT_decl_line(0x162)
    3089                      .dwattr $C$DW$293, DW_AT_decl_column(0x05)
    3090              
    3091              $C$DW$294       .dwtag  DW_TAG_enumerator
    3092                      .dwattr $C$DW$294, DW_AT_name("CLB_GLOBAL_IN_MUX_EPWM4B")
    3093                      .dwattr $C$DW$294, DW_AT_const_value(0x32)
    3094                      .dwattr $C$DW$294, DW_AT_decl_file("C:/TI/C2000Ware_MotorControl_SDK_5_04_00_00/c2000ware/driverlib/f
    3095                      .dwattr $C$DW$294, DW_AT_decl_line(0x163)
    3096                      .dwattr $C$DW$294, DW_AT_decl_column(0x05)
    3097              
    3098              $C$DW$295       .dwtag  DW_TAG_enumerator
    3099                      .dwattr $C$DW$295, DW_AT_name("CLB_GLOBAL_IN_MUX_EPWM4B_OE")
    3100                      .dwattr $C$DW$295, DW_AT_const_value(0x33)
    3101                      .dwattr $C$DW$295, DW_AT_decl_file("C:/TI/C2000Ware_MotorControl_SDK_5_04_00_00/c2000ware/driverlib/f
    3102                      .dwattr $C$DW$295, DW_AT_decl_line(0x164)
    3103                      .dwattr $C$DW$295, DW_AT_decl_column(0x05)
    3104              
    3105              $C$DW$296       .dwtag  DW_TAG_enumerator
TMS320C2000 Assembler PC v22.6.2 Thu Jan 22 11:16:45 2026

Copyright (c) 1996-2018 Texas Instruments Incorporated
fcl_tformat_f2837x_config.asm                                        PAGE   61

    3106                      .dwattr $C$DW$296, DW_AT_name("CLB_GLOBAL_IN_MUX_EPWM4_CTR_ZERO")
    3107                      .dwattr $C$DW$296, DW_AT_const_value(0x34)
    3108                      .dwattr $C$DW$296, DW_AT_decl_file("C:/TI/C2000Ware_MotorControl_SDK_5_04_00_00/c2000ware/driverlib/f
    3109                      .dwattr $C$DW$296, DW_AT_decl_line(0x165)
    3110                      .dwattr $C$DW$296, DW_AT_decl_column(0x05)
    3111              
    3112              $C$DW$297       .dwtag  DW_TAG_enumerator
    3113                      .dwattr $C$DW$297, DW_AT_name("CLB_GLOBAL_IN_MUX_EPWM4_CTR_PRD")
    3114                      .dwattr $C$DW$297, DW_AT_const_value(0x35)
    3115                      .dwattr $C$DW$297, DW_AT_decl_file("C:/TI/C2000Ware_MotorControl_SDK_5_04_00_00/c2000ware/driverlib/f
    3116                      .dwattr $C$DW$297, DW_AT_decl_line(0x166)
    3117                      .dwattr $C$DW$297, DW_AT_decl_column(0x05)
    3118              
    3119              $C$DW$298       .dwtag  DW_TAG_enumerator
    3120                      .dwattr $C$DW$298, DW_AT_name("CLB_GLOBAL_IN_MUX_EPWM4_CTRDIR")
    3121                      .dwattr $C$DW$298, DW_AT_const_value(0x36)
    3122                      .dwattr $C$DW$298, DW_AT_decl_file("C:/TI/C2000Ware_MotorControl_SDK_5_04_00_00/c2000ware/driverlib/f
    3123                      .dwattr $C$DW$298, DW_AT_decl_line(0x167)
    3124                      .dwattr $C$DW$298, DW_AT_decl_column(0x05)
    3125              
    3126              $C$DW$299       .dwtag  DW_TAG_enumerator
    3127                      .dwattr $C$DW$299, DW_AT_name("CLB_GLOBAL_IN_MUX_EPWM4_TBCLK")
    3128                      .dwattr $C$DW$299, DW_AT_const_value(0x37)
    3129                      .dwattr $C$DW$299, DW_AT_decl_file("C:/TI/C2000Ware_MotorControl_SDK_5_04_00_00/c2000ware/driverlib/f
    3130                      .dwattr $C$DW$299, DW_AT_decl_line(0x168)
    3131                      .dwattr $C$DW$299, DW_AT_decl_column(0x05)
    3132              
    3133              $C$DW$300       .dwtag  DW_TAG_enumerator
    3134                      .dwattr $C$DW$300, DW_AT_name("CLB_GLOBAL_IN_MUX_EPWM4_CTR_CMPA")
    3135                      .dwattr $C$DW$300, DW_AT_const_value(0x38)
    3136                      .dwattr $C$DW$300, DW_AT_decl_file("C:/TI/C2000Ware_MotorControl_SDK_5_04_00_00/c2000ware/driverlib/f
    3137                      .dwattr $C$DW$300, DW_AT_decl_line(0x169)
    3138                      .dwattr $C$DW$300, DW_AT_decl_column(0x05)
    3139              
    3140              $C$DW$301       .dwtag  DW_TAG_enumerator
    3141                      .dwattr $C$DW$301, DW_AT_name("CLB_GLOBAL_IN_MUX_EPWM4_CTR_CMPB")
    3142                      .dwattr $C$DW$301, DW_AT_const_value(0x39)
    3143                      .dwattr $C$DW$301, DW_AT_decl_file("C:/TI/C2000Ware_MotorControl_SDK_5_04_00_00/c2000ware/driverlib/f
    3144                      .dwattr $C$DW$301, DW_AT_decl_line(0x16a)
    3145                      .dwattr $C$DW$301, DW_AT_decl_column(0x05)
    3146              
    3147              $C$DW$302       .dwtag  DW_TAG_enumerator
    3148                      .dwattr $C$DW$302, DW_AT_name("CLB_GLOBAL_IN_MUX_EPWM4_CTR_CMPC")
    3149                      .dwattr $C$DW$302, DW_AT_const_value(0x3a)
    3150                      .dwattr $C$DW$302, DW_AT_decl_file("C:/TI/C2000Ware_MotorControl_SDK_5_04_00_00/c2000ware/driverlib/f
    3151                      .dwattr $C$DW$302, DW_AT_decl_line(0x16b)
    3152                      .dwattr $C$DW$302, DW_AT_decl_column(0x05)
    3153              
    3154              $C$DW$303       .dwtag  DW_TAG_enumerator
    3155                      .dwattr $C$DW$303, DW_AT_name("CLB_GLOBAL_IN_MUX_EPWM4_CTR_CMPD")
    3156                      .dwattr $C$DW$303, DW_AT_const_value(0x3b)
    3157                      .dwattr $C$DW$303, DW_AT_decl_file("C:/TI/C2000Ware_MotorControl_SDK_5_04_00_00/c2000ware/driverlib/f
    3158                      .dwattr $C$DW$303, DW_AT_decl_line(0x16c)
    3159                      .dwattr $C$DW$303, DW_AT_decl_column(0x05)
    3160              
TMS320C2000 Assembler PC v22.6.2 Thu Jan 22 11:16:45 2026

Copyright (c) 1996-2018 Texas Instruments Incorporated
fcl_tformat_f2837x_config.asm                                        PAGE   62

    3161              $C$DW$304       .dwtag  DW_TAG_enumerator
    3162                      .dwattr $C$DW$304, DW_AT_name("CLB_GLOBAL_IN_MUX_EPWM4A_AQ")
    3163                      .dwattr $C$DW$304, DW_AT_const_value(0x3c)
    3164                      .dwattr $C$DW$304, DW_AT_decl_file("C:/TI/C2000Ware_MotorControl_SDK_5_04_00_00/c2000ware/driverlib/f
    3165                      .dwattr $C$DW$304, DW_AT_decl_line(0x16d)
    3166                      .dwattr $C$DW$304, DW_AT_decl_column(0x05)
    3167              
    3168              $C$DW$305       .dwtag  DW_TAG_enumerator
    3169                      .dwattr $C$DW$305, DW_AT_name("CLB_GLOBAL_IN_MUX_EPWM4B_AQ")
    3170                      .dwattr $C$DW$305, DW_AT_const_value(0x3d)
    3171                      .dwattr $C$DW$305, DW_AT_decl_file("C:/TI/C2000Ware_MotorControl_SDK_5_04_00_00/c2000ware/driverlib/f
    3172                      .dwattr $C$DW$305, DW_AT_decl_line(0x16e)
    3173                      .dwattr $C$DW$305, DW_AT_decl_column(0x05)
    3174              
    3175              $C$DW$306       .dwtag  DW_TAG_enumerator
    3176                      .dwattr $C$DW$306, DW_AT_name("CLB_GLOBAL_IN_MUX_EPWM4A_DB")
    3177                      .dwattr $C$DW$306, DW_AT_const_value(0x3e)
    3178                      .dwattr $C$DW$306, DW_AT_decl_file("C:/TI/C2000Ware_MotorControl_SDK_5_04_00_00/c2000ware/driverlib/f
    3179                      .dwattr $C$DW$306, DW_AT_decl_line(0x16f)
    3180                      .dwattr $C$DW$306, DW_AT_decl_column(0x05)
    3181              
    3182              $C$DW$307       .dwtag  DW_TAG_enumerator
    3183                      .dwattr $C$DW$307, DW_AT_name("CLB_GLOBAL_IN_MUX_EPWM4B_DB")
    3184                      .dwattr $C$DW$307, DW_AT_const_value(0x3f)
    3185                      .dwattr $C$DW$307, DW_AT_decl_file("C:/TI/C2000Ware_MotorControl_SDK_5_04_00_00/c2000ware/driverlib/f
    3186                      .dwattr $C$DW$307, DW_AT_decl_line(0x170)
    3187                      .dwattr $C$DW$307, DW_AT_decl_column(0x05)
    3188              
    3189              $C$DW$308       .dwtag  DW_TAG_enumerator
    3190                      .dwattr $C$DW$308, DW_AT_name("CLB_GLOBAL_IN_MUX_CLB_AUXSIG0")
    3191                      .dwattr $C$DW$308, DW_AT_const_value(0x40)
    3192                      .dwattr $C$DW$308, DW_AT_decl_file("C:/TI/C2000Ware_MotorControl_SDK_5_04_00_00/c2000ware/driverlib/f
    3193                      .dwattr $C$DW$308, DW_AT_decl_line(0x172)
    3194                      .dwattr $C$DW$308, DW_AT_decl_column(0x05)
    3195              
    3196              $C$DW$309       .dwtag  DW_TAG_enumerator
    3197                      .dwattr $C$DW$309, DW_AT_name("CLB_GLOBAL_IN_MUX_CLB_AUXSIG1")
    3198                      .dwattr $C$DW$309, DW_AT_const_value(0x41)
    3199                      .dwattr $C$DW$309, DW_AT_decl_file("C:/TI/C2000Ware_MotorControl_SDK_5_04_00_00/c2000ware/driverlib/f
    3200                      .dwattr $C$DW$309, DW_AT_decl_line(0x173)
    3201                      .dwattr $C$DW$309, DW_AT_decl_column(0x05)
    3202              
    3203              $C$DW$310       .dwtag  DW_TAG_enumerator
    3204                      .dwattr $C$DW$310, DW_AT_name("CLB_GLOBAL_IN_MUX_CLB_AUXSIG2")
    3205                      .dwattr $C$DW$310, DW_AT_const_value(0x42)
    3206                      .dwattr $C$DW$310, DW_AT_decl_file("C:/TI/C2000Ware_MotorControl_SDK_5_04_00_00/c2000ware/driverlib/f
    3207                      .dwattr $C$DW$310, DW_AT_decl_line(0x174)
    3208                      .dwattr $C$DW$310, DW_AT_decl_column(0x05)
    3209              
    3210              $C$DW$311       .dwtag  DW_TAG_enumerator
    3211                      .dwattr $C$DW$311, DW_AT_name("CLB_GLOBAL_IN_MUX_CLB_AUXSIG3")
    3212                      .dwattr $C$DW$311, DW_AT_const_value(0x43)
    3213                      .dwattr $C$DW$311, DW_AT_decl_file("C:/TI/C2000Ware_MotorControl_SDK_5_04_00_00/c2000ware/driverlib/f
    3214                      .dwattr $C$DW$311, DW_AT_decl_line(0x175)
    3215                      .dwattr $C$DW$311, DW_AT_decl_column(0x05)
TMS320C2000 Assembler PC v22.6.2 Thu Jan 22 11:16:45 2026

Copyright (c) 1996-2018 Texas Instruments Incorporated
fcl_tformat_f2837x_config.asm                                        PAGE   63

    3216              
    3217              $C$DW$312       .dwtag  DW_TAG_enumerator
    3218                      .dwattr $C$DW$312, DW_AT_name("CLB_GLOBAL_IN_MUX_CLB_AUXSIG4")
    3219                      .dwattr $C$DW$312, DW_AT_const_value(0x44)
    3220                      .dwattr $C$DW$312, DW_AT_decl_file("C:/TI/C2000Ware_MotorControl_SDK_5_04_00_00/c2000ware/driverlib/f
    3221                      .dwattr $C$DW$312, DW_AT_decl_line(0x176)
    3222                      .dwattr $C$DW$312, DW_AT_decl_column(0x05)
    3223              
    3224              $C$DW$313       .dwtag  DW_TAG_enumerator
    3225                      .dwattr $C$DW$313, DW_AT_name("CLB_GLOBAL_IN_MUX_CLB_AUXSIG5")
    3226                      .dwattr $C$DW$313, DW_AT_const_value(0x45)
    3227                      .dwattr $C$DW$313, DW_AT_decl_file("C:/TI/C2000Ware_MotorControl_SDK_5_04_00_00/c2000ware/driverlib/f
    3228                      .dwattr $C$DW$313, DW_AT_decl_line(0x177)
    3229                      .dwattr $C$DW$313, DW_AT_decl_column(0x05)
    3230              
    3231              $C$DW$314       .dwtag  DW_TAG_enumerator
    3232                      .dwattr $C$DW$314, DW_AT_name("CLB_GLOBAL_IN_MUX_CLB_AUXSIG6")
    3233                      .dwattr $C$DW$314, DW_AT_const_value(0x46)
    3234                      .dwattr $C$DW$314, DW_AT_decl_file("C:/TI/C2000Ware_MotorControl_SDK_5_04_00_00/c2000ware/driverlib/f
    3235                      .dwattr $C$DW$314, DW_AT_decl_line(0x178)
    3236                      .dwattr $C$DW$314, DW_AT_decl_column(0x05)
    3237              
    3238              $C$DW$315       .dwtag  DW_TAG_enumerator
    3239                      .dwattr $C$DW$315, DW_AT_name("CLB_GLOBAL_IN_MUX_CLB_AUXSIG7")
    3240                      .dwattr $C$DW$315, DW_AT_const_value(0x47)
    3241                      .dwattr $C$DW$315, DW_AT_decl_file("C:/TI/C2000Ware_MotorControl_SDK_5_04_00_00/c2000ware/driverlib/f
    3242                      .dwattr $C$DW$315, DW_AT_decl_line(0x179)
    3243                      .dwattr $C$DW$315, DW_AT_decl_column(0x05)
    3244              
    3245                      .dwattr $C$DW$T$34, DW_AT_decl_file("C:/TI/C2000Ware_MotorControl_SDK_5_04_00_00/c2000ware/driverlib/
    3246                      .dwattr $C$DW$T$34, DW_AT_decl_line(0x12d)
    3247                      .dwattr $C$DW$T$34, DW_AT_decl_column(0x01)
    3248                      .dwendtag $C$DW$T$34
    3249              
    3250                      .dwendtag $C$DW$TU$34
    3251              
    3252              
    3253              $C$DW$TU$35     .dwtag  DW_TAG_type_unit
    3254                      .dwmtype  $C$DW$T$35
    3255              $C$DW$T$35      .dwtag  DW_TAG_typedef
    3256                      .dwattr $C$DW$T$35, DW_AT_name("CLB_GlobalInputMux")
    3257                      .dwattr $C$DW$T$35, DW_AT_type(*$C$DW$T$34)
    3258                      .dwattr $C$DW$T$35, DW_AT_decl_file("C:/TI/C2000Ware_MotorControl_SDK_5_04_00_00/c2000ware/driverlib/
    3259                      .dwattr $C$DW$T$35, DW_AT_decl_line(0x17b)
    3260                      .dwattr $C$DW$T$35, DW_AT_decl_column(0x03)
    3261              
    3262                      .dwendtag $C$DW$TU$35
    3263              
    3264              
    3265              $C$DW$TU$36     .dwtag  DW_TAG_type_unit
    3266                      .dwmtype  $C$DW$T$36
    3267              
    3268              $C$DW$T$36      .dwtag  DW_TAG_enumeration_type
    3269                      .dwattr $C$DW$T$36, DW_AT_byte_size(0x01)
    3270              $C$DW$316       .dwtag  DW_TAG_enumerator
TMS320C2000 Assembler PC v22.6.2 Thu Jan 22 11:16:45 2026

Copyright (c) 1996-2018 Texas Instruments Incorporated
fcl_tformat_f2837x_config.asm                                        PAGE   64

    3271                      .dwattr $C$DW$316, DW_AT_name("EPWM_TZ_ACTION_EVENT_TZA")
    3272                      .dwattr $C$DW$316, DW_AT_const_value(0x00)
    3273                      .dwattr $C$DW$316, DW_AT_decl_file("C:/TI/C2000Ware_MotorControl_SDK_5_04_00_00/c2000ware/driverlib/f
    3274                      .dwattr $C$DW$316, DW_AT_decl_line(0x301)
    3275                      .dwattr $C$DW$316, DW_AT_decl_column(0x05)
    3276              
    3277              $C$DW$317       .dwtag  DW_TAG_enumerator
    3278                      .dwattr $C$DW$317, DW_AT_name("EPWM_TZ_ACTION_EVENT_TZB")
    3279                      .dwattr $C$DW$317, DW_AT_const_value(0x02)
    3280                      .dwattr $C$DW$317, DW_AT_decl_file("C:/TI/C2000Ware_MotorControl_SDK_5_04_00_00/c2000ware/driverlib/f
    3281                      .dwattr $C$DW$317, DW_AT_decl_line(0x302)
    3282                      .dwattr $C$DW$317, DW_AT_decl_column(0x05)
    3283              
    3284              $C$DW$318       .dwtag  DW_TAG_enumerator
    3285                      .dwattr $C$DW$318, DW_AT_name("EPWM_TZ_ACTION_EVENT_DCAEVT1")
    3286                      .dwattr $C$DW$318, DW_AT_const_value(0x04)
    3287                      .dwattr $C$DW$318, DW_AT_decl_file("C:/TI/C2000Ware_MotorControl_SDK_5_04_00_00/c2000ware/driverlib/f
    3288                      .dwattr $C$DW$318, DW_AT_decl_line(0x303)
    3289                      .dwattr $C$DW$318, DW_AT_decl_column(0x05)
    3290              
    3291              $C$DW$319       .dwtag  DW_TAG_enumerator
    3292                      .dwattr $C$DW$319, DW_AT_name("EPWM_TZ_ACTION_EVENT_DCAEVT2")
    3293                      .dwattr $C$DW$319, DW_AT_const_value(0x06)
    3294                      .dwattr $C$DW$319, DW_AT_decl_file("C:/TI/C2000Ware_MotorControl_SDK_5_04_00_00/c2000ware/driverlib/f
    3295                      .dwattr $C$DW$319, DW_AT_decl_line(0x304)
    3296                      .dwattr $C$DW$319, DW_AT_decl_column(0x05)
    3297              
    3298              $C$DW$320       .dwtag  DW_TAG_enumerator
    3299                      .dwattr $C$DW$320, DW_AT_name("EPWM_TZ_ACTION_EVENT_DCBEVT1")
    3300                      .dwattr $C$DW$320, DW_AT_const_value(0x08)
    3301                      .dwattr $C$DW$320, DW_AT_decl_file("C:/TI/C2000Ware_MotorControl_SDK_5_04_00_00/c2000ware/driverlib/f
    3302                      .dwattr $C$DW$320, DW_AT_decl_line(0x305)
    3303                      .dwattr $C$DW$320, DW_AT_decl_column(0x05)
    3304              
    3305              $C$DW$321       .dwtag  DW_TAG_enumerator
    3306                      .dwattr $C$DW$321, DW_AT_name("EPWM_TZ_ACTION_EVENT_DCBEVT2")
    3307                      .dwattr $C$DW$321, DW_AT_const_value(0x0a)
    3308                      .dwattr $C$DW$321, DW_AT_decl_file("C:/TI/C2000Ware_MotorControl_SDK_5_04_00_00/c2000ware/driverlib/f
    3309                      .dwattr $C$DW$321, DW_AT_decl_line(0x306)
    3310                      .dwattr $C$DW$321, DW_AT_decl_column(0x05)
    3311              
    3312                      .dwattr $C$DW$T$36, DW_AT_decl_file("C:/TI/C2000Ware_MotorControl_SDK_5_04_00_00/c2000ware/driverlib/
    3313                      .dwattr $C$DW$T$36, DW_AT_decl_line(0x300)
    3314                      .dwattr $C$DW$T$36, DW_AT_decl_column(0x01)
    3315                      .dwendtag $C$DW$T$36
    3316              
    3317                      .dwendtag $C$DW$TU$36
    3318              
    3319              
    3320              $C$DW$TU$37     .dwtag  DW_TAG_type_unit
    3321                      .dwmtype  $C$DW$T$37
    3322              $C$DW$T$37      .dwtag  DW_TAG_typedef
    3323                      .dwattr $C$DW$T$37, DW_AT_name("EPWM_TripZoneEvent")
    3324                      .dwattr $C$DW$T$37, DW_AT_type(*$C$DW$T$36)
    3325                      .dwattr $C$DW$T$37, DW_AT_decl_file("C:/TI/C2000Ware_MotorControl_SDK_5_04_00_00/c2000ware/driverlib/
TMS320C2000 Assembler PC v22.6.2 Thu Jan 22 11:16:45 2026

Copyright (c) 1996-2018 Texas Instruments Incorporated
fcl_tformat_f2837x_config.asm                                        PAGE   65

    3326                      .dwattr $C$DW$T$37, DW_AT_decl_line(0x307)
    3327                      .dwattr $C$DW$T$37, DW_AT_decl_column(0x03)
    3328              
    3329                      .dwendtag $C$DW$TU$37
    3330              
    3331              
    3332              $C$DW$TU$38     .dwtag  DW_TAG_type_unit
    3333                      .dwmtype  $C$DW$T$38
    3334              
    3335              $C$DW$T$38      .dwtag  DW_TAG_enumeration_type
    3336                      .dwattr $C$DW$T$38, DW_AT_byte_size(0x01)
    3337              $C$DW$322       .dwtag  DW_TAG_enumerator
    3338                      .dwattr $C$DW$322, DW_AT_name("EPWM_TZ_ACTION_HIGH_Z")
    3339                      .dwattr $C$DW$322, DW_AT_const_value(0x00)
    3340                      .dwattr $C$DW$322, DW_AT_decl_file("C:/TI/C2000Ware_MotorControl_SDK_5_04_00_00/c2000ware/driverlib/f
    3341                      .dwattr $C$DW$322, DW_AT_decl_line(0x311)
    3342                      .dwattr $C$DW$322, DW_AT_decl_column(0x05)
    3343              
    3344              $C$DW$323       .dwtag  DW_TAG_enumerator
    3345                      .dwattr $C$DW$323, DW_AT_name("EPWM_TZ_ACTION_HIGH")
    3346                      .dwattr $C$DW$323, DW_AT_const_value(0x01)
    3347                      .dwattr $C$DW$323, DW_AT_decl_file("C:/TI/C2000Ware_MotorControl_SDK_5_04_00_00/c2000ware/driverlib/f
    3348                      .dwattr $C$DW$323, DW_AT_decl_line(0x312)
    3349                      .dwattr $C$DW$323, DW_AT_decl_column(0x05)
    3350              
    3351              $C$DW$324       .dwtag  DW_TAG_enumerator
    3352                      .dwattr $C$DW$324, DW_AT_name("EPWM_TZ_ACTION_LOW")
    3353                      .dwattr $C$DW$324, DW_AT_const_value(0x02)
    3354                      .dwattr $C$DW$324, DW_AT_decl_file("C:/TI/C2000Ware_MotorControl_SDK_5_04_00_00/c2000ware/driverlib/f
    3355                      .dwattr $C$DW$324, DW_AT_decl_line(0x313)
    3356                      .dwattr $C$DW$324, DW_AT_decl_column(0x05)
    3357              
    3358              $C$DW$325       .dwtag  DW_TAG_enumerator
    3359                      .dwattr $C$DW$325, DW_AT_name("EPWM_TZ_ACTION_DISABLE")
    3360                      .dwattr $C$DW$325, DW_AT_const_value(0x03)
    3361                      .dwattr $C$DW$325, DW_AT_decl_file("C:/TI/C2000Ware_MotorControl_SDK_5_04_00_00/c2000ware/driverlib/f
    3362                      .dwattr $C$DW$325, DW_AT_decl_line(0x314)
    3363                      .dwattr $C$DW$325, DW_AT_decl_column(0x05)
    3364              
    3365                      .dwattr $C$DW$T$38, DW_AT_decl_file("C:/TI/C2000Ware_MotorControl_SDK_5_04_00_00/c2000ware/driverlib/
    3366                      .dwattr $C$DW$T$38, DW_AT_decl_line(0x310)
    3367                      .dwattr $C$DW$T$38, DW_AT_decl_column(0x01)
    3368                      .dwendtag $C$DW$T$38
    3369              
    3370                      .dwendtag $C$DW$TU$38
    3371              
    3372              
    3373              $C$DW$TU$39     .dwtag  DW_TAG_type_unit
    3374                      .dwmtype  $C$DW$T$39
    3375              $C$DW$T$39      .dwtag  DW_TAG_typedef
    3376                      .dwattr $C$DW$T$39, DW_AT_name("EPWM_TripZoneAction")
    3377                      .dwattr $C$DW$T$39, DW_AT_type(*$C$DW$T$38)
    3378                      .dwattr $C$DW$T$39, DW_AT_decl_file("C:/TI/C2000Ware_MotorControl_SDK_5_04_00_00/c2000ware/driverlib/
    3379                      .dwattr $C$DW$T$39, DW_AT_decl_line(0x315)
    3380                      .dwattr $C$DW$T$39, DW_AT_decl_column(0x03)
TMS320C2000 Assembler PC v22.6.2 Thu Jan 22 11:16:45 2026

Copyright (c) 1996-2018 Texas Instruments Incorporated
fcl_tformat_f2837x_config.asm                                        PAGE   66

    3381              
    3382                      .dwendtag $C$DW$TU$39
    3383              
    3384              
    3385              $C$DW$TU$40     .dwtag  DW_TAG_type_unit
    3386                      .dwmtype  $C$DW$T$40
    3387              
    3388              $C$DW$T$40      .dwtag  DW_TAG_enumeration_type
    3389                      .dwattr $C$DW$T$40, DW_AT_byte_size(0x01)
    3390              $C$DW$326       .dwtag  DW_TAG_enumerator
    3391                      .dwattr $C$DW$326, DW_AT_name("XBAR_OUTPUT1")
    3392                      .dwattr $C$DW$326, DW_AT_const_value(0x00)
    3393                      .dwattr $C$DW$326, DW_AT_decl_file("C:\TI\C2000Ware_MotorControl_SDK_5_04_00_00\c2000ware\driverlib\f
    3394                      .dwattr $C$DW$326, DW_AT_decl_line(0x95)
    3395                      .dwattr $C$DW$326, DW_AT_decl_column(0x05)
    3396              
    3397              $C$DW$327       .dwtag  DW_TAG_enumerator
    3398                      .dwattr $C$DW$327, DW_AT_name("XBAR_OUTPUT2")
    3399                      .dwattr $C$DW$327, DW_AT_const_value(0x02)
    3400                      .dwattr $C$DW$327, DW_AT_decl_file("C:\TI\C2000Ware_MotorControl_SDK_5_04_00_00\c2000ware\driverlib\f
    3401                      .dwattr $C$DW$327, DW_AT_decl_line(0x96)
    3402                      .dwattr $C$DW$327, DW_AT_decl_column(0x05)
    3403              
    3404              $C$DW$328       .dwtag  DW_TAG_enumerator
    3405                      .dwattr $C$DW$328, DW_AT_name("XBAR_OUTPUT3")
    3406                      .dwattr $C$DW$328, DW_AT_const_value(0x04)
    3407                      .dwattr $C$DW$328, DW_AT_decl_file("C:\TI\C2000Ware_MotorControl_SDK_5_04_00_00\c2000ware\driverlib\f
    3408                      .dwattr $C$DW$328, DW_AT_decl_line(0x97)
    3409                      .dwattr $C$DW$328, DW_AT_decl_column(0x05)
    3410              
    3411              $C$DW$329       .dwtag  DW_TAG_enumerator
    3412                      .dwattr $C$DW$329, DW_AT_name("XBAR_OUTPUT4")
    3413                      .dwattr $C$DW$329, DW_AT_const_value(0x06)
    3414                      .dwattr $C$DW$329, DW_AT_decl_file("C:\TI\C2000Ware_MotorControl_SDK_5_04_00_00\c2000ware\driverlib\f
    3415                      .dwattr $C$DW$329, DW_AT_decl_line(0x98)
    3416                      .dwattr $C$DW$329, DW_AT_decl_column(0x05)
    3417              
    3418              $C$DW$330       .dwtag  DW_TAG_enumerator
    3419                      .dwattr $C$DW$330, DW_AT_name("XBAR_OUTPUT5")
    3420                      .dwattr $C$DW$330, DW_AT_const_value(0x08)
    3421                      .dwattr $C$DW$330, DW_AT_decl_file("C:\TI\C2000Ware_MotorControl_SDK_5_04_00_00\c2000ware\driverlib\f
    3422                      .dwattr $C$DW$330, DW_AT_decl_line(0x99)
    3423                      .dwattr $C$DW$330, DW_AT_decl_column(0x05)
    3424              
    3425              $C$DW$331       .dwtag  DW_TAG_enumerator
    3426                      .dwattr $C$DW$331, DW_AT_name("XBAR_OUTPUT6")
    3427                      .dwattr $C$DW$331, DW_AT_const_value(0x0a)
    3428                      .dwattr $C$DW$331, DW_AT_decl_file("C:\TI\C2000Ware_MotorControl_SDK_5_04_00_00\c2000ware\driverlib\f
    3429                      .dwattr $C$DW$331, DW_AT_decl_line(0x9a)
    3430                      .dwattr $C$DW$331, DW_AT_decl_column(0x05)
    3431              
    3432              $C$DW$332       .dwtag  DW_TAG_enumerator
    3433                      .dwattr $C$DW$332, DW_AT_name("XBAR_OUTPUT7")
    3434                      .dwattr $C$DW$332, DW_AT_const_value(0x0c)
    3435                      .dwattr $C$DW$332, DW_AT_decl_file("C:\TI\C2000Ware_MotorControl_SDK_5_04_00_00\c2000ware\driverlib\f
TMS320C2000 Assembler PC v22.6.2 Thu Jan 22 11:16:45 2026

Copyright (c) 1996-2018 Texas Instruments Incorporated
fcl_tformat_f2837x_config.asm                                        PAGE   67

    3436                      .dwattr $C$DW$332, DW_AT_decl_line(0x9b)
    3437                      .dwattr $C$DW$332, DW_AT_decl_column(0x05)
    3438              
    3439              $C$DW$333       .dwtag  DW_TAG_enumerator
    3440                      .dwattr $C$DW$333, DW_AT_name("XBAR_OUTPUT8")
    3441                      .dwattr $C$DW$333, DW_AT_const_value(0x0e)
    3442                      .dwattr $C$DW$333, DW_AT_decl_file("C:\TI\C2000Ware_MotorControl_SDK_5_04_00_00\c2000ware\driverlib\f
    3443                      .dwattr $C$DW$333, DW_AT_decl_line(0x9c)
    3444                      .dwattr $C$DW$333, DW_AT_decl_column(0x05)
    3445              
    3446                      .dwattr $C$DW$T$40, DW_AT_decl_file("C:\TI\C2000Ware_MotorControl_SDK_5_04_00_00\c2000ware\driverlib\
    3447                      .dwattr $C$DW$T$40, DW_AT_decl_line(0x94)
    3448                      .dwattr $C$DW$T$40, DW_AT_decl_column(0x01)
    3449                      .dwendtag $C$DW$T$40
    3450              
    3451                      .dwendtag $C$DW$TU$40
    3452              
    3453              
    3454              $C$DW$TU$41     .dwtag  DW_TAG_type_unit
    3455                      .dwmtype  $C$DW$T$41
    3456              $C$DW$T$41      .dwtag  DW_TAG_typedef
    3457                      .dwattr $C$DW$T$41, DW_AT_name("XBAR_OutputNum")
    3458                      .dwattr $C$DW$T$41, DW_AT_type(*$C$DW$T$40)
    3459                      .dwattr $C$DW$T$41, DW_AT_decl_file("C:\TI\C2000Ware_MotorControl_SDK_5_04_00_00\c2000ware\driverlib\
    3460                      .dwattr $C$DW$T$41, DW_AT_decl_line(0x9d)
    3461                      .dwattr $C$DW$T$41, DW_AT_decl_column(0x03)
    3462              
    3463                      .dwendtag $C$DW$TU$41
    3464              
    3465              
    3466              $C$DW$TU$42     .dwtag  DW_TAG_type_unit
    3467                      .dwmtype  $C$DW$T$42
    3468              
    3469              $C$DW$T$42      .dwtag  DW_TAG_enumeration_type
    3470                      .dwattr $C$DW$T$42, DW_AT_byte_size(0x01)
    3471              $C$DW$334       .dwtag  DW_TAG_enumerator
    3472                      .dwattr $C$DW$334, DW_AT_name("XBAR_INPUT1")
    3473                      .dwattr $C$DW$334, DW_AT_const_value(0x00)
    3474                      .dwattr $C$DW$334, DW_AT_decl_file("C:\TI\C2000Ware_MotorControl_SDK_5_04_00_00\c2000ware\driverlib\f
    3475                      .dwattr $C$DW$334, DW_AT_decl_line(0xcb)
    3476                      .dwattr $C$DW$334, DW_AT_decl_column(0x05)
    3477              
    3478              $C$DW$335       .dwtag  DW_TAG_enumerator
    3479                      .dwattr $C$DW$335, DW_AT_name("XBAR_INPUT2")
    3480                      .dwattr $C$DW$335, DW_AT_const_value(0x01)
    3481                      .dwattr $C$DW$335, DW_AT_decl_file("C:\TI\C2000Ware_MotorControl_SDK_5_04_00_00\c2000ware\driverlib\f
    3482                      .dwattr $C$DW$335, DW_AT_decl_line(0xcc)
    3483                      .dwattr $C$DW$335, DW_AT_decl_column(0x05)
    3484              
    3485              $C$DW$336       .dwtag  DW_TAG_enumerator
    3486                      .dwattr $C$DW$336, DW_AT_name("XBAR_INPUT3")
    3487                      .dwattr $C$DW$336, DW_AT_const_value(0x02)
    3488                      .dwattr $C$DW$336, DW_AT_decl_file("C:\TI\C2000Ware_MotorControl_SDK_5_04_00_00\c2000ware\driverlib\f
    3489                      .dwattr $C$DW$336, DW_AT_decl_line(0xcd)
    3490                      .dwattr $C$DW$336, DW_AT_decl_column(0x05)
TMS320C2000 Assembler PC v22.6.2 Thu Jan 22 11:16:45 2026

Copyright (c) 1996-2018 Texas Instruments Incorporated
fcl_tformat_f2837x_config.asm                                        PAGE   68

    3491              
    3492              $C$DW$337       .dwtag  DW_TAG_enumerator
    3493                      .dwattr $C$DW$337, DW_AT_name("XBAR_INPUT4")
    3494                      .dwattr $C$DW$337, DW_AT_const_value(0x03)
    3495                      .dwattr $C$DW$337, DW_AT_decl_file("C:\TI\C2000Ware_MotorControl_SDK_5_04_00_00\c2000ware\driverlib\f
    3496                      .dwattr $C$DW$337, DW_AT_decl_line(0xce)
    3497                      .dwattr $C$DW$337, DW_AT_decl_column(0x05)
    3498              
    3499              $C$DW$338       .dwtag  DW_TAG_enumerator
    3500                      .dwattr $C$DW$338, DW_AT_name("XBAR_INPUT5")
    3501                      .dwattr $C$DW$338, DW_AT_const_value(0x04)
    3502                      .dwattr $C$DW$338, DW_AT_decl_file("C:\TI\C2000Ware_MotorControl_SDK_5_04_00_00\c2000ware\driverlib\f
    3503                      .dwattr $C$DW$338, DW_AT_decl_line(0xcf)
    3504                      .dwattr $C$DW$338, DW_AT_decl_column(0x05)
    3505              
    3506              $C$DW$339       .dwtag  DW_TAG_enumerator
    3507                      .dwattr $C$DW$339, DW_AT_name("XBAR_INPUT6")
    3508                      .dwattr $C$DW$339, DW_AT_const_value(0x05)
    3509                      .dwattr $C$DW$339, DW_AT_decl_file("C:\TI\C2000Ware_MotorControl_SDK_5_04_00_00\c2000ware\driverlib\f
    3510                      .dwattr $C$DW$339, DW_AT_decl_line(0xd0)
    3511                      .dwattr $C$DW$339, DW_AT_decl_column(0x05)
    3512              
    3513              $C$DW$340       .dwtag  DW_TAG_enumerator
    3514                      .dwattr $C$DW$340, DW_AT_name("XBAR_INPUT7")
    3515                      .dwattr $C$DW$340, DW_AT_const_value(0x06)
    3516                      .dwattr $C$DW$340, DW_AT_decl_file("C:\TI\C2000Ware_MotorControl_SDK_5_04_00_00\c2000ware\driverlib\f
    3517                      .dwattr $C$DW$340, DW_AT_decl_line(0xd1)
    3518                      .dwattr $C$DW$340, DW_AT_decl_column(0x05)
    3519              
    3520              $C$DW$341       .dwtag  DW_TAG_enumerator
    3521                      .dwattr $C$DW$341, DW_AT_name("XBAR_INPUT8")
    3522                      .dwattr $C$DW$341, DW_AT_const_value(0x07)
    3523                      .dwattr $C$DW$341, DW_AT_decl_file("C:\TI\C2000Ware_MotorControl_SDK_5_04_00_00\c2000ware\driverlib\f
    3524                      .dwattr $C$DW$341, DW_AT_decl_line(0xd2)
    3525                      .dwattr $C$DW$341, DW_AT_decl_column(0x05)
    3526              
    3527              $C$DW$342       .dwtag  DW_TAG_enumerator
    3528                      .dwattr $C$DW$342, DW_AT_name("XBAR_INPUT9")
    3529                      .dwattr $C$DW$342, DW_AT_const_value(0x08)
    3530                      .dwattr $C$DW$342, DW_AT_decl_file("C:\TI\C2000Ware_MotorControl_SDK_5_04_00_00\c2000ware\driverlib\f
    3531                      .dwattr $C$DW$342, DW_AT_decl_line(0xd3)
    3532                      .dwattr $C$DW$342, DW_AT_decl_column(0x05)
    3533              
    3534              $C$DW$343       .dwtag  DW_TAG_enumerator
    3535                      .dwattr $C$DW$343, DW_AT_name("XBAR_INPUT10")
    3536                      .dwattr $C$DW$343, DW_AT_const_value(0x09)
    3537                      .dwattr $C$DW$343, DW_AT_decl_file("C:\TI\C2000Ware_MotorControl_SDK_5_04_00_00\c2000ware\driverlib\f
    3538                      .dwattr $C$DW$343, DW_AT_decl_line(0xd4)
    3539                      .dwattr $C$DW$343, DW_AT_decl_column(0x05)
    3540              
    3541              $C$DW$344       .dwtag  DW_TAG_enumerator
    3542                      .dwattr $C$DW$344, DW_AT_name("XBAR_INPUT11")
    3543                      .dwattr $C$DW$344, DW_AT_const_value(0x0a)
    3544                      .dwattr $C$DW$344, DW_AT_decl_file("C:\TI\C2000Ware_MotorControl_SDK_5_04_00_00\c2000ware\driverlib\f
    3545                      .dwattr $C$DW$344, DW_AT_decl_line(0xd5)
TMS320C2000 Assembler PC v22.6.2 Thu Jan 22 11:16:45 2026

Copyright (c) 1996-2018 Texas Instruments Incorporated
fcl_tformat_f2837x_config.asm                                        PAGE   69

    3546                      .dwattr $C$DW$344, DW_AT_decl_column(0x05)
    3547              
    3548              $C$DW$345       .dwtag  DW_TAG_enumerator
    3549                      .dwattr $C$DW$345, DW_AT_name("XBAR_INPUT12")
    3550                      .dwattr $C$DW$345, DW_AT_const_value(0x0b)
    3551                      .dwattr $C$DW$345, DW_AT_decl_file("C:\TI\C2000Ware_MotorControl_SDK_5_04_00_00\c2000ware\driverlib\f
    3552                      .dwattr $C$DW$345, DW_AT_decl_line(0xd6)
    3553                      .dwattr $C$DW$345, DW_AT_decl_column(0x05)
    3554              
    3555              $C$DW$346       .dwtag  DW_TAG_enumerator
    3556                      .dwattr $C$DW$346, DW_AT_name("XBAR_INPUT13")
    3557                      .dwattr $C$DW$346, DW_AT_const_value(0x0c)
    3558                      .dwattr $C$DW$346, DW_AT_decl_file("C:\TI\C2000Ware_MotorControl_SDK_5_04_00_00\c2000ware\driverlib\f
    3559                      .dwattr $C$DW$346, DW_AT_decl_line(0xd7)
    3560                      .dwattr $C$DW$346, DW_AT_decl_column(0x05)
    3561              
    3562              $C$DW$347       .dwtag  DW_TAG_enumerator
    3563                      .dwattr $C$DW$347, DW_AT_name("XBAR_INPUT14")
    3564                      .dwattr $C$DW$347, DW_AT_const_value(0x0d)
    3565                      .dwattr $C$DW$347, DW_AT_decl_file("C:\TI\C2000Ware_MotorControl_SDK_5_04_00_00\c2000ware\driverlib\f
    3566                      .dwattr $C$DW$347, DW_AT_decl_line(0xd8)
    3567                      .dwattr $C$DW$347, DW_AT_decl_column(0x05)
    3568              
    3569                      .dwattr $C$DW$T$42, DW_AT_decl_file("C:\TI\C2000Ware_MotorControl_SDK_5_04_00_00\c2000ware\driverlib\
    3570                      .dwattr $C$DW$T$42, DW_AT_decl_line(0xca)
    3571                      .dwattr $C$DW$T$42, DW_AT_decl_column(0x01)
    3572                      .dwendtag $C$DW$T$42
    3573              
    3574                      .dwendtag $C$DW$TU$42
    3575              
    3576              
    3577              $C$DW$TU$43     .dwtag  DW_TAG_type_unit
    3578                      .dwmtype  $C$DW$T$43
    3579              $C$DW$T$43      .dwtag  DW_TAG_typedef
    3580                      .dwattr $C$DW$T$43, DW_AT_name("XBAR_InputNum")
    3581                      .dwattr $C$DW$T$43, DW_AT_type(*$C$DW$T$42)
    3582                      .dwattr $C$DW$T$43, DW_AT_decl_file("C:\TI\C2000Ware_MotorControl_SDK_5_04_00_00\c2000ware\driverlib\
    3583                      .dwattr $C$DW$T$43, DW_AT_decl_line(0xd9)
    3584                      .dwattr $C$DW$T$43, DW_AT_decl_column(0x03)
    3585              
    3586                      .dwendtag $C$DW$TU$43
    3587              
    3588              
    3589              $C$DW$TU$44     .dwtag  DW_TAG_type_unit
    3590                      .dwmtype  $C$DW$T$44
    3591              
    3592              $C$DW$T$44      .dwtag  DW_TAG_enumeration_type
    3593                      .dwattr $C$DW$T$44, DW_AT_byte_size(0x01)
    3594              $C$DW$348       .dwtag  DW_TAG_enumerator
    3595                      .dwattr $C$DW$348, DW_AT_name("XBAR_AUXSIG0")
    3596                      .dwattr $C$DW$348, DW_AT_const_value(0x00)
    3597                      .dwattr $C$DW$348, DW_AT_decl_file("C:\TI\C2000Ware_MotorControl_SDK_5_04_00_00\c2000ware\driverlib\f
    3598                      .dwattr $C$DW$348, DW_AT_decl_line(0xba)
    3599                      .dwattr $C$DW$348, DW_AT_decl_column(0x05)
    3600              
TMS320C2000 Assembler PC v22.6.2 Thu Jan 22 11:16:45 2026

Copyright (c) 1996-2018 Texas Instruments Incorporated
fcl_tformat_f2837x_config.asm                                        PAGE   70

    3601              $C$DW$349       .dwtag  DW_TAG_enumerator
    3602                      .dwattr $C$DW$349, DW_AT_name("XBAR_AUXSIG1")
    3603                      .dwattr $C$DW$349, DW_AT_const_value(0x02)
    3604                      .dwattr $C$DW$349, DW_AT_decl_file("C:\TI\C2000Ware_MotorControl_SDK_5_04_00_00\c2000ware\driverlib\f
    3605                      .dwattr $C$DW$349, DW_AT_decl_line(0xbb)
    3606                      .dwattr $C$DW$349, DW_AT_decl_column(0x05)
    3607              
    3608              $C$DW$350       .dwtag  DW_TAG_enumerator
    3609                      .dwattr $C$DW$350, DW_AT_name("XBAR_AUXSIG2")
    3610                      .dwattr $C$DW$350, DW_AT_const_value(0x04)
    3611                      .dwattr $C$DW$350, DW_AT_decl_file("C:\TI\C2000Ware_MotorControl_SDK_5_04_00_00\c2000ware\driverlib\f
    3612                      .dwattr $C$DW$350, DW_AT_decl_line(0xbc)
    3613                      .dwattr $C$DW$350, DW_AT_decl_column(0x05)
    3614              
    3615              $C$DW$351       .dwtag  DW_TAG_enumerator
    3616                      .dwattr $C$DW$351, DW_AT_name("XBAR_AUXSIG3")
    3617                      .dwattr $C$DW$351, DW_AT_const_value(0x06)
    3618                      .dwattr $C$DW$351, DW_AT_decl_file("C:\TI\C2000Ware_MotorControl_SDK_5_04_00_00\c2000ware\driverlib\f
    3619                      .dwattr $C$DW$351, DW_AT_decl_line(0xbd)
    3620                      .dwattr $C$DW$351, DW_AT_decl_column(0x05)
    3621              
    3622              $C$DW$352       .dwtag  DW_TAG_enumerator
    3623                      .dwattr $C$DW$352, DW_AT_name("XBAR_AUXSIG4")
    3624                      .dwattr $C$DW$352, DW_AT_const_value(0x08)
    3625                      .dwattr $C$DW$352, DW_AT_decl_file("C:\TI\C2000Ware_MotorControl_SDK_5_04_00_00\c2000ware\driverlib\f
    3626                      .dwattr $C$DW$352, DW_AT_decl_line(0xbe)
    3627                      .dwattr $C$DW$352, DW_AT_decl_column(0x05)
    3628              
    3629              $C$DW$353       .dwtag  DW_TAG_enumerator
    3630                      .dwattr $C$DW$353, DW_AT_name("XBAR_AUXSIG5")
    3631                      .dwattr $C$DW$353, DW_AT_const_value(0x0a)
    3632                      .dwattr $C$DW$353, DW_AT_decl_file("C:\TI\C2000Ware_MotorControl_SDK_5_04_00_00\c2000ware\driverlib\f
    3633                      .dwattr $C$DW$353, DW_AT_decl_line(0xbf)
    3634                      .dwattr $C$DW$353, DW_AT_decl_column(0x05)
    3635              
    3636              $C$DW$354       .dwtag  DW_TAG_enumerator
    3637                      .dwattr $C$DW$354, DW_AT_name("XBAR_AUXSIG6")
    3638                      .dwattr $C$DW$354, DW_AT_const_value(0x0c)
    3639                      .dwattr $C$DW$354, DW_AT_decl_file("C:\TI\C2000Ware_MotorControl_SDK_5_04_00_00\c2000ware\driverlib\f
    3640                      .dwattr $C$DW$354, DW_AT_decl_line(0xc0)
    3641                      .dwattr $C$DW$354, DW_AT_decl_column(0x05)
    3642              
    3643              $C$DW$355       .dwtag  DW_TAG_enumerator
    3644                      .dwattr $C$DW$355, DW_AT_name("XBAR_AUXSIG7")
    3645                      .dwattr $C$DW$355, DW_AT_const_value(0x0e)
    3646                      .dwattr $C$DW$355, DW_AT_decl_file("C:\TI\C2000Ware_MotorControl_SDK_5_04_00_00\c2000ware\driverlib\f
    3647                      .dwattr $C$DW$355, DW_AT_decl_line(0xc1)
    3648                      .dwattr $C$DW$355, DW_AT_decl_column(0x05)
    3649              
    3650                      .dwattr $C$DW$T$44, DW_AT_decl_file("C:\TI\C2000Ware_MotorControl_SDK_5_04_00_00\c2000ware\driverlib\
    3651                      .dwattr $C$DW$T$44, DW_AT_decl_line(0xb9)
    3652                      .dwattr $C$DW$T$44, DW_AT_decl_column(0x01)
    3653                      .dwendtag $C$DW$T$44
    3654              
    3655                      .dwendtag $C$DW$TU$44
TMS320C2000 Assembler PC v22.6.2 Thu Jan 22 11:16:45 2026

Copyright (c) 1996-2018 Texas Instruments Incorporated
fcl_tformat_f2837x_config.asm                                        PAGE   71

    3656              
    3657              
    3658              $C$DW$TU$45     .dwtag  DW_TAG_type_unit
    3659                      .dwmtype  $C$DW$T$45
    3660              $C$DW$T$45      .dwtag  DW_TAG_typedef
    3661                      .dwattr $C$DW$T$45, DW_AT_name("XBAR_AuxSigNum")
    3662                      .dwattr $C$DW$T$45, DW_AT_type(*$C$DW$T$44)
    3663                      .dwattr $C$DW$T$45, DW_AT_decl_file("C:\TI\C2000Ware_MotorControl_SDK_5_04_00_00\c2000ware\driverlib\
    3664                      .dwattr $C$DW$T$45, DW_AT_decl_line(0xc2)
    3665                      .dwattr $C$DW$T$45, DW_AT_decl_column(0x03)
    3666              
    3667                      .dwendtag $C$DW$TU$45
    3668              
    3669              
    3670              $C$DW$TU$46     .dwtag  DW_TAG_type_unit
    3671                      .dwmtype  $C$DW$T$46
    3672              
    3673              $C$DW$T$46      .dwtag  DW_TAG_enumeration_type
    3674                      .dwattr $C$DW$T$46, DW_AT_byte_size(0x01)
    3675              $C$DW$356       .dwtag  DW_TAG_enumerator
    3676                      .dwattr $C$DW$356, DW_AT_name("XBAR_OUT_MUX00_CMPSS1_CTRIPOUTH")
    3677                      .dwattr $C$DW$356, DW_AT_const_value(0x00)
    3678                      .dwattr $C$DW$356, DW_AT_decl_file("C:\TI\C2000Ware_MotorControl_SDK_5_04_00_00\c2000ware\driverlib\f
    3679                      .dwattr $C$DW$356, DW_AT_decl_line(0xe7)
    3680                      .dwattr $C$DW$356, DW_AT_decl_column(0x05)
    3681              
    3682              $C$DW$357       .dwtag  DW_TAG_enumerator
    3683                      .dwattr $C$DW$357, DW_AT_name("XBAR_OUT_MUX00_CMPSS1_CTRIPOUTH_OR_L")
    3684                      .dwattr $C$DW$357, DW_AT_const_value(0x01)
    3685                      .dwattr $C$DW$357, DW_AT_decl_file("C:\TI\C2000Ware_MotorControl_SDK_5_04_00_00\c2000ware\driverlib\f
    3686                      .dwattr $C$DW$357, DW_AT_decl_line(0xe8)
    3687                      .dwattr $C$DW$357, DW_AT_decl_column(0x05)
    3688              
    3689              $C$DW$358       .dwtag  DW_TAG_enumerator
    3690                      .dwattr $C$DW$358, DW_AT_name("XBAR_OUT_MUX00_ADCAEVT1")
    3691                      .dwattr $C$DW$358, DW_AT_const_value(0x02)
    3692                      .dwattr $C$DW$358, DW_AT_decl_file("C:\TI\C2000Ware_MotorControl_SDK_5_04_00_00\c2000ware\driverlib\f
    3693                      .dwattr $C$DW$358, DW_AT_decl_line(0xe9)
    3694                      .dwattr $C$DW$358, DW_AT_decl_column(0x05)
    3695              
    3696              $C$DW$359       .dwtag  DW_TAG_enumerator
    3697                      .dwattr $C$DW$359, DW_AT_name("XBAR_OUT_MUX00_ECAP1_OUT")
    3698                      .dwattr $C$DW$359, DW_AT_const_value(0x03)
    3699                      .dwattr $C$DW$359, DW_AT_decl_file("C:\TI\C2000Ware_MotorControl_SDK_5_04_00_00\c2000ware\driverlib\f
    3700                      .dwattr $C$DW$359, DW_AT_decl_line(0xea)
    3701                      .dwattr $C$DW$359, DW_AT_decl_column(0x05)
    3702              
    3703              $C$DW$360       .dwtag  DW_TAG_enumerator
    3704                      .dwattr $C$DW$360, DW_AT_name("XBAR_OUT_MUX01_CMPSS1_CTRIPOUTL")
    3705                      .dwattr $C$DW$360, DW_AT_const_value(0x200)
    3706                      .dwattr $C$DW$360, DW_AT_decl_file("C:\TI\C2000Ware_MotorControl_SDK_5_04_00_00\c2000ware\driverlib\f
    3707                      .dwattr $C$DW$360, DW_AT_decl_line(0xeb)
    3708                      .dwattr $C$DW$360, DW_AT_decl_column(0x05)
    3709              
    3710              $C$DW$361       .dwtag  DW_TAG_enumerator
TMS320C2000 Assembler PC v22.6.2 Thu Jan 22 11:16:45 2026

Copyright (c) 1996-2018 Texas Instruments Incorporated
fcl_tformat_f2837x_config.asm                                        PAGE   72

    3711                      .dwattr $C$DW$361, DW_AT_name("XBAR_OUT_MUX01_INPUTXBAR1")
    3712                      .dwattr $C$DW$361, DW_AT_const_value(0x201)
    3713                      .dwattr $C$DW$361, DW_AT_decl_file("C:\TI\C2000Ware_MotorControl_SDK_5_04_00_00\c2000ware\driverlib\f
    3714                      .dwattr $C$DW$361, DW_AT_decl_line(0xec)
    3715                      .dwattr $C$DW$361, DW_AT_decl_column(0x05)
    3716              
    3717              $C$DW$362       .dwtag  DW_TAG_enumerator
    3718                      .dwattr $C$DW$362, DW_AT_name("XBAR_OUT_MUX01_CLB1_OUT4")
    3719                      .dwattr $C$DW$362, DW_AT_const_value(0x202)
    3720                      .dwattr $C$DW$362, DW_AT_decl_file("C:\TI\C2000Ware_MotorControl_SDK_5_04_00_00\c2000ware\driverlib\f
    3721                      .dwattr $C$DW$362, DW_AT_decl_line(0xed)
    3722                      .dwattr $C$DW$362, DW_AT_decl_column(0x05)
    3723              
    3724              $C$DW$363       .dwtag  DW_TAG_enumerator
    3725                      .dwattr $C$DW$363, DW_AT_name("XBAR_OUT_MUX01_ADCCEVT1")
    3726                      .dwattr $C$DW$363, DW_AT_const_value(0x203)
    3727                      .dwattr $C$DW$363, DW_AT_decl_file("C:\TI\C2000Ware_MotorControl_SDK_5_04_00_00\c2000ware\driverlib\f
    3728                      .dwattr $C$DW$363, DW_AT_decl_line(0xee)
    3729                      .dwattr $C$DW$363, DW_AT_decl_column(0x05)
    3730              
    3731              $C$DW$364       .dwtag  DW_TAG_enumerator
    3732                      .dwattr $C$DW$364, DW_AT_name("XBAR_OUT_MUX02_CMPSS2_CTRIPOUTH")
    3733                      .dwattr $C$DW$364, DW_AT_const_value(0x400)
    3734                      .dwattr $C$DW$364, DW_AT_decl_file("C:\TI\C2000Ware_MotorControl_SDK_5_04_00_00\c2000ware\driverlib\f
    3735                      .dwattr $C$DW$364, DW_AT_decl_line(0xef)
    3736                      .dwattr $C$DW$364, DW_AT_decl_column(0x05)
    3737              
    3738              $C$DW$365       .dwtag  DW_TAG_enumerator
    3739                      .dwattr $C$DW$365, DW_AT_name("XBAR_OUT_MUX02_CMPSS2_CTRIPOUTH_OR_L")
    3740                      .dwattr $C$DW$365, DW_AT_const_value(0x401)
    3741                      .dwattr $C$DW$365, DW_AT_decl_file("C:\TI\C2000Ware_MotorControl_SDK_5_04_00_00\c2000ware\driverlib\f
    3742                      .dwattr $C$DW$365, DW_AT_decl_line(0xf0)
    3743                      .dwattr $C$DW$365, DW_AT_decl_column(0x05)
    3744              
    3745              $C$DW$366       .dwtag  DW_TAG_enumerator
    3746                      .dwattr $C$DW$366, DW_AT_name("XBAR_OUT_MUX02_ADCAEVT2")
    3747                      .dwattr $C$DW$366, DW_AT_const_value(0x402)
    3748                      .dwattr $C$DW$366, DW_AT_decl_file("C:\TI\C2000Ware_MotorControl_SDK_5_04_00_00\c2000ware\driverlib\f
    3749                      .dwattr $C$DW$366, DW_AT_decl_line(0xf1)
    3750                      .dwattr $C$DW$366, DW_AT_decl_column(0x05)
    3751              
    3752              $C$DW$367       .dwtag  DW_TAG_enumerator
    3753                      .dwattr $C$DW$367, DW_AT_name("XBAR_OUT_MUX02_ECAP2_OUT")
    3754                      .dwattr $C$DW$367, DW_AT_const_value(0x403)
    3755                      .dwattr $C$DW$367, DW_AT_decl_file("C:\TI\C2000Ware_MotorControl_SDK_5_04_00_00\c2000ware\driverlib\f
    3756                      .dwattr $C$DW$367, DW_AT_decl_line(0xf2)
    3757                      .dwattr $C$DW$367, DW_AT_decl_column(0x05)
    3758              
    3759              $C$DW$368       .dwtag  DW_TAG_enumerator
    3760                      .dwattr $C$DW$368, DW_AT_name("XBAR_OUT_MUX03_CMPSS2_CTRIPOUTL")
    3761                      .dwattr $C$DW$368, DW_AT_const_value(0x600)
    3762                      .dwattr $C$DW$368, DW_AT_decl_file("C:\TI\C2000Ware_MotorControl_SDK_5_04_00_00\c2000ware\driverlib\f
    3763                      .dwattr $C$DW$368, DW_AT_decl_line(0xf3)
    3764                      .dwattr $C$DW$368, DW_AT_decl_column(0x05)
    3765              
TMS320C2000 Assembler PC v22.6.2 Thu Jan 22 11:16:45 2026

Copyright (c) 1996-2018 Texas Instruments Incorporated
fcl_tformat_f2837x_config.asm                                        PAGE   73

    3766              $C$DW$369       .dwtag  DW_TAG_enumerator
    3767                      .dwattr $C$DW$369, DW_AT_name("XBAR_OUT_MUX03_INPUTXBAR2")
    3768                      .dwattr $C$DW$369, DW_AT_const_value(0x601)
    3769                      .dwattr $C$DW$369, DW_AT_decl_file("C:\TI\C2000Ware_MotorControl_SDK_5_04_00_00\c2000ware\driverlib\f
    3770                      .dwattr $C$DW$369, DW_AT_decl_line(0xf4)
    3771                      .dwattr $C$DW$369, DW_AT_decl_column(0x05)
    3772              
    3773              $C$DW$370       .dwtag  DW_TAG_enumerator
    3774                      .dwattr $C$DW$370, DW_AT_name("XBAR_OUT_MUX03_CLB1_OUT5")
    3775                      .dwattr $C$DW$370, DW_AT_const_value(0x602)
    3776                      .dwattr $C$DW$370, DW_AT_decl_file("C:\TI\C2000Ware_MotorControl_SDK_5_04_00_00\c2000ware\driverlib\f
    3777                      .dwattr $C$DW$370, DW_AT_decl_line(0xf5)
    3778                      .dwattr $C$DW$370, DW_AT_decl_column(0x05)
    3779              
    3780              $C$DW$371       .dwtag  DW_TAG_enumerator
    3781                      .dwattr $C$DW$371, DW_AT_name("XBAR_OUT_MUX03_ADCCEVT2")
    3782                      .dwattr $C$DW$371, DW_AT_const_value(0x603)
    3783                      .dwattr $C$DW$371, DW_AT_decl_file("C:\TI\C2000Ware_MotorControl_SDK_5_04_00_00\c2000ware\driverlib\f
    3784                      .dwattr $C$DW$371, DW_AT_decl_line(0xf6)
    3785                      .dwattr $C$DW$371, DW_AT_decl_column(0x05)
    3786              
    3787              $C$DW$372       .dwtag  DW_TAG_enumerator
    3788                      .dwattr $C$DW$372, DW_AT_name("XBAR_OUT_MUX04_CMPSS3_CTRIPOUTH")
    3789                      .dwattr $C$DW$372, DW_AT_const_value(0x800)
    3790                      .dwattr $C$DW$372, DW_AT_decl_file("C:\TI\C2000Ware_MotorControl_SDK_5_04_00_00\c2000ware\driverlib\f
    3791                      .dwattr $C$DW$372, DW_AT_decl_line(0xf7)
    3792                      .dwattr $C$DW$372, DW_AT_decl_column(0x05)
    3793              
    3794              $C$DW$373       .dwtag  DW_TAG_enumerator
    3795                      .dwattr $C$DW$373, DW_AT_name("XBAR_OUT_MUX04_CMPSS3_CTRIPOUTH_OR_L")
    3796                      .dwattr $C$DW$373, DW_AT_const_value(0x801)
    3797                      .dwattr $C$DW$373, DW_AT_decl_file("C:\TI\C2000Ware_MotorControl_SDK_5_04_00_00\c2000ware\driverlib\f
    3798                      .dwattr $C$DW$373, DW_AT_decl_line(0xf8)
    3799                      .dwattr $C$DW$373, DW_AT_decl_column(0x05)
    3800              
    3801              $C$DW$374       .dwtag  DW_TAG_enumerator
    3802                      .dwattr $C$DW$374, DW_AT_name("XBAR_OUT_MUX04_ADCAEVT3")
    3803                      .dwattr $C$DW$374, DW_AT_const_value(0x802)
    3804                      .dwattr $C$DW$374, DW_AT_decl_file("C:\TI\C2000Ware_MotorControl_SDK_5_04_00_00\c2000ware\driverlib\f
    3805                      .dwattr $C$DW$374, DW_AT_decl_line(0xf9)
    3806                      .dwattr $C$DW$374, DW_AT_decl_column(0x05)
    3807              
    3808              $C$DW$375       .dwtag  DW_TAG_enumerator
    3809                      .dwattr $C$DW$375, DW_AT_name("XBAR_OUT_MUX04_ECAP3_OUT")
    3810                      .dwattr $C$DW$375, DW_AT_const_value(0x803)
    3811                      .dwattr $C$DW$375, DW_AT_decl_file("C:\TI\C2000Ware_MotorControl_SDK_5_04_00_00\c2000ware\driverlib\f
    3812                      .dwattr $C$DW$375, DW_AT_decl_line(0xfa)
    3813                      .dwattr $C$DW$375, DW_AT_decl_column(0x05)
    3814              
    3815              $C$DW$376       .dwtag  DW_TAG_enumerator
    3816                      .dwattr $C$DW$376, DW_AT_name("XBAR_OUT_MUX05_CMPSS3_CTRIPOUTL")
    3817                      .dwattr $C$DW$376, DW_AT_const_value(0xa00)
    3818                      .dwattr $C$DW$376, DW_AT_decl_file("C:\TI\C2000Ware_MotorControl_SDK_5_04_00_00\c2000ware\driverlib\f
    3819                      .dwattr $C$DW$376, DW_AT_decl_line(0xfb)
    3820                      .dwattr $C$DW$376, DW_AT_decl_column(0x05)
TMS320C2000 Assembler PC v22.6.2 Thu Jan 22 11:16:45 2026

Copyright (c) 1996-2018 Texas Instruments Incorporated
fcl_tformat_f2837x_config.asm                                        PAGE   74

    3821              
    3822              $C$DW$377       .dwtag  DW_TAG_enumerator
    3823                      .dwattr $C$DW$377, DW_AT_name("XBAR_OUT_MUX05_INPUTXBAR3")
    3824                      .dwattr $C$DW$377, DW_AT_const_value(0xa01)
    3825                      .dwattr $C$DW$377, DW_AT_decl_file("C:\TI\C2000Ware_MotorControl_SDK_5_04_00_00\c2000ware\driverlib\f
    3826                      .dwattr $C$DW$377, DW_AT_decl_line(0xfc)
    3827                      .dwattr $C$DW$377, DW_AT_decl_column(0x05)
    3828              
    3829              $C$DW$378       .dwtag  DW_TAG_enumerator
    3830                      .dwattr $C$DW$378, DW_AT_name("XBAR_OUT_MUX05_CLB2_OUT4")
    3831                      .dwattr $C$DW$378, DW_AT_const_value(0xa02)
    3832                      .dwattr $C$DW$378, DW_AT_decl_file("C:\TI\C2000Ware_MotorControl_SDK_5_04_00_00\c2000ware\driverlib\f
    3833                      .dwattr $C$DW$378, DW_AT_decl_line(0xfd)
    3834                      .dwattr $C$DW$378, DW_AT_decl_column(0x05)
    3835              
    3836              $C$DW$379       .dwtag  DW_TAG_enumerator
    3837                      .dwattr $C$DW$379, DW_AT_name("XBAR_OUT_MUX05_ADCCEVT3")
    3838                      .dwattr $C$DW$379, DW_AT_const_value(0xa03)
    3839                      .dwattr $C$DW$379, DW_AT_decl_file("C:\TI\C2000Ware_MotorControl_SDK_5_04_00_00\c2000ware\driverlib\f
    3840                      .dwattr $C$DW$379, DW_AT_decl_line(0xfe)
    3841                      .dwattr $C$DW$379, DW_AT_decl_column(0x05)
    3842              
    3843              $C$DW$380       .dwtag  DW_TAG_enumerator
    3844                      .dwattr $C$DW$380, DW_AT_name("XBAR_OUT_MUX06_CMPSS4_CTRIPOUTH")
    3845                      .dwattr $C$DW$380, DW_AT_const_value(0xc00)
    3846                      .dwattr $C$DW$380, DW_AT_decl_file("C:\TI\C2000Ware_MotorControl_SDK_5_04_00_00\c2000ware\driverlib\f
    3847                      .dwattr $C$DW$380, DW_AT_decl_line(0xff)
    3848                      .dwattr $C$DW$380, DW_AT_decl_column(0x05)
    3849              
    3850              $C$DW$381       .dwtag  DW_TAG_enumerator
    3851                      .dwattr $C$DW$381, DW_AT_name("XBAR_OUT_MUX06_CMPSS4_CTRIPOUTH_OR_L")
    3852                      .dwattr $C$DW$381, DW_AT_const_value(0xc01)
    3853                      .dwattr $C$DW$381, DW_AT_decl_file("C:\TI\C2000Ware_MotorControl_SDK_5_04_00_00\c2000ware\driverlib\f
    3854                      .dwattr $C$DW$381, DW_AT_decl_line(0x100)
    3855                      .dwattr $C$DW$381, DW_AT_decl_column(0x05)
    3856              
    3857              $C$DW$382       .dwtag  DW_TAG_enumerator
    3858                      .dwattr $C$DW$382, DW_AT_name("XBAR_OUT_MUX06_ADCAEVT4")
    3859                      .dwattr $C$DW$382, DW_AT_const_value(0xc02)
    3860                      .dwattr $C$DW$382, DW_AT_decl_file("C:\TI\C2000Ware_MotorControl_SDK_5_04_00_00\c2000ware\driverlib\f
    3861                      .dwattr $C$DW$382, DW_AT_decl_line(0x101)
    3862                      .dwattr $C$DW$382, DW_AT_decl_column(0x05)
    3863              
    3864              $C$DW$383       .dwtag  DW_TAG_enumerator
    3865                      .dwattr $C$DW$383, DW_AT_name("XBAR_OUT_MUX06_ECAP4_OUT")
    3866                      .dwattr $C$DW$383, DW_AT_const_value(0xc03)
    3867                      .dwattr $C$DW$383, DW_AT_decl_file("C:\TI\C2000Ware_MotorControl_SDK_5_04_00_00\c2000ware\driverlib\f
    3868                      .dwattr $C$DW$383, DW_AT_decl_line(0x102)
    3869                      .dwattr $C$DW$383, DW_AT_decl_column(0x05)
    3870              
    3871              $C$DW$384       .dwtag  DW_TAG_enumerator
    3872                      .dwattr $C$DW$384, DW_AT_name("XBAR_OUT_MUX07_CMPSS4_CTRIPOUTL")
    3873                      .dwattr $C$DW$384, DW_AT_const_value(0xe00)
    3874                      .dwattr $C$DW$384, DW_AT_decl_file("C:\TI\C2000Ware_MotorControl_SDK_5_04_00_00\c2000ware\driverlib\f
    3875                      .dwattr $C$DW$384, DW_AT_decl_line(0x103)
TMS320C2000 Assembler PC v22.6.2 Thu Jan 22 11:16:45 2026

Copyright (c) 1996-2018 Texas Instruments Incorporated
fcl_tformat_f2837x_config.asm                                        PAGE   75

    3876                      .dwattr $C$DW$384, DW_AT_decl_column(0x05)
    3877              
    3878              $C$DW$385       .dwtag  DW_TAG_enumerator
    3879                      .dwattr $C$DW$385, DW_AT_name("XBAR_OUT_MUX07_INPUTXBAR4")
    3880                      .dwattr $C$DW$385, DW_AT_const_value(0xe01)
    3881                      .dwattr $C$DW$385, DW_AT_decl_file("C:\TI\C2000Ware_MotorControl_SDK_5_04_00_00\c2000ware\driverlib\f
    3882                      .dwattr $C$DW$385, DW_AT_decl_line(0x104)
    3883                      .dwattr $C$DW$385, DW_AT_decl_column(0x05)
    3884              
    3885              $C$DW$386       .dwtag  DW_TAG_enumerator
    3886                      .dwattr $C$DW$386, DW_AT_name("XBAR_OUT_MUX07_CLB2_OUT5")
    3887                      .dwattr $C$DW$386, DW_AT_const_value(0xe02)
    3888                      .dwattr $C$DW$386, DW_AT_decl_file("C:\TI\C2000Ware_MotorControl_SDK_5_04_00_00\c2000ware\driverlib\f
    3889                      .dwattr $C$DW$386, DW_AT_decl_line(0x105)
    3890                      .dwattr $C$DW$386, DW_AT_decl_column(0x05)
    3891              
    3892              $C$DW$387       .dwtag  DW_TAG_enumerator
    3893                      .dwattr $C$DW$387, DW_AT_name("XBAR_OUT_MUX07_ADCCEVT4")
    3894                      .dwattr $C$DW$387, DW_AT_const_value(0xe03)
    3895                      .dwattr $C$DW$387, DW_AT_decl_file("C:\TI\C2000Ware_MotorControl_SDK_5_04_00_00\c2000ware\driverlib\f
    3896                      .dwattr $C$DW$387, DW_AT_decl_line(0x106)
    3897                      .dwattr $C$DW$387, DW_AT_decl_column(0x05)
    3898              
    3899              $C$DW$388       .dwtag  DW_TAG_enumerator
    3900                      .dwattr $C$DW$388, DW_AT_name("XBAR_OUT_MUX08_CMPSS5_CTRIPOUTH")
    3901                      .dwattr $C$DW$388, DW_AT_const_value(0x1000)
    3902                      .dwattr $C$DW$388, DW_AT_decl_file("C:\TI\C2000Ware_MotorControl_SDK_5_04_00_00\c2000ware\driverlib\f
    3903                      .dwattr $C$DW$388, DW_AT_decl_line(0x107)
    3904                      .dwattr $C$DW$388, DW_AT_decl_column(0x05)
    3905              
    3906              $C$DW$389       .dwtag  DW_TAG_enumerator
    3907                      .dwattr $C$DW$389, DW_AT_name("XBAR_OUT_MUX08_CMPSS5_CTRIPOUTH_OR_L")
    3908                      .dwattr $C$DW$389, DW_AT_const_value(0x1001)
    3909                      .dwattr $C$DW$389, DW_AT_decl_file("C:\TI\C2000Ware_MotorControl_SDK_5_04_00_00\c2000ware\driverlib\f
    3910                      .dwattr $C$DW$389, DW_AT_decl_line(0x108)
    3911                      .dwattr $C$DW$389, DW_AT_decl_column(0x05)
    3912              
    3913              $C$DW$390       .dwtag  DW_TAG_enumerator
    3914                      .dwattr $C$DW$390, DW_AT_name("XBAR_OUT_MUX08_ADCBEVT1")
    3915                      .dwattr $C$DW$390, DW_AT_const_value(0x1002)
    3916                      .dwattr $C$DW$390, DW_AT_decl_file("C:\TI\C2000Ware_MotorControl_SDK_5_04_00_00\c2000ware\driverlib\f
    3917                      .dwattr $C$DW$390, DW_AT_decl_line(0x109)
    3918                      .dwattr $C$DW$390, DW_AT_decl_column(0x05)
    3919              
    3920              $C$DW$391       .dwtag  DW_TAG_enumerator
    3921                      .dwattr $C$DW$391, DW_AT_name("XBAR_OUT_MUX08_ECAP5_OUT")
    3922                      .dwattr $C$DW$391, DW_AT_const_value(0x1003)
    3923                      .dwattr $C$DW$391, DW_AT_decl_file("C:\TI\C2000Ware_MotorControl_SDK_5_04_00_00\c2000ware\driverlib\f
    3924                      .dwattr $C$DW$391, DW_AT_decl_line(0x10a)
    3925                      .dwattr $C$DW$391, DW_AT_decl_column(0x05)
    3926              
    3927              $C$DW$392       .dwtag  DW_TAG_enumerator
    3928                      .dwattr $C$DW$392, DW_AT_name("XBAR_OUT_MUX09_CMPSS5_CTRIPOUTL")
    3929                      .dwattr $C$DW$392, DW_AT_const_value(0x1200)
    3930                      .dwattr $C$DW$392, DW_AT_decl_file("C:\TI\C2000Ware_MotorControl_SDK_5_04_00_00\c2000ware\driverlib\f
TMS320C2000 Assembler PC v22.6.2 Thu Jan 22 11:16:45 2026

Copyright (c) 1996-2018 Texas Instruments Incorporated
fcl_tformat_f2837x_config.asm                                        PAGE   76

    3931                      .dwattr $C$DW$392, DW_AT_decl_line(0x10b)
    3932                      .dwattr $C$DW$392, DW_AT_decl_column(0x05)
    3933              
    3934              $C$DW$393       .dwtag  DW_TAG_enumerator
    3935                      .dwattr $C$DW$393, DW_AT_name("XBAR_OUT_MUX09_INPUTXBAR5")
    3936                      .dwattr $C$DW$393, DW_AT_const_value(0x1201)
    3937                      .dwattr $C$DW$393, DW_AT_decl_file("C:\TI\C2000Ware_MotorControl_SDK_5_04_00_00\c2000ware\driverlib\f
    3938                      .dwattr $C$DW$393, DW_AT_decl_line(0x10c)
    3939                      .dwattr $C$DW$393, DW_AT_decl_column(0x05)
    3940              
    3941              $C$DW$394       .dwtag  DW_TAG_enumerator
    3942                      .dwattr $C$DW$394, DW_AT_name("XBAR_OUT_MUX09_CLB3_OUT4")
    3943                      .dwattr $C$DW$394, DW_AT_const_value(0x1202)
    3944                      .dwattr $C$DW$394, DW_AT_decl_file("C:\TI\C2000Ware_MotorControl_SDK_5_04_00_00\c2000ware\driverlib\f
    3945                      .dwattr $C$DW$394, DW_AT_decl_line(0x10d)
    3946                      .dwattr $C$DW$394, DW_AT_decl_column(0x05)
    3947              
    3948              $C$DW$395       .dwtag  DW_TAG_enumerator
    3949                      .dwattr $C$DW$395, DW_AT_name("XBAR_OUT_MUX09_ADCDEVT1")
    3950                      .dwattr $C$DW$395, DW_AT_const_value(0x1203)
    3951                      .dwattr $C$DW$395, DW_AT_decl_file("C:\TI\C2000Ware_MotorControl_SDK_5_04_00_00\c2000ware\driverlib\f
    3952                      .dwattr $C$DW$395, DW_AT_decl_line(0x10e)
    3953                      .dwattr $C$DW$395, DW_AT_decl_column(0x05)
    3954              
    3955              $C$DW$396       .dwtag  DW_TAG_enumerator
    3956                      .dwattr $C$DW$396, DW_AT_name("XBAR_OUT_MUX10_CMPSS6_CTRIPOUTH")
    3957                      .dwattr $C$DW$396, DW_AT_const_value(0x1400)
    3958                      .dwattr $C$DW$396, DW_AT_decl_file("C:\TI\C2000Ware_MotorControl_SDK_5_04_00_00\c2000ware\driverlib\f
    3959                      .dwattr $C$DW$396, DW_AT_decl_line(0x10f)
    3960                      .dwattr $C$DW$396, DW_AT_decl_column(0x05)
    3961              
    3962              $C$DW$397       .dwtag  DW_TAG_enumerator
    3963                      .dwattr $C$DW$397, DW_AT_name("XBAR_OUT_MUX10_CMPSS6_CTRIPOUTH_OR_L")
    3964                      .dwattr $C$DW$397, DW_AT_const_value(0x1401)
    3965                      .dwattr $C$DW$397, DW_AT_decl_file("C:\TI\C2000Ware_MotorControl_SDK_5_04_00_00\c2000ware\driverlib\f
    3966                      .dwattr $C$DW$397, DW_AT_decl_line(0x110)
    3967                      .dwattr $C$DW$397, DW_AT_decl_column(0x05)
    3968              
    3969              $C$DW$398       .dwtag  DW_TAG_enumerator
    3970                      .dwattr $C$DW$398, DW_AT_name("XBAR_OUT_MUX10_ADCBEVT2")
    3971                      .dwattr $C$DW$398, DW_AT_const_value(0x1402)
    3972                      .dwattr $C$DW$398, DW_AT_decl_file("C:\TI\C2000Ware_MotorControl_SDK_5_04_00_00\c2000ware\driverlib\f
    3973                      .dwattr $C$DW$398, DW_AT_decl_line(0x111)
    3974                      .dwattr $C$DW$398, DW_AT_decl_column(0x05)
    3975              
    3976              $C$DW$399       .dwtag  DW_TAG_enumerator
    3977                      .dwattr $C$DW$399, DW_AT_name("XBAR_OUT_MUX10_ECAP6_OUT")
    3978                      .dwattr $C$DW$399, DW_AT_const_value(0x1403)
    3979                      .dwattr $C$DW$399, DW_AT_decl_file("C:\TI\C2000Ware_MotorControl_SDK_5_04_00_00\c2000ware\driverlib\f
    3980                      .dwattr $C$DW$399, DW_AT_decl_line(0x112)
    3981                      .dwattr $C$DW$399, DW_AT_decl_column(0x05)
    3982              
    3983              $C$DW$400       .dwtag  DW_TAG_enumerator
    3984                      .dwattr $C$DW$400, DW_AT_name("XBAR_OUT_MUX11_CMPSS6_CTRIPOUTL")
    3985                      .dwattr $C$DW$400, DW_AT_const_value(0x1600)
TMS320C2000 Assembler PC v22.6.2 Thu Jan 22 11:16:45 2026

Copyright (c) 1996-2018 Texas Instruments Incorporated
fcl_tformat_f2837x_config.asm                                        PAGE   77

    3986                      .dwattr $C$DW$400, DW_AT_decl_file("C:\TI\C2000Ware_MotorControl_SDK_5_04_00_00\c2000ware\driverlib\f
    3987                      .dwattr $C$DW$400, DW_AT_decl_line(0x113)
    3988                      .dwattr $C$DW$400, DW_AT_decl_column(0x05)
    3989              
    3990              $C$DW$401       .dwtag  DW_TAG_enumerator
    3991                      .dwattr $C$DW$401, DW_AT_name("XBAR_OUT_MUX11_INPUTXBAR6")
    3992                      .dwattr $C$DW$401, DW_AT_const_value(0x1601)
    3993                      .dwattr $C$DW$401, DW_AT_decl_file("C:\TI\C2000Ware_MotorControl_SDK_5_04_00_00\c2000ware\driverlib\f
    3994                      .dwattr $C$DW$401, DW_AT_decl_line(0x114)
    3995                      .dwattr $C$DW$401, DW_AT_decl_column(0x05)
    3996              
    3997              $C$DW$402       .dwtag  DW_TAG_enumerator
    3998                      .dwattr $C$DW$402, DW_AT_name("XBAR_OUT_MUX11_CLB3_OUT5")
    3999                      .dwattr $C$DW$402, DW_AT_const_value(0x1602)
    4000                      .dwattr $C$DW$402, DW_AT_decl_file("C:\TI\C2000Ware_MotorControl_SDK_5_04_00_00\c2000ware\driverlib\f
    4001                      .dwattr $C$DW$402, DW_AT_decl_line(0x115)
    4002                      .dwattr $C$DW$402, DW_AT_decl_column(0x05)
    4003              
    4004              $C$DW$403       .dwtag  DW_TAG_enumerator
    4005                      .dwattr $C$DW$403, DW_AT_name("XBAR_OUT_MUX11_ADCDEVT2")
    4006                      .dwattr $C$DW$403, DW_AT_const_value(0x1603)
    4007                      .dwattr $C$DW$403, DW_AT_decl_file("C:\TI\C2000Ware_MotorControl_SDK_5_04_00_00\c2000ware\driverlib\f
    4008                      .dwattr $C$DW$403, DW_AT_decl_line(0x116)
    4009                      .dwattr $C$DW$403, DW_AT_decl_column(0x05)
    4010              
    4011              $C$DW$404       .dwtag  DW_TAG_enumerator
    4012                      .dwattr $C$DW$404, DW_AT_name("XBAR_OUT_MUX12_CMPSS7_CTRIPOUTH")
    4013                      .dwattr $C$DW$404, DW_AT_const_value(0x1800)
    4014                      .dwattr $C$DW$404, DW_AT_decl_file("C:\TI\C2000Ware_MotorControl_SDK_5_04_00_00\c2000ware\driverlib\f
    4015                      .dwattr $C$DW$404, DW_AT_decl_line(0x117)
    4016                      .dwattr $C$DW$404, DW_AT_decl_column(0x05)
    4017              
    4018              $C$DW$405       .dwtag  DW_TAG_enumerator
    4019                      .dwattr $C$DW$405, DW_AT_name("XBAR_OUT_MUX12_CMPSS7_CTRIPOUTH_OR_L")
    4020                      .dwattr $C$DW$405, DW_AT_const_value(0x1801)
    4021                      .dwattr $C$DW$405, DW_AT_decl_file("C:\TI\C2000Ware_MotorControl_SDK_5_04_00_00\c2000ware\driverlib\f
    4022                      .dwattr $C$DW$405, DW_AT_decl_line(0x118)
    4023                      .dwattr $C$DW$405, DW_AT_decl_column(0x05)
    4024              
    4025              $C$DW$406       .dwtag  DW_TAG_enumerator
    4026                      .dwattr $C$DW$406, DW_AT_name("XBAR_OUT_MUX12_ADCBEVT3")
    4027                      .dwattr $C$DW$406, DW_AT_const_value(0x1802)
    4028                      .dwattr $C$DW$406, DW_AT_decl_file("C:\TI\C2000Ware_MotorControl_SDK_5_04_00_00\c2000ware\driverlib\f
    4029                      .dwattr $C$DW$406, DW_AT_decl_line(0x119)
    4030                      .dwattr $C$DW$406, DW_AT_decl_column(0x05)
    4031              
    4032              $C$DW$407       .dwtag  DW_TAG_enumerator
    4033                      .dwattr $C$DW$407, DW_AT_name("XBAR_OUT_MUX13_CMPSS7_CTRIPOUTL")
    4034                      .dwattr $C$DW$407, DW_AT_const_value(0x1a00)
    4035                      .dwattr $C$DW$407, DW_AT_decl_file("C:\TI\C2000Ware_MotorControl_SDK_5_04_00_00\c2000ware\driverlib\f
    4036                      .dwattr $C$DW$407, DW_AT_decl_line(0x11a)
    4037                      .dwattr $C$DW$407, DW_AT_decl_column(0x05)
    4038              
    4039              $C$DW$408       .dwtag  DW_TAG_enumerator
    4040                      .dwattr $C$DW$408, DW_AT_name("XBAR_OUT_MUX13_ADCSOCA")
TMS320C2000 Assembler PC v22.6.2 Thu Jan 22 11:16:45 2026

Copyright (c) 1996-2018 Texas Instruments Incorporated
fcl_tformat_f2837x_config.asm                                        PAGE   78

    4041                      .dwattr $C$DW$408, DW_AT_const_value(0x1a01)
    4042                      .dwattr $C$DW$408, DW_AT_decl_file("C:\TI\C2000Ware_MotorControl_SDK_5_04_00_00\c2000ware\driverlib\f
    4043                      .dwattr $C$DW$408, DW_AT_decl_line(0x11b)
    4044                      .dwattr $C$DW$408, DW_AT_decl_column(0x05)
    4045              
    4046              $C$DW$409       .dwtag  DW_TAG_enumerator
    4047                      .dwattr $C$DW$409, DW_AT_name("XBAR_OUT_MUX13_CLB4_OUT4")
    4048                      .dwattr $C$DW$409, DW_AT_const_value(0x1a02)
    4049                      .dwattr $C$DW$409, DW_AT_decl_file("C:\TI\C2000Ware_MotorControl_SDK_5_04_00_00\c2000ware\driverlib\f
    4050                      .dwattr $C$DW$409, DW_AT_decl_line(0x11c)
    4051                      .dwattr $C$DW$409, DW_AT_decl_column(0x05)
    4052              
    4053              $C$DW$410       .dwtag  DW_TAG_enumerator
    4054                      .dwattr $C$DW$410, DW_AT_name("XBAR_OUT_MUX13_ADCDEVT3")
    4055                      .dwattr $C$DW$410, DW_AT_const_value(0x1a03)
    4056                      .dwattr $C$DW$410, DW_AT_decl_file("C:\TI\C2000Ware_MotorControl_SDK_5_04_00_00\c2000ware\driverlib\f
    4057                      .dwattr $C$DW$410, DW_AT_decl_line(0x11d)
    4058                      .dwattr $C$DW$410, DW_AT_decl_column(0x05)
    4059              
    4060              $C$DW$411       .dwtag  DW_TAG_enumerator
    4061                      .dwattr $C$DW$411, DW_AT_name("XBAR_OUT_MUX14_CMPSS8_CTRIPOUTH")
    4062                      .dwattr $C$DW$411, DW_AT_const_value(0x1c00)
    4063                      .dwattr $C$DW$411, DW_AT_decl_file("C:\TI\C2000Ware_MotorControl_SDK_5_04_00_00\c2000ware\driverlib\f
    4064                      .dwattr $C$DW$411, DW_AT_decl_line(0x11e)
    4065                      .dwattr $C$DW$411, DW_AT_decl_column(0x05)
    4066              
    4067              $C$DW$412       .dwtag  DW_TAG_enumerator
    4068                      .dwattr $C$DW$412, DW_AT_name("XBAR_OUT_MUX14_CMPSS8_CTRIPOUTH_OR_L")
    4069                      .dwattr $C$DW$412, DW_AT_const_value(0x1c01)
    4070                      .dwattr $C$DW$412, DW_AT_decl_file("C:\TI\C2000Ware_MotorControl_SDK_5_04_00_00\c2000ware\driverlib\f
    4071                      .dwattr $C$DW$412, DW_AT_decl_line(0x11f)
    4072                      .dwattr $C$DW$412, DW_AT_decl_column(0x05)
    4073              
    4074              $C$DW$413       .dwtag  DW_TAG_enumerator
    4075                      .dwattr $C$DW$413, DW_AT_name("XBAR_OUT_MUX14_ADCBEVT4")
    4076                      .dwattr $C$DW$413, DW_AT_const_value(0x1c02)
    4077                      .dwattr $C$DW$413, DW_AT_decl_file("C:\TI\C2000Ware_MotorControl_SDK_5_04_00_00\c2000ware\driverlib\f
    4078                      .dwattr $C$DW$413, DW_AT_decl_line(0x120)
    4079                      .dwattr $C$DW$413, DW_AT_decl_column(0x05)
    4080              
    4081              $C$DW$414       .dwtag  DW_TAG_enumerator
    4082                      .dwattr $C$DW$414, DW_AT_name("XBAR_OUT_MUX14_EXTSYNCOUT")
    4083                      .dwattr $C$DW$414, DW_AT_const_value(0x1c03)
    4084                      .dwattr $C$DW$414, DW_AT_decl_file("C:\TI\C2000Ware_MotorControl_SDK_5_04_00_00\c2000ware\driverlib\f
    4085                      .dwattr $C$DW$414, DW_AT_decl_line(0x121)
    4086                      .dwattr $C$DW$414, DW_AT_decl_column(0x05)
    4087              
    4088              $C$DW$415       .dwtag  DW_TAG_enumerator
    4089                      .dwattr $C$DW$415, DW_AT_name("XBAR_OUT_MUX15_CMPSS8_CTRIPOUTL")
    4090                      .dwattr $C$DW$415, DW_AT_const_value(0x1e00)
    4091                      .dwattr $C$DW$415, DW_AT_decl_file("C:\TI\C2000Ware_MotorControl_SDK_5_04_00_00\c2000ware\driverlib\f
    4092                      .dwattr $C$DW$415, DW_AT_decl_line(0x122)
    4093                      .dwattr $C$DW$415, DW_AT_decl_column(0x05)
    4094              
    4095              $C$DW$416       .dwtag  DW_TAG_enumerator
TMS320C2000 Assembler PC v22.6.2 Thu Jan 22 11:16:45 2026

Copyright (c) 1996-2018 Texas Instruments Incorporated
fcl_tformat_f2837x_config.asm                                        PAGE   79

    4096                      .dwattr $C$DW$416, DW_AT_name("XBAR_OUT_MUX15_ADCSOCB")
    4097                      .dwattr $C$DW$416, DW_AT_const_value(0x1e01)
    4098                      .dwattr $C$DW$416, DW_AT_decl_file("C:\TI\C2000Ware_MotorControl_SDK_5_04_00_00\c2000ware\driverlib\f
    4099                      .dwattr $C$DW$416, DW_AT_decl_line(0x123)
    4100                      .dwattr $C$DW$416, DW_AT_decl_column(0x05)
    4101              
    4102              $C$DW$417       .dwtag  DW_TAG_enumerator
    4103                      .dwattr $C$DW$417, DW_AT_name("XBAR_OUT_MUX15_CLB4_OUT5")
    4104                      .dwattr $C$DW$417, DW_AT_const_value(0x1e02)
    4105                      .dwattr $C$DW$417, DW_AT_decl_file("C:\TI\C2000Ware_MotorControl_SDK_5_04_00_00\c2000ware\driverlib\f
    4106                      .dwattr $C$DW$417, DW_AT_decl_line(0x124)
    4107                      .dwattr $C$DW$417, DW_AT_decl_column(0x05)
    4108              
    4109              $C$DW$418       .dwtag  DW_TAG_enumerator
    4110                      .dwattr $C$DW$418, DW_AT_name("XBAR_OUT_MUX15_ADCDEVT4")
    4111                      .dwattr $C$DW$418, DW_AT_const_value(0x1e03)
    4112                      .dwattr $C$DW$418, DW_AT_decl_file("C:\TI\C2000Ware_MotorControl_SDK_5_04_00_00\c2000ware\driverlib\f
    4113                      .dwattr $C$DW$418, DW_AT_decl_line(0x125)
    4114                      .dwattr $C$DW$418, DW_AT_decl_column(0x05)
    4115              
    4116              $C$DW$419       .dwtag  DW_TAG_enumerator
    4117                      .dwattr $C$DW$419, DW_AT_name("XBAR_OUT_MUX16_SD1FLT1_COMPH")
    4118                      .dwattr $C$DW$419, DW_AT_const_value(0x2000)
    4119                      .dwattr $C$DW$419, DW_AT_decl_file("C:\TI\C2000Ware_MotorControl_SDK_5_04_00_00\c2000ware\driverlib\f
    4120                      .dwattr $C$DW$419, DW_AT_decl_line(0x126)
    4121                      .dwattr $C$DW$419, DW_AT_decl_column(0x05)
    4122              
    4123              $C$DW$420       .dwtag  DW_TAG_enumerator
    4124                      .dwattr $C$DW$420, DW_AT_name("XBAR_OUT_MUX16_SD1FLT1_COMPH_OR_COMPL")
    4125                      .dwattr $C$DW$420, DW_AT_const_value(0x2001)
    4126                      .dwattr $C$DW$420, DW_AT_decl_file("C:\TI\C2000Ware_MotorControl_SDK_5_04_00_00\c2000ware\driverlib\f
    4127                      .dwattr $C$DW$420, DW_AT_decl_line(0x127)
    4128                      .dwattr $C$DW$420, DW_AT_decl_column(0x05)
    4129              
    4130              $C$DW$421       .dwtag  DW_TAG_enumerator
    4131                      .dwattr $C$DW$421, DW_AT_name("XBAR_OUT_MUX17_SD1FLT1_COMPL")
    4132                      .dwattr $C$DW$421, DW_AT_const_value(0x2200)
    4133                      .dwattr $C$DW$421, DW_AT_decl_file("C:\TI\C2000Ware_MotorControl_SDK_5_04_00_00\c2000ware\driverlib\f
    4134                      .dwattr $C$DW$421, DW_AT_decl_line(0x128)
    4135                      .dwattr $C$DW$421, DW_AT_decl_column(0x05)
    4136              
    4137              $C$DW$422       .dwtag  DW_TAG_enumerator
    4138                      .dwattr $C$DW$422, DW_AT_name("XBAR_OUT_MUX18_SD1FLT2_COMPH")
    4139                      .dwattr $C$DW$422, DW_AT_const_value(0x2400)
    4140                      .dwattr $C$DW$422, DW_AT_decl_file("C:\TI\C2000Ware_MotorControl_SDK_5_04_00_00\c2000ware\driverlib\f
    4141                      .dwattr $C$DW$422, DW_AT_decl_line(0x129)
    4142                      .dwattr $C$DW$422, DW_AT_decl_column(0x05)
    4143              
    4144              $C$DW$423       .dwtag  DW_TAG_enumerator
    4145                      .dwattr $C$DW$423, DW_AT_name("XBAR_OUT_MUX18_SD1FLT2_COMPH_OR_COMPL")
    4146                      .dwattr $C$DW$423, DW_AT_const_value(0x2401)
    4147                      .dwattr $C$DW$423, DW_AT_decl_file("C:\TI\C2000Ware_MotorControl_SDK_5_04_00_00\c2000ware\driverlib\f
    4148                      .dwattr $C$DW$423, DW_AT_decl_line(0x12a)
    4149                      .dwattr $C$DW$423, DW_AT_decl_column(0x05)
    4150              
TMS320C2000 Assembler PC v22.6.2 Thu Jan 22 11:16:45 2026

Copyright (c) 1996-2018 Texas Instruments Incorporated
fcl_tformat_f2837x_config.asm                                        PAGE   80

    4151              $C$DW$424       .dwtag  DW_TAG_enumerator
    4152                      .dwattr $C$DW$424, DW_AT_name("XBAR_OUT_MUX19_SD1FLT2_COMPL")
    4153                      .dwattr $C$DW$424, DW_AT_const_value(0x2600)
    4154                      .dwattr $C$DW$424, DW_AT_decl_file("C:\TI\C2000Ware_MotorControl_SDK_5_04_00_00\c2000ware\driverlib\f
    4155                      .dwattr $C$DW$424, DW_AT_decl_line(0x12b)
    4156                      .dwattr $C$DW$424, DW_AT_decl_column(0x05)
    4157              
    4158              $C$DW$425       .dwtag  DW_TAG_enumerator
    4159                      .dwattr $C$DW$425, DW_AT_name("XBAR_OUT_MUX20_SD1FLT3_COMPH")
    4160                      .dwattr $C$DW$425, DW_AT_const_value(0x2800)
    4161                      .dwattr $C$DW$425, DW_AT_decl_file("C:\TI\C2000Ware_MotorControl_SDK_5_04_00_00\c2000ware\driverlib\f
    4162                      .dwattr $C$DW$425, DW_AT_decl_line(0x12c)
    4163                      .dwattr $C$DW$425, DW_AT_decl_column(0x05)
    4164              
    4165              $C$DW$426       .dwtag  DW_TAG_enumerator
    4166                      .dwattr $C$DW$426, DW_AT_name("XBAR_OUT_MUX20_SD1FLT3_COMPH_OR_COMPL")
    4167                      .dwattr $C$DW$426, DW_AT_const_value(0x2801)
    4168                      .dwattr $C$DW$426, DW_AT_decl_file("C:\TI\C2000Ware_MotorControl_SDK_5_04_00_00\c2000ware\driverlib\f
    4169                      .dwattr $C$DW$426, DW_AT_decl_line(0x12d)
    4170                      .dwattr $C$DW$426, DW_AT_decl_column(0x05)
    4171              
    4172              $C$DW$427       .dwtag  DW_TAG_enumerator
    4173                      .dwattr $C$DW$427, DW_AT_name("XBAR_OUT_MUX21_SD1FLT3_COMPL")
    4174                      .dwattr $C$DW$427, DW_AT_const_value(0x2a00)
    4175                      .dwattr $C$DW$427, DW_AT_decl_file("C:\TI\C2000Ware_MotorControl_SDK_5_04_00_00\c2000ware\driverlib\f
    4176                      .dwattr $C$DW$427, DW_AT_decl_line(0x12e)
    4177                      .dwattr $C$DW$427, DW_AT_decl_column(0x05)
    4178              
    4179              $C$DW$428       .dwtag  DW_TAG_enumerator
    4180                      .dwattr $C$DW$428, DW_AT_name("XBAR_OUT_MUX22_SD1FLT4_COMPH")
    4181                      .dwattr $C$DW$428, DW_AT_const_value(0x2c00)
    4182                      .dwattr $C$DW$428, DW_AT_decl_file("C:\TI\C2000Ware_MotorControl_SDK_5_04_00_00\c2000ware\driverlib\f
    4183                      .dwattr $C$DW$428, DW_AT_decl_line(0x12f)
    4184                      .dwattr $C$DW$428, DW_AT_decl_column(0x05)
    4185              
    4186              $C$DW$429       .dwtag  DW_TAG_enumerator
    4187                      .dwattr $C$DW$429, DW_AT_name("XBAR_OUT_MUX22_SD1FLT4_COMPH_OR_COMPL")
    4188                      .dwattr $C$DW$429, DW_AT_const_value(0x2c01)
    4189                      .dwattr $C$DW$429, DW_AT_decl_file("C:\TI\C2000Ware_MotorControl_SDK_5_04_00_00\c2000ware\driverlib\f
    4190                      .dwattr $C$DW$429, DW_AT_decl_line(0x130)
    4191                      .dwattr $C$DW$429, DW_AT_decl_column(0x05)
    4192              
    4193              $C$DW$430       .dwtag  DW_TAG_enumerator
    4194                      .dwattr $C$DW$430, DW_AT_name("XBAR_OUT_MUX23_SD1FLT4_COMPL")
    4195                      .dwattr $C$DW$430, DW_AT_const_value(0x2e00)
    4196                      .dwattr $C$DW$430, DW_AT_decl_file("C:\TI\C2000Ware_MotorControl_SDK_5_04_00_00\c2000ware\driverlib\f
    4197                      .dwattr $C$DW$430, DW_AT_decl_line(0x131)
    4198                      .dwattr $C$DW$430, DW_AT_decl_column(0x05)
    4199              
    4200              $C$DW$431       .dwtag  DW_TAG_enumerator
    4201                      .dwattr $C$DW$431, DW_AT_name("XBAR_OUT_MUX24_SD2FLT1_COMPH")
    4202                      .dwattr $C$DW$431, DW_AT_const_value(0x3000)
    4203                      .dwattr $C$DW$431, DW_AT_decl_file("C:\TI\C2000Ware_MotorControl_SDK_5_04_00_00\c2000ware\driverlib\f
    4204                      .dwattr $C$DW$431, DW_AT_decl_line(0x132)
    4205                      .dwattr $C$DW$431, DW_AT_decl_column(0x05)
TMS320C2000 Assembler PC v22.6.2 Thu Jan 22 11:16:45 2026

Copyright (c) 1996-2018 Texas Instruments Incorporated
fcl_tformat_f2837x_config.asm                                        PAGE   81

    4206              
    4207              $C$DW$432       .dwtag  DW_TAG_enumerator
    4208                      .dwattr $C$DW$432, DW_AT_name("XBAR_OUT_MUX24_SD2FLT1_COMPH_OR_COMPL")
    4209                      .dwattr $C$DW$432, DW_AT_const_value(0x3001)
    4210                      .dwattr $C$DW$432, DW_AT_decl_file("C:\TI\C2000Ware_MotorControl_SDK_5_04_00_00\c2000ware\driverlib\f
    4211                      .dwattr $C$DW$432, DW_AT_decl_line(0x133)
    4212                      .dwattr $C$DW$432, DW_AT_decl_column(0x05)
    4213              
    4214              $C$DW$433       .dwtag  DW_TAG_enumerator
    4215                      .dwattr $C$DW$433, DW_AT_name("XBAR_OUT_MUX25_SD2FLT1_COMPL")
    4216                      .dwattr $C$DW$433, DW_AT_const_value(0x3200)
    4217                      .dwattr $C$DW$433, DW_AT_decl_file("C:\TI\C2000Ware_MotorControl_SDK_5_04_00_00\c2000ware\driverlib\f
    4218                      .dwattr $C$DW$433, DW_AT_decl_line(0x134)
    4219                      .dwattr $C$DW$433, DW_AT_decl_column(0x05)
    4220              
    4221              $C$DW$434       .dwtag  DW_TAG_enumerator
    4222                      .dwattr $C$DW$434, DW_AT_name("XBAR_OUT_MUX26_SD2FLT2_COMPH")
    4223                      .dwattr $C$DW$434, DW_AT_const_value(0x3400)
    4224                      .dwattr $C$DW$434, DW_AT_decl_file("C:\TI\C2000Ware_MotorControl_SDK_5_04_00_00\c2000ware\driverlib\f
    4225                      .dwattr $C$DW$434, DW_AT_decl_line(0x135)
    4226                      .dwattr $C$DW$434, DW_AT_decl_column(0x05)
    4227              
    4228              $C$DW$435       .dwtag  DW_TAG_enumerator
    4229                      .dwattr $C$DW$435, DW_AT_name("XBAR_OUT_MUX26_SD2FLT2_COMPH_OR_COMPL")
    4230                      .dwattr $C$DW$435, DW_AT_const_value(0x3401)
    4231                      .dwattr $C$DW$435, DW_AT_decl_file("C:\TI\C2000Ware_MotorControl_SDK_5_04_00_00\c2000ware\driverlib\f
    4232                      .dwattr $C$DW$435, DW_AT_decl_line(0x136)
    4233                      .dwattr $C$DW$435, DW_AT_decl_column(0x05)
    4234              
    4235              $C$DW$436       .dwtag  DW_TAG_enumerator
    4236                      .dwattr $C$DW$436, DW_AT_name("XBAR_OUT_MUX27_SD2FLT2_COMPL")
    4237                      .dwattr $C$DW$436, DW_AT_const_value(0x3600)
    4238                      .dwattr $C$DW$436, DW_AT_decl_file("C:\TI\C2000Ware_MotorControl_SDK_5_04_00_00\c2000ware\driverlib\f
    4239                      .dwattr $C$DW$436, DW_AT_decl_line(0x137)
    4240                      .dwattr $C$DW$436, DW_AT_decl_column(0x05)
    4241              
    4242              $C$DW$437       .dwtag  DW_TAG_enumerator
    4243                      .dwattr $C$DW$437, DW_AT_name("XBAR_OUT_MUX28_SD2FLT3_COMPH")
    4244                      .dwattr $C$DW$437, DW_AT_const_value(0x3800)
    4245                      .dwattr $C$DW$437, DW_AT_decl_file("C:\TI\C2000Ware_MotorControl_SDK_5_04_00_00\c2000ware\driverlib\f
    4246                      .dwattr $C$DW$437, DW_AT_decl_line(0x138)
    4247                      .dwattr $C$DW$437, DW_AT_decl_column(0x05)
    4248              
    4249              $C$DW$438       .dwtag  DW_TAG_enumerator
    4250                      .dwattr $C$DW$438, DW_AT_name("XBAR_OUT_MUX28_SD2FLT3_COMPH_OR_COMPL")
    4251                      .dwattr $C$DW$438, DW_AT_const_value(0x3801)
    4252                      .dwattr $C$DW$438, DW_AT_decl_file("C:\TI\C2000Ware_MotorControl_SDK_5_04_00_00\c2000ware\driverlib\f
    4253                      .dwattr $C$DW$438, DW_AT_decl_line(0x139)
    4254                      .dwattr $C$DW$438, DW_AT_decl_column(0x05)
    4255              
    4256              $C$DW$439       .dwtag  DW_TAG_enumerator
    4257                      .dwattr $C$DW$439, DW_AT_name("XBAR_OUT_MUX29_SD2FLT3_COMPL")
    4258                      .dwattr $C$DW$439, DW_AT_const_value(0x3a00)
    4259                      .dwattr $C$DW$439, DW_AT_decl_file("C:\TI\C2000Ware_MotorControl_SDK_5_04_00_00\c2000ware\driverlib\f
    4260                      .dwattr $C$DW$439, DW_AT_decl_line(0x13a)
TMS320C2000 Assembler PC v22.6.2 Thu Jan 22 11:16:45 2026

Copyright (c) 1996-2018 Texas Instruments Incorporated
fcl_tformat_f2837x_config.asm                                        PAGE   82

    4261                      .dwattr $C$DW$439, DW_AT_decl_column(0x05)
    4262              
    4263              $C$DW$440       .dwtag  DW_TAG_enumerator
    4264                      .dwattr $C$DW$440, DW_AT_name("XBAR_OUT_MUX30_SD2FLT4_COMPH")
    4265                      .dwattr $C$DW$440, DW_AT_const_value(0x3c00)
    4266                      .dwattr $C$DW$440, DW_AT_decl_file("C:\TI\C2000Ware_MotorControl_SDK_5_04_00_00\c2000ware\driverlib\f
    4267                      .dwattr $C$DW$440, DW_AT_decl_line(0x13b)
    4268                      .dwattr $C$DW$440, DW_AT_decl_column(0x05)
    4269              
    4270              $C$DW$441       .dwtag  DW_TAG_enumerator
    4271                      .dwattr $C$DW$441, DW_AT_name("XBAR_OUT_MUX30_SD2FLT4_COMPH_OR_COMPL")
    4272                      .dwattr $C$DW$441, DW_AT_const_value(0x3c01)
    4273                      .dwattr $C$DW$441, DW_AT_decl_file("C:\TI\C2000Ware_MotorControl_SDK_5_04_00_00\c2000ware\driverlib\f
    4274                      .dwattr $C$DW$441, DW_AT_decl_line(0x13c)
    4275                      .dwattr $C$DW$441, DW_AT_decl_column(0x05)
    4276              
    4277              $C$DW$442       .dwtag  DW_TAG_enumerator
    4278                      .dwattr $C$DW$442, DW_AT_name("XBAR_OUT_MUX31_SD2FLT4_COMPL")
    4279                      .dwattr $C$DW$442, DW_AT_const_value(0x3e00)
    4280                      .dwattr $C$DW$442, DW_AT_decl_file("C:\TI\C2000Ware_MotorControl_SDK_5_04_00_00\c2000ware\driverlib\f
    4281                      .dwattr $C$DW$442, DW_AT_decl_line(0x13d)
    4282                      .dwattr $C$DW$442, DW_AT_decl_column(0x05)
    4283              
    4284                      .dwattr $C$DW$T$46, DW_AT_decl_file("C:\TI\C2000Ware_MotorControl_SDK_5_04_00_00\c2000ware\driverlib\
    4285                      .dwattr $C$DW$T$46, DW_AT_decl_line(0xe3)
    4286                      .dwattr $C$DW$T$46, DW_AT_decl_column(0x01)
    4287                      .dwendtag $C$DW$T$46
    4288              
    4289                      .dwendtag $C$DW$TU$46
    4290              
    4291              
    4292              $C$DW$TU$47     .dwtag  DW_TAG_type_unit
    4293                      .dwmtype  $C$DW$T$47
    4294              $C$DW$T$47      .dwtag  DW_TAG_typedef
    4295                      .dwattr $C$DW$T$47, DW_AT_name("XBAR_OutputMuxConfig")
    4296                      .dwattr $C$DW$T$47, DW_AT_type(*$C$DW$T$46)
    4297                      .dwattr $C$DW$T$47, DW_AT_decl_file("C:\TI\C2000Ware_MotorControl_SDK_5_04_00_00\c2000ware\driverlib\
    4298                      .dwattr $C$DW$T$47, DW_AT_decl_line(0x13f)
    4299                      .dwattr $C$DW$T$47, DW_AT_decl_column(0x03)
    4300              
    4301                      .dwendtag $C$DW$TU$47
    4302              
    4303              
    4304              $C$DW$TU$48     .dwtag  DW_TAG_type_unit
    4305                      .dwmtype  $C$DW$T$48
    4306              
    4307              $C$DW$T$48      .dwtag  DW_TAG_enumeration_type
    4308                      .dwattr $C$DW$T$48, DW_AT_byte_size(0x01)
    4309              $C$DW$443       .dwtag  DW_TAG_enumerator
    4310                      .dwattr $C$DW$443, DW_AT_name("XBAR_CLB_MUX00_CMPSS1_CTRIPH")
    4311                      .dwattr $C$DW$443, DW_AT_const_value(0x00)
    4312                      .dwattr $C$DW$443, DW_AT_decl_file("C:\TI\C2000Ware_MotorControl_SDK_5_04_00_00\c2000ware\driverlib\f
    4313                      .dwattr $C$DW$443, DW_AT_decl_line(0x1aa)
    4314                      .dwattr $C$DW$443, DW_AT_decl_column(0x05)
    4315              
TMS320C2000 Assembler PC v22.6.2 Thu Jan 22 11:16:45 2026

Copyright (c) 1996-2018 Texas Instruments Incorporated
fcl_tformat_f2837x_config.asm                                        PAGE   83

    4316              $C$DW$444       .dwtag  DW_TAG_enumerator
    4317                      .dwattr $C$DW$444, DW_AT_name("XBAR_CLB_MUX00_CMPSS1_CTRIPH_OR_L")
    4318                      .dwattr $C$DW$444, DW_AT_const_value(0x01)
    4319                      .dwattr $C$DW$444, DW_AT_decl_file("C:\TI\C2000Ware_MotorControl_SDK_5_04_00_00\c2000ware\driverlib\f
    4320                      .dwattr $C$DW$444, DW_AT_decl_line(0x1ab)
    4321                      .dwattr $C$DW$444, DW_AT_decl_column(0x05)
    4322              
    4323              $C$DW$445       .dwtag  DW_TAG_enumerator
    4324                      .dwattr $C$DW$445, DW_AT_name("XBAR_CLB_MUX00_ADCAEVT1")
    4325                      .dwattr $C$DW$445, DW_AT_const_value(0x02)
    4326                      .dwattr $C$DW$445, DW_AT_decl_file("C:\TI\C2000Ware_MotorControl_SDK_5_04_00_00\c2000ware\driverlib\f
    4327                      .dwattr $C$DW$445, DW_AT_decl_line(0x1ac)
    4328                      .dwattr $C$DW$445, DW_AT_decl_column(0x05)
    4329              
    4330              $C$DW$446       .dwtag  DW_TAG_enumerator
    4331                      .dwattr $C$DW$446, DW_AT_name("XBAR_CLB_MUX00_ECAP1_OUT")
    4332                      .dwattr $C$DW$446, DW_AT_const_value(0x03)
    4333                      .dwattr $C$DW$446, DW_AT_decl_file("C:\TI\C2000Ware_MotorControl_SDK_5_04_00_00\c2000ware\driverlib\f
    4334                      .dwattr $C$DW$446, DW_AT_decl_line(0x1ad)
    4335                      .dwattr $C$DW$446, DW_AT_decl_column(0x05)
    4336              
    4337              $C$DW$447       .dwtag  DW_TAG_enumerator
    4338                      .dwattr $C$DW$447, DW_AT_name("XBAR_CLB_MUX01_CMPSS1_CTRIPL")
    4339                      .dwattr $C$DW$447, DW_AT_const_value(0x200)
    4340                      .dwattr $C$DW$447, DW_AT_decl_file("C:\TI\C2000Ware_MotorControl_SDK_5_04_00_00\c2000ware\driverlib\f
    4341                      .dwattr $C$DW$447, DW_AT_decl_line(0x1ae)
    4342                      .dwattr $C$DW$447, DW_AT_decl_column(0x05)
    4343              
    4344              $C$DW$448       .dwtag  DW_TAG_enumerator
    4345                      .dwattr $C$DW$448, DW_AT_name("XBAR_CLB_MUX01_INPUTXBAR1")
    4346                      .dwattr $C$DW$448, DW_AT_const_value(0x201)
    4347                      .dwattr $C$DW$448, DW_AT_decl_file("C:\TI\C2000Ware_MotorControl_SDK_5_04_00_00\c2000ware\driverlib\f
    4348                      .dwattr $C$DW$448, DW_AT_decl_line(0x1af)
    4349                      .dwattr $C$DW$448, DW_AT_decl_column(0x05)
    4350              
    4351              $C$DW$449       .dwtag  DW_TAG_enumerator
    4352                      .dwattr $C$DW$449, DW_AT_name("XBAR_CLB_MUX01_CLB1_OUT4")
    4353                      .dwattr $C$DW$449, DW_AT_const_value(0x202)
    4354                      .dwattr $C$DW$449, DW_AT_decl_file("C:\TI\C2000Ware_MotorControl_SDK_5_04_00_00\c2000ware\driverlib\f
    4355                      .dwattr $C$DW$449, DW_AT_decl_line(0x1b0)
    4356                      .dwattr $C$DW$449, DW_AT_decl_column(0x05)
    4357              
    4358              $C$DW$450       .dwtag  DW_TAG_enumerator
    4359                      .dwattr $C$DW$450, DW_AT_name("XBAR_CLB_MUX01_ADCCEVT1")
    4360                      .dwattr $C$DW$450, DW_AT_const_value(0x203)
    4361                      .dwattr $C$DW$450, DW_AT_decl_file("C:\TI\C2000Ware_MotorControl_SDK_5_04_00_00\c2000ware\driverlib\f
    4362                      .dwattr $C$DW$450, DW_AT_decl_line(0x1b1)
    4363                      .dwattr $C$DW$450, DW_AT_decl_column(0x05)
    4364              
    4365              $C$DW$451       .dwtag  DW_TAG_enumerator
    4366                      .dwattr $C$DW$451, DW_AT_name("XBAR_CLB_MUX02_CMPSS2_CTRIPH")
    4367                      .dwattr $C$DW$451, DW_AT_const_value(0x400)
    4368                      .dwattr $C$DW$451, DW_AT_decl_file("C:\TI\C2000Ware_MotorControl_SDK_5_04_00_00\c2000ware\driverlib\f
    4369                      .dwattr $C$DW$451, DW_AT_decl_line(0x1b2)
    4370                      .dwattr $C$DW$451, DW_AT_decl_column(0x05)
TMS320C2000 Assembler PC v22.6.2 Thu Jan 22 11:16:45 2026

Copyright (c) 1996-2018 Texas Instruments Incorporated
fcl_tformat_f2837x_config.asm                                        PAGE   84

    4371              
    4372              $C$DW$452       .dwtag  DW_TAG_enumerator
    4373                      .dwattr $C$DW$452, DW_AT_name("XBAR_CLB_MUX02_CMPSS2_CTRIPH_OR_L")
    4374                      .dwattr $C$DW$452, DW_AT_const_value(0x401)
    4375                      .dwattr $C$DW$452, DW_AT_decl_file("C:\TI\C2000Ware_MotorControl_SDK_5_04_00_00\c2000ware\driverlib\f
    4376                      .dwattr $C$DW$452, DW_AT_decl_line(0x1b3)
    4377                      .dwattr $C$DW$452, DW_AT_decl_column(0x05)
    4378              
    4379              $C$DW$453       .dwtag  DW_TAG_enumerator
    4380                      .dwattr $C$DW$453, DW_AT_name("XBAR_CLB_MUX02_ADCAEVT2")
    4381                      .dwattr $C$DW$453, DW_AT_const_value(0x402)
    4382                      .dwattr $C$DW$453, DW_AT_decl_file("C:\TI\C2000Ware_MotorControl_SDK_5_04_00_00\c2000ware\driverlib\f
    4383                      .dwattr $C$DW$453, DW_AT_decl_line(0x1b4)
    4384                      .dwattr $C$DW$453, DW_AT_decl_column(0x05)
    4385              
    4386              $C$DW$454       .dwtag  DW_TAG_enumerator
    4387                      .dwattr $C$DW$454, DW_AT_name("XBAR_CLB_MUX02_ECAP2_OUT")
    4388                      .dwattr $C$DW$454, DW_AT_const_value(0x403)
    4389                      .dwattr $C$DW$454, DW_AT_decl_file("C:\TI\C2000Ware_MotorControl_SDK_5_04_00_00\c2000ware\driverlib\f
    4390                      .dwattr $C$DW$454, DW_AT_decl_line(0x1b5)
    4391                      .dwattr $C$DW$454, DW_AT_decl_column(0x05)
    4392              
    4393              $C$DW$455       .dwtag  DW_TAG_enumerator
    4394                      .dwattr $C$DW$455, DW_AT_name("XBAR_CLB_MUX03_CMPSS2_CTRIPL")
    4395                      .dwattr $C$DW$455, DW_AT_const_value(0x600)
    4396                      .dwattr $C$DW$455, DW_AT_decl_file("C:\TI\C2000Ware_MotorControl_SDK_5_04_00_00\c2000ware\driverlib\f
    4397                      .dwattr $C$DW$455, DW_AT_decl_line(0x1b6)
    4398                      .dwattr $C$DW$455, DW_AT_decl_column(0x05)
    4399              
    4400              $C$DW$456       .dwtag  DW_TAG_enumerator
    4401                      .dwattr $C$DW$456, DW_AT_name("XBAR_CLB_MUX03_INPUTXBAR2")
    4402                      .dwattr $C$DW$456, DW_AT_const_value(0x601)
    4403                      .dwattr $C$DW$456, DW_AT_decl_file("C:\TI\C2000Ware_MotorControl_SDK_5_04_00_00\c2000ware\driverlib\f
    4404                      .dwattr $C$DW$456, DW_AT_decl_line(0x1b7)
    4405                      .dwattr $C$DW$456, DW_AT_decl_column(0x05)
    4406              
    4407              $C$DW$457       .dwtag  DW_TAG_enumerator
    4408                      .dwattr $C$DW$457, DW_AT_name("XBAR_CLB_MUX03_CLB1_OUT5")
    4409                      .dwattr $C$DW$457, DW_AT_const_value(0x602)
    4410                      .dwattr $C$DW$457, DW_AT_decl_file("C:\TI\C2000Ware_MotorControl_SDK_5_04_00_00\c2000ware\driverlib\f
    4411                      .dwattr $C$DW$457, DW_AT_decl_line(0x1b8)
    4412                      .dwattr $C$DW$457, DW_AT_decl_column(0x05)
    4413              
    4414              $C$DW$458       .dwtag  DW_TAG_enumerator
    4415                      .dwattr $C$DW$458, DW_AT_name("XBAR_CLB_MUX03_ADCCEVT2")
    4416                      .dwattr $C$DW$458, DW_AT_const_value(0x603)
    4417                      .dwattr $C$DW$458, DW_AT_decl_file("C:\TI\C2000Ware_MotorControl_SDK_5_04_00_00\c2000ware\driverlib\f
    4418                      .dwattr $C$DW$458, DW_AT_decl_line(0x1b9)
    4419                      .dwattr $C$DW$458, DW_AT_decl_column(0x05)
    4420              
    4421              $C$DW$459       .dwtag  DW_TAG_enumerator
    4422                      .dwattr $C$DW$459, DW_AT_name("XBAR_CLB_MUX04_CMPSS3_CTRIPH")
    4423                      .dwattr $C$DW$459, DW_AT_const_value(0x800)
    4424                      .dwattr $C$DW$459, DW_AT_decl_file("C:\TI\C2000Ware_MotorControl_SDK_5_04_00_00\c2000ware\driverlib\f
    4425                      .dwattr $C$DW$459, DW_AT_decl_line(0x1ba)
TMS320C2000 Assembler PC v22.6.2 Thu Jan 22 11:16:45 2026

Copyright (c) 1996-2018 Texas Instruments Incorporated
fcl_tformat_f2837x_config.asm                                        PAGE   85

    4426                      .dwattr $C$DW$459, DW_AT_decl_column(0x05)
    4427              
    4428              $C$DW$460       .dwtag  DW_TAG_enumerator
    4429                      .dwattr $C$DW$460, DW_AT_name("XBAR_CLB_MUX04_CMPSS3_CTRIPH_OR_L")
    4430                      .dwattr $C$DW$460, DW_AT_const_value(0x801)
    4431                      .dwattr $C$DW$460, DW_AT_decl_file("C:\TI\C2000Ware_MotorControl_SDK_5_04_00_00\c2000ware\driverlib\f
    4432                      .dwattr $C$DW$460, DW_AT_decl_line(0x1bb)
    4433                      .dwattr $C$DW$460, DW_AT_decl_column(0x05)
    4434              
    4435              $C$DW$461       .dwtag  DW_TAG_enumerator
    4436                      .dwattr $C$DW$461, DW_AT_name("XBAR_CLB_MUX04_ADCAEVT3")
    4437                      .dwattr $C$DW$461, DW_AT_const_value(0x802)
    4438                      .dwattr $C$DW$461, DW_AT_decl_file("C:\TI\C2000Ware_MotorControl_SDK_5_04_00_00\c2000ware\driverlib\f
    4439                      .dwattr $C$DW$461, DW_AT_decl_line(0x1bc)
    4440                      .dwattr $C$DW$461, DW_AT_decl_column(0x05)
    4441              
    4442              $C$DW$462       .dwtag  DW_TAG_enumerator
    4443                      .dwattr $C$DW$462, DW_AT_name("XBAR_CLB_MUX04_ECAP3_OUT")
    4444                      .dwattr $C$DW$462, DW_AT_const_value(0x803)
    4445                      .dwattr $C$DW$462, DW_AT_decl_file("C:\TI\C2000Ware_MotorControl_SDK_5_04_00_00\c2000ware\driverlib\f
    4446                      .dwattr $C$DW$462, DW_AT_decl_line(0x1bd)
    4447                      .dwattr $C$DW$462, DW_AT_decl_column(0x05)
    4448              
    4449              $C$DW$463       .dwtag  DW_TAG_enumerator
    4450                      .dwattr $C$DW$463, DW_AT_name("XBAR_CLB_MUX05_CMPSS3_CTRIPL")
    4451                      .dwattr $C$DW$463, DW_AT_const_value(0xa00)
    4452                      .dwattr $C$DW$463, DW_AT_decl_file("C:\TI\C2000Ware_MotorControl_SDK_5_04_00_00\c2000ware\driverlib\f
    4453                      .dwattr $C$DW$463, DW_AT_decl_line(0x1be)
    4454                      .dwattr $C$DW$463, DW_AT_decl_column(0x05)
    4455              
    4456              $C$DW$464       .dwtag  DW_TAG_enumerator
    4457                      .dwattr $C$DW$464, DW_AT_name("XBAR_CLB_MUX05_INPUTXBAR3")
    4458                      .dwattr $C$DW$464, DW_AT_const_value(0xa01)
    4459                      .dwattr $C$DW$464, DW_AT_decl_file("C:\TI\C2000Ware_MotorControl_SDK_5_04_00_00\c2000ware\driverlib\f
    4460                      .dwattr $C$DW$464, DW_AT_decl_line(0x1bf)
    4461                      .dwattr $C$DW$464, DW_AT_decl_column(0x05)
    4462              
    4463              $C$DW$465       .dwtag  DW_TAG_enumerator
    4464                      .dwattr $C$DW$465, DW_AT_name("XBAR_CLB_MUX05_CLB2_OUT4")
    4465                      .dwattr $C$DW$465, DW_AT_const_value(0xa02)
    4466                      .dwattr $C$DW$465, DW_AT_decl_file("C:\TI\C2000Ware_MotorControl_SDK_5_04_00_00\c2000ware\driverlib\f
    4467                      .dwattr $C$DW$465, DW_AT_decl_line(0x1c0)
    4468                      .dwattr $C$DW$465, DW_AT_decl_column(0x05)
    4469              
    4470              $C$DW$466       .dwtag  DW_TAG_enumerator
    4471                      .dwattr $C$DW$466, DW_AT_name("XBAR_CLB_MUX05_ADCCEVT3")
    4472                      .dwattr $C$DW$466, DW_AT_const_value(0xa03)
    4473                      .dwattr $C$DW$466, DW_AT_decl_file("C:\TI\C2000Ware_MotorControl_SDK_5_04_00_00\c2000ware\driverlib\f
    4474                      .dwattr $C$DW$466, DW_AT_decl_line(0x1c1)
    4475                      .dwattr $C$DW$466, DW_AT_decl_column(0x05)
    4476              
    4477              $C$DW$467       .dwtag  DW_TAG_enumerator
    4478                      .dwattr $C$DW$467, DW_AT_name("XBAR_CLB_MUX06_CMPSS4_CTRIPH")
    4479                      .dwattr $C$DW$467, DW_AT_const_value(0xc00)
    4480                      .dwattr $C$DW$467, DW_AT_decl_file("C:\TI\C2000Ware_MotorControl_SDK_5_04_00_00\c2000ware\driverlib\f
TMS320C2000 Assembler PC v22.6.2 Thu Jan 22 11:16:45 2026

Copyright (c) 1996-2018 Texas Instruments Incorporated
fcl_tformat_f2837x_config.asm                                        PAGE   86

    4481                      .dwattr $C$DW$467, DW_AT_decl_line(0x1c2)
    4482                      .dwattr $C$DW$467, DW_AT_decl_column(0x05)
    4483              
    4484              $C$DW$468       .dwtag  DW_TAG_enumerator
    4485                      .dwattr $C$DW$468, DW_AT_name("XBAR_CLB_MUX06_CMPSS4_CTRIPH_OR_L")
    4486                      .dwattr $C$DW$468, DW_AT_const_value(0xc01)
    4487                      .dwattr $C$DW$468, DW_AT_decl_file("C:\TI\C2000Ware_MotorControl_SDK_5_04_00_00\c2000ware\driverlib\f
    4488                      .dwattr $C$DW$468, DW_AT_decl_line(0x1c3)
    4489                      .dwattr $C$DW$468, DW_AT_decl_column(0x05)
    4490              
    4491              $C$DW$469       .dwtag  DW_TAG_enumerator
    4492                      .dwattr $C$DW$469, DW_AT_name("XBAR_CLB_MUX06_ADCAEVT4")
    4493                      .dwattr $C$DW$469, DW_AT_const_value(0xc02)
    4494                      .dwattr $C$DW$469, DW_AT_decl_file("C:\TI\C2000Ware_MotorControl_SDK_5_04_00_00\c2000ware\driverlib\f
    4495                      .dwattr $C$DW$469, DW_AT_decl_line(0x1c4)
    4496                      .dwattr $C$DW$469, DW_AT_decl_column(0x05)
    4497              
    4498              $C$DW$470       .dwtag  DW_TAG_enumerator
    4499                      .dwattr $C$DW$470, DW_AT_name("XBAR_CLB_MUX06_ECAP4_OUT")
    4500                      .dwattr $C$DW$470, DW_AT_const_value(0xc03)
    4501                      .dwattr $C$DW$470, DW_AT_decl_file("C:\TI\C2000Ware_MotorControl_SDK_5_04_00_00\c2000ware\driverlib\f
    4502                      .dwattr $C$DW$470, DW_AT_decl_line(0x1c5)
    4503                      .dwattr $C$DW$470, DW_AT_decl_column(0x05)
    4504              
    4505              $C$DW$471       .dwtag  DW_TAG_enumerator
    4506                      .dwattr $C$DW$471, DW_AT_name("XBAR_CLB_MUX07_CMPSS4_CTRIPL")
    4507                      .dwattr $C$DW$471, DW_AT_const_value(0xe00)
    4508                      .dwattr $C$DW$471, DW_AT_decl_file("C:\TI\C2000Ware_MotorControl_SDK_5_04_00_00\c2000ware\driverlib\f
    4509                      .dwattr $C$DW$471, DW_AT_decl_line(0x1c6)
    4510                      .dwattr $C$DW$471, DW_AT_decl_column(0x05)
    4511              
    4512              $C$DW$472       .dwtag  DW_TAG_enumerator
    4513                      .dwattr $C$DW$472, DW_AT_name("XBAR_CLB_MUX07_INPUTXBAR4")
    4514                      .dwattr $C$DW$472, DW_AT_const_value(0xe01)
    4515                      .dwattr $C$DW$472, DW_AT_decl_file("C:\TI\C2000Ware_MotorControl_SDK_5_04_00_00\c2000ware\driverlib\f
    4516                      .dwattr $C$DW$472, DW_AT_decl_line(0x1c7)
    4517                      .dwattr $C$DW$472, DW_AT_decl_column(0x05)
    4518              
    4519              $C$DW$473       .dwtag  DW_TAG_enumerator
    4520                      .dwattr $C$DW$473, DW_AT_name("XBAR_CLB_MUX07_CLB2_OUT5")
    4521                      .dwattr $C$DW$473, DW_AT_const_value(0xe02)
    4522                      .dwattr $C$DW$473, DW_AT_decl_file("C:\TI\C2000Ware_MotorControl_SDK_5_04_00_00\c2000ware\driverlib\f
    4523                      .dwattr $C$DW$473, DW_AT_decl_line(0x1c8)
    4524                      .dwattr $C$DW$473, DW_AT_decl_column(0x05)
    4525              
    4526              $C$DW$474       .dwtag  DW_TAG_enumerator
    4527                      .dwattr $C$DW$474, DW_AT_name("XBAR_CLB_MUX07_ADCCEVT4")
    4528                      .dwattr $C$DW$474, DW_AT_const_value(0xe03)
    4529                      .dwattr $C$DW$474, DW_AT_decl_file("C:\TI\C2000Ware_MotorControl_SDK_5_04_00_00\c2000ware\driverlib\f
    4530                      .dwattr $C$DW$474, DW_AT_decl_line(0x1c9)
    4531                      .dwattr $C$DW$474, DW_AT_decl_column(0x05)
    4532              
    4533              $C$DW$475       .dwtag  DW_TAG_enumerator
    4534                      .dwattr $C$DW$475, DW_AT_name("XBAR_CLB_MUX08_CMPSS5_CTRIPH")
    4535                      .dwattr $C$DW$475, DW_AT_const_value(0x1000)
TMS320C2000 Assembler PC v22.6.2 Thu Jan 22 11:16:45 2026

Copyright (c) 1996-2018 Texas Instruments Incorporated
fcl_tformat_f2837x_config.asm                                        PAGE   87

    4536                      .dwattr $C$DW$475, DW_AT_decl_file("C:\TI\C2000Ware_MotorControl_SDK_5_04_00_00\c2000ware\driverlib\f
    4537                      .dwattr $C$DW$475, DW_AT_decl_line(0x1ca)
    4538                      .dwattr $C$DW$475, DW_AT_decl_column(0x05)
    4539              
    4540              $C$DW$476       .dwtag  DW_TAG_enumerator
    4541                      .dwattr $C$DW$476, DW_AT_name("XBAR_CLB_MUX08_CMPSS5_CTRIPH_OR_L")
    4542                      .dwattr $C$DW$476, DW_AT_const_value(0x1001)
    4543                      .dwattr $C$DW$476, DW_AT_decl_file("C:\TI\C2000Ware_MotorControl_SDK_5_04_00_00\c2000ware\driverlib\f
    4544                      .dwattr $C$DW$476, DW_AT_decl_line(0x1cb)
    4545                      .dwattr $C$DW$476, DW_AT_decl_column(0x05)
    4546              
    4547              $C$DW$477       .dwtag  DW_TAG_enumerator
    4548                      .dwattr $C$DW$477, DW_AT_name("XBAR_CLB_MUX08_ADCBEVT1")
    4549                      .dwattr $C$DW$477, DW_AT_const_value(0x1002)
    4550                      .dwattr $C$DW$477, DW_AT_decl_file("C:\TI\C2000Ware_MotorControl_SDK_5_04_00_00\c2000ware\driverlib\f
    4551                      .dwattr $C$DW$477, DW_AT_decl_line(0x1cc)
    4552                      .dwattr $C$DW$477, DW_AT_decl_column(0x05)
    4553              
    4554              $C$DW$478       .dwtag  DW_TAG_enumerator
    4555                      .dwattr $C$DW$478, DW_AT_name("XBAR_CLB_MUX08_ECAP5_OUT")
    4556                      .dwattr $C$DW$478, DW_AT_const_value(0x1003)
    4557                      .dwattr $C$DW$478, DW_AT_decl_file("C:\TI\C2000Ware_MotorControl_SDK_5_04_00_00\c2000ware\driverlib\f
    4558                      .dwattr $C$DW$478, DW_AT_decl_line(0x1cd)
    4559                      .dwattr $C$DW$478, DW_AT_decl_column(0x05)
    4560              
    4561              $C$DW$479       .dwtag  DW_TAG_enumerator
    4562                      .dwattr $C$DW$479, DW_AT_name("XBAR_CLB_MUX09_CMPSS5_CTRIPL")
    4563                      .dwattr $C$DW$479, DW_AT_const_value(0x1200)
    4564                      .dwattr $C$DW$479, DW_AT_decl_file("C:\TI\C2000Ware_MotorControl_SDK_5_04_00_00\c2000ware\driverlib\f
    4565                      .dwattr $C$DW$479, DW_AT_decl_line(0x1ce)
    4566                      .dwattr $C$DW$479, DW_AT_decl_column(0x05)
    4567              
    4568              $C$DW$480       .dwtag  DW_TAG_enumerator
    4569                      .dwattr $C$DW$480, DW_AT_name("XBAR_CLB_MUX09_INPUTXBAR5")
    4570                      .dwattr $C$DW$480, DW_AT_const_value(0x1201)
    4571                      .dwattr $C$DW$480, DW_AT_decl_file("C:\TI\C2000Ware_MotorControl_SDK_5_04_00_00\c2000ware\driverlib\f
    4572                      .dwattr $C$DW$480, DW_AT_decl_line(0x1cf)
    4573                      .dwattr $C$DW$480, DW_AT_decl_column(0x05)
    4574              
    4575              $C$DW$481       .dwtag  DW_TAG_enumerator
    4576                      .dwattr $C$DW$481, DW_AT_name("XBAR_CLB_MUX09_CLB3_OUT4")
    4577                      .dwattr $C$DW$481, DW_AT_const_value(0x1202)
    4578                      .dwattr $C$DW$481, DW_AT_decl_file("C:\TI\C2000Ware_MotorControl_SDK_5_04_00_00\c2000ware\driverlib\f
    4579                      .dwattr $C$DW$481, DW_AT_decl_line(0x1d0)
    4580                      .dwattr $C$DW$481, DW_AT_decl_column(0x05)
    4581              
    4582              $C$DW$482       .dwtag  DW_TAG_enumerator
    4583                      .dwattr $C$DW$482, DW_AT_name("XBAR_CLB_MUX09_ADCDEVT1")
    4584                      .dwattr $C$DW$482, DW_AT_const_value(0x1203)
    4585                      .dwattr $C$DW$482, DW_AT_decl_file("C:\TI\C2000Ware_MotorControl_SDK_5_04_00_00\c2000ware\driverlib\f
    4586                      .dwattr $C$DW$482, DW_AT_decl_line(0x1d1)
    4587                      .dwattr $C$DW$482, DW_AT_decl_column(0x05)
    4588              
    4589              $C$DW$483       .dwtag  DW_TAG_enumerator
    4590                      .dwattr $C$DW$483, DW_AT_name("XBAR_CLB_MUX10_CMPSS6_CTRIPH")
TMS320C2000 Assembler PC v22.6.2 Thu Jan 22 11:16:45 2026

Copyright (c) 1996-2018 Texas Instruments Incorporated
fcl_tformat_f2837x_config.asm                                        PAGE   88

    4591                      .dwattr $C$DW$483, DW_AT_const_value(0x1400)
    4592                      .dwattr $C$DW$483, DW_AT_decl_file("C:\TI\C2000Ware_MotorControl_SDK_5_04_00_00\c2000ware\driverlib\f
    4593                      .dwattr $C$DW$483, DW_AT_decl_line(0x1d2)
    4594                      .dwattr $C$DW$483, DW_AT_decl_column(0x05)
    4595              
    4596              $C$DW$484       .dwtag  DW_TAG_enumerator
    4597                      .dwattr $C$DW$484, DW_AT_name("XBAR_CLB_MUX10_CMPSS6_CTRIPH_OR_L")
    4598                      .dwattr $C$DW$484, DW_AT_const_value(0x1401)
    4599                      .dwattr $C$DW$484, DW_AT_decl_file("C:\TI\C2000Ware_MotorControl_SDK_5_04_00_00\c2000ware\driverlib\f
    4600                      .dwattr $C$DW$484, DW_AT_decl_line(0x1d3)
    4601                      .dwattr $C$DW$484, DW_AT_decl_column(0x05)
    4602              
    4603              $C$DW$485       .dwtag  DW_TAG_enumerator
    4604                      .dwattr $C$DW$485, DW_AT_name("XBAR_CLB_MUX10_ADCBEVT2")
    4605                      .dwattr $C$DW$485, DW_AT_const_value(0x1402)
    4606                      .dwattr $C$DW$485, DW_AT_decl_file("C:\TI\C2000Ware_MotorControl_SDK_5_04_00_00\c2000ware\driverlib\f
    4607                      .dwattr $C$DW$485, DW_AT_decl_line(0x1d4)
    4608                      .dwattr $C$DW$485, DW_AT_decl_column(0x05)
    4609              
    4610              $C$DW$486       .dwtag  DW_TAG_enumerator
    4611                      .dwattr $C$DW$486, DW_AT_name("XBAR_CLB_MUX10_ECAP6_OUT")
    4612                      .dwattr $C$DW$486, DW_AT_const_value(0x1403)
    4613                      .dwattr $C$DW$486, DW_AT_decl_file("C:\TI\C2000Ware_MotorControl_SDK_5_04_00_00\c2000ware\driverlib\f
    4614                      .dwattr $C$DW$486, DW_AT_decl_line(0x1d5)
    4615                      .dwattr $C$DW$486, DW_AT_decl_column(0x05)
    4616              
    4617              $C$DW$487       .dwtag  DW_TAG_enumerator
    4618                      .dwattr $C$DW$487, DW_AT_name("XBAR_CLB_MUX11_CMPSS6_CTRIPL")
    4619                      .dwattr $C$DW$487, DW_AT_const_value(0x1600)
    4620                      .dwattr $C$DW$487, DW_AT_decl_file("C:\TI\C2000Ware_MotorControl_SDK_5_04_00_00\c2000ware\driverlib\f
    4621                      .dwattr $C$DW$487, DW_AT_decl_line(0x1d6)
    4622                      .dwattr $C$DW$487, DW_AT_decl_column(0x05)
    4623              
    4624              $C$DW$488       .dwtag  DW_TAG_enumerator
    4625                      .dwattr $C$DW$488, DW_AT_name("XBAR_CLB_MUX11_INPUTXBAR6")
    4626                      .dwattr $C$DW$488, DW_AT_const_value(0x1601)
    4627                      .dwattr $C$DW$488, DW_AT_decl_file("C:\TI\C2000Ware_MotorControl_SDK_5_04_00_00\c2000ware\driverlib\f
    4628                      .dwattr $C$DW$488, DW_AT_decl_line(0x1d7)
    4629                      .dwattr $C$DW$488, DW_AT_decl_column(0x05)
    4630              
    4631              $C$DW$489       .dwtag  DW_TAG_enumerator
    4632                      .dwattr $C$DW$489, DW_AT_name("XBAR_CLB_MUX11_CLB3_OUT5")
    4633                      .dwattr $C$DW$489, DW_AT_const_value(0x1602)
    4634                      .dwattr $C$DW$489, DW_AT_decl_file("C:\TI\C2000Ware_MotorControl_SDK_5_04_00_00\c2000ware\driverlib\f
    4635                      .dwattr $C$DW$489, DW_AT_decl_line(0x1d8)
    4636                      .dwattr $C$DW$489, DW_AT_decl_column(0x05)
    4637              
    4638              $C$DW$490       .dwtag  DW_TAG_enumerator
    4639                      .dwattr $C$DW$490, DW_AT_name("XBAR_CLB_MUX11_ADCDEVT2")
    4640                      .dwattr $C$DW$490, DW_AT_const_value(0x1603)
    4641                      .dwattr $C$DW$490, DW_AT_decl_file("C:\TI\C2000Ware_MotorControl_SDK_5_04_00_00\c2000ware\driverlib\f
    4642                      .dwattr $C$DW$490, DW_AT_decl_line(0x1d9)
    4643                      .dwattr $C$DW$490, DW_AT_decl_column(0x05)
    4644              
    4645              $C$DW$491       .dwtag  DW_TAG_enumerator
TMS320C2000 Assembler PC v22.6.2 Thu Jan 22 11:16:45 2026

Copyright (c) 1996-2018 Texas Instruments Incorporated
fcl_tformat_f2837x_config.asm                                        PAGE   89

    4646                      .dwattr $C$DW$491, DW_AT_name("XBAR_CLB_MUX12_CMPSS7_CTRIPH")
    4647                      .dwattr $C$DW$491, DW_AT_const_value(0x1800)
    4648                      .dwattr $C$DW$491, DW_AT_decl_file("C:\TI\C2000Ware_MotorControl_SDK_5_04_00_00\c2000ware\driverlib\f
    4649                      .dwattr $C$DW$491, DW_AT_decl_line(0x1da)
    4650                      .dwattr $C$DW$491, DW_AT_decl_column(0x05)
    4651              
    4652              $C$DW$492       .dwtag  DW_TAG_enumerator
    4653                      .dwattr $C$DW$492, DW_AT_name("XBAR_CLB_MUX12_CMPSS7_CTRIPH_OR_L")
    4654                      .dwattr $C$DW$492, DW_AT_const_value(0x1801)
    4655                      .dwattr $C$DW$492, DW_AT_decl_file("C:\TI\C2000Ware_MotorControl_SDK_5_04_00_00\c2000ware\driverlib\f
    4656                      .dwattr $C$DW$492, DW_AT_decl_line(0x1db)
    4657                      .dwattr $C$DW$492, DW_AT_decl_column(0x05)
    4658              
    4659              $C$DW$493       .dwtag  DW_TAG_enumerator
    4660                      .dwattr $C$DW$493, DW_AT_name("XBAR_CLB_MUX12_ADCBEVT3")
    4661                      .dwattr $C$DW$493, DW_AT_const_value(0x1802)
    4662                      .dwattr $C$DW$493, DW_AT_decl_file("C:\TI\C2000Ware_MotorControl_SDK_5_04_00_00\c2000ware\driverlib\f
    4663                      .dwattr $C$DW$493, DW_AT_decl_line(0x1dc)
    4664                      .dwattr $C$DW$493, DW_AT_decl_column(0x05)
    4665              
    4666              $C$DW$494       .dwtag  DW_TAG_enumerator
    4667                      .dwattr $C$DW$494, DW_AT_name("XBAR_CLB_MUX13_CMPSS7_CTRIPL")
    4668                      .dwattr $C$DW$494, DW_AT_const_value(0x1a00)
    4669                      .dwattr $C$DW$494, DW_AT_decl_file("C:\TI\C2000Ware_MotorControl_SDK_5_04_00_00\c2000ware\driverlib\f
    4670                      .dwattr $C$DW$494, DW_AT_decl_line(0x1dd)
    4671                      .dwattr $C$DW$494, DW_AT_decl_column(0x05)
    4672              
    4673              $C$DW$495       .dwtag  DW_TAG_enumerator
    4674                      .dwattr $C$DW$495, DW_AT_name("XBAR_CLB_MUX13_ADCSOCA")
    4675                      .dwattr $C$DW$495, DW_AT_const_value(0x1a01)
    4676                      .dwattr $C$DW$495, DW_AT_decl_file("C:\TI\C2000Ware_MotorControl_SDK_5_04_00_00\c2000ware\driverlib\f
    4677                      .dwattr $C$DW$495, DW_AT_decl_line(0x1de)
    4678                      .dwattr $C$DW$495, DW_AT_decl_column(0x05)
    4679              
    4680              $C$DW$496       .dwtag  DW_TAG_enumerator
    4681                      .dwattr $C$DW$496, DW_AT_name("XBAR_CLB_MUX13_CLB4_OUT4")
    4682                      .dwattr $C$DW$496, DW_AT_const_value(0x1a02)
    4683                      .dwattr $C$DW$496, DW_AT_decl_file("C:\TI\C2000Ware_MotorControl_SDK_5_04_00_00\c2000ware\driverlib\f
    4684                      .dwattr $C$DW$496, DW_AT_decl_line(0x1df)
    4685                      .dwattr $C$DW$496, DW_AT_decl_column(0x05)
    4686              
    4687              $C$DW$497       .dwtag  DW_TAG_enumerator
    4688                      .dwattr $C$DW$497, DW_AT_name("XBAR_CLB_MUX13_ADCDEVT3")
    4689                      .dwattr $C$DW$497, DW_AT_const_value(0x1a03)
    4690                      .dwattr $C$DW$497, DW_AT_decl_file("C:\TI\C2000Ware_MotorControl_SDK_5_04_00_00\c2000ware\driverlib\f
    4691                      .dwattr $C$DW$497, DW_AT_decl_line(0x1e0)
    4692                      .dwattr $C$DW$497, DW_AT_decl_column(0x05)
    4693              
    4694              $C$DW$498       .dwtag  DW_TAG_enumerator
    4695                      .dwattr $C$DW$498, DW_AT_name("XBAR_CLB_MUX14_CMPSS8_CTRIPH")
    4696                      .dwattr $C$DW$498, DW_AT_const_value(0x1c00)
    4697                      .dwattr $C$DW$498, DW_AT_decl_file("C:\TI\C2000Ware_MotorControl_SDK_5_04_00_00\c2000ware\driverlib\f
    4698                      .dwattr $C$DW$498, DW_AT_decl_line(0x1e1)
    4699                      .dwattr $C$DW$498, DW_AT_decl_column(0x05)
    4700              
TMS320C2000 Assembler PC v22.6.2 Thu Jan 22 11:16:45 2026

Copyright (c) 1996-2018 Texas Instruments Incorporated
fcl_tformat_f2837x_config.asm                                        PAGE   90

    4701              $C$DW$499       .dwtag  DW_TAG_enumerator
    4702                      .dwattr $C$DW$499, DW_AT_name("XBAR_CLB_MUX14_CMPSS8_CTRIPH_OR_L")
    4703                      .dwattr $C$DW$499, DW_AT_const_value(0x1c01)
    4704                      .dwattr $C$DW$499, DW_AT_decl_file("C:\TI\C2000Ware_MotorControl_SDK_5_04_00_00\c2000ware\driverlib\f
    4705                      .dwattr $C$DW$499, DW_AT_decl_line(0x1e2)
    4706                      .dwattr $C$DW$499, DW_AT_decl_column(0x05)
    4707              
    4708              $C$DW$500       .dwtag  DW_TAG_enumerator
    4709                      .dwattr $C$DW$500, DW_AT_name("XBAR_CLB_MUX14_ADCBEVT4")
    4710                      .dwattr $C$DW$500, DW_AT_const_value(0x1c02)
    4711                      .dwattr $C$DW$500, DW_AT_decl_file("C:\TI\C2000Ware_MotorControl_SDK_5_04_00_00\c2000ware\driverlib\f
    4712                      .dwattr $C$DW$500, DW_AT_decl_line(0x1e3)
    4713                      .dwattr $C$DW$500, DW_AT_decl_column(0x05)
    4714              
    4715              $C$DW$501       .dwtag  DW_TAG_enumerator
    4716                      .dwattr $C$DW$501, DW_AT_name("XBAR_CLB_MUX14_EXTSYNCOUT")
    4717                      .dwattr $C$DW$501, DW_AT_const_value(0x1c03)
    4718                      .dwattr $C$DW$501, DW_AT_decl_file("C:\TI\C2000Ware_MotorControl_SDK_5_04_00_00\c2000ware\driverlib\f
    4719                      .dwattr $C$DW$501, DW_AT_decl_line(0x1e4)
    4720                      .dwattr $C$DW$501, DW_AT_decl_column(0x05)
    4721              
    4722              $C$DW$502       .dwtag  DW_TAG_enumerator
    4723                      .dwattr $C$DW$502, DW_AT_name("XBAR_CLB_MUX15_CMPSS8_CTRIPL")
    4724                      .dwattr $C$DW$502, DW_AT_const_value(0x1e00)
    4725                      .dwattr $C$DW$502, DW_AT_decl_file("C:\TI\C2000Ware_MotorControl_SDK_5_04_00_00\c2000ware\driverlib\f
    4726                      .dwattr $C$DW$502, DW_AT_decl_line(0x1e5)
    4727                      .dwattr $C$DW$502, DW_AT_decl_column(0x05)
    4728              
    4729              $C$DW$503       .dwtag  DW_TAG_enumerator
    4730                      .dwattr $C$DW$503, DW_AT_name("XBAR_CLB_MUX15_ADCSOCB")
    4731                      .dwattr $C$DW$503, DW_AT_const_value(0x1e01)
    4732                      .dwattr $C$DW$503, DW_AT_decl_file("C:\TI\C2000Ware_MotorControl_SDK_5_04_00_00\c2000ware\driverlib\f
    4733                      .dwattr $C$DW$503, DW_AT_decl_line(0x1e6)
    4734                      .dwattr $C$DW$503, DW_AT_decl_column(0x05)
    4735              
    4736              $C$DW$504       .dwtag  DW_TAG_enumerator
    4737                      .dwattr $C$DW$504, DW_AT_name("XBAR_CLB_MUX15_CLB4_OUT5")
    4738                      .dwattr $C$DW$504, DW_AT_const_value(0x1e02)
    4739                      .dwattr $C$DW$504, DW_AT_decl_file("C:\TI\C2000Ware_MotorControl_SDK_5_04_00_00\c2000ware\driverlib\f
    4740                      .dwattr $C$DW$504, DW_AT_decl_line(0x1e7)
    4741                      .dwattr $C$DW$504, DW_AT_decl_column(0x05)
    4742              
    4743              $C$DW$505       .dwtag  DW_TAG_enumerator
    4744                      .dwattr $C$DW$505, DW_AT_name("XBAR_CLB_MUX15_ADCDEVT4")
    4745                      .dwattr $C$DW$505, DW_AT_const_value(0x1e03)
    4746                      .dwattr $C$DW$505, DW_AT_decl_file("C:\TI\C2000Ware_MotorControl_SDK_5_04_00_00\c2000ware\driverlib\f
    4747                      .dwattr $C$DW$505, DW_AT_decl_line(0x1e8)
    4748                      .dwattr $C$DW$505, DW_AT_decl_column(0x05)
    4749              
    4750              $C$DW$506       .dwtag  DW_TAG_enumerator
    4751                      .dwattr $C$DW$506, DW_AT_name("XBAR_CLB_MUX16_SD1FLT1_COMPH")
    4752                      .dwattr $C$DW$506, DW_AT_const_value(0x2000)
    4753                      .dwattr $C$DW$506, DW_AT_decl_file("C:\TI\C2000Ware_MotorControl_SDK_5_04_00_00\c2000ware\driverlib\f
    4754                      .dwattr $C$DW$506, DW_AT_decl_line(0x1e9)
    4755                      .dwattr $C$DW$506, DW_AT_decl_column(0x05)
TMS320C2000 Assembler PC v22.6.2 Thu Jan 22 11:16:45 2026

Copyright (c) 1996-2018 Texas Instruments Incorporated
fcl_tformat_f2837x_config.asm                                        PAGE   91

    4756              
    4757              $C$DW$507       .dwtag  DW_TAG_enumerator
    4758                      .dwattr $C$DW$507, DW_AT_name("XBAR_CLB_MUX16_SD1FLT1_COMPH_OR_COMPL")
    4759                      .dwattr $C$DW$507, DW_AT_const_value(0x2001)
    4760                      .dwattr $C$DW$507, DW_AT_decl_file("C:\TI\C2000Ware_MotorControl_SDK_5_04_00_00\c2000ware\driverlib\f
    4761                      .dwattr $C$DW$507, DW_AT_decl_line(0x1ea)
    4762                      .dwattr $C$DW$507, DW_AT_decl_column(0x05)
    4763              
    4764              $C$DW$508       .dwtag  DW_TAG_enumerator
    4765                      .dwattr $C$DW$508, DW_AT_name("XBAR_CLB_MUX17_SD1FLT1_COMPL")
    4766                      .dwattr $C$DW$508, DW_AT_const_value(0x2200)
    4767                      .dwattr $C$DW$508, DW_AT_decl_file("C:\TI\C2000Ware_MotorControl_SDK_5_04_00_00\c2000ware\driverlib\f
    4768                      .dwattr $C$DW$508, DW_AT_decl_line(0x1eb)
    4769                      .dwattr $C$DW$508, DW_AT_decl_column(0x05)
    4770              
    4771              $C$DW$509       .dwtag  DW_TAG_enumerator
    4772                      .dwattr $C$DW$509, DW_AT_name("XBAR_CLB_MUX18_SD1FLT2_COMPH")
    4773                      .dwattr $C$DW$509, DW_AT_const_value(0x2400)
    4774                      .dwattr $C$DW$509, DW_AT_decl_file("C:\TI\C2000Ware_MotorControl_SDK_5_04_00_00\c2000ware\driverlib\f
    4775                      .dwattr $C$DW$509, DW_AT_decl_line(0x1ec)
    4776                      .dwattr $C$DW$509, DW_AT_decl_column(0x05)
    4777              
    4778              $C$DW$510       .dwtag  DW_TAG_enumerator
    4779                      .dwattr $C$DW$510, DW_AT_name("XBAR_CLB_MUX18_SD1FLT2_COMPH_OR_COMPL")
    4780                      .dwattr $C$DW$510, DW_AT_const_value(0x2401)
    4781                      .dwattr $C$DW$510, DW_AT_decl_file("C:\TI\C2000Ware_MotorControl_SDK_5_04_00_00\c2000ware\driverlib\f
    4782                      .dwattr $C$DW$510, DW_AT_decl_line(0x1ed)
    4783                      .dwattr $C$DW$510, DW_AT_decl_column(0x05)
    4784              
    4785              $C$DW$511       .dwtag  DW_TAG_enumerator
    4786                      .dwattr $C$DW$511, DW_AT_name("XBAR_CLB_MUX19_SD1FLT2_COMPL")
    4787                      .dwattr $C$DW$511, DW_AT_const_value(0x2600)
    4788                      .dwattr $C$DW$511, DW_AT_decl_file("C:\TI\C2000Ware_MotorControl_SDK_5_04_00_00\c2000ware\driverlib\f
    4789                      .dwattr $C$DW$511, DW_AT_decl_line(0x1ee)
    4790                      .dwattr $C$DW$511, DW_AT_decl_column(0x05)
    4791              
    4792              $C$DW$512       .dwtag  DW_TAG_enumerator
    4793                      .dwattr $C$DW$512, DW_AT_name("XBAR_CLB_MUX20_SD1FLT3_COMPH")
    4794                      .dwattr $C$DW$512, DW_AT_const_value(0x2800)
    4795                      .dwattr $C$DW$512, DW_AT_decl_file("C:\TI\C2000Ware_MotorControl_SDK_5_04_00_00\c2000ware\driverlib\f
    4796                      .dwattr $C$DW$512, DW_AT_decl_line(0x1ef)
    4797                      .dwattr $C$DW$512, DW_AT_decl_column(0x05)
    4798              
    4799              $C$DW$513       .dwtag  DW_TAG_enumerator
    4800                      .dwattr $C$DW$513, DW_AT_name("XBAR_CLB_MUX20_SD1FLT3_COMPH_OR_COMPL")
    4801                      .dwattr $C$DW$513, DW_AT_const_value(0x2801)
    4802                      .dwattr $C$DW$513, DW_AT_decl_file("C:\TI\C2000Ware_MotorControl_SDK_5_04_00_00\c2000ware\driverlib\f
    4803                      .dwattr $C$DW$513, DW_AT_decl_line(0x1f0)
    4804                      .dwattr $C$DW$513, DW_AT_decl_column(0x05)
    4805              
    4806              $C$DW$514       .dwtag  DW_TAG_enumerator
    4807                      .dwattr $C$DW$514, DW_AT_name("XBAR_CLB_MUX21_SD1FLT3_COMPL")
    4808                      .dwattr $C$DW$514, DW_AT_const_value(0x2a00)
    4809                      .dwattr $C$DW$514, DW_AT_decl_file("C:\TI\C2000Ware_MotorControl_SDK_5_04_00_00\c2000ware\driverlib\f
    4810                      .dwattr $C$DW$514, DW_AT_decl_line(0x1f1)
TMS320C2000 Assembler PC v22.6.2 Thu Jan 22 11:16:45 2026

Copyright (c) 1996-2018 Texas Instruments Incorporated
fcl_tformat_f2837x_config.asm                                        PAGE   92

    4811                      .dwattr $C$DW$514, DW_AT_decl_column(0x05)
    4812              
    4813              $C$DW$515       .dwtag  DW_TAG_enumerator
    4814                      .dwattr $C$DW$515, DW_AT_name("XBAR_CLB_MUX22_SD1FLT4_COMPH")
    4815                      .dwattr $C$DW$515, DW_AT_const_value(0x2c00)
    4816                      .dwattr $C$DW$515, DW_AT_decl_file("C:\TI\C2000Ware_MotorControl_SDK_5_04_00_00\c2000ware\driverlib\f
    4817                      .dwattr $C$DW$515, DW_AT_decl_line(0x1f2)
    4818                      .dwattr $C$DW$515, DW_AT_decl_column(0x05)
    4819              
    4820              $C$DW$516       .dwtag  DW_TAG_enumerator
    4821                      .dwattr $C$DW$516, DW_AT_name("XBAR_CLB_MUX22_SD1FLT4_COMPH_OR_COMPL")
    4822                      .dwattr $C$DW$516, DW_AT_const_value(0x2c01)
    4823                      .dwattr $C$DW$516, DW_AT_decl_file("C:\TI\C2000Ware_MotorControl_SDK_5_04_00_00\c2000ware\driverlib\f
    4824                      .dwattr $C$DW$516, DW_AT_decl_line(0x1f3)
    4825                      .dwattr $C$DW$516, DW_AT_decl_column(0x05)
    4826              
    4827              $C$DW$517       .dwtag  DW_TAG_enumerator
    4828                      .dwattr $C$DW$517, DW_AT_name("XBAR_CLB_MUX23_SD1FLT4_COMPL")
    4829                      .dwattr $C$DW$517, DW_AT_const_value(0x2e00)
    4830                      .dwattr $C$DW$517, DW_AT_decl_file("C:\TI\C2000Ware_MotorControl_SDK_5_04_00_00\c2000ware\driverlib\f
    4831                      .dwattr $C$DW$517, DW_AT_decl_line(0x1f4)
    4832                      .dwattr $C$DW$517, DW_AT_decl_column(0x05)
    4833              
    4834              $C$DW$518       .dwtag  DW_TAG_enumerator
    4835                      .dwattr $C$DW$518, DW_AT_name("XBAR_CLB_MUX24_SD2FLT1_COMPH")
    4836                      .dwattr $C$DW$518, DW_AT_const_value(0x3000)
    4837                      .dwattr $C$DW$518, DW_AT_decl_file("C:\TI\C2000Ware_MotorControl_SDK_5_04_00_00\c2000ware\driverlib\f
    4838                      .dwattr $C$DW$518, DW_AT_decl_line(0x1f5)
    4839                      .dwattr $C$DW$518, DW_AT_decl_column(0x05)
    4840              
    4841              $C$DW$519       .dwtag  DW_TAG_enumerator
    4842                      .dwattr $C$DW$519, DW_AT_name("XBAR_CLB_MUX24_SD2FLT1_COMPH_OR_COMPL")
    4843                      .dwattr $C$DW$519, DW_AT_const_value(0x3001)
    4844                      .dwattr $C$DW$519, DW_AT_decl_file("C:\TI\C2000Ware_MotorControl_SDK_5_04_00_00\c2000ware\driverlib\f
    4845                      .dwattr $C$DW$519, DW_AT_decl_line(0x1f6)
    4846                      .dwattr $C$DW$519, DW_AT_decl_column(0x05)
    4847              
    4848              $C$DW$520       .dwtag  DW_TAG_enumerator
    4849                      .dwattr $C$DW$520, DW_AT_name("XBAR_CLB_MUX25_SD2FLT1_COMPL")
    4850                      .dwattr $C$DW$520, DW_AT_const_value(0x3200)
    4851                      .dwattr $C$DW$520, DW_AT_decl_file("C:\TI\C2000Ware_MotorControl_SDK_5_04_00_00\c2000ware\driverlib\f
    4852                      .dwattr $C$DW$520, DW_AT_decl_line(0x1f7)
    4853                      .dwattr $C$DW$520, DW_AT_decl_column(0x05)
    4854              
    4855              $C$DW$521       .dwtag  DW_TAG_enumerator
    4856                      .dwattr $C$DW$521, DW_AT_name("XBAR_CLB_MUX26_SD2FLT2_COMPH")
    4857                      .dwattr $C$DW$521, DW_AT_const_value(0x3400)
    4858                      .dwattr $C$DW$521, DW_AT_decl_file("C:\TI\C2000Ware_MotorControl_SDK_5_04_00_00\c2000ware\driverlib\f
    4859                      .dwattr $C$DW$521, DW_AT_decl_line(0x1f8)
    4860                      .dwattr $C$DW$521, DW_AT_decl_column(0x05)
    4861              
    4862              $C$DW$522       .dwtag  DW_TAG_enumerator
    4863                      .dwattr $C$DW$522, DW_AT_name("XBAR_CLB_MUX26_SD2FLT2_COMPH_OR_COMPL")
    4864                      .dwattr $C$DW$522, DW_AT_const_value(0x3401)
    4865                      .dwattr $C$DW$522, DW_AT_decl_file("C:\TI\C2000Ware_MotorControl_SDK_5_04_00_00\c2000ware\driverlib\f
TMS320C2000 Assembler PC v22.6.2 Thu Jan 22 11:16:45 2026

Copyright (c) 1996-2018 Texas Instruments Incorporated
fcl_tformat_f2837x_config.asm                                        PAGE   93

    4866                      .dwattr $C$DW$522, DW_AT_decl_line(0x1f9)
    4867                      .dwattr $C$DW$522, DW_AT_decl_column(0x05)
    4868              
    4869              $C$DW$523       .dwtag  DW_TAG_enumerator
    4870                      .dwattr $C$DW$523, DW_AT_name("XBAR_CLB_MUX27_SD2FLT2_COMPL")
    4871                      .dwattr $C$DW$523, DW_AT_const_value(0x3600)
    4872                      .dwattr $C$DW$523, DW_AT_decl_file("C:\TI\C2000Ware_MotorControl_SDK_5_04_00_00\c2000ware\driverlib\f
    4873                      .dwattr $C$DW$523, DW_AT_decl_line(0x1fa)
    4874                      .dwattr $C$DW$523, DW_AT_decl_column(0x05)
    4875              
    4876              $C$DW$524       .dwtag  DW_TAG_enumerator
    4877                      .dwattr $C$DW$524, DW_AT_name("XBAR_CLB_MUX28_SD2FLT3_COMPH")
    4878                      .dwattr $C$DW$524, DW_AT_const_value(0x3800)
    4879                      .dwattr $C$DW$524, DW_AT_decl_file("C:\TI\C2000Ware_MotorControl_SDK_5_04_00_00\c2000ware\driverlib\f
    4880                      .dwattr $C$DW$524, DW_AT_decl_line(0x1fb)
    4881                      .dwattr $C$DW$524, DW_AT_decl_column(0x05)
    4882              
    4883              $C$DW$525       .dwtag  DW_TAG_enumerator
    4884                      .dwattr $C$DW$525, DW_AT_name("XBAR_CLB_MUX28_SD2FLT3_COMPH_OR_COMPL")
    4885                      .dwattr $C$DW$525, DW_AT_const_value(0x3801)
    4886                      .dwattr $C$DW$525, DW_AT_decl_file("C:\TI\C2000Ware_MotorControl_SDK_5_04_00_00\c2000ware\driverlib\f
    4887                      .dwattr $C$DW$525, DW_AT_decl_line(0x1fc)
    4888                      .dwattr $C$DW$525, DW_AT_decl_column(0x05)
    4889              
    4890              $C$DW$526       .dwtag  DW_TAG_enumerator
    4891                      .dwattr $C$DW$526, DW_AT_name("XBAR_CLB_MUX29_SD2FLT3_COMPL")
    4892                      .dwattr $C$DW$526, DW_AT_const_value(0x3a00)
    4893                      .dwattr $C$DW$526, DW_AT_decl_file("C:\TI\C2000Ware_MotorControl_SDK_5_04_00_00\c2000ware\driverlib\f
    4894                      .dwattr $C$DW$526, DW_AT_decl_line(0x1fd)
    4895                      .dwattr $C$DW$526, DW_AT_decl_column(0x05)
    4896              
    4897              $C$DW$527       .dwtag  DW_TAG_enumerator
    4898                      .dwattr $C$DW$527, DW_AT_name("XBAR_CLB_MUX30_SD2FLT4_COMPH")
    4899                      .dwattr $C$DW$527, DW_AT_const_value(0x3c00)
    4900                      .dwattr $C$DW$527, DW_AT_decl_file("C:\TI\C2000Ware_MotorControl_SDK_5_04_00_00\c2000ware\driverlib\f
    4901                      .dwattr $C$DW$527, DW_AT_decl_line(0x1fe)
    4902                      .dwattr $C$DW$527, DW_AT_decl_column(0x05)
    4903              
    4904              $C$DW$528       .dwtag  DW_TAG_enumerator
    4905                      .dwattr $C$DW$528, DW_AT_name("XBAR_CLB_MUX30_SD2FLT4_COMPH_OR_COMPL")
    4906                      .dwattr $C$DW$528, DW_AT_const_value(0x3c01)
    4907                      .dwattr $C$DW$528, DW_AT_decl_file("C:\TI\C2000Ware_MotorControl_SDK_5_04_00_00\c2000ware\driverlib\f
    4908                      .dwattr $C$DW$528, DW_AT_decl_line(0x1ff)
    4909                      .dwattr $C$DW$528, DW_AT_decl_column(0x05)
    4910              
    4911              $C$DW$529       .dwtag  DW_TAG_enumerator
    4912                      .dwattr $C$DW$529, DW_AT_name("XBAR_CLB_MUX31_SD2FLT4_COMPL")
    4913                      .dwattr $C$DW$529, DW_AT_const_value(0x3e00)
    4914                      .dwattr $C$DW$529, DW_AT_decl_file("C:\TI\C2000Ware_MotorControl_SDK_5_04_00_00\c2000ware\driverlib\f
    4915                      .dwattr $C$DW$529, DW_AT_decl_line(0x200)
    4916                      .dwattr $C$DW$529, DW_AT_decl_column(0x05)
    4917              
    4918                      .dwattr $C$DW$T$48, DW_AT_decl_file("C:\TI\C2000Ware_MotorControl_SDK_5_04_00_00\c2000ware\driverlib\
    4919                      .dwattr $C$DW$T$48, DW_AT_decl_line(0x1a9)
    4920                      .dwattr $C$DW$T$48, DW_AT_decl_column(0x01)
TMS320C2000 Assembler PC v22.6.2 Thu Jan 22 11:16:45 2026

Copyright (c) 1996-2018 Texas Instruments Incorporated
fcl_tformat_f2837x_config.asm                                        PAGE   94

    4921                      .dwendtag $C$DW$T$48
    4922              
    4923                      .dwendtag $C$DW$TU$48
    4924              
    4925              
    4926              $C$DW$TU$49     .dwtag  DW_TAG_type_unit
    4927                      .dwmtype  $C$DW$T$49
    4928              $C$DW$T$49      .dwtag  DW_TAG_typedef
    4929                      .dwattr $C$DW$T$49, DW_AT_name("XBAR_CLBMuxConfig")
    4930                      .dwattr $C$DW$T$49, DW_AT_type(*$C$DW$T$48)
    4931                      .dwattr $C$DW$T$49, DW_AT_decl_file("C:\TI\C2000Ware_MotorControl_SDK_5_04_00_00\c2000ware\driverlib\
    4932                      .dwattr $C$DW$T$49, DW_AT_decl_line(0x201)
    4933                      .dwattr $C$DW$T$49, DW_AT_decl_column(0x03)
    4934              
    4935                      .dwendtag $C$DW$TU$49
    4936              
    4937              
    4938              $C$DW$TU$50     .dwtag  DW_TAG_type_unit
    4939                      .dwmtype  $C$DW$T$50
    4940              
    4941              $C$DW$T$50      .dwtag  DW_TAG_enumeration_type
    4942                      .dwattr $C$DW$T$50, DW_AT_byte_size(0x01)
    4943              $C$DW$530       .dwtag  DW_TAG_enumerator
    4944                      .dwattr $C$DW$530, DW_AT_name("GPIO_DIR_MODE_IN")
    4945                      .dwattr $C$DW$530, DW_AT_const_value(0x00)
    4946                      .dwattr $C$DW$530, DW_AT_decl_file("C:/TI/C2000Ware_MotorControl_SDK_5_04_00_00/c2000ware/driverlib/f
    4947                      .dwattr $C$DW$530, DW_AT_decl_line(0x7e)
    4948                      .dwattr $C$DW$530, DW_AT_decl_column(0x05)
    4949              
    4950              $C$DW$531       .dwtag  DW_TAG_enumerator
    4951                      .dwattr $C$DW$531, DW_AT_name("GPIO_DIR_MODE_OUT")
    4952                      .dwattr $C$DW$531, DW_AT_const_value(0x01)
    4953                      .dwattr $C$DW$531, DW_AT_decl_file("C:/TI/C2000Ware_MotorControl_SDK_5_04_00_00/c2000ware/driverlib/f
    4954                      .dwattr $C$DW$531, DW_AT_decl_line(0x7f)
    4955                      .dwattr $C$DW$531, DW_AT_decl_column(0x05)
    4956              
    4957                      .dwattr $C$DW$T$50, DW_AT_decl_file("C:/TI/C2000Ware_MotorControl_SDK_5_04_00_00/c2000ware/driverlib/
    4958                      .dwattr $C$DW$T$50, DW_AT_decl_line(0x7d)
    4959                      .dwattr $C$DW$T$50, DW_AT_decl_column(0x01)
    4960                      .dwendtag $C$DW$T$50
    4961              
    4962                      .dwendtag $C$DW$TU$50
    4963              
    4964              
    4965              $C$DW$TU$51     .dwtag  DW_TAG_type_unit
    4966                      .dwmtype  $C$DW$T$51
    4967              $C$DW$T$51      .dwtag  DW_TAG_typedef
    4968                      .dwattr $C$DW$T$51, DW_AT_name("GPIO_Direction")
    4969                      .dwattr $C$DW$T$51, DW_AT_type(*$C$DW$T$50)
    4970                      .dwattr $C$DW$T$51, DW_AT_decl_file("C:/TI/C2000Ware_MotorControl_SDK_5_04_00_00/c2000ware/driverlib/
    4971                      .dwattr $C$DW$T$51, DW_AT_decl_line(0x80)
    4972                      .dwattr $C$DW$T$51, DW_AT_decl_column(0x03)
    4973              
    4974                      .dwendtag $C$DW$TU$51
    4975              
TMS320C2000 Assembler PC v22.6.2 Thu Jan 22 11:16:45 2026

Copyright (c) 1996-2018 Texas Instruments Incorporated
fcl_tformat_f2837x_config.asm                                        PAGE   95

    4976              
    4977              $C$DW$TU$52     .dwtag  DW_TAG_type_unit
    4978                      .dwmtype  $C$DW$T$52
    4979              
    4980              $C$DW$T$52      .dwtag  DW_TAG_enumeration_type
    4981                      .dwattr $C$DW$T$52, DW_AT_byte_size(0x01)
    4982              $C$DW$532       .dwtag  DW_TAG_enumerator
    4983                      .dwattr $C$DW$532, DW_AT_name("GPIO_QUAL_SYNC")
    4984                      .dwattr $C$DW$532, DW_AT_const_value(0x00)
    4985                      .dwattr $C$DW$532, DW_AT_decl_file("C:/TI/C2000Ware_MotorControl_SDK_5_04_00_00/c2000ware/driverlib/f
    4986                      .dwattr $C$DW$532, DW_AT_decl_line(0x97)
    4987                      .dwattr $C$DW$532, DW_AT_decl_column(0x05)
    4988              
    4989              $C$DW$533       .dwtag  DW_TAG_enumerator
    4990                      .dwattr $C$DW$533, DW_AT_name("GPIO_QUAL_3SAMPLE")
    4991                      .dwattr $C$DW$533, DW_AT_const_value(0x01)
    4992                      .dwattr $C$DW$533, DW_AT_decl_file("C:/TI/C2000Ware_MotorControl_SDK_5_04_00_00/c2000ware/driverlib/f
    4993                      .dwattr $C$DW$533, DW_AT_decl_line(0x98)
    4994                      .dwattr $C$DW$533, DW_AT_decl_column(0x05)
    4995              
    4996              $C$DW$534       .dwtag  DW_TAG_enumerator
    4997                      .dwattr $C$DW$534, DW_AT_name("GPIO_QUAL_6SAMPLE")
    4998                      .dwattr $C$DW$534, DW_AT_const_value(0x02)
    4999                      .dwattr $C$DW$534, DW_AT_decl_file("C:/TI/C2000Ware_MotorControl_SDK_5_04_00_00/c2000ware/driverlib/f
    5000                      .dwattr $C$DW$534, DW_AT_decl_line(0x99)
    5001                      .dwattr $C$DW$534, DW_AT_decl_column(0x05)
    5002              
    5003              $C$DW$535       .dwtag  DW_TAG_enumerator
    5004                      .dwattr $C$DW$535, DW_AT_name("GPIO_QUAL_ASYNC")
    5005                      .dwattr $C$DW$535, DW_AT_const_value(0x03)
    5006                      .dwattr $C$DW$535, DW_AT_decl_file("C:/TI/C2000Ware_MotorControl_SDK_5_04_00_00/c2000ware/driverlib/f
    5007                      .dwattr $C$DW$535, DW_AT_decl_line(0x9a)
    5008                      .dwattr $C$DW$535, DW_AT_decl_column(0x05)
    5009              
    5010                      .dwattr $C$DW$T$52, DW_AT_decl_file("C:/TI/C2000Ware_MotorControl_SDK_5_04_00_00/c2000ware/driverlib/
    5011                      .dwattr $C$DW$T$52, DW_AT_decl_line(0x96)
    5012                      .dwattr $C$DW$T$52, DW_AT_decl_column(0x01)
    5013                      .dwendtag $C$DW$T$52
    5014              
    5015                      .dwendtag $C$DW$TU$52
    5016              
    5017              
    5018              $C$DW$TU$53     .dwtag  DW_TAG_type_unit
    5019                      .dwmtype  $C$DW$T$53
    5020              $C$DW$T$53      .dwtag  DW_TAG_typedef
    5021                      .dwattr $C$DW$T$53, DW_AT_name("GPIO_QualificationMode")
    5022                      .dwattr $C$DW$T$53, DW_AT_type(*$C$DW$T$52)
    5023                      .dwattr $C$DW$T$53, DW_AT_decl_file("C:/TI/C2000Ware_MotorControl_SDK_5_04_00_00/c2000ware/driverlib/
    5024                      .dwattr $C$DW$T$53, DW_AT_decl_line(0x9b)
    5025                      .dwattr $C$DW$T$53, DW_AT_decl_column(0x03)
    5026              
    5027                      .dwendtag $C$DW$TU$53
    5028              
    5029              
    5030              $C$DW$TU$54     .dwtag  DW_TAG_type_unit
TMS320C2000 Assembler PC v22.6.2 Thu Jan 22 11:16:45 2026

Copyright (c) 1996-2018 Texas Instruments Incorporated
fcl_tformat_f2837x_config.asm                                        PAGE   96

    5031                      .dwmtype  $C$DW$T$54
    5032              
    5033              $C$DW$T$54      .dwtag  DW_TAG_enumeration_type
    5034                      .dwattr $C$DW$T$54, DW_AT_byte_size(0x01)
    5035              $C$DW$536       .dwtag  DW_TAG_enumerator
    5036                      .dwattr $C$DW$536, DW_AT_name("GPIO_CORE_CPU1")
    5037                      .dwattr $C$DW$536, DW_AT_const_value(0x00)
    5038                      .dwattr $C$DW$536, DW_AT_decl_file("C:/TI/C2000Ware_MotorControl_SDK_5_04_00_00/c2000ware/driverlib/f
    5039                      .dwattr $C$DW$536, DW_AT_decl_line(0xb0)
    5040                      .dwattr $C$DW$536, DW_AT_decl_column(0x05)
    5041              
    5042              $C$DW$537       .dwtag  DW_TAG_enumerator
    5043                      .dwattr $C$DW$537, DW_AT_name("GPIO_CORE_CPU1_CLA1")
    5044                      .dwattr $C$DW$537, DW_AT_const_value(0x01)
    5045                      .dwattr $C$DW$537, DW_AT_decl_file("C:/TI/C2000Ware_MotorControl_SDK_5_04_00_00/c2000ware/driverlib/f
    5046                      .dwattr $C$DW$537, DW_AT_decl_line(0xb1)
    5047                      .dwattr $C$DW$537, DW_AT_decl_column(0x05)
    5048              
    5049              $C$DW$538       .dwtag  DW_TAG_enumerator
    5050                      .dwattr $C$DW$538, DW_AT_name("GPIO_CORE_CPU2")
    5051                      .dwattr $C$DW$538, DW_AT_const_value(0x02)
    5052                      .dwattr $C$DW$538, DW_AT_decl_file("C:/TI/C2000Ware_MotorControl_SDK_5_04_00_00/c2000ware/driverlib/f
    5053                      .dwattr $C$DW$538, DW_AT_decl_line(0xb2)
    5054                      .dwattr $C$DW$538, DW_AT_decl_column(0x05)
    5055              
    5056              $C$DW$539       .dwtag  DW_TAG_enumerator
    5057                      .dwattr $C$DW$539, DW_AT_name("GPIO_CORE_CPU2_CLA1")
    5058                      .dwattr $C$DW$539, DW_AT_const_value(0x03)
    5059                      .dwattr $C$DW$539, DW_AT_decl_file("C:/TI/C2000Ware_MotorControl_SDK_5_04_00_00/c2000ware/driverlib/f
    5060                      .dwattr $C$DW$539, DW_AT_decl_line(0xb3)
    5061                      .dwattr $C$DW$539, DW_AT_decl_column(0x05)
    5062              
    5063                      .dwattr $C$DW$T$54, DW_AT_decl_file("C:/TI/C2000Ware_MotorControl_SDK_5_04_00_00/c2000ware/driverlib/
    5064                      .dwattr $C$DW$T$54, DW_AT_decl_line(0xaf)
    5065                      .dwattr $C$DW$T$54, DW_AT_decl_column(0x01)
    5066                      .dwendtag $C$DW$T$54
    5067              
    5068                      .dwendtag $C$DW$TU$54
    5069              
    5070              
    5071              $C$DW$TU$55     .dwtag  DW_TAG_type_unit
    5072                      .dwmtype  $C$DW$T$55
    5073              $C$DW$T$55      .dwtag  DW_TAG_typedef
    5074                      .dwattr $C$DW$T$55, DW_AT_name("GPIO_CoreSelect")
    5075                      .dwattr $C$DW$T$55, DW_AT_type(*$C$DW$T$54)
    5076                      .dwattr $C$DW$T$55, DW_AT_decl_file("C:/TI/C2000Ware_MotorControl_SDK_5_04_00_00/c2000ware/driverlib/
    5077                      .dwattr $C$DW$T$55, DW_AT_decl_line(0xb4)
    5078                      .dwattr $C$DW$T$55, DW_AT_decl_column(0x03)
    5079              
    5080                      .dwendtag $C$DW$TU$55
    5081              
    5082              
    5083              $C$DW$TU$23     .dwtag  DW_TAG_type_unit
    5084                      .dwmtype  $C$DW$T$23
    5085              
TMS320C2000 Assembler PC v22.6.2 Thu Jan 22 11:16:45 2026

Copyright (c) 1996-2018 Texas Instruments Incorporated
fcl_tformat_f2837x_config.asm                                        PAGE   97

    5086              $C$DW$T$23      .dwtag  DW_TAG_structure_type
    5087                      .dwattr $C$DW$T$23, DW_AT_name("PM_tformat_DataStruct")
    5088                      .dwattr $C$DW$T$23, DW_AT_byte_size(0x11)
    5089              $C$DW$540       .dwtag  DW_TAG_member
    5090                      .dwattr $C$DW$540, DW_AT_type(*$C$DW$T$20)
    5091                      .dwattr $C$DW$540, DW_AT_name("controlField")
    5092                      .dwattr $C$DW$540, DW_AT_accessibility(DW_ACCESS_public)
    5093                      .dwattr $C$DW$540, DW_AT_decl_file("C:/TI/C2000Ware_MotorControl_SDK_5_04_00_00/libraries/position_se
    5094                      .dwattr $C$DW$540, DW_AT_decl_line(0x22c)
    5095                      .dwattr $C$DW$540, DW_AT_decl_column(0x0f)
    5096              
    5097              $C$DW$541       .dwtag  DW_TAG_member
    5098                      .dwattr $C$DW$541, DW_AT_type(*$C$DW$T$20)
    5099                      .dwattr $C$DW$541, DW_AT_name("statusField")
    5100                      .dwattr $C$DW$541, DW_AT_data_member_location[DW_OP_plus_uconst 0x1]
    5101                      .dwattr $C$DW$541, DW_AT_accessibility(DW_ACCESS_public)
    5102                      .dwattr $C$DW$541, DW_AT_decl_file("C:/TI/C2000Ware_MotorControl_SDK_5_04_00_00/libraries/position_se
    5103                      .dwattr $C$DW$541, DW_AT_decl_line(0x22d)
    5104                      .dwattr $C$DW$541, DW_AT_decl_column(0x0f)
    5105              
    5106              $C$DW$542       .dwtag  DW_TAG_member
    5107                      .dwattr $C$DW$542, DW_AT_type(*$C$DW$T$20)
    5108                      .dwattr $C$DW$542, DW_AT_name("dataField0")
    5109                      .dwattr $C$DW$542, DW_AT_data_member_location[DW_OP_plus_uconst 0x2]
    5110                      .dwattr $C$DW$542, DW_AT_accessibility(DW_ACCESS_public)
    5111                      .dwattr $C$DW$542, DW_AT_decl_file("C:/TI/C2000Ware_MotorControl_SDK_5_04_00_00/libraries/position_se
    5112                      .dwattr $C$DW$542, DW_AT_decl_line(0x22e)
    5113                      .dwattr $C$DW$542, DW_AT_decl_column(0x0f)
    5114              
    5115              $C$DW$543       .dwtag  DW_TAG_member
    5116                      .dwattr $C$DW$543, DW_AT_type(*$C$DW$T$20)
    5117                      .dwattr $C$DW$543, DW_AT_name("dataField1")
    5118                      .dwattr $C$DW$543, DW_AT_data_member_location[DW_OP_plus_uconst 0x3]
    5119                      .dwattr $C$DW$543, DW_AT_accessibility(DW_ACCESS_public)
    5120                      .dwattr $C$DW$543, DW_AT_decl_file("C:/TI/C2000Ware_MotorControl_SDK_5_04_00_00/libraries/position_se
    5121                      .dwattr $C$DW$543, DW_AT_decl_line(0x22f)
    5122                      .dwattr $C$DW$543, DW_AT_decl_column(0x0f)
    5123              
    5124              $C$DW$544       .dwtag  DW_TAG_member
    5125                      .dwattr $C$DW$544, DW_AT_type(*$C$DW$T$20)
    5126                      .dwattr $C$DW$544, DW_AT_name("dataField2")
    5127                      .dwattr $C$DW$544, DW_AT_data_member_location[DW_OP_plus_uconst 0x4]
    5128                      .dwattr $C$DW$544, DW_AT_accessibility(DW_ACCESS_public)
    5129                      .dwattr $C$DW$544, DW_AT_decl_file("C:/TI/C2000Ware_MotorControl_SDK_5_04_00_00/libraries/position_se
    5130                      .dwattr $C$DW$544, DW_AT_decl_line(0x230)
    5131                      .dwattr $C$DW$544, DW_AT_decl_column(0x0f)
    5132              
    5133              $C$DW$545       .dwtag  DW_TAG_member
    5134                      .dwattr $C$DW$545, DW_AT_type(*$C$DW$T$20)
    5135                      .dwattr $C$DW$545, DW_AT_name("dataField3")
    5136                      .dwattr $C$DW$545, DW_AT_data_member_location[DW_OP_plus_uconst 0x5]
    5137                      .dwattr $C$DW$545, DW_AT_accessibility(DW_ACCESS_public)
    5138                      .dwattr $C$DW$545, DW_AT_decl_file("C:/TI/C2000Ware_MotorControl_SDK_5_04_00_00/libraries/position_se
    5139                      .dwattr $C$DW$545, DW_AT_decl_line(0x231)
    5140                      .dwattr $C$DW$545, DW_AT_decl_column(0x0f)
TMS320C2000 Assembler PC v22.6.2 Thu Jan 22 11:16:45 2026

Copyright (c) 1996-2018 Texas Instruments Incorporated
fcl_tformat_f2837x_config.asm                                        PAGE   98

    5141              
    5142              $C$DW$546       .dwtag  DW_TAG_member
    5143                      .dwattr $C$DW$546, DW_AT_type(*$C$DW$T$20)
    5144                      .dwattr $C$DW$546, DW_AT_name("dataField4")
    5145                      .dwattr $C$DW$546, DW_AT_data_member_location[DW_OP_plus_uconst 0x6]
    5146                      .dwattr $C$DW$546, DW_AT_accessibility(DW_ACCESS_public)
    5147                      .dwattr $C$DW$546, DW_AT_decl_file("C:/TI/C2000Ware_MotorControl_SDK_5_04_00_00/libraries/position_se
    5148                      .dwattr $C$DW$546, DW_AT_decl_line(0x232)
    5149                      .dwattr $C$DW$546, DW_AT_decl_column(0x0f)
    5150              
    5151              $C$DW$547       .dwtag  DW_TAG_member
    5152                      .dwattr $C$DW$547, DW_AT_type(*$C$DW$T$20)
    5153                      .dwattr $C$DW$547, DW_AT_name("dataField5")
    5154                      .dwattr $C$DW$547, DW_AT_data_member_location[DW_OP_plus_uconst 0x7]
    5155                      .dwattr $C$DW$547, DW_AT_accessibility(DW_ACCESS_public)
    5156                      .dwattr $C$DW$547, DW_AT_decl_file("C:/TI/C2000Ware_MotorControl_SDK_5_04_00_00/libraries/position_se
    5157                      .dwattr $C$DW$547, DW_AT_decl_line(0x233)
    5158                      .dwattr $C$DW$547, DW_AT_decl_column(0x0f)
    5159              
    5160              $C$DW$548       .dwtag  DW_TAG_member
    5161                      .dwattr $C$DW$548, DW_AT_type(*$C$DW$T$20)
    5162                      .dwattr $C$DW$548, DW_AT_name("dataField6")
    5163                      .dwattr $C$DW$548, DW_AT_data_member_location[DW_OP_plus_uconst 0x8]
    5164                      .dwattr $C$DW$548, DW_AT_accessibility(DW_ACCESS_public)
    5165                      .dwattr $C$DW$548, DW_AT_decl_file("C:/TI/C2000Ware_MotorControl_SDK_5_04_00_00/libraries/position_se
    5166                      .dwattr $C$DW$548, DW_AT_decl_line(0x234)
    5167                      .dwattr $C$DW$548, DW_AT_decl_column(0x0f)
    5168              
    5169              $C$DW$549       .dwtag  DW_TAG_member
    5170                      .dwattr $C$DW$549, DW_AT_type(*$C$DW$T$20)
    5171                      .dwattr $C$DW$549, DW_AT_name("dataField7")
    5172                      .dwattr $C$DW$549, DW_AT_data_member_location[DW_OP_plus_uconst 0x9]
    5173                      .dwattr $C$DW$549, DW_AT_accessibility(DW_ACCESS_public)
    5174                      .dwattr $C$DW$549, DW_AT_decl_file("C:/TI/C2000Ware_MotorControl_SDK_5_04_00_00/libraries/position_se
    5175                      .dwattr $C$DW$549, DW_AT_decl_line(0x235)
    5176                      .dwattr $C$DW$549, DW_AT_decl_column(0x0f)
    5177              
    5178              $C$DW$550       .dwtag  DW_TAG_member
    5179                      .dwattr $C$DW$550, DW_AT_type(*$C$DW$T$20)
    5180                      .dwattr $C$DW$550, DW_AT_name("crcField")
    5181                      .dwattr $C$DW$550, DW_AT_data_member_location[DW_OP_plus_uconst 0xa]
    5182                      .dwattr $C$DW$550, DW_AT_accessibility(DW_ACCESS_public)
    5183                      .dwattr $C$DW$550, DW_AT_decl_file("C:/TI/C2000Ware_MotorControl_SDK_5_04_00_00/libraries/position_se
    5184                      .dwattr $C$DW$550, DW_AT_decl_line(0x236)
    5185                      .dwattr $C$DW$550, DW_AT_decl_column(0x0f)
    5186              
    5187              $C$DW$551       .dwtag  DW_TAG_member
    5188                      .dwattr $C$DW$551, DW_AT_type(*$C$DW$T$20)
    5189                      .dwattr $C$DW$551, DW_AT_name("crcCheck")
    5190                      .dwattr $C$DW$551, DW_AT_data_member_location[DW_OP_plus_uconst 0xb]
    5191                      .dwattr $C$DW$551, DW_AT_accessibility(DW_ACCESS_public)
    5192                      .dwattr $C$DW$551, DW_AT_decl_file("C:/TI/C2000Ware_MotorControl_SDK_5_04_00_00/libraries/position_se
    5193                      .dwattr $C$DW$551, DW_AT_decl_line(0x237)
    5194                      .dwattr $C$DW$551, DW_AT_decl_column(0x0f)
    5195              
TMS320C2000 Assembler PC v22.6.2 Thu Jan 22 11:16:45 2026

Copyright (c) 1996-2018 Texas Instruments Incorporated
fcl_tformat_f2837x_config.asm                                        PAGE   99

    5196              $C$DW$552       .dwtag  DW_TAG_member
    5197                      .dwattr $C$DW$552, DW_AT_type(*$C$DW$T$20)
    5198                      .dwattr $C$DW$552, DW_AT_name("eepromAddressField")
    5199                      .dwattr $C$DW$552, DW_AT_data_member_location[DW_OP_plus_uconst 0xc]
    5200                      .dwattr $C$DW$552, DW_AT_accessibility(DW_ACCESS_public)
    5201                      .dwattr $C$DW$552, DW_AT_decl_file("C:/TI/C2000Ware_MotorControl_SDK_5_04_00_00/libraries/position_se
    5202                      .dwattr $C$DW$552, DW_AT_decl_line(0x238)
    5203                      .dwattr $C$DW$552, DW_AT_decl_column(0x0f)
    5204              
    5205              $C$DW$553       .dwtag  DW_TAG_member
    5206                      .dwattr $C$DW$553, DW_AT_type(*$C$DW$T$20)
    5207                      .dwattr $C$DW$553, DW_AT_name("eepromWrDataField")
    5208                      .dwattr $C$DW$553, DW_AT_data_member_location[DW_OP_plus_uconst 0xd]
    5209                      .dwattr $C$DW$553, DW_AT_accessibility(DW_ACCESS_public)
    5210                      .dwattr $C$DW$553, DW_AT_decl_file("C:/TI/C2000Ware_MotorControl_SDK_5_04_00_00/libraries/position_se
    5211                      .dwattr $C$DW$553, DW_AT_decl_line(0x239)
    5212                      .dwattr $C$DW$553, DW_AT_decl_column(0x0f)
    5213              
    5214              $C$DW$554       .dwtag  DW_TAG_member
    5215                      .dwattr $C$DW$554, DW_AT_type(*$C$DW$T$20)
    5216                      .dwattr $C$DW$554, DW_AT_name("eepromRdDataField")
    5217                      .dwattr $C$DW$554, DW_AT_data_member_location[DW_OP_plus_uconst 0xe]
    5218                      .dwattr $C$DW$554, DW_AT_accessibility(DW_ACCESS_public)
    5219                      .dwattr $C$DW$554, DW_AT_decl_file("C:/TI/C2000Ware_MotorControl_SDK_5_04_00_00/libraries/position_se
    5220                      .dwattr $C$DW$554, DW_AT_decl_line(0x23a)
    5221                      .dwattr $C$DW$554, DW_AT_decl_column(0x0f)
    5222              
    5223              $C$DW$555       .dwtag  DW_TAG_member
    5224                      .dwattr $C$DW$555, DW_AT_type(*$C$DW$T$22)
    5225                      .dwattr $C$DW$555, DW_AT_name("dataReady")
    5226                      .dwattr $C$DW$555, DW_AT_data_member_location[DW_OP_plus_uconst 0xf]
    5227                      .dwattr $C$DW$555, DW_AT_accessibility(DW_ACCESS_public)
    5228                      .dwattr $C$DW$555, DW_AT_decl_file("C:/TI/C2000Ware_MotorControl_SDK_5_04_00_00/libraries/position_se
    5229                      .dwattr $C$DW$555, DW_AT_decl_line(0x23b)
    5230                      .dwattr $C$DW$555, DW_AT_decl_column(0x14)
    5231              
    5232              $C$DW$556       .dwtag  DW_TAG_member
    5233                      .dwattr $C$DW$556, DW_AT_type(*$C$DW$T$20)
    5234                      .dwattr $C$DW$556, DW_AT_name("fifoLevel")
    5235                      .dwattr $C$DW$556, DW_AT_data_member_location[DW_OP_plus_uconst 0x10]
    5236                      .dwattr $C$DW$556, DW_AT_accessibility(DW_ACCESS_public)
    5237                      .dwattr $C$DW$556, DW_AT_decl_file("C:/TI/C2000Ware_MotorControl_SDK_5_04_00_00/libraries/position_se
    5238                      .dwattr $C$DW$556, DW_AT_decl_line(0x23c)
    5239                      .dwattr $C$DW$556, DW_AT_decl_column(0x0f)
    5240              
    5241                      .dwattr $C$DW$T$23, DW_AT_decl_file("C:/TI/C2000Ware_MotorControl_SDK_5_04_00_00/libraries/position_s
    5242                      .dwattr $C$DW$T$23, DW_AT_decl_line(0x22b)
    5243                      .dwattr $C$DW$T$23, DW_AT_decl_column(0x10)
    5244                      .dwendtag $C$DW$T$23
    5245              
    5246                      .dwendtag $C$DW$TU$23
    5247              
    5248              
    5249              $C$DW$TU$56     .dwtag  DW_TAG_type_unit
    5250                      .dwmtype  $C$DW$T$56
TMS320C2000 Assembler PC v22.6.2 Thu Jan 22 11:16:45 2026

Copyright (c) 1996-2018 Texas Instruments Incorporated
fcl_tformat_f2837x_config.asm                                        PAGE  100

    5251              $C$DW$T$56      .dwtag  DW_TAG_typedef
    5252                      .dwattr $C$DW$T$56, DW_AT_name("PM_tformat_DataStruct")
    5253                      .dwattr $C$DW$T$56, DW_AT_type(*$C$DW$T$23)
    5254                      .dwattr $C$DW$T$56, DW_AT_decl_file("C:/TI/C2000Ware_MotorControl_SDK_5_04_00_00/libraries/position_s
    5255                      .dwattr $C$DW$T$56, DW_AT_decl_line(0x23d)
    5256                      .dwattr $C$DW$T$56, DW_AT_decl_column(0x03)
    5257              
    5258                      .dwendtag $C$DW$TU$56
    5259              
    5260              
    5261              $C$DW$TU$2      .dwtag  DW_TAG_type_unit
    5262                      .dwmtype  $C$DW$T$2
    5263              $C$DW$T$2       .dwtag  DW_TAG_unspecified_type
    5264                      .dwattr $C$DW$T$2, DW_AT_name("void")
    5265              
    5266                      .dwendtag $C$DW$TU$2
    5267              
    5268              
    5269              $C$DW$TU$4      .dwtag  DW_TAG_type_unit
    5270                      .dwmtype  $C$DW$T$4
    5271              $C$DW$T$4       .dwtag  DW_TAG_base_type
    5272                      .dwattr $C$DW$T$4, DW_AT_encoding(DW_ATE_boolean)
    5273                      .dwattr $C$DW$T$4, DW_AT_name("bool")
    5274                      .dwattr $C$DW$T$4, DW_AT_byte_size(0x01)
    5275              
    5276                      .dwendtag $C$DW$TU$4
    5277              
    5278              
    5279              $C$DW$TU$5      .dwtag  DW_TAG_type_unit
    5280                      .dwmtype  $C$DW$T$5
    5281              $C$DW$T$5       .dwtag  DW_TAG_base_type
    5282                      .dwattr $C$DW$T$5, DW_AT_encoding(DW_ATE_signed_char)
    5283                      .dwattr $C$DW$T$5, DW_AT_name("signed char")
    5284                      .dwattr $C$DW$T$5, DW_AT_byte_size(0x01)
    5285              
    5286                      .dwendtag $C$DW$TU$5
    5287              
    5288              
    5289              $C$DW$TU$6      .dwtag  DW_TAG_type_unit
    5290                      .dwmtype  $C$DW$T$6
    5291              $C$DW$T$6       .dwtag  DW_TAG_base_type
    5292                      .dwattr $C$DW$T$6, DW_AT_encoding(DW_ATE_unsigned_char)
    5293                      .dwattr $C$DW$T$6, DW_AT_name("unsigned char")
    5294                      .dwattr $C$DW$T$6, DW_AT_byte_size(0x01)
    5295              
    5296                      .dwendtag $C$DW$TU$6
    5297              
    5298              
    5299              $C$DW$TU$7      .dwtag  DW_TAG_type_unit
    5300                      .dwmtype  $C$DW$T$7
    5301              $C$DW$T$7       .dwtag  DW_TAG_base_type
    5302                      .dwattr $C$DW$T$7, DW_AT_encoding(DW_ATE_signed_char)
    5303                      .dwattr $C$DW$T$7, DW_AT_name("wchar_t")
    5304                      .dwattr $C$DW$T$7, DW_AT_byte_size(0x02)
    5305              
TMS320C2000 Assembler PC v22.6.2 Thu Jan 22 11:16:45 2026

Copyright (c) 1996-2018 Texas Instruments Incorporated
fcl_tformat_f2837x_config.asm                                        PAGE  101

    5306                      .dwendtag $C$DW$TU$7
    5307              
    5308              
    5309              $C$DW$TU$8      .dwtag  DW_TAG_type_unit
    5310                      .dwmtype  $C$DW$T$8
    5311              $C$DW$T$8       .dwtag  DW_TAG_base_type
    5312                      .dwattr $C$DW$T$8, DW_AT_encoding(DW_ATE_signed)
    5313                      .dwattr $C$DW$T$8, DW_AT_name("short")
    5314                      .dwattr $C$DW$T$8, DW_AT_byte_size(0x01)
    5315              
    5316                      .dwendtag $C$DW$TU$8
    5317              
    5318              
    5319              $C$DW$TU$9      .dwtag  DW_TAG_type_unit
    5320                      .dwmtype  $C$DW$T$9
    5321              $C$DW$T$9       .dwtag  DW_TAG_base_type
    5322                      .dwattr $C$DW$T$9, DW_AT_encoding(DW_ATE_unsigned)
    5323                      .dwattr $C$DW$T$9, DW_AT_name("unsigned short")
    5324                      .dwattr $C$DW$T$9, DW_AT_byte_size(0x01)
    5325              
    5326                      .dwendtag $C$DW$TU$9
    5327              
    5328              
    5329              $C$DW$TU$10     .dwtag  DW_TAG_type_unit
    5330                      .dwmtype  $C$DW$T$10
    5331              $C$DW$T$10      .dwtag  DW_TAG_base_type
    5332                      .dwattr $C$DW$T$10, DW_AT_encoding(DW_ATE_signed)
    5333                      .dwattr $C$DW$T$10, DW_AT_name("int")
    5334                      .dwattr $C$DW$T$10, DW_AT_byte_size(0x01)
    5335              
    5336                      .dwendtag $C$DW$TU$10
    5337              
    5338              
    5339              $C$DW$TU$11     .dwtag  DW_TAG_type_unit
    5340                      .dwmtype  $C$DW$T$11
    5341              $C$DW$T$11      .dwtag  DW_TAG_base_type
    5342                      .dwattr $C$DW$T$11, DW_AT_encoding(DW_ATE_unsigned)
    5343                      .dwattr $C$DW$T$11, DW_AT_name("unsigned int")
    5344                      .dwattr $C$DW$T$11, DW_AT_byte_size(0x01)
    5345              
    5346                      .dwendtag $C$DW$TU$11
    5347              
    5348              
    5349              $C$DW$TU$19     .dwtag  DW_TAG_type_unit
    5350                      .dwmtype  $C$DW$T$19
    5351              $C$DW$T$19      .dwtag  DW_TAG_typedef
    5352                      .dwattr $C$DW$T$19, DW_AT_name("__uint16_t")
    5353                      .dwattr $C$DW$T$19, DW_AT_type(*$C$DW$T$11)
    5354                      .dwattr $C$DW$T$19, DW_AT_decl_file("D:/TI/ccs/ccs/tools/compiler/ti-cgt-c2000_22.6.2.LTS/include/mac
    5355                      .dwattr $C$DW$T$19, DW_AT_decl_line(0x41)
    5356                      .dwattr $C$DW$T$19, DW_AT_decl_column(0x1c)
    5357              
    5358                      .dwendtag $C$DW$TU$19
    5359              
    5360              
TMS320C2000 Assembler PC v22.6.2 Thu Jan 22 11:16:45 2026

Copyright (c) 1996-2018 Texas Instruments Incorporated
fcl_tformat_f2837x_config.asm                                        PAGE  102

    5361              $C$DW$TU$20     .dwtag  DW_TAG_type_unit
    5362                      .dwmtype  $C$DW$T$20
    5363              $C$DW$T$20      .dwtag  DW_TAG_typedef
    5364                      .dwattr $C$DW$T$20, DW_AT_name("uint16_t")
    5365                      .dwattr $C$DW$T$20, DW_AT_type(*$C$DW$T$19)
    5366                      .dwattr $C$DW$T$20, DW_AT_decl_file("D:/TI/ccs/ccs/tools/compiler/ti-cgt-c2000_22.6.2.LTS/include/sys
    5367                      .dwattr $C$DW$T$20, DW_AT_decl_line(0x41)
    5368                      .dwattr $C$DW$T$20, DW_AT_decl_column(0x15)
    5369              
    5370                      .dwendtag $C$DW$TU$20
    5371              
    5372              
    5373              $C$DW$TU$89     .dwtag  DW_TAG_type_unit
    5374                      .dwmtype  $C$DW$T$89
    5375              $C$DW$T$89      .dwtag  DW_TAG_pointer_type
    5376                      .dwattr $C$DW$T$89, DW_AT_type(*$C$DW$T$20)
    5377                      .dwattr $C$DW$T$89, DW_AT_address_class(0x20)
    5378              
    5379                      .dwendtag $C$DW$TU$89
    5380              
    5381              
    5382              $C$DW$TU$111    .dwtag  DW_TAG_type_unit
    5383                      .dwmtype  $C$DW$T$111
    5384              
    5385              $C$DW$T$111     .dwtag  DW_TAG_array_type
    5386                      .dwattr $C$DW$T$111, DW_AT_type(*$C$DW$T$20)
    5387                      .dwattr $C$DW$T$111, DW_AT_byte_size(0x100)
    5388              $C$DW$557       .dwtag  DW_TAG_subrange_type
    5389                      .dwattr $C$DW$557, DW_AT_upper_bound(0xff)
    5390              
    5391                      .dwendtag $C$DW$T$111
    5392              
    5393                      .dwendtag $C$DW$TU$111
    5394              
    5395              
    5396              $C$DW$TU$112    .dwtag  DW_TAG_type_unit
    5397                      .dwmtype  $C$DW$T$112
    5398              $C$DW$558       .dwtag  DW_TAG_TI_far_type
    5399                      .dwattr $C$DW$558, DW_AT_type(*$C$DW$T$20)
    5400              
    5401              $C$DW$T$112     .dwtag  DW_TAG_volatile_type
    5402                      .dwattr $C$DW$T$112, DW_AT_type(*$C$DW$558)
    5403              
    5404                      .dwendtag $C$DW$TU$112
    5405              
    5406              
    5407              $C$DW$TU$113    .dwtag  DW_TAG_type_unit
    5408                      .dwmtype  $C$DW$T$113
    5409              
    5410              $C$DW$T$113     .dwtag  DW_TAG_array_type
    5411                      .dwattr $C$DW$T$113, DW_AT_type(*$C$DW$T$112)
    5412                      .dwattr $C$DW$T$113, DW_AT_byte_size(0x0c)
    5413              $C$DW$559       .dwtag  DW_TAG_subrange_type
    5414                      .dwattr $C$DW$559, DW_AT_upper_bound(0x0b)
    5415              
TMS320C2000 Assembler PC v22.6.2 Thu Jan 22 11:16:45 2026

Copyright (c) 1996-2018 Texas Instruments Incorporated
fcl_tformat_f2837x_config.asm                                        PAGE  103

    5416                      .dwendtag $C$DW$T$113
    5417              
    5418                      .dwendtag $C$DW$TU$113
    5419              
    5420              
    5421              $C$DW$TU$114    .dwtag  DW_TAG_type_unit
    5422                      .dwmtype  $C$DW$T$114
    5423              $C$DW$560       .dwtag  DW_TAG_TI_far_type
    5424                      .dwattr $C$DW$560, DW_AT_type(*$C$DW$T$20)
    5425              
    5426              $C$DW$T$114     .dwtag  DW_TAG_const_type
    5427                      .dwattr $C$DW$T$114, DW_AT_type(*$C$DW$560)
    5428              
    5429                      .dwendtag $C$DW$TU$114
    5430              
    5431              
    5432              $C$DW$TU$12     .dwtag  DW_TAG_type_unit
    5433                      .dwmtype  $C$DW$T$12
    5434              $C$DW$T$12      .dwtag  DW_TAG_base_type
    5435                      .dwattr $C$DW$T$12, DW_AT_encoding(DW_ATE_signed)
    5436                      .dwattr $C$DW$T$12, DW_AT_name("long")
    5437                      .dwattr $C$DW$T$12, DW_AT_byte_size(0x02)
    5438              
    5439                      .dwendtag $C$DW$TU$12
    5440              
    5441              
    5442              $C$DW$TU$13     .dwtag  DW_TAG_type_unit
    5443                      .dwmtype  $C$DW$T$13
    5444              $C$DW$T$13      .dwtag  DW_TAG_base_type
    5445                      .dwattr $C$DW$T$13, DW_AT_encoding(DW_ATE_unsigned)
    5446                      .dwattr $C$DW$T$13, DW_AT_name("unsigned long")
    5447                      .dwattr $C$DW$T$13, DW_AT_byte_size(0x02)
    5448              
    5449                      .dwendtag $C$DW$TU$13
    5450              
    5451              
    5452              $C$DW$TU$62     .dwtag  DW_TAG_type_unit
    5453                      .dwmtype  $C$DW$T$62
    5454              $C$DW$T$62      .dwtag  DW_TAG_typedef
    5455                      .dwattr $C$DW$T$62, DW_AT_name("__uint32_t")
    5456                      .dwattr $C$DW$T$62, DW_AT_type(*$C$DW$T$13)
    5457                      .dwattr $C$DW$T$62, DW_AT_decl_file("D:/TI/ccs/ccs/tools/compiler/ti-cgt-c2000_22.6.2.LTS/include/mac
    5458                      .dwattr $C$DW$T$62, DW_AT_decl_line(0x43)
    5459                      .dwattr $C$DW$T$62, DW_AT_decl_column(0x1c)
    5460              
    5461                      .dwendtag $C$DW$TU$62
    5462              
    5463              
    5464              $C$DW$TU$63     .dwtag  DW_TAG_type_unit
    5465                      .dwmtype  $C$DW$T$63
    5466              $C$DW$T$63      .dwtag  DW_TAG_typedef
    5467                      .dwattr $C$DW$T$63, DW_AT_name("uint32_t")
    5468                      .dwattr $C$DW$T$63, DW_AT_type(*$C$DW$T$62)
    5469                      .dwattr $C$DW$T$63, DW_AT_decl_file("D:/TI/ccs/ccs/tools/compiler/ti-cgt-c2000_22.6.2.LTS/include/sys
    5470                      .dwattr $C$DW$T$63, DW_AT_decl_line(0x46)
TMS320C2000 Assembler PC v22.6.2 Thu Jan 22 11:16:45 2026

Copyright (c) 1996-2018 Texas Instruments Incorporated
fcl_tformat_f2837x_config.asm                                        PAGE  104

    5471                      .dwattr $C$DW$T$63, DW_AT_decl_column(0x15)
    5472              
    5473                      .dwendtag $C$DW$TU$63
    5474              
    5475              
    5476              $C$DW$TU$14     .dwtag  DW_TAG_type_unit
    5477                      .dwmtype  $C$DW$T$14
    5478              $C$DW$T$14      .dwtag  DW_TAG_base_type
    5479                      .dwattr $C$DW$T$14, DW_AT_encoding(DW_ATE_signed)
    5480                      .dwattr $C$DW$T$14, DW_AT_name("long long")
    5481                      .dwattr $C$DW$T$14, DW_AT_byte_size(0x04)
    5482              
    5483                      .dwendtag $C$DW$TU$14
    5484              
    5485              
    5486              $C$DW$TU$15     .dwtag  DW_TAG_type_unit
    5487                      .dwmtype  $C$DW$T$15
    5488              $C$DW$T$15      .dwtag  DW_TAG_base_type
    5489                      .dwattr $C$DW$T$15, DW_AT_encoding(DW_ATE_unsigned)
    5490                      .dwattr $C$DW$T$15, DW_AT_name("unsigned long long")
    5491                      .dwattr $C$DW$T$15, DW_AT_byte_size(0x04)
    5492              
    5493                      .dwendtag $C$DW$TU$15
    5494              
    5495              
    5496              $C$DW$TU$16     .dwtag  DW_TAG_type_unit
    5497                      .dwmtype  $C$DW$T$16
    5498              $C$DW$T$16      .dwtag  DW_TAG_base_type
    5499                      .dwattr $C$DW$T$16, DW_AT_encoding(DW_ATE_float)
    5500                      .dwattr $C$DW$T$16, DW_AT_name("float")
    5501                      .dwattr $C$DW$T$16, DW_AT_byte_size(0x02)
    5502              
    5503                      .dwendtag $C$DW$TU$16
    5504              
    5505              
    5506              $C$DW$TU$17     .dwtag  DW_TAG_type_unit
    5507                      .dwmtype  $C$DW$T$17
    5508              $C$DW$T$17      .dwtag  DW_TAG_base_type
    5509                      .dwattr $C$DW$T$17, DW_AT_encoding(DW_ATE_float)
    5510                      .dwattr $C$DW$T$17, DW_AT_name("double")
    5511                      .dwattr $C$DW$T$17, DW_AT_byte_size(0x04)
    5512              
    5513                      .dwendtag $C$DW$TU$17
    5514              
    5515              
    5516              $C$DW$TU$18     .dwtag  DW_TAG_type_unit
    5517                      .dwmtype  $C$DW$T$18
    5518              $C$DW$T$18      .dwtag  DW_TAG_base_type
    5519                      .dwattr $C$DW$T$18, DW_AT_encoding(DW_ATE_float)
    5520                      .dwattr $C$DW$T$18, DW_AT_name("long double")
    5521                      .dwattr $C$DW$T$18, DW_AT_byte_size(0x04)
    5522              
    5523                      .dwendtag $C$DW$TU$18
    5524              
    5525              
TMS320C2000 Assembler PC v22.6.2 Thu Jan 22 11:16:45 2026

Copyright (c) 1996-2018 Texas Instruments Incorporated
fcl_tformat_f2837x_config.asm                                        PAGE  105

    5526              $C$DW$TU$21     .dwtag  DW_TAG_type_unit
    5527                      .dwmtype  $C$DW$T$21
    5528              $C$DW$T$21      .dwtag  DW_TAG_base_type
    5529                      .dwattr $C$DW$T$21, DW_AT_encoding(DW_ATE_unsigned_char)
    5530                      .dwattr $C$DW$T$21, DW_AT_name("unsigned char")
    5531                      .dwattr $C$DW$T$21, DW_AT_byte_size(0x01)
    5532              
    5533                      .dwendtag $C$DW$TU$21
    5534              
    5535              
    5536              $C$DW$TU$22     .dwtag  DW_TAG_type_unit
    5537                      .dwmtype  $C$DW$T$22
    5538              $C$DW$561       .dwtag  DW_TAG_TI_far_type
    5539                      .dwattr $C$DW$561, DW_AT_type(*$C$DW$T$21)
    5540              
    5541              $C$DW$T$22      .dwtag  DW_TAG_volatile_type
    5542                      .dwattr $C$DW$T$22, DW_AT_type(*$C$DW$561)
    5543              
    5544                      .dwendtag $C$DW$TU$22
    5545              
    5546              
    5547              $C$DW$TU$94     .dwtag  DW_TAG_type_unit
    5548                      .dwmtype  $C$DW$T$94
    5549              
    5550              $C$DW$T$94      .dwtag  DW_TAG_enumeration_type
    5551                      .dwattr $C$DW$T$94, DW_AT_name("commandID0_1_2_3_7_8_C")
    5552                      .dwattr $C$DW$T$94, DW_AT_byte_size(0x01)
    5553              $C$DW$562       .dwtag  DW_TAG_enumerator
    5554                      .dwattr $C$DW$562, DW_AT_name("PM_TFORMAT_ID0")
    5555                      .dwattr $C$DW$562, DW_AT_const_value(0x903f)
    5556                      .dwattr $C$DW$562, DW_AT_decl_file("C:/TI/C2000Ware_MotorControl_SDK_5_04_00_00/libraries/position_se
    5557                      .dwattr $C$DW$562, DW_AT_decl_line(0xee)
    5558                      .dwattr $C$DW$562, DW_AT_decl_column(0x09)
    5559              
    5560              $C$DW$563       .dwtag  DW_TAG_enumerator
    5561                      .dwattr $C$DW$563, DW_AT_name("PM_TFORMAT_ID1")
    5562                      .dwattr $C$DW$563, DW_AT_const_value(0x947f)
    5563                      .dwattr $C$DW$563, DW_AT_decl_file("C:/TI/C2000Ware_MotorControl_SDK_5_04_00_00/libraries/position_se
    5564                      .dwattr $C$DW$563, DW_AT_decl_line(0xef)
    5565                      .dwattr $C$DW$563, DW_AT_decl_column(0x09)
    5566              
    5567              $C$DW$564       .dwtag  DW_TAG_enumerator
    5568                      .dwattr $C$DW$564, DW_AT_name("PM_TFORMAT_ID2")
    5569                      .dwattr $C$DW$564, DW_AT_const_value(0x927f)
    5570                      .dwattr $C$DW$564, DW_AT_decl_file("C:/TI/C2000Ware_MotorControl_SDK_5_04_00_00/libraries/position_se
    5571                      .dwattr $C$DW$564, DW_AT_decl_line(0xf0)
    5572                      .dwattr $C$DW$564, DW_AT_decl_column(0x09)
    5573              
    5574              $C$DW$565       .dwtag  DW_TAG_enumerator
    5575                      .dwattr $C$DW$565, DW_AT_name("PM_TFORMAT_ID3")
    5576                      .dwattr $C$DW$565, DW_AT_const_value(0x963f)
    5577                      .dwattr $C$DW$565, DW_AT_decl_file("C:/TI/C2000Ware_MotorControl_SDK_5_04_00_00/libraries/position_se
    5578                      .dwattr $C$DW$565, DW_AT_decl_line(0xf1)
    5579                      .dwattr $C$DW$565, DW_AT_decl_column(0x09)
    5580              
TMS320C2000 Assembler PC v22.6.2 Thu Jan 22 11:16:45 2026

Copyright (c) 1996-2018 Texas Instruments Incorporated
fcl_tformat_f2837x_config.asm                                        PAGE  106

    5581              $C$DW$566       .dwtag  DW_TAG_enumerator
    5582                      .dwattr $C$DW$566, DW_AT_name("PM_TFORMAT_ID7")
    5583                      .dwattr $C$DW$566, DW_AT_const_value(0x977f)
    5584                      .dwattr $C$DW$566, DW_AT_decl_file("C:/TI/C2000Ware_MotorControl_SDK_5_04_00_00/libraries/position_se
    5585                      .dwattr $C$DW$566, DW_AT_decl_line(0xf2)
    5586                      .dwattr $C$DW$566, DW_AT_decl_column(0x09)
    5587              
    5588              $C$DW$567       .dwtag  DW_TAG_enumerator
    5589                      .dwattr $C$DW$567, DW_AT_name("PM_TFORMAT_ID8")
    5590                      .dwattr $C$DW$567, DW_AT_const_value(0x90ff)
    5591                      .dwattr $C$DW$567, DW_AT_decl_file("C:/TI/C2000Ware_MotorControl_SDK_5_04_00_00/libraries/position_se
    5592                      .dwattr $C$DW$567, DW_AT_decl_line(0xf3)
    5593                      .dwattr $C$DW$567, DW_AT_decl_column(0x09)
    5594              
    5595              $C$DW$568       .dwtag  DW_TAG_enumerator
    5596                      .dwattr $C$DW$568, DW_AT_name("PM_TFORMAT_IDC")
    5597                      .dwattr $C$DW$568, DW_AT_const_value(0x91bf)
    5598                      .dwattr $C$DW$568, DW_AT_decl_file("C:/TI/C2000Ware_MotorControl_SDK_5_04_00_00/libraries/position_se
    5599                      .dwattr $C$DW$568, DW_AT_decl_line(0xf4)
    5600                      .dwattr $C$DW$568, DW_AT_decl_column(0x09)
    5601              
    5602                      .dwattr $C$DW$T$94, DW_AT_decl_file("C:/TI/C2000Ware_MotorControl_SDK_5_04_00_00/libraries/position_s
    5603                      .dwattr $C$DW$T$94, DW_AT_decl_line(0xec)
    5604                      .dwattr $C$DW$T$94, DW_AT_decl_column(0x06)
    5605                      .dwendtag $C$DW$T$94
    5606              
    5607                      .dwendtag $C$DW$TU$94
    5608              

No Assembly Errors, No Assembly Warnings
