TMS320C2000 Assembler PC v22.6.2 Thu Jan 22 11:16:47 2026

Copyright (c) 1996-2018 Texas Instruments Incorporated
speed_observer.asm                                                   PAGE    1

       1              ;***************************************************************
       2              ;* TMS320C2000 G3 C/C++ Codegen                               PC v22.6.2.LTS *
       3              ;* Date/Time created: Thu Jan 22 11:16:46 2026                 *
       4              ;***************************************************************
       5                      .compiler_opts --abi=eabi --cla_support=cla1 --diag_wrap=off --float_support=fpu32 --hll_source=on --
       6                      .asg    XAR2, FP
       7              
       8              $C$DW$CU        .dwtag  DW_TAG_compile_unit
       9                      .dwattr $C$DW$CU, DW_AT_name("../sources/speed_observer.c")
      10                      .dwattr $C$DW$CU, DW_AT_producer("TI TMS320C2000 G3 C/C++ Codegen PC v22.6.2.LTS Copyright (c) 1996-2
      11                      .dwattr $C$DW$CU, DW_AT_TI_version(0x01)
      12                      .dwattr $C$DW$CU, DW_AT_comp_dir("C:\Users\JUNLI\workspace_ccstheia\fcl_f2837x_tmdxiddk\f2837x_RAM")
      13              ;       D:\TI\ccs\ccs\tools\compiler\ti-cgt-c2000_22.6.2.LTS\bin\opt2000.exe C:\\Users\\JUNLI\\AppData\\Local
      14              ;       D:\TI\ccs\ccs\tools\compiler\ti-cgt-c2000_22.6.2.LTS\bin\acia2000.exe -@C:\\Users\\JUNLI\\AppData\\Lo
      15 00000000               .sect   ".text:__signbitl"
      16                      .clink
      17                      .global ||__signbitl||
      18              
      19              $C$DW$1 .dwtag  DW_TAG_subprogram
      20                      .dwattr $C$DW$1, DW_AT_name("__signbitl")
      21                      .dwattr $C$DW$1, DW_AT_low_pc(||__signbitl||)
      22                      .dwattr $C$DW$1, DW_AT_high_pc(0x00)
      23                      .dwattr $C$DW$1, DW_AT_linkage_name("__signbitl")
      24                      .dwattr $C$DW$1, DW_AT_external
      25                      .dwattr $C$DW$1, DW_AT_type(*$C$DW$T$10)
      26                      .dwattr $C$DW$1, DW_AT_decl_file("D:/TI/ccs/ccs/tools/compiler/ti-cgt-c2000_22.6.2.LTS/include/_defs.
      27                      .dwattr $C$DW$1, DW_AT_decl_line(0x16f)
      28                      .dwattr $C$DW$1, DW_AT_decl_column(0x18)
      29                      .dwattr $C$DW$1, DW_AT_TI_max_frame_size(-6)
      30                      .dwpsn  file "D:/TI/ccs/ccs/tools/compiler/ti-cgt-c2000_22.6.2.LTS/include/_defs.h",line 368,column 1
      31              
      32                      .dwfde $C$DW$CIE, ||__signbitl||
      33              $C$DW$2 .dwtag  DW_TAG_formal_parameter
      34                      .dwattr $C$DW$2, DW_AT_name("e")
      35                      .dwattr $C$DW$2, DW_AT_type(*$C$DW$T$27)
      36                      .dwattr $C$DW$2, DW_AT_location[DW_OP_reg12]
      37              
      38              
      39              ;***************************************************************
      40              ;* FNAME: __signbitl                    FR SIZE:   4           *
      41              ;*                                                             *
      42              ;* FUNCTION ENVIRONMENT                                        *
      43              ;*                                                             *
      44              ;* FUNCTION PROPERTIES                                         *
      45              ;*                            4 Parameter,  0 Auto,  0 SOE     *
      46              ;***************************************************************
      47              
      48              ||__signbitl||:
      49              ;* AR4   assigned to e
      50              $C$DW$3 .dwtag  DW_TAG_variable
      51                      .dwattr $C$DW$3, DW_AT_name("e")
      52                      .dwattr $C$DW$3, DW_AT_type(*$C$DW$T$28)
      53                      .dwattr $C$DW$3, DW_AT_location[DW_OP_reg12]
      54              
      55                      .dwcfi  cfa_offset, -2
TMS320C2000 Assembler PC v22.6.2 Thu Jan 22 11:16:47 2026

Copyright (c) 1996-2018 Texas Instruments Incorporated
speed_observer.asm                                                   PAGE    2

      56                      .dwcfi  save_reg_to_mem, 26, 0
      57 00000000 FE04          ADDB      SP,#4                 ; [CPU_ARAU] 
      58                      .dwcfi  cfa_offset, -6
      59                      .dwpsn  file "D:/TI/ccs/ccs/tools/compiler/ti-cgt-c2000_22.6.2.LTS/include/_defs.h",line 368,column 3
      60 00000001 0200          MOVB      ACC,#0                ; [CPU_ALU] |368| 
      61 00000002 1E44          MOVL      *-SP[4],ACC           ; [CPU_ALU] |368| 
      62 00000003 2B42          MOV       *-SP[2],#0            ; [CPU_ALU] |368| 
      63 00000004 2B41          MOV       *-SP[1],#0            ; [CPU_ALU] |368| 
      64 00000005 A3C4          MOVL      P,*+XAR4[0]           ; [CPU_ALU] |368| 
      65 00000006 06D4          MOVL      ACC,*+XAR4[2]         ; [CPU_ALU] |368| 
      66 00000007 18AB          AND       PL,#0                 ; [CPU_ALU] |368| 
         00000008 0000 
      67 00000009 18AA          AND       PH,#0                 ; [CPU_ALU] |368| 
         0000000a 0000 
      68 0000000b 9000          ANDB      AL,#0                 ; [CPU_ALU] |368| 
      69 0000000c 18A8          AND       AH,#32768             ; [CPU_ALU] |368| 
         0000000d 8000 
      70              $C$DW$4 .dwtag  DW_TAG_TI_branch
      71                      .dwattr $C$DW$4, DW_AT_low_pc(0x00)
      72                      .dwattr $C$DW$4, DW_AT_name("__c28xabi_cmpull")
      73                      .dwattr $C$DW$4, DW_AT_TI_call
      74              
      75 0000000e 7640!         LCR       #||__c28xabi_cmpull|| ; [CPU_ALU] |368| 
         0000000f 0000 
      76                      ; call occurs [#||__c28xabi_cmpull||] ; [] |368| 
      77 00000010 9B00          MOVB      AH,#0                 ; [CPU_ALU] |368| 
      78 00000011 5200          CMPB      AL,#0                 ; [CPU_ALU] |368| 
      79 00000012 56B0          MOVB      AH,#1,NEQ             ; [CPU_ALU] |368| 
         00000013 01A8 
      80 00000014 92A8          MOV       AL,AH                 ; [CPU_ALU] |368| 
      81 00000015 FE84          SUBB      SP,#4                 ; [CPU_ARAU] 
      82                      .dwcfi  cfa_offset, -2
      83              $C$DW$5 .dwtag  DW_TAG_TI_branch
      84                      .dwattr $C$DW$5, DW_AT_low_pc(0x00)
      85                      .dwattr $C$DW$5, DW_AT_TI_return
      86              
      87 00000016 0006          LRETR     ; [CPU_ALU] 
      88                      ; return occurs ; [] 
      89                      .dwattr $C$DW$1, DW_AT_TI_end_file("D:/TI/ccs/ccs/tools/compiler/ti-cgt-c2000_22.6.2.LTS/include/_def
      90                      .dwattr $C$DW$1, DW_AT_TI_end_line(0x170)
      91                      .dwattr $C$DW$1, DW_AT_TI_end_column(0x2b)
      92                      .dwendentry
      93                      .dwendtag $C$DW$1
      94              
      95 00000000               .sect   ".text:__signbitf"
      96                      .clink
      97                      .global ||__signbitf||
      98              
      99              $C$DW$6 .dwtag  DW_TAG_subprogram
     100                      .dwattr $C$DW$6, DW_AT_name("__signbitf")
     101                      .dwattr $C$DW$6, DW_AT_low_pc(||__signbitf||)
     102                      .dwattr $C$DW$6, DW_AT_high_pc(0x00)
     103                      .dwattr $C$DW$6, DW_AT_linkage_name("__signbitf")
     104                      .dwattr $C$DW$6, DW_AT_external
     105                      .dwattr $C$DW$6, DW_AT_type(*$C$DW$T$10)
TMS320C2000 Assembler PC v22.6.2 Thu Jan 22 11:16:47 2026

Copyright (c) 1996-2018 Texas Instruments Incorporated
speed_observer.asm                                                   PAGE    3

     106                      .dwattr $C$DW$6, DW_AT_decl_file("D:/TI/ccs/ccs/tools/compiler/ti-cgt-c2000_22.6.2.LTS/include/_defs.
     107                      .dwattr $C$DW$6, DW_AT_decl_line(0x16d)
     108                      .dwattr $C$DW$6, DW_AT_decl_column(0x18)
     109                      .dwattr $C$DW$6, DW_AT_TI_max_frame_size(-2)
     110                      .dwpsn  file "D:/TI/ccs/ccs/tools/compiler/ti-cgt-c2000_22.6.2.LTS/include/_defs.h",line 366,column 1
     111              
     112                      .dwfde $C$DW$CIE, ||__signbitf||
     113              $C$DW$7 .dwtag  DW_TAG_formal_parameter
     114                      .dwattr $C$DW$7, DW_AT_name("f")
     115                      .dwattr $C$DW$7, DW_AT_type(*$C$DW$T$16)
     116                      .dwattr $C$DW$7, DW_AT_location[DW_OP_regx 0x2b]
     117              
     118              
     119              ;***************************************************************
     120              ;* FNAME: __signbitf                    FR SIZE:   0           *
     121              ;*                                                             *
     122              ;* FUNCTION ENVIRONMENT                                        *
     123              ;*                                                             *
     124              ;* FUNCTION PROPERTIES                                         *
     125              ;*                            0 Parameter,  0 Auto,  0 SOE     *
     126              ;***************************************************************
     127              
     128              ||__signbitf||:
     129              ;* R0    assigned to f
     130              $C$DW$8 .dwtag  DW_TAG_variable
     131                      .dwattr $C$DW$8, DW_AT_name("f")
     132                      .dwattr $C$DW$8, DW_AT_type(*$C$DW$T$24)
     133                      .dwattr $C$DW$8, DW_AT_location[DW_OP_regx 0x2b]
     134              
     135                      .dwcfi  cfa_offset, -2
     136                      .dwcfi  save_reg_to_mem, 26, 0
     137                      .dwpsn  file "D:/TI/ccs/ccs/tools/compiler/ti-cgt-c2000_22.6.2.LTS/include/_defs.h",line 366,column 3
     138 00000000 BFA9          MOV32     ACC,R0H               ; [CPU_FPU] |366| 
         00000001 0F12 
     139 00000002 BE00          MOVB      XAR6,#0               ; [CPU_ALU] |366| 
     140 00000003 9000          ANDB      AL,#0                 ; [CPU_ALU] |366| 
     141 00000004 18A8          AND       AH,#32768             ; [CPU_ALU] |366| 
         00000005 8000 
     142 00000006 FF58          TEST      ACC                   ; [CPU_ALU] |366| 
     143 00000007 56B0          MOVB      XAR6,#1,NEQ           ; [CPU_ALU] |366| 
         00000008 01A6 
     144 00000009 92A6          MOV       AL,AR6                ; [CPU_ALU] |366| 
     145              $C$DW$9 .dwtag  DW_TAG_TI_branch
     146                      .dwattr $C$DW$9, DW_AT_low_pc(0x00)
     147                      .dwattr $C$DW$9, DW_AT_TI_return
     148              
     149 0000000a 0006          LRETR     ; [CPU_ALU] 
     150                      ; return occurs ; [] 
     151                      .dwattr $C$DW$6, DW_AT_TI_end_file("D:/TI/ccs/ccs/tools/compiler/ti-cgt-c2000_22.6.2.LTS/include/_def
     152                      .dwattr $C$DW$6, DW_AT_TI_end_line(0x16e)
     153                      .dwattr $C$DW$6, DW_AT_TI_end_column(0x29)
     154                      .dwendentry
     155                      .dwendtag $C$DW$6
     156              
     157 00000000               .sect   ".text:__signbit"
TMS320C2000 Assembler PC v22.6.2 Thu Jan 22 11:16:47 2026

Copyright (c) 1996-2018 Texas Instruments Incorporated
speed_observer.asm                                                   PAGE    4

     158                      .clink
     159                      .global ||__signbit||
     160              
     161              $C$DW$10        .dwtag  DW_TAG_subprogram
     162                      .dwattr $C$DW$10, DW_AT_name("__signbit")
     163                      .dwattr $C$DW$10, DW_AT_low_pc(||__signbit||)
     164                      .dwattr $C$DW$10, DW_AT_high_pc(0x00)
     165                      .dwattr $C$DW$10, DW_AT_linkage_name("__signbit")
     166                      .dwattr $C$DW$10, DW_AT_external
     167                      .dwattr $C$DW$10, DW_AT_type(*$C$DW$T$10)
     168                      .dwattr $C$DW$10, DW_AT_decl_file("D:/TI/ccs/ccs/tools/compiler/ti-cgt-c2000_22.6.2.LTS/include/_defs
     169                      .dwattr $C$DW$10, DW_AT_decl_line(0x16b)
     170                      .dwattr $C$DW$10, DW_AT_decl_column(0x18)
     171                      .dwattr $C$DW$10, DW_AT_TI_max_frame_size(-6)
     172                      .dwpsn  file "D:/TI/ccs/ccs/tools/compiler/ti-cgt-c2000_22.6.2.LTS/include/_defs.h",line 364,column 1
     173              
     174                      .dwfde $C$DW$CIE, ||__signbit||
     175              $C$DW$11        .dwtag  DW_TAG_formal_parameter
     176                      .dwattr $C$DW$11, DW_AT_name("d")
     177                      .dwattr $C$DW$11, DW_AT_type(*$C$DW$T$25)
     178                      .dwattr $C$DW$11, DW_AT_location[DW_OP_reg12]
     179              
     180              
     181              ;***************************************************************
     182              ;* FNAME: __signbit                     FR SIZE:   4           *
     183              ;*                                                             *
     184              ;* FUNCTION ENVIRONMENT                                        *
     185              ;*                                                             *
     186              ;* FUNCTION PROPERTIES                                         *
     187              ;*                            4 Parameter,  0 Auto,  0 SOE     *
     188              ;***************************************************************
     189              
     190              ||__signbit||:
     191              ;* AR4   assigned to d
     192              $C$DW$12        .dwtag  DW_TAG_variable
     193                      .dwattr $C$DW$12, DW_AT_name("d")
     194                      .dwattr $C$DW$12, DW_AT_type(*$C$DW$T$26)
     195                      .dwattr $C$DW$12, DW_AT_location[DW_OP_reg12]
     196              
     197                      .dwcfi  cfa_offset, -2
     198                      .dwcfi  save_reg_to_mem, 26, 0
     199 00000000 FE04          ADDB      SP,#4                 ; [CPU_ARAU] 
     200                      .dwcfi  cfa_offset, -6
     201                      .dwpsn  file "D:/TI/ccs/ccs/tools/compiler/ti-cgt-c2000_22.6.2.LTS/include/_defs.h",line 364,column 3
     202 00000001 0200          MOVB      ACC,#0                ; [CPU_ALU] |364| 
     203 00000002 1E44          MOVL      *-SP[4],ACC           ; [CPU_ALU] |364| 
     204 00000003 2B42          MOV       *-SP[2],#0            ; [CPU_ALU] |364| 
     205 00000004 2B41          MOV       *-SP[1],#0            ; [CPU_ALU] |364| 
     206 00000005 A3C4          MOVL      P,*+XAR4[0]           ; [CPU_ALU] |364| 
     207 00000006 06D4          MOVL      ACC,*+XAR4[2]         ; [CPU_ALU] |364| 
     208 00000007 18AB          AND       PL,#0                 ; [CPU_ALU] |364| 
         00000008 0000 
     209 00000009 18AA          AND       PH,#0                 ; [CPU_ALU] |364| 
         0000000a 0000 
     210 0000000b 9000          ANDB      AL,#0                 ; [CPU_ALU] |364| 
TMS320C2000 Assembler PC v22.6.2 Thu Jan 22 11:16:47 2026

Copyright (c) 1996-2018 Texas Instruments Incorporated
speed_observer.asm                                                   PAGE    5

     211 0000000c 18A8          AND       AH,#32768             ; [CPU_ALU] |364| 
         0000000d 8000 
     212              $C$DW$13        .dwtag  DW_TAG_TI_branch
     213                      .dwattr $C$DW$13, DW_AT_low_pc(0x00)
     214                      .dwattr $C$DW$13, DW_AT_name("__c28xabi_cmpull")
     215                      .dwattr $C$DW$13, DW_AT_TI_call
     216              
     217 0000000e 7640!         LCR       #||__c28xabi_cmpull|| ; [CPU_ALU] |364| 
         0000000f 0000 
     218                      ; call occurs [#||__c28xabi_cmpull||] ; [] |364| 
     219 00000010 9B00          MOVB      AH,#0                 ; [CPU_ALU] |364| 
     220 00000011 5200          CMPB      AL,#0                 ; [CPU_ALU] |364| 
     221 00000012 56B0          MOVB      AH,#1,NEQ             ; [CPU_ALU] |364| 
         00000013 01A8 
     222 00000014 92A8          MOV       AL,AH                 ; [CPU_ALU] |364| 
     223 00000015 FE84          SUBB      SP,#4                 ; [CPU_ARAU] 
     224                      .dwcfi  cfa_offset, -2
     225              $C$DW$14        .dwtag  DW_TAG_TI_branch
     226                      .dwattr $C$DW$14, DW_AT_low_pc(0x00)
     227                      .dwattr $C$DW$14, DW_AT_TI_return
     228              
     229 00000016 0006          LRETR     ; [CPU_ALU] 
     230                      ; return occurs ; [] 
     231                      .dwattr $C$DW$10, DW_AT_TI_end_file("D:/TI/ccs/ccs/tools/compiler/ti-cgt-c2000_22.6.2.LTS/include/_de
     232                      .dwattr $C$DW$10, DW_AT_TI_end_line(0x16c)
     233                      .dwattr $C$DW$10, DW_AT_TI_end_column(0x2a)
     234                      .dwendentry
     235                      .dwendtag $C$DW$10
     236              
     237 00000000               .sect   ".text:__relaxed_sqrtf"
     238                      .clink
     239                      .global ||__relaxed_sqrtf||
     240              
     241              $C$DW$15        .dwtag  DW_TAG_subprogram
     242                      .dwattr $C$DW$15, DW_AT_name("__relaxed_sqrtf")
     243                      .dwattr $C$DW$15, DW_AT_low_pc(||__relaxed_sqrtf||)
     244                      .dwattr $C$DW$15, DW_AT_high_pc(0x00)
     245                      .dwattr $C$DW$15, DW_AT_linkage_name("__relaxed_sqrtf")
     246                      .dwattr $C$DW$15, DW_AT_external
     247                      .dwattr $C$DW$15, DW_AT_type(*$C$DW$T$16)
     248                      .dwattr $C$DW$15, DW_AT_decl_file("D:/TI/ccs/ccs/tools/compiler/ti-cgt-c2000_22.6.2.LTS/include/math.
     249                      .dwattr $C$DW$15, DW_AT_decl_line(0x103)
     250                      .dwattr $C$DW$15, DW_AT_decl_column(0x10)
     251                      .dwattr $C$DW$15, DW_AT_TI_max_frame_size(-2)
     252                      .dwpsn  file "D:/TI/ccs/ccs/tools/compiler/ti-cgt-c2000_22.6.2.LTS/include/math.h",line 260,column 1,
     253              
     254                      .dwfde $C$DW$CIE, ||__relaxed_sqrtf||
     255              $C$DW$16        .dwtag  DW_TAG_formal_parameter
     256                      .dwattr $C$DW$16, DW_AT_name("x")
     257                      .dwattr $C$DW$16, DW_AT_type(*$C$DW$T$16)
     258                      .dwattr $C$DW$16, DW_AT_location[DW_OP_regx 0x2b]
     259              
     260              
     261              ;***************************************************************
     262              ;* FNAME: __relaxed_sqrtf               FR SIZE:   0           *
TMS320C2000 Assembler PC v22.6.2 Thu Jan 22 11:16:47 2026

Copyright (c) 1996-2018 Texas Instruments Incorporated
speed_observer.asm                                                   PAGE    6

     263              ;*                                                             *
     264              ;* FUNCTION ENVIRONMENT                                        *
     265              ;*                                                             *
     266              ;* FUNCTION PROPERTIES                                         *
     267              ;*                            0 Parameter,  0 Auto,  0 SOE     *
     268              ;***************************************************************
     269              
     270              ||__relaxed_sqrtf||:
     271              ;* R0    assigned to x
     272              $C$DW$17        .dwtag  DW_TAG_variable
     273                      .dwattr $C$DW$17, DW_AT_name("x")
     274                      .dwattr $C$DW$17, DW_AT_type(*$C$DW$T$24)
     275                      .dwattr $C$DW$17, DW_AT_location[DW_OP_regx 0x2b]
     276              
     277                      .dwcfi  cfa_offset, -2
     278                      .dwcfi  save_reg_to_mem, 26, 0
     279                      .dwpsn  file "D:/TI/ccs/ccs/tools/compiler/ti-cgt-c2000_22.6.2.LTS/include/math.h",line 261,column 5,
     280 00000000 E277          SQRTF32   R0H,R0H               ; [CPU_FPU] |261| 
         00000001 0000 
     281 00000002 7700          NOP       ; [CPU_ALU] 
     282 00000003 7700          NOP       ; [CPU_ALU] 
     283 00000004 7700          NOP       ; [CPU_ALU] 
     284              $C$DW$18        .dwtag  DW_TAG_TI_branch
     285                      .dwattr $C$DW$18, DW_AT_low_pc(0x00)
     286                      .dwattr $C$DW$18, DW_AT_TI_return
     287              
     288 00000005 0006          LRETR     ; [CPU_ALU] 
     289                      ; return occurs ; [] 
     290                      .dwattr $C$DW$15, DW_AT_TI_end_file("D:/TI/ccs/ccs/tools/compiler/ti-cgt-c2000_22.6.2.LTS/include/mat
     291                      .dwattr $C$DW$15, DW_AT_TI_end_line(0x106)
     292                      .dwattr $C$DW$15, DW_AT_TI_end_column(0x01)
     293                      .dwendentry
     294                      .dwendtag $C$DW$15
     295              
     296 00000000               .sect   ".text:__relaxed_sinf"
     297                      .clink
     298                      .global ||__relaxed_sinf||
     299              
     300              $C$DW$19        .dwtag  DW_TAG_subprogram
     301                      .dwattr $C$DW$19, DW_AT_name("__relaxed_sinf")
     302                      .dwattr $C$DW$19, DW_AT_low_pc(||__relaxed_sinf||)
     303                      .dwattr $C$DW$19, DW_AT_high_pc(0x00)
     304                      .dwattr $C$DW$19, DW_AT_linkage_name("__relaxed_sinf")
     305                      .dwattr $C$DW$19, DW_AT_external
     306                      .dwattr $C$DW$19, DW_AT_type(*$C$DW$T$16)
     307                      .dwattr $C$DW$19, DW_AT_decl_file("D:/TI/ccs/ccs/tools/compiler/ti-cgt-c2000_22.6.2.LTS/include/math.
     308                      .dwattr $C$DW$19, DW_AT_decl_line(0x108)
     309                      .dwattr $C$DW$19, DW_AT_decl_column(0x10)
     310                      .dwattr $C$DW$19, DW_AT_TI_max_frame_size(-2)
     311                      .dwpsn  file "D:/TI/ccs/ccs/tools/compiler/ti-cgt-c2000_22.6.2.LTS/include/math.h",line 265,column 1,
     312              
     313                      .dwfde $C$DW$CIE, ||__relaxed_sinf||
     314              $C$DW$20        .dwtag  DW_TAG_formal_parameter
     315                      .dwattr $C$DW$20, DW_AT_name("x")
     316                      .dwattr $C$DW$20, DW_AT_type(*$C$DW$T$16)
TMS320C2000 Assembler PC v22.6.2 Thu Jan 22 11:16:47 2026

Copyright (c) 1996-2018 Texas Instruments Incorporated
speed_observer.asm                                                   PAGE    7

     317                      .dwattr $C$DW$20, DW_AT_location[DW_OP_regx 0x2b]
     318              
     319              
     320              ;***************************************************************
     321              ;* FNAME: __relaxed_sinf                FR SIZE:   0           *
     322              ;*                                                             *
     323              ;* FUNCTION ENVIRONMENT                                        *
     324              ;*                                                             *
     325              ;* FUNCTION PROPERTIES                                         *
     326              ;*                            0 Parameter,  0 Auto,  0 SOE     *
     327              ;***************************************************************
     328              
     329              ||__relaxed_sinf||:
     330              ;* R0    assigned to x
     331              $C$DW$21        .dwtag  DW_TAG_variable
     332                      .dwattr $C$DW$21, DW_AT_name("x")
     333                      .dwattr $C$DW$21, DW_AT_type(*$C$DW$T$24)
     334                      .dwattr $C$DW$21, DW_AT_location[DW_OP_regx 0x2b]
     335              
     336                      .dwcfi  cfa_offset, -2
     337                      .dwcfi  save_reg_to_mem, 26, 0
     338                      .dwpsn  file "D:/TI/ccs/ccs/tools/compiler/ti-cgt-c2000_22.6.2.LTS/include/math.h",line 266,column 5,
     339 00000000 E271          DIV2PIF32 R0H,R0H               ; [CPU_FPU] |266| 
         00000001 0000 
     340 00000002 7700          NOP       ; [CPU_ALU] 
     341 00000003 E278          SINPUF32  R0H,R0H               ; [CPU_FPU] |266| 
         00000004 0000 
     342 00000005 7700          NOP       ; [CPU_ALU] 
     343 00000006 7700          NOP       ; [CPU_ALU] 
     344              $C$DW$22        .dwtag  DW_TAG_TI_branch
     345                      .dwattr $C$DW$22, DW_AT_low_pc(0x00)
     346                      .dwattr $C$DW$22, DW_AT_TI_return
     347              
     348 00000007 0006          LRETR     ; [CPU_ALU] 
     349                      ; return occurs ; [] 
     350                      .dwattr $C$DW$19, DW_AT_TI_end_file("D:/TI/ccs/ccs/tools/compiler/ti-cgt-c2000_22.6.2.LTS/include/mat
     351                      .dwattr $C$DW$19, DW_AT_TI_end_line(0x10b)
     352                      .dwattr $C$DW$19, DW_AT_TI_end_column(0x01)
     353                      .dwendentry
     354                      .dwendtag $C$DW$19
     355              
     356 00000000               .sect   ".text:__relaxed_fmodf"
     357                      .clink
     358                      .global ||__relaxed_fmodf||
     359              
     360              $C$DW$23        .dwtag  DW_TAG_subprogram
     361                      .dwattr $C$DW$23, DW_AT_name("__relaxed_fmodf")
     362                      .dwattr $C$DW$23, DW_AT_low_pc(||__relaxed_fmodf||)
     363                      .dwattr $C$DW$23, DW_AT_high_pc(0x00)
     364                      .dwattr $C$DW$23, DW_AT_linkage_name("__relaxed_fmodf")
     365                      .dwattr $C$DW$23, DW_AT_external
     366                      .dwattr $C$DW$23, DW_AT_type(*$C$DW$T$16)
     367                      .dwattr $C$DW$23, DW_AT_decl_file("D:/TI/ccs/ccs/tools/compiler/ti-cgt-c2000_22.6.2.LTS/include/math.
     368                      .dwattr $C$DW$23, DW_AT_decl_line(0x11c)
     369                      .dwattr $C$DW$23, DW_AT_decl_column(0x10)
TMS320C2000 Assembler PC v22.6.2 Thu Jan 22 11:16:47 2026

Copyright (c) 1996-2018 Texas Instruments Incorporated
speed_observer.asm                                                   PAGE    8

     370                      .dwattr $C$DW$23, DW_AT_TI_max_frame_size(-2)
     371                      .dwpsn  file "D:/TI/ccs/ccs/tools/compiler/ti-cgt-c2000_22.6.2.LTS/include/math.h",line 285,column 1,
     372              
     373                      .dwfde $C$DW$CIE, ||__relaxed_fmodf||
     374              $C$DW$24        .dwtag  DW_TAG_formal_parameter
     375                      .dwattr $C$DW$24, DW_AT_name("y")
     376                      .dwattr $C$DW$24, DW_AT_type(*$C$DW$T$16)
     377                      .dwattr $C$DW$24, DW_AT_location[DW_OP_regx 0x2b]
     378              
     379              $C$DW$25        .dwtag  DW_TAG_formal_parameter
     380                      .dwattr $C$DW$25, DW_AT_name("x")
     381                      .dwattr $C$DW$25, DW_AT_type(*$C$DW$T$16)
     382                      .dwattr $C$DW$25, DW_AT_location[DW_OP_regx 0x2f]
     383              
     384              
     385              ;***************************************************************
     386              ;* FNAME: __relaxed_fmodf               FR SIZE:   0           *
     387              ;*                                                             *
     388              ;* FUNCTION ENVIRONMENT                                        *
     389              ;*                                                             *
     390              ;* FUNCTION PROPERTIES                                         *
     391              ;*                            0 Parameter,  0 Auto,  0 SOE     *
     392              ;***************************************************************
     393              
     394              ||__relaxed_fmodf||:
     395              ;* R0    assigned to y
     396              $C$DW$26        .dwtag  DW_TAG_variable
     397                      .dwattr $C$DW$26, DW_AT_name("y")
     398                      .dwattr $C$DW$26, DW_AT_type(*$C$DW$T$24)
     399                      .dwattr $C$DW$26, DW_AT_location[DW_OP_regx 0x2b]
     400              
     401              ;* R1    assigned to x
     402              $C$DW$27        .dwtag  DW_TAG_variable
     403                      .dwattr $C$DW$27, DW_AT_name("x")
     404                      .dwattr $C$DW$27, DW_AT_type(*$C$DW$T$24)
     405                      .dwattr $C$DW$27, DW_AT_location[DW_OP_regx 0x2f]
     406              
     407                      .dwcfi  cfa_offset, -2
     408                      .dwcfi  save_reg_to_mem, 26, 0
     409                      .dwpsn  file "D:/TI/ccs/ccs/tools/compiler/ti-cgt-c2000_22.6.2.LTS/include/math.h",line 286,column 3,
     410 00000000 E274          DIVF32    R2H,R0H,R1H           ; [CPU_FPU] |286| 
         00000001 0042 
     411 00000002 7700          NOP       ; [CPU_ALU] 
     412 00000003 7700          NOP       ; [CPU_ALU] 
     413 00000004 7700          NOP       ; [CPU_ALU] 
     414 00000005 7700          NOP       ; [CPU_ALU] 
     415 00000006 E688          F32TOI32  R2H,R2H               ; [CPU_FPU] |286| 
         00000007 0012 
     416 00000008 7700          NOP       ; [CPU_ALU] 
     417 00000009 E689          I32TOF32  R2H,R2H               ; [CPU_FPU] |286| 
         0000000a 0012 
     418 0000000b 7700          NOP       ; [CPU_ALU] 
     419 0000000c E700          MPYF32    R1H,R1H,R2H           ; [CPU_FPU] |286| 
         0000000d 0089 
     420 0000000e 7700          NOP       ; [CPU_ALU] 
TMS320C2000 Assembler PC v22.6.2 Thu Jan 22 11:16:47 2026

Copyright (c) 1996-2018 Texas Instruments Incorporated
speed_observer.asm                                                   PAGE    9

     421 0000000f E720          SUBF32    R0H,R0H,R1H           ; [CPU_FPU] |286| 
         00000010 0040 
     422              $C$DW$28        .dwtag  DW_TAG_TI_branch
     423                      .dwattr $C$DW$28, DW_AT_low_pc(0x00)
     424                      .dwattr $C$DW$28, DW_AT_TI_return
     425              
     426 00000011 0006          LRETR     ; [CPU_ALU] 
     427                      ; return occurs ; [] 
     428                      .dwattr $C$DW$23, DW_AT_TI_end_file("D:/TI/ccs/ccs/tools/compiler/ti-cgt-c2000_22.6.2.LTS/include/mat
     429                      .dwattr $C$DW$23, DW_AT_TI_end_line(0x11f)
     430                      .dwattr $C$DW$23, DW_AT_TI_end_column(0x01)
     431                      .dwendentry
     432                      .dwendtag $C$DW$23
     433              
     434 00000000               .sect   ".text:__relaxed_fminf"
     435                      .clink
     436                      .global ||__relaxed_fminf||
     437              
     438              $C$DW$29        .dwtag  DW_TAG_subprogram
     439                      .dwattr $C$DW$29, DW_AT_name("__relaxed_fminf")
     440                      .dwattr $C$DW$29, DW_AT_low_pc(||__relaxed_fminf||)
     441                      .dwattr $C$DW$29, DW_AT_high_pc(0x00)
     442                      .dwattr $C$DW$29, DW_AT_linkage_name("__relaxed_fminf")
     443                      .dwattr $C$DW$29, DW_AT_external
     444                      .dwattr $C$DW$29, DW_AT_type(*$C$DW$T$16)
     445                      .dwattr $C$DW$29, DW_AT_decl_file("D:/TI/ccs/ccs/tools/compiler/ti-cgt-c2000_22.6.2.LTS/include/math.
     446                      .dwattr $C$DW$29, DW_AT_decl_line(0xee)
     447                      .dwattr $C$DW$29, DW_AT_decl_column(0x10)
     448                      .dwattr $C$DW$29, DW_AT_TI_max_frame_size(-2)
     449                      .dwpsn  file "D:/TI/ccs/ccs/tools/compiler/ti-cgt-c2000_22.6.2.LTS/include/math.h",line 239,column 1,
     450              
     451                      .dwfde $C$DW$CIE, ||__relaxed_fminf||
     452              $C$DW$30        .dwtag  DW_TAG_formal_parameter
     453                      .dwattr $C$DW$30, DW_AT_name("x")
     454                      .dwattr $C$DW$30, DW_AT_type(*$C$DW$T$16)
     455                      .dwattr $C$DW$30, DW_AT_location[DW_OP_regx 0x2b]
     456              
     457              $C$DW$31        .dwtag  DW_TAG_formal_parameter
     458                      .dwattr $C$DW$31, DW_AT_name("y")
     459                      .dwattr $C$DW$31, DW_AT_type(*$C$DW$T$16)
     460                      .dwattr $C$DW$31, DW_AT_location[DW_OP_regx 0x2f]
     461              
     462              
     463              ;***************************************************************
     464              ;* FNAME: __relaxed_fminf               FR SIZE:   0           *
     465              ;*                                                             *
     466              ;* FUNCTION ENVIRONMENT                                        *
     467              ;*                                                             *
     468              ;* FUNCTION PROPERTIES                                         *
     469              ;*                            0 Parameter,  0 Auto,  0 SOE     *
     470              ;***************************************************************
     471              
     472              ||__relaxed_fminf||:
     473              ;* R1    assigned to y
     474              $C$DW$32        .dwtag  DW_TAG_variable
TMS320C2000 Assembler PC v22.6.2 Thu Jan 22 11:16:47 2026

Copyright (c) 1996-2018 Texas Instruments Incorporated
speed_observer.asm                                                   PAGE   10

     475                      .dwattr $C$DW$32, DW_AT_name("y")
     476                      .dwattr $C$DW$32, DW_AT_type(*$C$DW$T$24)
     477                      .dwattr $C$DW$32, DW_AT_location[DW_OP_regx 0x2f]
     478              
     479                      .dwcfi  cfa_offset, -2
     480                      .dwcfi  save_reg_to_mem, 26, 0
     481                      .dwpsn  file "D:/TI/ccs/ccs/tools/compiler/ti-cgt-c2000_22.6.2.LTS/include/math.h",line 240,column 5,
     482 00000000 E697          MINF32    R0H,R1H               ; [CPU_FPU] |240| 
         00000001 0008 
     483              $C$DW$33        .dwtag  DW_TAG_TI_branch
     484                      .dwattr $C$DW$33, DW_AT_low_pc(0x00)
     485                      .dwattr $C$DW$33, DW_AT_TI_return
     486              
     487 00000002 0006          LRETR     ; [CPU_ALU] 
     488                      ; return occurs ; [] 
     489                      .dwattr $C$DW$29, DW_AT_TI_end_file("D:/TI/ccs/ccs/tools/compiler/ti-cgt-c2000_22.6.2.LTS/include/mat
     490                      .dwattr $C$DW$29, DW_AT_TI_end_line(0xf1)
     491                      .dwattr $C$DW$29, DW_AT_TI_end_column(0x01)
     492                      .dwendentry
     493                      .dwendtag $C$DW$29
     494              
     495 00000000               .sect   ".text:__relaxed_fmaxf"
     496                      .clink
     497                      .global ||__relaxed_fmaxf||
     498              
     499              $C$DW$34        .dwtag  DW_TAG_subprogram
     500                      .dwattr $C$DW$34, DW_AT_name("__relaxed_fmaxf")
     501                      .dwattr $C$DW$34, DW_AT_low_pc(||__relaxed_fmaxf||)
     502                      .dwattr $C$DW$34, DW_AT_high_pc(0x00)
     503                      .dwattr $C$DW$34, DW_AT_linkage_name("__relaxed_fmaxf")
     504                      .dwattr $C$DW$34, DW_AT_external
     505                      .dwattr $C$DW$34, DW_AT_type(*$C$DW$T$16)
     506                      .dwattr $C$DW$34, DW_AT_decl_file("D:/TI/ccs/ccs/tools/compiler/ti-cgt-c2000_22.6.2.LTS/include/math.
     507                      .dwattr $C$DW$34, DW_AT_decl_line(0xe8)
     508                      .dwattr $C$DW$34, DW_AT_decl_column(0x10)
     509                      .dwattr $C$DW$34, DW_AT_TI_max_frame_size(-2)
     510                      .dwpsn  file "D:/TI/ccs/ccs/tools/compiler/ti-cgt-c2000_22.6.2.LTS/include/math.h",line 233,column 1,
     511              
     512                      .dwfde $C$DW$CIE, ||__relaxed_fmaxf||
     513              $C$DW$35        .dwtag  DW_TAG_formal_parameter
     514                      .dwattr $C$DW$35, DW_AT_name("x")
     515                      .dwattr $C$DW$35, DW_AT_type(*$C$DW$T$16)
     516                      .dwattr $C$DW$35, DW_AT_location[DW_OP_regx 0x2b]
     517              
     518              $C$DW$36        .dwtag  DW_TAG_formal_parameter
     519                      .dwattr $C$DW$36, DW_AT_name("y")
     520                      .dwattr $C$DW$36, DW_AT_type(*$C$DW$T$16)
     521                      .dwattr $C$DW$36, DW_AT_location[DW_OP_regx 0x2f]
     522              
     523              
     524              ;***************************************************************
     525              ;* FNAME: __relaxed_fmaxf               FR SIZE:   0           *
     526              ;*                                                             *
     527              ;* FUNCTION ENVIRONMENT                                        *
     528              ;*                                                             *
TMS320C2000 Assembler PC v22.6.2 Thu Jan 22 11:16:47 2026

Copyright (c) 1996-2018 Texas Instruments Incorporated
speed_observer.asm                                                   PAGE   11

     529              ;* FUNCTION PROPERTIES                                         *
     530              ;*                            0 Parameter,  0 Auto,  0 SOE     *
     531              ;***************************************************************
     532              
     533              ||__relaxed_fmaxf||:
     534              ;* R1    assigned to y
     535              $C$DW$37        .dwtag  DW_TAG_variable
     536                      .dwattr $C$DW$37, DW_AT_name("y")
     537                      .dwattr $C$DW$37, DW_AT_type(*$C$DW$T$24)
     538                      .dwattr $C$DW$37, DW_AT_location[DW_OP_regx 0x2f]
     539              
     540                      .dwcfi  cfa_offset, -2
     541                      .dwcfi  save_reg_to_mem, 26, 0
     542                      .dwpsn  file "D:/TI/ccs/ccs/tools/compiler/ti-cgt-c2000_22.6.2.LTS/include/math.h",line 234,column 5,
     543 00000000 E696          MAXF32    R0H,R1H               ; [CPU_FPU] |234| 
         00000001 0008 
     544              $C$DW$38        .dwtag  DW_TAG_TI_branch
     545                      .dwattr $C$DW$38, DW_AT_low_pc(0x00)
     546                      .dwattr $C$DW$38, DW_AT_TI_return
     547              
     548 00000002 0006          LRETR     ; [CPU_ALU] 
     549                      ; return occurs ; [] 
     550                      .dwattr $C$DW$34, DW_AT_TI_end_file("D:/TI/ccs/ccs/tools/compiler/ti-cgt-c2000_22.6.2.LTS/include/mat
     551                      .dwattr $C$DW$34, DW_AT_TI_end_line(0xeb)
     552                      .dwattr $C$DW$34, DW_AT_TI_end_column(0x01)
     553                      .dwendentry
     554                      .dwendtag $C$DW$34
     555              
     556 00000000               .sect   ".text:__relaxed_cosf"
     557                      .clink
     558                      .global ||__relaxed_cosf||
     559              
     560              $C$DW$39        .dwtag  DW_TAG_subprogram
     561                      .dwattr $C$DW$39, DW_AT_name("__relaxed_cosf")
     562                      .dwattr $C$DW$39, DW_AT_low_pc(||__relaxed_cosf||)
     563                      .dwattr $C$DW$39, DW_AT_high_pc(0x00)
     564                      .dwattr $C$DW$39, DW_AT_linkage_name("__relaxed_cosf")
     565                      .dwattr $C$DW$39, DW_AT_external
     566                      .dwattr $C$DW$39, DW_AT_type(*$C$DW$T$16)
     567                      .dwattr $C$DW$39, DW_AT_decl_file("D:/TI/ccs/ccs/tools/compiler/ti-cgt-c2000_22.6.2.LTS/include/math.
     568                      .dwattr $C$DW$39, DW_AT_decl_line(0x10d)
     569                      .dwattr $C$DW$39, DW_AT_decl_column(0x10)
     570                      .dwattr $C$DW$39, DW_AT_TI_max_frame_size(-2)
     571                      .dwpsn  file "D:/TI/ccs/ccs/tools/compiler/ti-cgt-c2000_22.6.2.LTS/include/math.h",line 270,column 1,
     572              
     573                      .dwfde $C$DW$CIE, ||__relaxed_cosf||
     574              $C$DW$40        .dwtag  DW_TAG_formal_parameter
     575                      .dwattr $C$DW$40, DW_AT_name("x")
     576                      .dwattr $C$DW$40, DW_AT_type(*$C$DW$T$16)
     577                      .dwattr $C$DW$40, DW_AT_location[DW_OP_regx 0x2b]
     578              
     579              
     580              ;***************************************************************
     581              ;* FNAME: __relaxed_cosf                FR SIZE:   0           *
     582              ;*                                                             *
TMS320C2000 Assembler PC v22.6.2 Thu Jan 22 11:16:47 2026

Copyright (c) 1996-2018 Texas Instruments Incorporated
speed_observer.asm                                                   PAGE   12

     583              ;* FUNCTION ENVIRONMENT                                        *
     584              ;*                                                             *
     585              ;* FUNCTION PROPERTIES                                         *
     586              ;*                            0 Parameter,  0 Auto,  0 SOE     *
     587              ;***************************************************************
     588              
     589              ||__relaxed_cosf||:
     590              ;* R0    assigned to x
     591              $C$DW$41        .dwtag  DW_TAG_variable
     592                      .dwattr $C$DW$41, DW_AT_name("x")
     593                      .dwattr $C$DW$41, DW_AT_type(*$C$DW$T$24)
     594                      .dwattr $C$DW$41, DW_AT_location[DW_OP_regx 0x2b]
     595              
     596                      .dwcfi  cfa_offset, -2
     597                      .dwcfi  save_reg_to_mem, 26, 0
     598                      .dwpsn  file "D:/TI/ccs/ccs/tools/compiler/ti-cgt-c2000_22.6.2.LTS/include/math.h",line 271,column 5,
     599 00000000 E271          DIV2PIF32 R0H,R0H               ; [CPU_FPU] |271| 
         00000001 0000 
     600 00000002 7700          NOP       ; [CPU_ALU] 
     601 00000003 E279          COSPUF32  R0H,R0H               ; [CPU_FPU] |271| 
         00000004 0000 
     602 00000005 7700          NOP       ; [CPU_ALU] 
     603 00000006 7700          NOP       ; [CPU_ALU] 
     604              $C$DW$42        .dwtag  DW_TAG_TI_branch
     605                      .dwattr $C$DW$42, DW_AT_low_pc(0x00)
     606                      .dwattr $C$DW$42, DW_AT_TI_return
     607              
     608 00000007 0006          LRETR     ; [CPU_ALU] 
     609                      ; return occurs ; [] 
     610                      .dwattr $C$DW$39, DW_AT_TI_end_file("D:/TI/ccs/ccs/tools/compiler/ti-cgt-c2000_22.6.2.LTS/include/mat
     611                      .dwattr $C$DW$39, DW_AT_TI_end_line(0x110)
     612                      .dwattr $C$DW$39, DW_AT_TI_end_column(0x01)
     613                      .dwendentry
     614                      .dwendtag $C$DW$39
     615              
     616 00000000               .sect   ".text:__relaxed_atanf"
     617                      .clink
     618                      .global ||__relaxed_atanf||
     619              
     620              $C$DW$43        .dwtag  DW_TAG_subprogram
     621                      .dwattr $C$DW$43, DW_AT_name("__relaxed_atanf")
     622                      .dwattr $C$DW$43, DW_AT_low_pc(||__relaxed_atanf||)
     623                      .dwattr $C$DW$43, DW_AT_high_pc(0x00)
     624                      .dwattr $C$DW$43, DW_AT_linkage_name("__relaxed_atanf")
     625                      .dwattr $C$DW$43, DW_AT_external
     626                      .dwattr $C$DW$43, DW_AT_type(*$C$DW$T$16)
     627                      .dwattr $C$DW$43, DW_AT_decl_file("D:/TI/ccs/ccs/tools/compiler/ti-cgt-c2000_22.6.2.LTS/include/math.
     628                      .dwattr $C$DW$43, DW_AT_decl_line(0x112)
     629                      .dwattr $C$DW$43, DW_AT_decl_column(0x10)
     630                      .dwattr $C$DW$43, DW_AT_TI_max_frame_size(-2)
     631                      .dwpsn  file "D:/TI/ccs/ccs/tools/compiler/ti-cgt-c2000_22.6.2.LTS/include/math.h",line 275,column 1,
     632              
     633                      .dwfde $C$DW$CIE, ||__relaxed_atanf||
     634              $C$DW$44        .dwtag  DW_TAG_formal_parameter
     635                      .dwattr $C$DW$44, DW_AT_name("x")
TMS320C2000 Assembler PC v22.6.2 Thu Jan 22 11:16:47 2026

Copyright (c) 1996-2018 Texas Instruments Incorporated
speed_observer.asm                                                   PAGE   13

     636                      .dwattr $C$DW$44, DW_AT_type(*$C$DW$T$16)
     637                      .dwattr $C$DW$44, DW_AT_location[DW_OP_regx 0x2b]
     638              
     639              
     640              ;***************************************************************
     641              ;* FNAME: __relaxed_atanf               FR SIZE:   0           *
     642              ;*                                                             *
     643              ;* FUNCTION ENVIRONMENT                                        *
     644              ;*                                                             *
     645              ;* FUNCTION PROPERTIES                                         *
     646              ;*                            0 Parameter,  0 Auto,  0 SOE     *
     647              ;***************************************************************
     648              
     649              ||__relaxed_atanf||:
     650              ;* R0    assigned to x
     651              $C$DW$45        .dwtag  DW_TAG_variable
     652                      .dwattr $C$DW$45, DW_AT_name("x")
     653                      .dwattr $C$DW$45, DW_AT_type(*$C$DW$T$24)
     654                      .dwattr $C$DW$45, DW_AT_location[DW_OP_regx 0x2b]
     655              
     656                      .dwcfi  cfa_offset, -2
     657                      .dwcfi  save_reg_to_mem, 26, 0
     658                      .dwpsn  file "D:/TI/ccs/ccs/tools/compiler/ti-cgt-c2000_22.6.2.LTS/include/math.h",line 276,column 3,
     659 00000000 E801          MOVIZ     R1H,#16256            ; [CPU_FPU] |276| 
         00000001 FC01 
     660 00000002 E27C          QUADF32   R1H,R0H,R0H,R1H       ; [CPU_FPU] |276| 
         00000003 0201 
     661 00000004 7700          NOP       ; [CPU_ALU] 
     662 00000005 7700          NOP       ; [CPU_ALU] 
     663 00000006 7700          NOP       ; [CPU_ALU] 
     664 00000007 7700          NOP       ; [CPU_ALU] 
     665 00000008 E27A          ATANPUF32 R0H,R0H               ; [CPU_FPU] |276| 
         00000009 0000 
     666 0000000a 7700          NOP       ; [CPU_ALU] 
     667 0000000b 7700          NOP       ; [CPU_ALU] 
     668 0000000c 7700          NOP       ; [CPU_ALU] 
     669 0000000d E710          ADDF32    R0H,R0H,R1H           ; [CPU_FPU] |276| 
         0000000e 0040 
     670 0000000f 7700          NOP       ; [CPU_ALU] 
     671 00000010 7700          NOP       ; [CPU_ALU] 
     672 00000011 E270          MPY2PIF32 R0H,R0H               ; [CPU_FPU] |276| 
         00000012 0000 
     673 00000013 7700          NOP       ; [CPU_ALU] 
     674              $C$DW$46        .dwtag  DW_TAG_TI_branch
     675                      .dwattr $C$DW$46, DW_AT_low_pc(0x00)
     676                      .dwattr $C$DW$46, DW_AT_TI_return
     677              
     678 00000014 0006          LRETR     ; [CPU_ALU] 
     679                      ; return occurs ; [] 
     680                      .dwattr $C$DW$43, DW_AT_TI_end_file("D:/TI/ccs/ccs/tools/compiler/ti-cgt-c2000_22.6.2.LTS/include/mat
     681                      .dwattr $C$DW$43, DW_AT_TI_end_line(0x115)
     682                      .dwattr $C$DW$43, DW_AT_TI_end_column(0x01)
     683                      .dwendentry
     684                      .dwendtag $C$DW$43
     685              
TMS320C2000 Assembler PC v22.6.2 Thu Jan 22 11:16:47 2026

Copyright (c) 1996-2018 Texas Instruments Incorporated
speed_observer.asm                                                   PAGE   14

     686 00000000               .sect   ".text:__relaxed_atan2f"
     687                      .clink
     688                      .global ||__relaxed_atan2f||
     689              
     690              $C$DW$47        .dwtag  DW_TAG_subprogram
     691                      .dwattr $C$DW$47, DW_AT_name("__relaxed_atan2f")
     692                      .dwattr $C$DW$47, DW_AT_low_pc(||__relaxed_atan2f||)
     693                      .dwattr $C$DW$47, DW_AT_high_pc(0x00)
     694                      .dwattr $C$DW$47, DW_AT_linkage_name("__relaxed_atan2f")
     695                      .dwattr $C$DW$47, DW_AT_external
     696                      .dwattr $C$DW$47, DW_AT_type(*$C$DW$T$16)
     697                      .dwattr $C$DW$47, DW_AT_decl_file("D:/TI/ccs/ccs/tools/compiler/ti-cgt-c2000_22.6.2.LTS/include/math.
     698                      .dwattr $C$DW$47, DW_AT_decl_line(0x117)
     699                      .dwattr $C$DW$47, DW_AT_decl_column(0x10)
     700                      .dwattr $C$DW$47, DW_AT_TI_max_frame_size(-2)
     701                      .dwpsn  file "D:/TI/ccs/ccs/tools/compiler/ti-cgt-c2000_22.6.2.LTS/include/math.h",line 280,column 1,
     702              
     703                      .dwfde $C$DW$CIE, ||__relaxed_atan2f||
     704              $C$DW$48        .dwtag  DW_TAG_formal_parameter
     705                      .dwattr $C$DW$48, DW_AT_name("y")
     706                      .dwattr $C$DW$48, DW_AT_type(*$C$DW$T$16)
     707                      .dwattr $C$DW$48, DW_AT_location[DW_OP_regx 0x2b]
     708              
     709              $C$DW$49        .dwtag  DW_TAG_formal_parameter
     710                      .dwattr $C$DW$49, DW_AT_name("x")
     711                      .dwattr $C$DW$49, DW_AT_type(*$C$DW$T$16)
     712                      .dwattr $C$DW$49, DW_AT_location[DW_OP_regx 0x2f]
     713              
     714              
     715              ;***************************************************************
     716              ;* FNAME: __relaxed_atan2f              FR SIZE:   0           *
     717              ;*                                                             *
     718              ;* FUNCTION ENVIRONMENT                                        *
     719              ;*                                                             *
     720              ;* FUNCTION PROPERTIES                                         *
     721              ;*                            0 Parameter,  0 Auto,  0 SOE     *
     722              ;***************************************************************
     723              
     724              ||__relaxed_atan2f||:
     725              ;* R0    assigned to y
     726              $C$DW$50        .dwtag  DW_TAG_variable
     727                      .dwattr $C$DW$50, DW_AT_name("y")
     728                      .dwattr $C$DW$50, DW_AT_type(*$C$DW$T$24)
     729                      .dwattr $C$DW$50, DW_AT_location[DW_OP_regx 0x2b]
     730              
     731              ;* R1    assigned to x
     732              $C$DW$51        .dwtag  DW_TAG_variable
     733                      .dwattr $C$DW$51, DW_AT_name("x")
     734                      .dwattr $C$DW$51, DW_AT_type(*$C$DW$T$24)
     735                      .dwattr $C$DW$51, DW_AT_location[DW_OP_regx 0x2f]
     736              
     737                      .dwcfi  cfa_offset, -2
     738                      .dwcfi  save_reg_to_mem, 26, 0
     739                      .dwpsn  file "D:/TI/ccs/ccs/tools/compiler/ti-cgt-c2000_22.6.2.LTS/include/math.h",line 281,column 3,
     740 00000000 E27C          QUADF32   R1H,R0H,R0H,R1H       ; [CPU_FPU] |281| 
TMS320C2000 Assembler PC v22.6.2 Thu Jan 22 11:16:47 2026

Copyright (c) 1996-2018 Texas Instruments Incorporated
speed_observer.asm                                                   PAGE   15

         00000001 0201 
     741 00000002 7700          NOP       ; [CPU_ALU] 
     742 00000003 7700          NOP       ; [CPU_ALU] 
     743 00000004 7700          NOP       ; [CPU_ALU] 
     744 00000005 7700          NOP       ; [CPU_ALU] 
     745 00000006 E27A          ATANPUF32 R0H,R0H               ; [CPU_FPU] |281| 
         00000007 0000 
     746 00000008 7700          NOP       ; [CPU_ALU] 
     747 00000009 7700          NOP       ; [CPU_ALU] 
     748 0000000a 7700          NOP       ; [CPU_ALU] 
     749 0000000b E710          ADDF32    R0H,R0H,R1H           ; [CPU_FPU] |281| 
         0000000c 0040 
     750 0000000d 7700          NOP       ; [CPU_ALU] 
     751 0000000e 7700          NOP       ; [CPU_ALU] 
     752 0000000f E270          MPY2PIF32 R0H,R0H               ; [CPU_FPU] |281| 
         00000010 0000 
     753 00000011 7700          NOP       ; [CPU_ALU] 
     754              $C$DW$52        .dwtag  DW_TAG_TI_branch
     755                      .dwattr $C$DW$52, DW_AT_low_pc(0x00)
     756                      .dwattr $C$DW$52, DW_AT_TI_return
     757              
     758 00000012 0006          LRETR     ; [CPU_ALU] 
     759                      ; return occurs ; [] 
     760                      .dwattr $C$DW$47, DW_AT_TI_end_file("D:/TI/ccs/ccs/tools/compiler/ti-cgt-c2000_22.6.2.LTS/include/mat
     761                      .dwattr $C$DW$47, DW_AT_TI_end_line(0x11a)
     762                      .dwattr $C$DW$47, DW_AT_TI_end_column(0x01)
     763                      .dwendentry
     764                      .dwendtag $C$DW$47
     765              
     766 00000000               .sect   ".text:__isnormall"
     767                      .clink
     768                      .global ||__isnormall||
     769              
     770              $C$DW$53        .dwtag  DW_TAG_subprogram
     771                      .dwattr $C$DW$53, DW_AT_name("__isnormall")
     772                      .dwattr $C$DW$53, DW_AT_low_pc(||__isnormall||)
     773                      .dwattr $C$DW$53, DW_AT_high_pc(0x00)
     774                      .dwattr $C$DW$53, DW_AT_linkage_name("__isnormall")
     775                      .dwattr $C$DW$53, DW_AT_external
     776                      .dwattr $C$DW$53, DW_AT_type(*$C$DW$T$10)
     777                      .dwattr $C$DW$53, DW_AT_decl_file("D:/TI/ccs/ccs/tools/compiler/ti-cgt-c2000_22.6.2.LTS/include/_defs
     778                      .dwattr $C$DW$53, DW_AT_decl_line(0x167)
     779                      .dwattr $C$DW$53, DW_AT_decl_column(0x18)
     780                      .dwattr $C$DW$53, DW_AT_TI_max_frame_size(-6)
     781                      .dwpsn  file "D:/TI/ccs/ccs/tools/compiler/ti-cgt-c2000_22.6.2.LTS/include/_defs.h",line 360,column 1
     782              
     783                      .dwfde $C$DW$CIE, ||__isnormall||
     784              $C$DW$54        .dwtag  DW_TAG_formal_parameter
     785                      .dwattr $C$DW$54, DW_AT_name("e")
     786                      .dwattr $C$DW$54, DW_AT_type(*$C$DW$T$27)
     787                      .dwattr $C$DW$54, DW_AT_location[DW_OP_reg12]
     788              
     789              
     790              ;***************************************************************
     791              ;* FNAME: __isnormall                   FR SIZE:   4           *
TMS320C2000 Assembler PC v22.6.2 Thu Jan 22 11:16:47 2026

Copyright (c) 1996-2018 Texas Instruments Incorporated
speed_observer.asm                                                   PAGE   16

     792              ;*                                                             *
     793              ;* FUNCTION ENVIRONMENT                                        *
     794              ;*                                                             *
     795              ;* FUNCTION PROPERTIES                                         *
     796              ;*                            4 Parameter,  0 Auto,  0 SOE     *
     797              ;***************************************************************
     798              
     799              ||__isnormall||:
     800              ;* AR5   assigned to $O$C2
     801              ;* AR6   assigned to $O$S1
     802              ;* AR4   assigned to e
     803              $C$DW$55        .dwtag  DW_TAG_variable
     804                      .dwattr $C$DW$55, DW_AT_name("e")
     805                      .dwattr $C$DW$55, DW_AT_type(*$C$DW$T$28)
     806                      .dwattr $C$DW$55, DW_AT_location[DW_OP_reg12]
     807              
     808                      .dwcfi  cfa_offset, -2
     809                      .dwcfi  save_reg_to_mem, 26, 0
     810 00000000 FE04          ADDB      SP,#4                 ; [CPU_ARAU] 
     811                      .dwcfi  cfa_offset, -6
     812                      .dwpsn  file "D:/TI/ccs/ccs/tools/compiler/ti-cgt-c2000_22.6.2.LTS/include/_defs.h",line 360,column 3
     813 00000001 83C4          MOVL      XAR5,*+XAR4[0]        ; [CPU_ALU] |360| 
     814 00000002 8AD4          MOVL      XAR4,*+XAR4[2]        ; [CPU_ALU] |360| 
     815 00000003 BE00          MOVB      XAR6,#0               ; [CPU_ALU] |360| 
     816 00000004 28AC          MOV       T,#52                 ; [CPU_ALU] |360| 
         00000005 0034 
     817 00000006 A0AB          MOVL      P,XAR5                ; [CPU_ALU] |360| 
     818 00000007 A8A9          MOVL      ACC,XAR4              ; [CPU_ALU] |360| 
     819 00000008 C244          MOVL      *-SP[4],XAR6          ; [CPU_ALU] |360| 
     820 00000009 2B42          MOV       *-SP[2],#0            ; [CPU_ALU] |360| 
     821 0000000a 565B          LSR64     ACC:P,T               ; [CPU_ALU] |360| 
     822 0000000b 2B41          MOV       *-SP[1],#0            ; [CPU_FPU] |360| 
     823 0000000c 9000          ANDB      AL,#0                 ; [CPU_ALU] |360| 
     824 0000000d 9100          ANDB      AH,#0                 ; [CPU_ALU] |360| 
     825 0000000e 18AB          AND       PL,#2047              ; [CPU_ALU] |360| 
         0000000f 07FF 
     826 00000010 18AA          AND       PH,#0                 ; [CPU_ALU] |360| 
         00000011 0000 
     827              $C$DW$56        .dwtag  DW_TAG_TI_branch
     828                      .dwattr $C$DW$56, DW_AT_low_pc(0x00)
     829                      .dwattr $C$DW$56, DW_AT_name("__c28xabi_cmpull")
     830                      .dwattr $C$DW$56, DW_AT_TI_call
     831              
     832 00000012 7640!         LCR       #||__c28xabi_cmpull|| ; [CPU_ALU] |360| 
         00000013 0000 
     833                      ; call occurs [#||__c28xabi_cmpull||] ; [] |360| 
     834 00000014 BE00          MOVB      XAR6,#0               ; [CPU_ALU] |360| 
     835 00000015 5200          CMPB      AL,#0                 ; [CPU_ALU] |360| 
     836 00000016 610E          B         ||$C$L1||,EQ          ; [CPU_ALU] |360| 
     837                      ; branchcc occurs ; [] |360| 
     838 00000017 A0AB          MOVL      P,XAR5                ; [CPU_ALU] |360| 
     839 00000018 A8A9          MOVL      ACC,XAR4              ; [CPU_ALU] |360| 
     840 00000019 28AC          MOV       T,#48                 ; [CPU_ALU] |360| 
         0000001a 0030 
     841 0000001b 565B          LSR64     ACC:P,T               ; [CPU_ALU] |360| 
TMS320C2000 Assembler PC v22.6.2 Thu Jan 22 11:16:47 2026

Copyright (c) 1996-2018 Texas Instruments Incorporated
speed_observer.asm                                                   PAGE   17

     842 0000001c 18AB          AND       PL,#0x7ff0            ; [CPU_ALU] |360| 
         0000001d 7FF0 
     843 0000001e 80AB          MOVZ      AR7,PL                ; [CPU_ALU] |360| 
     844 0000001f FF20          MOV       ACC,#32752            ; [CPU_ALU] |360| 
         00000020 7FF0 
     845 00000021 0FA7          CMPL      ACC,XAR7              ; [CPU_ALU] |360| 
     846 00000022 56B0          MOVB      XAR6,#1,NEQ           ; [CPU_ALU] |360| 
         00000023 01A6 
     847 00000024       ||$C$L1||:    
     848 00000024 FE84          SUBB      SP,#4                 ; [CPU_ARAU] 
     849                      .dwcfi  cfa_offset, -2
     850 00000025 92A6          MOV       AL,AR6                ; [CPU_ALU] |360| 
     851              $C$DW$57        .dwtag  DW_TAG_TI_branch
     852                      .dwattr $C$DW$57, DW_AT_low_pc(0x00)
     853                      .dwattr $C$DW$57, DW_AT_TI_return
     854              
     855 00000026 0006          LRETR     ; [CPU_ALU] 
     856                      ; return occurs ; [] 
     857                      .dwattr $C$DW$53, DW_AT_TI_end_file("D:/TI/ccs/ccs/tools/compiler/ti-cgt-c2000_22.6.2.LTS/include/_de
     858                      .dwattr $C$DW$53, DW_AT_TI_end_line(0x169)
     859                      .dwattr $C$DW$53, DW_AT_TI_end_column(0x31)
     860                      .dwendentry
     861                      .dwendtag $C$DW$53
     862              
     863 00000000               .sect   ".text:__isnormalf"
     864                      .clink
     865                      .global ||__isnormalf||
     866              
     867              $C$DW$58        .dwtag  DW_TAG_subprogram
     868                      .dwattr $C$DW$58, DW_AT_name("__isnormalf")
     869                      .dwattr $C$DW$58, DW_AT_low_pc(||__isnormalf||)
     870                      .dwattr $C$DW$58, DW_AT_high_pc(0x00)
     871                      .dwattr $C$DW$58, DW_AT_linkage_name("__isnormalf")
     872                      .dwattr $C$DW$58, DW_AT_external
     873                      .dwattr $C$DW$58, DW_AT_type(*$C$DW$T$10)
     874                      .dwattr $C$DW$58, DW_AT_decl_file("D:/TI/ccs/ccs/tools/compiler/ti-cgt-c2000_22.6.2.LTS/include/_defs
     875                      .dwattr $C$DW$58, DW_AT_decl_line(0x163)
     876                      .dwattr $C$DW$58, DW_AT_decl_column(0x18)
     877                      .dwattr $C$DW$58, DW_AT_TI_max_frame_size(-2)
     878                      .dwpsn  file "D:/TI/ccs/ccs/tools/compiler/ti-cgt-c2000_22.6.2.LTS/include/_defs.h",line 356,column 1
     879              
     880                      .dwfde $C$DW$CIE, ||__isnormalf||
     881              $C$DW$59        .dwtag  DW_TAG_formal_parameter
     882                      .dwattr $C$DW$59, DW_AT_name("f")
     883                      .dwattr $C$DW$59, DW_AT_type(*$C$DW$T$16)
     884                      .dwattr $C$DW$59, DW_AT_location[DW_OP_regx 0x2b]
     885              
     886              
     887              ;***************************************************************
     888              ;* FNAME: __isnormalf                   FR SIZE:   0           *
     889              ;*                                                             *
     890              ;* FUNCTION ENVIRONMENT                                        *
     891              ;*                                                             *
     892              ;* FUNCTION PROPERTIES                                         *
     893              ;*                            0 Parameter,  0 Auto,  0 SOE     *
TMS320C2000 Assembler PC v22.6.2 Thu Jan 22 11:16:47 2026

Copyright (c) 1996-2018 Texas Instruments Incorporated
speed_observer.asm                                                   PAGE   18

     894              ;***************************************************************
     895              
     896              ||__isnormalf||:
     897              ;* PL    assigned to $O$K3
     898              ;* AR6   assigned to $O$S1
     899              ;* R0    assigned to f
     900              $C$DW$60        .dwtag  DW_TAG_variable
     901                      .dwattr $C$DW$60, DW_AT_name("f")
     902                      .dwattr $C$DW$60, DW_AT_type(*$C$DW$T$24)
     903                      .dwattr $C$DW$60, DW_AT_location[DW_OP_regx 0x2b]
     904              
     905                      .dwcfi  cfa_offset, -2
     906                      .dwcfi  save_reg_to_mem, 26, 0
     907                      .dwpsn  file "D:/TI/ccs/ccs/tools/compiler/ti-cgt-c2000_22.6.2.LTS/include/_defs.h",line 356,column 3
     908 00000000 BFAB          MOV32     P,R0H                 ; [CPU_FPU] |356| 
         00000001 0F12 
     909 00000002 28AC          MOV       T,#23                 ; [CPU_ALU] |356| 
         00000003 0017 
     910 00000004 A9A9          MOVL      ACC,P                 ; [CPU_ALU] |356| 
     911 00000005 BE00          MOVB      XAR6,#0               ; [CPU_ALU] |356| 
     912 00000006 5622          LSRL      ACC,T                 ; [CPU_ALU] |356| 
     913 00000007 90FF          ANDB      AL,#0xff              ; [CPU_ALU] |356| 
     914 00000008 6109          B         ||$C$L2||,EQ          ; [CPU_ALU] |356| 
     915                      ; branchcc occurs ; [] |356| 
     916 00000009 CCAA          AND       AL,PH,#0x7f80         ; [CPU_ALU] |356| 
         0000000a 7F80 
     917 0000000b 80A9          MOVZ      AR7,AL                ; [CPU_ALU] |356| 
     918 0000000c FF20          MOV       ACC,#32640            ; [CPU_ALU] |356| 
         0000000d 7F80 
     919 0000000e 0FA7          CMPL      ACC,XAR7              ; [CPU_ALU] |356| 
     920 0000000f 56B0          MOVB      XAR6,#1,NEQ           ; [CPU_ALU] |356| 
         00000010 01A6 
     921 00000011       ||$C$L2||:    
     922 00000011 92A6          MOV       AL,AR6                ; [CPU_ALU] |356| 
     923              $C$DW$61        .dwtag  DW_TAG_TI_branch
     924                      .dwattr $C$DW$61, DW_AT_low_pc(0x00)
     925                      .dwattr $C$DW$61, DW_AT_TI_return
     926              
     927 00000012 0006          LRETR     ; [CPU_ALU] 
     928                      ; return occurs ; [] 
     929                      .dwattr $C$DW$58, DW_AT_TI_end_file("D:/TI/ccs/ccs/tools/compiler/ti-cgt-c2000_22.6.2.LTS/include/_de
     930                      .dwattr $C$DW$58, DW_AT_TI_end_line(0x165)
     931                      .dwattr $C$DW$58, DW_AT_TI_end_column(0x2f)
     932                      .dwendentry
     933                      .dwendtag $C$DW$58
     934              
     935 00000000               .sect   ".text:__isnormal"
     936                      .clink
     937                      .global ||__isnormal||
     938              
     939              $C$DW$62        .dwtag  DW_TAG_subprogram
     940                      .dwattr $C$DW$62, DW_AT_name("__isnormal")
     941                      .dwattr $C$DW$62, DW_AT_low_pc(||__isnormal||)
     942                      .dwattr $C$DW$62, DW_AT_high_pc(0x00)
     943                      .dwattr $C$DW$62, DW_AT_linkage_name("__isnormal")
TMS320C2000 Assembler PC v22.6.2 Thu Jan 22 11:16:47 2026

Copyright (c) 1996-2018 Texas Instruments Incorporated
speed_observer.asm                                                   PAGE   19

     944                      .dwattr $C$DW$62, DW_AT_external
     945                      .dwattr $C$DW$62, DW_AT_type(*$C$DW$T$10)
     946                      .dwattr $C$DW$62, DW_AT_decl_file("D:/TI/ccs/ccs/tools/compiler/ti-cgt-c2000_22.6.2.LTS/include/_defs
     947                      .dwattr $C$DW$62, DW_AT_decl_line(0x15f)
     948                      .dwattr $C$DW$62, DW_AT_decl_column(0x18)
     949                      .dwattr $C$DW$62, DW_AT_TI_max_frame_size(-6)
     950                      .dwpsn  file "D:/TI/ccs/ccs/tools/compiler/ti-cgt-c2000_22.6.2.LTS/include/_defs.h",line 352,column 1
     951              
     952                      .dwfde $C$DW$CIE, ||__isnormal||
     953              $C$DW$63        .dwtag  DW_TAG_formal_parameter
     954                      .dwattr $C$DW$63, DW_AT_name("d")
     955                      .dwattr $C$DW$63, DW_AT_type(*$C$DW$T$25)
     956                      .dwattr $C$DW$63, DW_AT_location[DW_OP_reg12]
     957              
     958              
     959              ;***************************************************************
     960              ;* FNAME: __isnormal                    FR SIZE:   4           *
     961              ;*                                                             *
     962              ;* FUNCTION ENVIRONMENT                                        *
     963              ;*                                                             *
     964              ;* FUNCTION PROPERTIES                                         *
     965              ;*                            4 Parameter,  0 Auto,  0 SOE     *
     966              ;***************************************************************
     967              
     968              ||__isnormal||:
     969              ;* AR5   assigned to $O$C2
     970              ;* AR6   assigned to $O$S1
     971              ;* AR4   assigned to d
     972              $C$DW$64        .dwtag  DW_TAG_variable
     973                      .dwattr $C$DW$64, DW_AT_name("d")
     974                      .dwattr $C$DW$64, DW_AT_type(*$C$DW$T$26)
     975                      .dwattr $C$DW$64, DW_AT_location[DW_OP_reg12]
     976              
     977                      .dwcfi  cfa_offset, -2
     978                      .dwcfi  save_reg_to_mem, 26, 0
     979 00000000 FE04          ADDB      SP,#4                 ; [CPU_ARAU] 
     980                      .dwcfi  cfa_offset, -6
     981                      .dwpsn  file "D:/TI/ccs/ccs/tools/compiler/ti-cgt-c2000_22.6.2.LTS/include/_defs.h",line 352,column 3
     982 00000001 83C4          MOVL      XAR5,*+XAR4[0]        ; [CPU_ALU] |352| 
     983 00000002 8AD4          MOVL      XAR4,*+XAR4[2]        ; [CPU_ALU] |352| 
     984 00000003 BE00          MOVB      XAR6,#0               ; [CPU_ALU] |352| 
     985 00000004 28AC          MOV       T,#52                 ; [CPU_ALU] |352| 
         00000005 0034 
     986 00000006 A0AB          MOVL      P,XAR5                ; [CPU_ALU] |352| 
     987 00000007 A8A9          MOVL      ACC,XAR4              ; [CPU_ALU] |352| 
     988 00000008 C244          MOVL      *-SP[4],XAR6          ; [CPU_ALU] |352| 
     989 00000009 2B42          MOV       *-SP[2],#0            ; [CPU_ALU] |352| 
     990 0000000a 565B          LSR64     ACC:P,T               ; [CPU_ALU] |352| 
     991 0000000b 2B41          MOV       *-SP[1],#0            ; [CPU_FPU] |352| 
     992 0000000c 9000          ANDB      AL,#0                 ; [CPU_ALU] |352| 
     993 0000000d 9100          ANDB      AH,#0                 ; [CPU_ALU] |352| 
     994 0000000e 18AB          AND       PL,#2047              ; [CPU_ALU] |352| 
         0000000f 07FF 
     995 00000010 18AA          AND       PH,#0                 ; [CPU_ALU] |352| 
         00000011 0000 
TMS320C2000 Assembler PC v22.6.2 Thu Jan 22 11:16:47 2026

Copyright (c) 1996-2018 Texas Instruments Incorporated
speed_observer.asm                                                   PAGE   20

     996              $C$DW$65        .dwtag  DW_TAG_TI_branch
     997                      .dwattr $C$DW$65, DW_AT_low_pc(0x00)
     998                      .dwattr $C$DW$65, DW_AT_name("__c28xabi_cmpull")
     999                      .dwattr $C$DW$65, DW_AT_TI_call
    1000              
    1001 00000012 7640!         LCR       #||__c28xabi_cmpull|| ; [CPU_ALU] |352| 
         00000013 0000 
    1002                      ; call occurs [#||__c28xabi_cmpull||] ; [] |352| 
    1003 00000014 BE00          MOVB      XAR6,#0               ; [CPU_ALU] |352| 
    1004 00000015 5200          CMPB      AL,#0                 ; [CPU_ALU] |352| 
    1005 00000016 610E          B         ||$C$L3||,EQ          ; [CPU_ALU] |352| 
    1006                      ; branchcc occurs ; [] |352| 
    1007 00000017 A0AB          MOVL      P,XAR5                ; [CPU_ALU] |352| 
    1008 00000018 A8A9          MOVL      ACC,XAR4              ; [CPU_ALU] |352| 
    1009 00000019 28AC          MOV       T,#48                 ; [CPU_ALU] |352| 
         0000001a 0030 
    1010 0000001b 565B          LSR64     ACC:P,T               ; [CPU_ALU] |352| 
    1011 0000001c 18AB          AND       PL,#0x7ff0            ; [CPU_ALU] |352| 
         0000001d 7FF0 
    1012 0000001e 80AB          MOVZ      AR7,PL                ; [CPU_ALU] |352| 
    1013 0000001f FF20          MOV       ACC,#32752            ; [CPU_ALU] |352| 
         00000020 7FF0 
    1014 00000021 0FA7          CMPL      ACC,XAR7              ; [CPU_ALU] |352| 
    1015 00000022 56B0          MOVB      XAR6,#1,NEQ           ; [CPU_ALU] |352| 
         00000023 01A6 
    1016 00000024       ||$C$L3||:    
    1017 00000024 FE84          SUBB      SP,#4                 ; [CPU_ARAU] 
    1018                      .dwcfi  cfa_offset, -2
    1019 00000025 92A6          MOV       AL,AR6                ; [CPU_ALU] |352| 
    1020              $C$DW$66        .dwtag  DW_TAG_TI_branch
    1021                      .dwattr $C$DW$66, DW_AT_low_pc(0x00)
    1022                      .dwattr $C$DW$66, DW_AT_TI_return
    1023              
    1024 00000026 0006          LRETR     ; [CPU_ALU] 
    1025                      ; return occurs ; [] 
    1026                      .dwattr $C$DW$62, DW_AT_TI_end_file("D:/TI/ccs/ccs/tools/compiler/ti-cgt-c2000_22.6.2.LTS/include/_de
    1027                      .dwattr $C$DW$62, DW_AT_TI_end_line(0x161)
    1028                      .dwattr $C$DW$62, DW_AT_TI_end_column(0x30)
    1029                      .dwendentry
    1030                      .dwendtag $C$DW$62
    1031              
    1032 00000000               .sect   ".text:__isnanl"
    1033                      .clink
    1034                      .global ||__isnanl||
    1035              
    1036              $C$DW$67        .dwtag  DW_TAG_subprogram
    1037                      .dwattr $C$DW$67, DW_AT_name("__isnanl")
    1038                      .dwattr $C$DW$67, DW_AT_low_pc(||__isnanl||)
    1039                      .dwattr $C$DW$67, DW_AT_high_pc(0x00)
    1040                      .dwattr $C$DW$67, DW_AT_linkage_name("__isnanl")
    1041                      .dwattr $C$DW$67, DW_AT_external
    1042                      .dwattr $C$DW$67, DW_AT_type(*$C$DW$T$10)
    1043                      .dwattr $C$DW$67, DW_AT_decl_file("D:/TI/ccs/ccs/tools/compiler/ti-cgt-c2000_22.6.2.LTS/include/_defs
    1044                      .dwattr $C$DW$67, DW_AT_decl_line(0x15b)
    1045                      .dwattr $C$DW$67, DW_AT_decl_column(0x18)
TMS320C2000 Assembler PC v22.6.2 Thu Jan 22 11:16:47 2026

Copyright (c) 1996-2018 Texas Instruments Incorporated
speed_observer.asm                                                   PAGE   21

    1046                      .dwattr $C$DW$67, DW_AT_TI_max_frame_size(-6)
    1047                      .dwpsn  file "D:/TI/ccs/ccs/tools/compiler/ti-cgt-c2000_22.6.2.LTS/include/_defs.h",line 348,column 1
    1048              
    1049                      .dwfde $C$DW$CIE, ||__isnanl||
    1050              $C$DW$68        .dwtag  DW_TAG_formal_parameter
    1051                      .dwattr $C$DW$68, DW_AT_name("e")
    1052                      .dwattr $C$DW$68, DW_AT_type(*$C$DW$T$27)
    1053                      .dwattr $C$DW$68, DW_AT_location[DW_OP_reg12]
    1054              
    1055              
    1056              ;***************************************************************
    1057              ;* FNAME: __isnanl                      FR SIZE:   4           *
    1058              ;*                                                             *
    1059              ;* FUNCTION ENVIRONMENT                                        *
    1060              ;*                                                             *
    1061              ;* FUNCTION PROPERTIES                                         *
    1062              ;*                            4 Parameter,  0 Auto,  0 SOE     *
    1063              ;***************************************************************
    1064              
    1065              ||__isnanl||:
    1066              ;* AR7   assigned to $O$C2
    1067              ;* AR4   assigned to $O$S1
    1068              ;* AR4   assigned to e
    1069              $C$DW$69        .dwtag  DW_TAG_variable
    1070                      .dwattr $C$DW$69, DW_AT_name("e")
    1071                      .dwattr $C$DW$69, DW_AT_type(*$C$DW$T$28)
    1072                      .dwattr $C$DW$69, DW_AT_location[DW_OP_reg12]
    1073              
    1074                      .dwcfi  cfa_offset, -2
    1075                      .dwcfi  save_reg_to_mem, 26, 0
    1076 00000000 FE04          ADDB      SP,#4                 ; [CPU_ARAU] 
    1077                      .dwcfi  cfa_offset, -6
    1078                      .dwpsn  file "D:/TI/ccs/ccs/tools/compiler/ti-cgt-c2000_22.6.2.LTS/include/_defs.h",line 348,column 3
    1079 00000001 C5C4          MOVL      XAR7,*+XAR4[0]        ; [CPU_ALU] |348| 
    1080 00000002 06D4          MOVL      ACC,*+XAR4[2]         ; [CPU_ALU] |348| 
    1081 00000003 28AC          MOV       T,#48                 ; [CPU_ALU] |348| 
         00000004 0030 
    1082 00000005 1EA6          MOVL      XAR6,ACC              ; [CPU_ALU] |348| 
    1083 00000006 A3A7          MOVL      P,XAR7                ; [CPU_ALU] |348| 
    1084 00000007 D400          MOVB      XAR4,#0               ; [CPU_ALU] |348| 
    1085 00000008 565B          LSR64     ACC:P,T               ; [CPU_ALU] |348| 
    1086 00000009 2BAA          MOV       PH,#0                 ; [CPU_ALU] |348| 
    1087 0000000a 18AB          AND       PL,#0x7ff0            ; [CPU_ALU] |348| 
         0000000b 7FF0 
    1088 0000000c FF20          MOV       ACC,#32752            ; [CPU_ALU] |348| 
         0000000d 7FF0 
    1089 0000000e 0FAB          CMPL      ACC,P                 ; [CPU_ALU] |348| 
    1090 0000000f 6013          B         ||$C$L4||,NEQ         ; [CPU_ALU] |348| 
    1091                      ; branchcc occurs ; [] |348| 
    1092 00000010 06A6          MOVL      ACC,XAR6              ; [CPU_ALU] |348| 
    1093 00000011 A3A7          MOVL      P,XAR7                ; [CPU_ALU] |348| 
    1094 00000012 BE00          MOVB      XAR6,#0               ; [CPU_ALU] |348| 
    1095 00000013 18A9          AND       AL,#65535             ; [CPU_ALU] |348| 
         00000014 FFFF 
    1096 00000015 910F          ANDB      AH,#15                ; [CPU_ALU] |348| 
TMS320C2000 Assembler PC v22.6.2 Thu Jan 22 11:16:47 2026

Copyright (c) 1996-2018 Texas Instruments Incorporated
speed_observer.asm                                                   PAGE   22

    1097 00000016 18AB          AND       PL,#65535             ; [CPU_ALU] |348| 
         00000017 FFFF 
    1098 00000018 18AA          AND       PH,#65535             ; [CPU_ALU] |348| 
         00000019 FFFF 
    1099 0000001a C244          MOVL      *-SP[4],XAR6          ; [CPU_FPU] |348| 
    1100 0000001b 2B42          MOV       *-SP[2],#0            ; [CPU_FPU] |348| 
    1101 0000001c 2B41          MOV       *-SP[1],#0            ; [CPU_FPU] |348| 
    1102              $C$DW$70        .dwtag  DW_TAG_TI_branch
    1103                      .dwattr $C$DW$70, DW_AT_low_pc(0x00)
    1104                      .dwattr $C$DW$70, DW_AT_name("__c28xabi_cmpull")
    1105                      .dwattr $C$DW$70, DW_AT_TI_call
    1106              
    1107 0000001d 7640!         LCR       #||__c28xabi_cmpull|| ; [CPU_ALU] |348| 
         0000001e 0000 
    1108                      ; call occurs [#||__c28xabi_cmpull||] ; [] |348| 
    1109 0000001f 5200          CMPB      AL,#0                 ; [CPU_ALU] |348| 
    1110 00000020 56B0          MOVB      XAR4,#1,NEQ           ; [CPU_ALU] |348| 
         00000021 01A4 
    1111 00000022       ||$C$L4||:    
    1112 00000022 FE84          SUBB      SP,#4                 ; [CPU_ARAU] 
    1113                      .dwcfi  cfa_offset, -2
    1114 00000023 92A4          MOV       AL,AR4                ; [CPU_ALU] |348| 
    1115              $C$DW$71        .dwtag  DW_TAG_TI_branch
    1116                      .dwattr $C$DW$71, DW_AT_low_pc(0x00)
    1117                      .dwattr $C$DW$71, DW_AT_TI_return
    1118              
    1119 00000024 0006          LRETR     ; [CPU_ALU] 
    1120                      ; return occurs ; [] 
    1121                      .dwattr $C$DW$67, DW_AT_TI_end_file("D:/TI/ccs/ccs/tools/compiler/ti-cgt-c2000_22.6.2.LTS/include/_de
    1122                      .dwattr $C$DW$67, DW_AT_TI_end_line(0x15d)
    1123                      .dwattr $C$DW$67, DW_AT_TI_end_column(0x30)
    1124                      .dwendentry
    1125                      .dwendtag $C$DW$67
    1126              
    1127 00000000               .sect   ".text:__isnanf"
    1128                      .clink
    1129                      .global ||__isnanf||
    1130              
    1131              $C$DW$72        .dwtag  DW_TAG_subprogram
    1132                      .dwattr $C$DW$72, DW_AT_name("__isnanf")
    1133                      .dwattr $C$DW$72, DW_AT_low_pc(||__isnanf||)
    1134                      .dwattr $C$DW$72, DW_AT_high_pc(0x00)
    1135                      .dwattr $C$DW$72, DW_AT_linkage_name("__isnanf")
    1136                      .dwattr $C$DW$72, DW_AT_external
    1137                      .dwattr $C$DW$72, DW_AT_type(*$C$DW$T$10)
    1138                      .dwattr $C$DW$72, DW_AT_decl_file("D:/TI/ccs/ccs/tools/compiler/ti-cgt-c2000_22.6.2.LTS/include/_defs
    1139                      .dwattr $C$DW$72, DW_AT_decl_line(0x158)
    1140                      .dwattr $C$DW$72, DW_AT_decl_column(0x18)
    1141                      .dwattr $C$DW$72, DW_AT_TI_max_frame_size(-2)
    1142                      .dwpsn  file "D:/TI/ccs/ccs/tools/compiler/ti-cgt-c2000_22.6.2.LTS/include/_defs.h",line 345,column 1
    1143              
    1144                      .dwfde $C$DW$CIE, ||__isnanf||
    1145              $C$DW$73        .dwtag  DW_TAG_formal_parameter
    1146                      .dwattr $C$DW$73, DW_AT_name("f")
    1147                      .dwattr $C$DW$73, DW_AT_type(*$C$DW$T$16)
TMS320C2000 Assembler PC v22.6.2 Thu Jan 22 11:16:47 2026

Copyright (c) 1996-2018 Texas Instruments Incorporated
speed_observer.asm                                                   PAGE   23

    1148                      .dwattr $C$DW$73, DW_AT_location[DW_OP_regx 0x2b]
    1149              
    1150              
    1151              ;***************************************************************
    1152              ;* FNAME: __isnanf                      FR SIZE:   0           *
    1153              ;*                                                             *
    1154              ;* FUNCTION ENVIRONMENT                                        *
    1155              ;*                                                             *
    1156              ;* FUNCTION PROPERTIES                                         *
    1157              ;*                            0 Parameter,  0 Auto,  0 SOE     *
    1158              ;***************************************************************
    1159              
    1160              ||__isnanf||:
    1161              ;* PL    assigned to $O$K3
    1162              ;* AR6   assigned to $O$S1
    1163              ;* R0    assigned to f
    1164              $C$DW$74        .dwtag  DW_TAG_variable
    1165                      .dwattr $C$DW$74, DW_AT_name("f")
    1166                      .dwattr $C$DW$74, DW_AT_type(*$C$DW$T$24)
    1167                      .dwattr $C$DW$74, DW_AT_location[DW_OP_regx 0x2b]
    1168              
    1169                      .dwcfi  cfa_offset, -2
    1170                      .dwcfi  save_reg_to_mem, 26, 0
    1171                      .dwpsn  file "D:/TI/ccs/ccs/tools/compiler/ti-cgt-c2000_22.6.2.LTS/include/_defs.h",line 345,column 3
    1172 00000000 BFAB          MOV32     P,R0H                 ; [CPU_FPU] |345| 
         00000001 0F12 
    1173 00000002 CCAA          AND       AL,PH,#0x7f80         ; [CPU_ALU] |345| 
         00000003 7F80 
    1174 00000004 80A9          MOVZ      AR7,AL                ; [CPU_ALU] |345| 
    1175 00000005 BE00          MOVB      XAR6,#0               ; [CPU_ALU] |345| 
    1176 00000006 FF20          MOV       ACC,#32640            ; [CPU_ALU] |345| 
         00000007 7F80 
    1177 00000008 0FA7          CMPL      ACC,XAR7              ; [CPU_ALU] |345| 
    1178 00000009 6006          B         ||$C$L5||,NEQ         ; [CPU_ALU] |345| 
    1179                      ; branchcc occurs ; [] |345| 
    1180 0000000a A9A9          MOVL      ACC,P                 ; [CPU_ALU] |345| 
    1181 0000000b 917F          ANDB      AH,#127               ; [CPU_ALU] |345| 
    1182 0000000c FF58          TEST      ACC                   ; [CPU_ALU] |345| 
    1183 0000000d 56B0          MOVB      XAR6,#1,NEQ           ; [CPU_ALU] |345| 
         0000000e 01A6 
    1184 0000000f       ||$C$L5||:    
    1185 0000000f 92A6          MOV       AL,AR6                ; [CPU_ALU] |345| 
    1186              $C$DW$75        .dwtag  DW_TAG_TI_branch
    1187                      .dwattr $C$DW$75, DW_AT_low_pc(0x00)
    1188                      .dwattr $C$DW$75, DW_AT_TI_return
    1189              
    1190 00000010 0006          LRETR     ; [CPU_ALU] 
    1191                      ; return occurs ; [] 
    1192                      .dwattr $C$DW$72, DW_AT_TI_end_file("D:/TI/ccs/ccs/tools/compiler/ti-cgt-c2000_22.6.2.LTS/include/_de
    1193                      .dwattr $C$DW$72, DW_AT_TI_end_line(0x15a)
    1194                      .dwattr $C$DW$72, DW_AT_TI_end_column(0x2e)
    1195                      .dwendentry
    1196                      .dwendtag $C$DW$72
    1197              
    1198 00000000               .sect   ".text:__isnan"
TMS320C2000 Assembler PC v22.6.2 Thu Jan 22 11:16:47 2026

Copyright (c) 1996-2018 Texas Instruments Incorporated
speed_observer.asm                                                   PAGE   24

    1199                      .clink
    1200                      .global ||__isnan||
    1201              
    1202              $C$DW$76        .dwtag  DW_TAG_subprogram
    1203                      .dwattr $C$DW$76, DW_AT_name("__isnan")
    1204                      .dwattr $C$DW$76, DW_AT_low_pc(||__isnan||)
    1205                      .dwattr $C$DW$76, DW_AT_high_pc(0x00)
    1206                      .dwattr $C$DW$76, DW_AT_linkage_name("__isnan")
    1207                      .dwattr $C$DW$76, DW_AT_external
    1208                      .dwattr $C$DW$76, DW_AT_type(*$C$DW$T$10)
    1209                      .dwattr $C$DW$76, DW_AT_decl_file("D:/TI/ccs/ccs/tools/compiler/ti-cgt-c2000_22.6.2.LTS/include/_defs
    1210                      .dwattr $C$DW$76, DW_AT_decl_line(0x155)
    1211                      .dwattr $C$DW$76, DW_AT_decl_column(0x18)
    1212                      .dwattr $C$DW$76, DW_AT_TI_max_frame_size(-6)
    1213                      .dwpsn  file "D:/TI/ccs/ccs/tools/compiler/ti-cgt-c2000_22.6.2.LTS/include/_defs.h",line 342,column 1
    1214              
    1215                      .dwfde $C$DW$CIE, ||__isnan||
    1216              $C$DW$77        .dwtag  DW_TAG_formal_parameter
    1217                      .dwattr $C$DW$77, DW_AT_name("d")
    1218                      .dwattr $C$DW$77, DW_AT_type(*$C$DW$T$25)
    1219                      .dwattr $C$DW$77, DW_AT_location[DW_OP_reg12]
    1220              
    1221              
    1222              ;***************************************************************
    1223              ;* FNAME: __isnan                       FR SIZE:   4           *
    1224              ;*                                                             *
    1225              ;* FUNCTION ENVIRONMENT                                        *
    1226              ;*                                                             *
    1227              ;* FUNCTION PROPERTIES                                         *
    1228              ;*                            4 Parameter,  0 Auto,  0 SOE     *
    1229              ;***************************************************************
    1230              
    1231              ||__isnan||:
    1232              ;* AR7   assigned to $O$C2
    1233              ;* AR4   assigned to $O$S1
    1234              ;* AR4   assigned to d
    1235              $C$DW$78        .dwtag  DW_TAG_variable
    1236                      .dwattr $C$DW$78, DW_AT_name("d")
    1237                      .dwattr $C$DW$78, DW_AT_type(*$C$DW$T$26)
    1238                      .dwattr $C$DW$78, DW_AT_location[DW_OP_reg12]
    1239              
    1240                      .dwcfi  cfa_offset, -2
    1241                      .dwcfi  save_reg_to_mem, 26, 0
    1242 00000000 FE04          ADDB      SP,#4                 ; [CPU_ARAU] 
    1243                      .dwcfi  cfa_offset, -6
    1244                      .dwpsn  file "D:/TI/ccs/ccs/tools/compiler/ti-cgt-c2000_22.6.2.LTS/include/_defs.h",line 342,column 3
    1245 00000001 C5C4          MOVL      XAR7,*+XAR4[0]        ; [CPU_ALU] |342| 
    1246 00000002 06D4          MOVL      ACC,*+XAR4[2]         ; [CPU_ALU] |342| 
    1247 00000003 28AC          MOV       T,#48                 ; [CPU_ALU] |342| 
         00000004 0030 
    1248 00000005 1EA6          MOVL      XAR6,ACC              ; [CPU_ALU] |342| 
    1249 00000006 A3A7          MOVL      P,XAR7                ; [CPU_ALU] |342| 
    1250 00000007 D400          MOVB      XAR4,#0               ; [CPU_ALU] |342| 
    1251 00000008 565B          LSR64     ACC:P,T               ; [CPU_ALU] |342| 
    1252 00000009 2BAA          MOV       PH,#0                 ; [CPU_ALU] |342| 
TMS320C2000 Assembler PC v22.6.2 Thu Jan 22 11:16:47 2026

Copyright (c) 1996-2018 Texas Instruments Incorporated
speed_observer.asm                                                   PAGE   25

    1253 0000000a 18AB          AND       PL,#0x7ff0            ; [CPU_ALU] |342| 
         0000000b 7FF0 
    1254 0000000c FF20          MOV       ACC,#32752            ; [CPU_ALU] |342| 
         0000000d 7FF0 
    1255 0000000e 0FAB          CMPL      ACC,P                 ; [CPU_ALU] |342| 
    1256 0000000f 6013          B         ||$C$L6||,NEQ         ; [CPU_ALU] |342| 
    1257                      ; branchcc occurs ; [] |342| 
    1258 00000010 06A6          MOVL      ACC,XAR6              ; [CPU_ALU] |342| 
    1259 00000011 A3A7          MOVL      P,XAR7                ; [CPU_ALU] |342| 
    1260 00000012 BE00          MOVB      XAR6,#0               ; [CPU_ALU] |342| 
    1261 00000013 18A9          AND       AL,#65535             ; [CPU_ALU] |342| 
         00000014 FFFF 
    1262 00000015 910F          ANDB      AH,#15                ; [CPU_ALU] |342| 
    1263 00000016 18AB          AND       PL,#65535             ; [CPU_ALU] |342| 
         00000017 FFFF 
    1264 00000018 18AA          AND       PH,#65535             ; [CPU_ALU] |342| 
         00000019 FFFF 
    1265 0000001a C244          MOVL      *-SP[4],XAR6          ; [CPU_FPU] |342| 
    1266 0000001b 2B42          MOV       *-SP[2],#0            ; [CPU_FPU] |342| 
    1267 0000001c 2B41          MOV       *-SP[1],#0            ; [CPU_FPU] |342| 
    1268              $C$DW$79        .dwtag  DW_TAG_TI_branch
    1269                      .dwattr $C$DW$79, DW_AT_low_pc(0x00)
    1270                      .dwattr $C$DW$79, DW_AT_name("__c28xabi_cmpull")
    1271                      .dwattr $C$DW$79, DW_AT_TI_call
    1272              
    1273 0000001d 7640!         LCR       #||__c28xabi_cmpull|| ; [CPU_ALU] |342| 
         0000001e 0000 
    1274                      ; call occurs [#||__c28xabi_cmpull||] ; [] |342| 
    1275 0000001f 5200          CMPB      AL,#0                 ; [CPU_ALU] |342| 
    1276 00000020 56B0          MOVB      XAR4,#1,NEQ           ; [CPU_ALU] |342| 
         00000021 01A4 
    1277 00000022       ||$C$L6||:    
    1278 00000022 FE84          SUBB      SP,#4                 ; [CPU_ARAU] 
    1279                      .dwcfi  cfa_offset, -2
    1280 00000023 92A4          MOV       AL,AR4                ; [CPU_ALU] |342| 
    1281              $C$DW$80        .dwtag  DW_TAG_TI_branch
    1282                      .dwattr $C$DW$80, DW_AT_low_pc(0x00)
    1283                      .dwattr $C$DW$80, DW_AT_TI_return
    1284              
    1285 00000024 0006          LRETR     ; [CPU_ALU] 
    1286                      ; return occurs ; [] 
    1287                      .dwattr $C$DW$76, DW_AT_TI_end_file("D:/TI/ccs/ccs/tools/compiler/ti-cgt-c2000_22.6.2.LTS/include/_de
    1288                      .dwattr $C$DW$76, DW_AT_TI_end_line(0x157)
    1289                      .dwattr $C$DW$76, DW_AT_TI_end_column(0x2f)
    1290                      .dwendentry
    1291                      .dwendtag $C$DW$76
    1292              
    1293 00000000               .sect   ".text:__isinfl"
    1294                      .clink
    1295                      .global ||__isinfl||
    1296              
    1297              $C$DW$81        .dwtag  DW_TAG_subprogram
    1298                      .dwattr $C$DW$81, DW_AT_name("__isinfl")
    1299                      .dwattr $C$DW$81, DW_AT_low_pc(||__isinfl||)
    1300                      .dwattr $C$DW$81, DW_AT_high_pc(0x00)
TMS320C2000 Assembler PC v22.6.2 Thu Jan 22 11:16:47 2026

Copyright (c) 1996-2018 Texas Instruments Incorporated
speed_observer.asm                                                   PAGE   26

    1301                      .dwattr $C$DW$81, DW_AT_linkage_name("__isinfl")
    1302                      .dwattr $C$DW$81, DW_AT_external
    1303                      .dwattr $C$DW$81, DW_AT_type(*$C$DW$T$10)
    1304                      .dwattr $C$DW$81, DW_AT_decl_file("D:/TI/ccs/ccs/tools/compiler/ti-cgt-c2000_22.6.2.LTS/include/_defs
    1305                      .dwattr $C$DW$81, DW_AT_decl_line(0x17a)
    1306                      .dwattr $C$DW$81, DW_AT_decl_column(0x18)
    1307                      .dwattr $C$DW$81, DW_AT_TI_max_frame_size(-6)
    1308                      .dwpsn  file "D:/TI/ccs/ccs/tools/compiler/ti-cgt-c2000_22.6.2.LTS/include/_defs.h",line 379,column 1
    1309              
    1310                      .dwfde $C$DW$CIE, ||__isinfl||
    1311              $C$DW$82        .dwtag  DW_TAG_formal_parameter
    1312                      .dwattr $C$DW$82, DW_AT_name("e")
    1313                      .dwattr $C$DW$82, DW_AT_type(*$C$DW$T$27)
    1314                      .dwattr $C$DW$82, DW_AT_location[DW_OP_reg12]
    1315              
    1316              
    1317              ;***************************************************************
    1318              ;* FNAME: __isinfl                      FR SIZE:   4           *
    1319              ;*                                                             *
    1320              ;* FUNCTION ENVIRONMENT                                        *
    1321              ;*                                                             *
    1322              ;* FUNCTION PROPERTIES                                         *
    1323              ;*                            4 Parameter,  0 Auto,  0 SOE     *
    1324              ;***************************************************************
    1325              
    1326              ||__isinfl||:
    1327              ;* AR7   assigned to $O$C2
    1328              ;* AR4   assigned to $O$S1
    1329              ;* AR4   assigned to e
    1330              $C$DW$83        .dwtag  DW_TAG_variable
    1331                      .dwattr $C$DW$83, DW_AT_name("e")
    1332                      .dwattr $C$DW$83, DW_AT_type(*$C$DW$T$28)
    1333                      .dwattr $C$DW$83, DW_AT_location[DW_OP_reg12]
    1334              
    1335                      .dwcfi  cfa_offset, -2
    1336                      .dwcfi  save_reg_to_mem, 26, 0
    1337 00000000 FE04          ADDB      SP,#4                 ; [CPU_ARAU] 
    1338                      .dwcfi  cfa_offset, -6
    1339                      .dwpsn  file "D:/TI/ccs/ccs/tools/compiler/ti-cgt-c2000_22.6.2.LTS/include/_defs.h",line 379,column 3
    1340 00000001 C5C4          MOVL      XAR7,*+XAR4[0]        ; [CPU_ALU] |379| 
    1341 00000002 06D4          MOVL      ACC,*+XAR4[2]         ; [CPU_ALU] |379| 
    1342 00000003 28AC          MOV       T,#48                 ; [CPU_ALU] |379| 
         00000004 0030 
    1343 00000005 1EA6          MOVL      XAR6,ACC              ; [CPU_ALU] |379| 
    1344 00000006 A3A7          MOVL      P,XAR7                ; [CPU_ALU] |379| 
    1345 00000007 D400          MOVB      XAR4,#0               ; [CPU_ALU] |379| 
    1346 00000008 565B          LSR64     ACC:P,T               ; [CPU_ALU] |379| 
    1347 00000009 2BAA          MOV       PH,#0                 ; [CPU_ALU] |379| 
    1348 0000000a 18AB          AND       PL,#0x7ff0            ; [CPU_ALU] |379| 
         0000000b 7FF0 
    1349 0000000c FF20          MOV       ACC,#32752            ; [CPU_ALU] |379| 
         0000000d 7FF0 
    1350 0000000e 0FAB          CMPL      ACC,P                 ; [CPU_ALU] |379| 
    1351 0000000f 6013          B         ||$C$L7||,NEQ         ; [CPU_ALU] |379| 
    1352                      ; branchcc occurs ; [] |379| 
TMS320C2000 Assembler PC v22.6.2 Thu Jan 22 11:16:47 2026

Copyright (c) 1996-2018 Texas Instruments Incorporated
speed_observer.asm                                                   PAGE   27

    1353 00000010 06A6          MOVL      ACC,XAR6              ; [CPU_ALU] |379| 
    1354 00000011 A3A7          MOVL      P,XAR7                ; [CPU_ALU] |379| 
    1355 00000012 BE00          MOVB      XAR6,#0               ; [CPU_ALU] |379| 
    1356 00000013 18A9          AND       AL,#65535             ; [CPU_ALU] |379| 
         00000014 FFFF 
    1357 00000015 910F          ANDB      AH,#15                ; [CPU_ALU] |379| 
    1358 00000016 18AB          AND       PL,#65535             ; [CPU_ALU] |379| 
         00000017 FFFF 
    1359 00000018 18AA          AND       PH,#65535             ; [CPU_ALU] |379| 
         00000019 FFFF 
    1360 0000001a C244          MOVL      *-SP[4],XAR6          ; [CPU_FPU] |379| 
    1361 0000001b 2B42          MOV       *-SP[2],#0            ; [CPU_FPU] |379| 
    1362 0000001c 2B41          MOV       *-SP[1],#0            ; [CPU_FPU] |379| 
    1363              $C$DW$84        .dwtag  DW_TAG_TI_branch
    1364                      .dwattr $C$DW$84, DW_AT_low_pc(0x00)
    1365                      .dwattr $C$DW$84, DW_AT_name("__c28xabi_cmpull")
    1366                      .dwattr $C$DW$84, DW_AT_TI_call
    1367              
    1368 0000001d 7640!         LCR       #||__c28xabi_cmpull|| ; [CPU_ALU] |379| 
         0000001e 0000 
    1369                      ; call occurs [#||__c28xabi_cmpull||] ; [] |379| 
    1370 0000001f 5200          CMPB      AL,#0                 ; [CPU_ALU] |379| 
    1371 00000020 56B1          MOVB      XAR4,#1,EQ            ; [CPU_ALU] |379| 
         00000021 01A4 
    1372 00000022       ||$C$L7||:    
    1373 00000022 FE84          SUBB      SP,#4                 ; [CPU_ARAU] 
    1374                      .dwcfi  cfa_offset, -2
    1375 00000023 92A4          MOV       AL,AR4                ; [CPU_ALU] |379| 
    1376              $C$DW$85        .dwtag  DW_TAG_TI_branch
    1377                      .dwattr $C$DW$85, DW_AT_low_pc(0x00)
    1378                      .dwattr $C$DW$85, DW_AT_TI_return
    1379              
    1380 00000024 0006          LRETR     ; [CPU_ALU] 
    1381                      ; return occurs ; [] 
    1382                      .dwattr $C$DW$81, DW_AT_TI_end_file("D:/TI/ccs/ccs/tools/compiler/ti-cgt-c2000_22.6.2.LTS/include/_de
    1383                      .dwattr $C$DW$81, DW_AT_TI_end_line(0x17b)
    1384                      .dwattr $C$DW$81, DW_AT_TI_end_column(0x4c)
    1385                      .dwendentry
    1386                      .dwendtag $C$DW$81
    1387              
    1388 00000000               .sect   ".text:__isinff"
    1389                      .clink
    1390                      .global ||__isinff||
    1391              
    1392              $C$DW$86        .dwtag  DW_TAG_subprogram
    1393                      .dwattr $C$DW$86, DW_AT_name("__isinff")
    1394                      .dwattr $C$DW$86, DW_AT_low_pc(||__isinff||)
    1395                      .dwattr $C$DW$86, DW_AT_high_pc(0x00)
    1396                      .dwattr $C$DW$86, DW_AT_linkage_name("__isinff")
    1397                      .dwattr $C$DW$86, DW_AT_external
    1398                      .dwattr $C$DW$86, DW_AT_type(*$C$DW$T$10)
    1399                      .dwattr $C$DW$86, DW_AT_decl_file("D:/TI/ccs/ccs/tools/compiler/ti-cgt-c2000_22.6.2.LTS/include/_defs
    1400                      .dwattr $C$DW$86, DW_AT_decl_line(0x176)
    1401                      .dwattr $C$DW$86, DW_AT_decl_column(0x18)
    1402                      .dwattr $C$DW$86, DW_AT_TI_max_frame_size(-2)
TMS320C2000 Assembler PC v22.6.2 Thu Jan 22 11:16:47 2026

Copyright (c) 1996-2018 Texas Instruments Incorporated
speed_observer.asm                                                   PAGE   28

    1403                      .dwpsn  file "D:/TI/ccs/ccs/tools/compiler/ti-cgt-c2000_22.6.2.LTS/include/_defs.h",line 375,column 1
    1404              
    1405                      .dwfde $C$DW$CIE, ||__isinff||
    1406              $C$DW$87        .dwtag  DW_TAG_formal_parameter
    1407                      .dwattr $C$DW$87, DW_AT_name("f")
    1408                      .dwattr $C$DW$87, DW_AT_type(*$C$DW$T$16)
    1409                      .dwattr $C$DW$87, DW_AT_location[DW_OP_regx 0x2b]
    1410              
    1411              
    1412              ;***************************************************************
    1413              ;* FNAME: __isinff                      FR SIZE:   0           *
    1414              ;*                                                             *
    1415              ;* FUNCTION ENVIRONMENT                                        *
    1416              ;*                                                             *
    1417              ;* FUNCTION PROPERTIES                                         *
    1418              ;*                            0 Parameter,  0 Auto,  0 SOE     *
    1419              ;***************************************************************
    1420              
    1421              ||__isinff||:
    1422              ;* PL    assigned to $O$K3
    1423              ;* AR6   assigned to $O$S1
    1424              ;* R0    assigned to f
    1425              $C$DW$88        .dwtag  DW_TAG_variable
    1426                      .dwattr $C$DW$88, DW_AT_name("f")
    1427                      .dwattr $C$DW$88, DW_AT_type(*$C$DW$T$24)
    1428                      .dwattr $C$DW$88, DW_AT_location[DW_OP_regx 0x2b]
    1429              
    1430                      .dwcfi  cfa_offset, -2
    1431                      .dwcfi  save_reg_to_mem, 26, 0
    1432                      .dwpsn  file "D:/TI/ccs/ccs/tools/compiler/ti-cgt-c2000_22.6.2.LTS/include/_defs.h",line 375,column 3
    1433 00000000 BFAB          MOV32     P,R0H                 ; [CPU_FPU] |375| 
         00000001 0F12 
    1434 00000002 CCAA          AND       AL,PH,#0x7f80         ; [CPU_ALU] |375| 
         00000003 7F80 
    1435 00000004 80A9          MOVZ      AR7,AL                ; [CPU_ALU] |375| 
    1436 00000005 BE00          MOVB      XAR6,#0               ; [CPU_ALU] |375| 
    1437 00000006 FF20          MOV       ACC,#32640            ; [CPU_ALU] |375| 
         00000007 7F80 
    1438 00000008 0FA7          CMPL      ACC,XAR7              ; [CPU_ALU] |375| 
    1439 00000009 6006          B         ||$C$L8||,NEQ         ; [CPU_ALU] |375| 
    1440                      ; branchcc occurs ; [] |375| 
    1441 0000000a A9A9          MOVL      ACC,P                 ; [CPU_ALU] |375| 
    1442 0000000b 917F          ANDB      AH,#127               ; [CPU_ALU] |375| 
    1443 0000000c FF58          TEST      ACC                   ; [CPU_ALU] |375| 
    1444 0000000d 56B1          MOVB      XAR6,#1,EQ            ; [CPU_ALU] |375| 
         0000000e 01A6 
    1445 0000000f       ||$C$L8||:    
    1446 0000000f 92A6          MOV       AL,AR6                ; [CPU_ALU] |375| 
    1447              $C$DW$89        .dwtag  DW_TAG_TI_branch
    1448                      .dwattr $C$DW$89, DW_AT_low_pc(0x00)
    1449                      .dwattr $C$DW$89, DW_AT_TI_return
    1450              
    1451 00000010 0006          LRETR     ; [CPU_ALU] 
    1452                      ; return occurs ; [] 
    1453                      .dwattr $C$DW$86, DW_AT_TI_end_file("D:/TI/ccs/ccs/tools/compiler/ti-cgt-c2000_22.6.2.LTS/include/_de
TMS320C2000 Assembler PC v22.6.2 Thu Jan 22 11:16:47 2026

Copyright (c) 1996-2018 Texas Instruments Incorporated
speed_observer.asm                                                   PAGE   29

    1454                      .dwattr $C$DW$86, DW_AT_TI_end_line(0x177)
    1455                      .dwattr $C$DW$86, DW_AT_TI_end_column(0x48)
    1456                      .dwendentry
    1457                      .dwendtag $C$DW$86
    1458              
    1459 00000000               .sect   ".text:__isinf"
    1460                      .clink
    1461                      .global ||__isinf||
    1462              
    1463              $C$DW$90        .dwtag  DW_TAG_subprogram
    1464                      .dwattr $C$DW$90, DW_AT_name("__isinf")
    1465                      .dwattr $C$DW$90, DW_AT_low_pc(||__isinf||)
    1466                      .dwattr $C$DW$90, DW_AT_high_pc(0x00)
    1467                      .dwattr $C$DW$90, DW_AT_linkage_name("__isinf")
    1468                      .dwattr $C$DW$90, DW_AT_external
    1469                      .dwattr $C$DW$90, DW_AT_type(*$C$DW$T$10)
    1470                      .dwattr $C$DW$90, DW_AT_decl_file("D:/TI/ccs/ccs/tools/compiler/ti-cgt-c2000_22.6.2.LTS/include/_defs
    1471                      .dwattr $C$DW$90, DW_AT_decl_line(0x178)
    1472                      .dwattr $C$DW$90, DW_AT_decl_column(0x18)
    1473                      .dwattr $C$DW$90, DW_AT_TI_max_frame_size(-6)
    1474                      .dwpsn  file "D:/TI/ccs/ccs/tools/compiler/ti-cgt-c2000_22.6.2.LTS/include/_defs.h",line 377,column 1
    1475              
    1476                      .dwfde $C$DW$CIE, ||__isinf||
    1477              $C$DW$91        .dwtag  DW_TAG_formal_parameter
    1478                      .dwattr $C$DW$91, DW_AT_name("d")
    1479                      .dwattr $C$DW$91, DW_AT_type(*$C$DW$T$25)
    1480                      .dwattr $C$DW$91, DW_AT_location[DW_OP_reg12]
    1481              
    1482              
    1483              ;***************************************************************
    1484              ;* FNAME: __isinf                       FR SIZE:   4           *
    1485              ;*                                                             *
    1486              ;* FUNCTION ENVIRONMENT                                        *
    1487              ;*                                                             *
    1488              ;* FUNCTION PROPERTIES                                         *
    1489              ;*                            4 Parameter,  0 Auto,  0 SOE     *
    1490              ;***************************************************************
    1491              
    1492              ||__isinf||:
    1493              ;* AR7   assigned to $O$C2
    1494              ;* AR4   assigned to $O$S1
    1495              ;* AR4   assigned to d
    1496              $C$DW$92        .dwtag  DW_TAG_variable
    1497                      .dwattr $C$DW$92, DW_AT_name("d")
    1498                      .dwattr $C$DW$92, DW_AT_type(*$C$DW$T$26)
    1499                      .dwattr $C$DW$92, DW_AT_location[DW_OP_reg12]
    1500              
    1501                      .dwcfi  cfa_offset, -2
    1502                      .dwcfi  save_reg_to_mem, 26, 0
    1503 00000000 FE04          ADDB      SP,#4                 ; [CPU_ARAU] 
    1504                      .dwcfi  cfa_offset, -6
    1505                      .dwpsn  file "D:/TI/ccs/ccs/tools/compiler/ti-cgt-c2000_22.6.2.LTS/include/_defs.h",line 377,column 3
    1506 00000001 C5C4          MOVL      XAR7,*+XAR4[0]        ; [CPU_ALU] |377| 
    1507 00000002 06D4          MOVL      ACC,*+XAR4[2]         ; [CPU_ALU] |377| 
    1508 00000003 28AC          MOV       T,#48                 ; [CPU_ALU] |377| 
TMS320C2000 Assembler PC v22.6.2 Thu Jan 22 11:16:47 2026

Copyright (c) 1996-2018 Texas Instruments Incorporated
speed_observer.asm                                                   PAGE   30

         00000004 0030 
    1509 00000005 1EA6          MOVL      XAR6,ACC              ; [CPU_ALU] |377| 
    1510 00000006 A3A7          MOVL      P,XAR7                ; [CPU_ALU] |377| 
    1511 00000007 D400          MOVB      XAR4,#0               ; [CPU_ALU] |377| 
    1512 00000008 565B          LSR64     ACC:P,T               ; [CPU_ALU] |377| 
    1513 00000009 2BAA          MOV       PH,#0                 ; [CPU_ALU] |377| 
    1514 0000000a 18AB          AND       PL,#0x7ff0            ; [CPU_ALU] |377| 
         0000000b 7FF0 
    1515 0000000c FF20          MOV       ACC,#32752            ; [CPU_ALU] |377| 
         0000000d 7FF0 
    1516 0000000e 0FAB          CMPL      ACC,P                 ; [CPU_ALU] |377| 
    1517 0000000f 6013          B         ||$C$L9||,NEQ         ; [CPU_ALU] |377| 
    1518                      ; branchcc occurs ; [] |377| 
    1519 00000010 06A6          MOVL      ACC,XAR6              ; [CPU_ALU] |377| 
    1520 00000011 A3A7          MOVL      P,XAR7                ; [CPU_ALU] |377| 
    1521 00000012 BE00          MOVB      XAR6,#0               ; [CPU_ALU] |377| 
    1522 00000013 18A9          AND       AL,#65535             ; [CPU_ALU] |377| 
         00000014 FFFF 
    1523 00000015 910F          ANDB      AH,#15                ; [CPU_ALU] |377| 
    1524 00000016 18AB          AND       PL,#65535             ; [CPU_ALU] |377| 
         00000017 FFFF 
    1525 00000018 18AA          AND       PH,#65535             ; [CPU_ALU] |377| 
         00000019 FFFF 
    1526 0000001a C244          MOVL      *-SP[4],XAR6          ; [CPU_FPU] |377| 
    1527 0000001b 2B42          MOV       *-SP[2],#0            ; [CPU_FPU] |377| 
    1528 0000001c 2B41          MOV       *-SP[1],#0            ; [CPU_FPU] |377| 
    1529              $C$DW$93        .dwtag  DW_TAG_TI_branch
    1530                      .dwattr $C$DW$93, DW_AT_low_pc(0x00)
    1531                      .dwattr $C$DW$93, DW_AT_name("__c28xabi_cmpull")
    1532                      .dwattr $C$DW$93, DW_AT_TI_call
    1533              
    1534 0000001d 7640!         LCR       #||__c28xabi_cmpull|| ; [CPU_ALU] |377| 
         0000001e 0000 
    1535                      ; call occurs [#||__c28xabi_cmpull||] ; [] |377| 
    1536 0000001f 5200          CMPB      AL,#0                 ; [CPU_ALU] |377| 
    1537 00000020 56B1          MOVB      XAR4,#1,EQ            ; [CPU_ALU] |377| 
         00000021 01A4 
    1538 00000022       ||$C$L9||:    
    1539 00000022 FE84          SUBB      SP,#4                 ; [CPU_ARAU] 
    1540                      .dwcfi  cfa_offset, -2
    1541 00000023 92A4          MOV       AL,AR4                ; [CPU_ALU] |377| 
    1542              $C$DW$94        .dwtag  DW_TAG_TI_branch
    1543                      .dwattr $C$DW$94, DW_AT_low_pc(0x00)
    1544                      .dwattr $C$DW$94, DW_AT_TI_return
    1545              
    1546 00000024 0006          LRETR     ; [CPU_ALU] 
    1547                      ; return occurs ; [] 
    1548                      .dwattr $C$DW$90, DW_AT_TI_end_file("D:/TI/ccs/ccs/tools/compiler/ti-cgt-c2000_22.6.2.LTS/include/_de
    1549                      .dwattr $C$DW$90, DW_AT_TI_end_line(0x179)
    1550                      .dwattr $C$DW$90, DW_AT_TI_end_column(0x4a)
    1551                      .dwendentry
    1552                      .dwendtag $C$DW$90
    1553              
    1554 00000000               .sect   ".text:__isfinitel"
    1555                      .clink
TMS320C2000 Assembler PC v22.6.2 Thu Jan 22 11:16:47 2026

Copyright (c) 1996-2018 Texas Instruments Incorporated
speed_observer.asm                                                   PAGE   31

    1556                      .global ||__isfinitel||
    1557              
    1558              $C$DW$95        .dwtag  DW_TAG_subprogram
    1559                      .dwattr $C$DW$95, DW_AT_name("__isfinitel")
    1560                      .dwattr $C$DW$95, DW_AT_low_pc(||__isfinitel||)
    1561                      .dwattr $C$DW$95, DW_AT_high_pc(0x00)
    1562                      .dwattr $C$DW$95, DW_AT_linkage_name("__isfinitel")
    1563                      .dwattr $C$DW$95, DW_AT_external
    1564                      .dwattr $C$DW$95, DW_AT_type(*$C$DW$T$10)
    1565                      .dwattr $C$DW$95, DW_AT_decl_file("D:/TI/ccs/ccs/tools/compiler/ti-cgt-c2000_22.6.2.LTS/include/_defs
    1566                      .dwattr $C$DW$95, DW_AT_decl_line(0x152)
    1567                      .dwattr $C$DW$95, DW_AT_decl_column(0x18)
    1568                      .dwattr $C$DW$95, DW_AT_TI_max_frame_size(-2)
    1569                      .dwpsn  file "D:/TI/ccs/ccs/tools/compiler/ti-cgt-c2000_22.6.2.LTS/include/_defs.h",line 339,column 1
    1570              
    1571                      .dwfde $C$DW$CIE, ||__isfinitel||
    1572              $C$DW$96        .dwtag  DW_TAG_formal_parameter
    1573                      .dwattr $C$DW$96, DW_AT_name("e")
    1574                      .dwattr $C$DW$96, DW_AT_type(*$C$DW$T$27)
    1575                      .dwattr $C$DW$96, DW_AT_location[DW_OP_reg12]
    1576              
    1577              
    1578              ;***************************************************************
    1579              ;* FNAME: __isfinitel                   FR SIZE:   0           *
    1580              ;*                                                             *
    1581              ;* FUNCTION ENVIRONMENT                                        *
    1582              ;*                                                             *
    1583              ;* FUNCTION PROPERTIES                                         *
    1584              ;*                            0 Parameter,  0 Auto,  0 SOE     *
    1585              ;***************************************************************
    1586              
    1587              ||__isfinitel||:
    1588              ;* AR4   assigned to e
    1589              $C$DW$97        .dwtag  DW_TAG_variable
    1590                      .dwattr $C$DW$97, DW_AT_name("e")
    1591                      .dwattr $C$DW$97, DW_AT_type(*$C$DW$T$28)
    1592                      .dwattr $C$DW$97, DW_AT_location[DW_OP_reg12]
    1593              
    1594                      .dwcfi  cfa_offset, -2
    1595                      .dwcfi  save_reg_to_mem, 26, 0
    1596                      .dwpsn  file "D:/TI/ccs/ccs/tools/compiler/ti-cgt-c2000_22.6.2.LTS/include/_defs.h",line 339,column 3
    1597 00000000 A3C4          MOVL      P,*+XAR4[0]           ; [CPU_ALU] |339| 
    1598 00000001 06D4          MOVL      ACC,*+XAR4[2]         ; [CPU_ALU] |339| 
    1599 00000002 28AC          MOV       T,#48                 ; [CPU_ALU] |339| 
         00000003 0030 
    1600 00000004 565B          LSR64     ACC:P,T               ; [CPU_ALU] |339| 
    1601 00000005 18AB          AND       PL,#0x7ff0            ; [CPU_ALU] |339| 
         00000006 7FF0 
    1602 00000007 80AB          MOVZ      AR7,PL                ; [CPU_ALU] |339| 
    1603 00000008 FF20          MOV       ACC,#32752            ; [CPU_ALU] |339| 
         00000009 7FF0 
    1604 0000000a BE00          MOVB      XAR6,#0               ; [CPU_ALU] |339| 
    1605 0000000b 0FA7          CMPL      ACC,XAR7              ; [CPU_ALU] |339| 
    1606 0000000c 56B0          MOVB      XAR6,#1,NEQ           ; [CPU_ALU] |339| 
         0000000d 01A6 
TMS320C2000 Assembler PC v22.6.2 Thu Jan 22 11:16:47 2026

Copyright (c) 1996-2018 Texas Instruments Incorporated
speed_observer.asm                                                   PAGE   32

    1607 0000000e 92A6          MOV       AL,AR6                ; [CPU_ALU] |339| 
    1608              $C$DW$98        .dwtag  DW_TAG_TI_branch
    1609                      .dwattr $C$DW$98, DW_AT_low_pc(0x00)
    1610                      .dwattr $C$DW$98, DW_AT_TI_return
    1611              
    1612 0000000f 0006          LRETR     ; [CPU_ALU] 
    1613                      ; return occurs ; [] 
    1614                      .dwattr $C$DW$95, DW_AT_TI_end_file("D:/TI/ccs/ccs/tools/compiler/ti-cgt-c2000_22.6.2.LTS/include/_de
    1615                      .dwattr $C$DW$95, DW_AT_TI_end_line(0x153)
    1616                      .dwattr $C$DW$95, DW_AT_TI_end_column(0x2f)
    1617                      .dwendentry
    1618                      .dwendtag $C$DW$95
    1619              
    1620 00000000               .sect   ".text:__isfinitef"
    1621                      .clink
    1622                      .global ||__isfinitef||
    1623              
    1624              $C$DW$99        .dwtag  DW_TAG_subprogram
    1625                      .dwattr $C$DW$99, DW_AT_name("__isfinitef")
    1626                      .dwattr $C$DW$99, DW_AT_low_pc(||__isfinitef||)
    1627                      .dwattr $C$DW$99, DW_AT_high_pc(0x00)
    1628                      .dwattr $C$DW$99, DW_AT_linkage_name("__isfinitef")
    1629                      .dwattr $C$DW$99, DW_AT_external
    1630                      .dwattr $C$DW$99, DW_AT_type(*$C$DW$T$10)
    1631                      .dwattr $C$DW$99, DW_AT_decl_file("D:/TI/ccs/ccs/tools/compiler/ti-cgt-c2000_22.6.2.LTS/include/_defs
    1632                      .dwattr $C$DW$99, DW_AT_decl_line(0x150)
    1633                      .dwattr $C$DW$99, DW_AT_decl_column(0x18)
    1634                      .dwattr $C$DW$99, DW_AT_TI_max_frame_size(-2)
    1635                      .dwpsn  file "D:/TI/ccs/ccs/tools/compiler/ti-cgt-c2000_22.6.2.LTS/include/_defs.h",line 337,column 1
    1636              
    1637                      .dwfde $C$DW$CIE, ||__isfinitef||
    1638              $C$DW$100       .dwtag  DW_TAG_formal_parameter
    1639                      .dwattr $C$DW$100, DW_AT_name("f")
    1640                      .dwattr $C$DW$100, DW_AT_type(*$C$DW$T$16)
    1641                      .dwattr $C$DW$100, DW_AT_location[DW_OP_regx 0x2b]
    1642              
    1643              
    1644              ;***************************************************************
    1645              ;* FNAME: __isfinitef                   FR SIZE:   0           *
    1646              ;*                                                             *
    1647              ;* FUNCTION ENVIRONMENT                                        *
    1648              ;*                                                             *
    1649              ;* FUNCTION PROPERTIES                                         *
    1650              ;*                            0 Parameter,  0 Auto,  0 SOE     *
    1651              ;***************************************************************
    1652              
    1653              ||__isfinitef||:
    1654              ;* R0    assigned to f
    1655              $C$DW$101       .dwtag  DW_TAG_variable
    1656                      .dwattr $C$DW$101, DW_AT_name("f")
    1657                      .dwattr $C$DW$101, DW_AT_type(*$C$DW$T$24)
    1658                      .dwattr $C$DW$101, DW_AT_location[DW_OP_regx 0x2b]
    1659              
    1660                      .dwcfi  cfa_offset, -2
    1661                      .dwcfi  save_reg_to_mem, 26, 0
TMS320C2000 Assembler PC v22.6.2 Thu Jan 22 11:16:47 2026

Copyright (c) 1996-2018 Texas Instruments Incorporated
speed_observer.asm                                                   PAGE   33

    1662                      .dwpsn  file "D:/TI/ccs/ccs/tools/compiler/ti-cgt-c2000_22.6.2.LTS/include/_defs.h",line 337,column 3
    1663 00000000 BFAB          MOV32     P,R0H                 ; [CPU_FPU] |337| 
         00000001 0F12 
    1664 00000002 18AA          AND       PH,#0x7f80            ; [CPU_ALU] |337| 
         00000003 7F80 
    1665 00000004 80AA          MOVZ      AR7,PH                ; [CPU_ALU] |337| 
    1666 00000005 FF20          MOV       ACC,#32640            ; [CPU_ALU] |337| 
         00000006 7F80 
    1667 00000007 BE00          MOVB      XAR6,#0               ; [CPU_ALU] |337| 
    1668 00000008 0FA7          CMPL      ACC,XAR7              ; [CPU_ALU] |337| 
    1669 00000009 56B0          MOVB      XAR6,#1,NEQ           ; [CPU_ALU] |337| 
         0000000a 01A6 
    1670 0000000b 92A6          MOV       AL,AR6                ; [CPU_ALU] |337| 
    1671              $C$DW$102       .dwtag  DW_TAG_TI_branch
    1672                      .dwattr $C$DW$102, DW_AT_low_pc(0x00)
    1673                      .dwattr $C$DW$102, DW_AT_TI_return
    1674              
    1675 0000000c 0006          LRETR     ; [CPU_ALU] 
    1676                      ; return occurs ; [] 
    1677                      .dwattr $C$DW$99, DW_AT_TI_end_file("D:/TI/ccs/ccs/tools/compiler/ti-cgt-c2000_22.6.2.LTS/include/_de
    1678                      .dwattr $C$DW$99, DW_AT_TI_end_line(0x151)
    1679                      .dwattr $C$DW$99, DW_AT_TI_end_column(0x2d)
    1680                      .dwendentry
    1681                      .dwendtag $C$DW$99
    1682              
    1683 00000000               .sect   ".text:__isfinite"
    1684                      .clink
    1685                      .global ||__isfinite||
    1686              
    1687              $C$DW$103       .dwtag  DW_TAG_subprogram
    1688                      .dwattr $C$DW$103, DW_AT_name("__isfinite")
    1689                      .dwattr $C$DW$103, DW_AT_low_pc(||__isfinite||)
    1690                      .dwattr $C$DW$103, DW_AT_high_pc(0x00)
    1691                      .dwattr $C$DW$103, DW_AT_linkage_name("__isfinite")
    1692                      .dwattr $C$DW$103, DW_AT_external
    1693                      .dwattr $C$DW$103, DW_AT_type(*$C$DW$T$10)
    1694                      .dwattr $C$DW$103, DW_AT_decl_file("D:/TI/ccs/ccs/tools/compiler/ti-cgt-c2000_22.6.2.LTS/include/_def
    1695                      .dwattr $C$DW$103, DW_AT_decl_line(0x14e)
    1696                      .dwattr $C$DW$103, DW_AT_decl_column(0x18)
    1697                      .dwattr $C$DW$103, DW_AT_TI_max_frame_size(-2)
    1698                      .dwpsn  file "D:/TI/ccs/ccs/tools/compiler/ti-cgt-c2000_22.6.2.LTS/include/_defs.h",line 335,column 1
    1699              
    1700                      .dwfde $C$DW$CIE, ||__isfinite||
    1701              $C$DW$104       .dwtag  DW_TAG_formal_parameter
    1702                      .dwattr $C$DW$104, DW_AT_name("d")
    1703                      .dwattr $C$DW$104, DW_AT_type(*$C$DW$T$25)
    1704                      .dwattr $C$DW$104, DW_AT_location[DW_OP_reg12]
    1705              
    1706              
    1707              ;***************************************************************
    1708              ;* FNAME: __isfinite                    FR SIZE:   0           *
    1709              ;*                                                             *
    1710              ;* FUNCTION ENVIRONMENT                                        *
    1711              ;*                                                             *
    1712              ;* FUNCTION PROPERTIES                                         *
TMS320C2000 Assembler PC v22.6.2 Thu Jan 22 11:16:47 2026

Copyright (c) 1996-2018 Texas Instruments Incorporated
speed_observer.asm                                                   PAGE   34

    1713              ;*                            0 Parameter,  0 Auto,  0 SOE     *
    1714              ;***************************************************************
    1715              
    1716              ||__isfinite||:
    1717              ;* AR4   assigned to d
    1718              $C$DW$105       .dwtag  DW_TAG_variable
    1719                      .dwattr $C$DW$105, DW_AT_name("d")
    1720                      .dwattr $C$DW$105, DW_AT_type(*$C$DW$T$26)
    1721                      .dwattr $C$DW$105, DW_AT_location[DW_OP_reg12]
    1722              
    1723                      .dwcfi  cfa_offset, -2
    1724                      .dwcfi  save_reg_to_mem, 26, 0
    1725                      .dwpsn  file "D:/TI/ccs/ccs/tools/compiler/ti-cgt-c2000_22.6.2.LTS/include/_defs.h",line 335,column 3
    1726 00000000 A3C4          MOVL      P,*+XAR4[0]           ; [CPU_ALU] |335| 
    1727 00000001 06D4          MOVL      ACC,*+XAR4[2]         ; [CPU_ALU] |335| 
    1728 00000002 28AC          MOV       T,#48                 ; [CPU_ALU] |335| 
         00000003 0030 
    1729 00000004 565B          LSR64     ACC:P,T               ; [CPU_ALU] |335| 
    1730 00000005 18AB          AND       PL,#0x7ff0            ; [CPU_ALU] |335| 
         00000006 7FF0 
    1731 00000007 80AB          MOVZ      AR7,PL                ; [CPU_ALU] |335| 
    1732 00000008 FF20          MOV       ACC,#32752            ; [CPU_ALU] |335| 
         00000009 7FF0 
    1733 0000000a BE00          MOVB      XAR6,#0               ; [CPU_ALU] |335| 
    1734 0000000b 0FA7          CMPL      ACC,XAR7              ; [CPU_ALU] |335| 
    1735 0000000c 56B0          MOVB      XAR6,#1,NEQ           ; [CPU_ALU] |335| 
         0000000d 01A6 
    1736 0000000e 92A6          MOV       AL,AR6                ; [CPU_ALU] |335| 
    1737              $C$DW$106       .dwtag  DW_TAG_TI_branch
    1738                      .dwattr $C$DW$106, DW_AT_low_pc(0x00)
    1739                      .dwattr $C$DW$106, DW_AT_TI_return
    1740              
    1741 0000000f 0006          LRETR     ; [CPU_ALU] 
    1742                      ; return occurs ; [] 
    1743                      .dwattr $C$DW$103, DW_AT_TI_end_file("D:/TI/ccs/ccs/tools/compiler/ti-cgt-c2000_22.6.2.LTS/include/_d
    1744                      .dwattr $C$DW$103, DW_AT_TI_end_line(0x14f)
    1745                      .dwattr $C$DW$103, DW_AT_TI_end_column(0x2e)
    1746                      .dwendentry
    1747                      .dwendtag $C$DW$103
    1748              
    1749 00000000               .sect   ".text:__fpclassifyl"
    1750                      .clink
    1751                      .global ||__fpclassifyl||
    1752              
    1753              $C$DW$107       .dwtag  DW_TAG_subprogram
    1754                      .dwattr $C$DW$107, DW_AT_name("__fpclassifyl")
    1755                      .dwattr $C$DW$107, DW_AT_low_pc(||__fpclassifyl||)
    1756                      .dwattr $C$DW$107, DW_AT_high_pc(0x00)
    1757                      .dwattr $C$DW$107, DW_AT_linkage_name("__fpclassifyl")
    1758                      .dwattr $C$DW$107, DW_AT_external
    1759                      .dwattr $C$DW$107, DW_AT_type(*$C$DW$T$10)
    1760                      .dwattr $C$DW$107, DW_AT_decl_file("D:/TI/ccs/ccs/tools/compiler/ti-cgt-c2000_22.6.2.LTS/include/_def
    1761                      .dwattr $C$DW$107, DW_AT_decl_line(0x1ae)
    1762                      .dwattr $C$DW$107, DW_AT_decl_column(0x18)
    1763                      .dwattr $C$DW$107, DW_AT_TI_max_frame_size(-10)
TMS320C2000 Assembler PC v22.6.2 Thu Jan 22 11:16:47 2026

Copyright (c) 1996-2018 Texas Instruments Incorporated
speed_observer.asm                                                   PAGE   35

    1764                      .dwpsn  file "D:/TI/ccs/ccs/tools/compiler/ti-cgt-c2000_22.6.2.LTS/include/_defs.h",line 431,column 1
    1765              
    1766                      .dwfde $C$DW$CIE, ||__fpclassifyl||
    1767              $C$DW$108       .dwtag  DW_TAG_formal_parameter
    1768                      .dwattr $C$DW$108, DW_AT_name("e")
    1769                      .dwattr $C$DW$108, DW_AT_type(*$C$DW$T$27)
    1770                      .dwattr $C$DW$108, DW_AT_location[DW_OP_reg12]
    1771              
    1772              
    1773              ;***************************************************************
    1774              ;* FNAME: __fpclassifyl                 FR SIZE:   8           *
    1775              ;*                                                             *
    1776              ;* FUNCTION ENVIRONMENT                                        *
    1777              ;*                                                             *
    1778              ;* FUNCTION PROPERTIES                                         *
    1779              ;*                            4 Parameter,  4 Auto,  0 SOE     *
    1780              ;***************************************************************
    1781              
    1782              ||__fpclassifyl||:
    1783              $C$DW$109       .dwtag  DW_TAG_variable
    1784                      .dwattr $C$DW$109, DW_AT_name("e")
    1785                      .dwattr $C$DW$109, DW_AT_type(*$C$DW$T$18)
    1786                      .dwattr $C$DW$109, DW_AT_location[DW_OP_breg20 -8]
    1787              
    1788              ;* AR5   assigned to $O$C1
    1789              ;* AR4   assigned to e
    1790              $C$DW$110       .dwtag  DW_TAG_variable
    1791                      .dwattr $C$DW$110, DW_AT_name("e")
    1792                      .dwattr $C$DW$110, DW_AT_type(*$C$DW$T$28)
    1793                      .dwattr $C$DW$110, DW_AT_location[DW_OP_reg12]
    1794              
    1795                      .dwcfi  cfa_offset, -2
    1796                      .dwcfi  save_reg_to_mem, 26, 0
    1797 00000000 FE08          ADDB      SP,#8                 ; [CPU_ARAU] 
    1798                      .dwcfi  cfa_offset, -10
    1799 00000001 C4D4          MOVL      XAR6,*+XAR4[2]        ; [CPU_ALU] |431| 
    1800 00000002 06C4          MOVL      ACC,*+XAR4[0]         ; [CPU_ALU] |431| 
    1801 00000003 1E48          MOVL      *-SP[8],ACC           ; [CPU_ALU] |431| 
    1802 00000004 C246          MOVL      *-SP[6],XAR6          ; [CPU_ALU] |431| 
    1803                      .dwpsn  file "D:/TI/ccs/ccs/tools/compiler/ti-cgt-c2000_22.6.2.LTS/include/_defs.h",line 432,column 5
    1804 00000005 8348          MOVL      XAR5,*-SP[8]          ; [CPU_ALU] |432| 
    1805 00000006 8A46          MOVL      XAR4,*-SP[6]          ; [CPU_ALU] |432| 
    1806                      .dwpsn  file "D:/TI/ccs/ccs/tools/compiler/ti-cgt-c2000_22.6.2.LTS/include/_defs.h",line 436,column 1
    1807 00000007 28AC          MOV       T,#48                 ; [CPU_ALU] |436| 
         00000008 0030 
    1808 00000009 A0AB          MOVL      P,XAR5                ; [CPU_ALU] |436| 
    1809 0000000a A8A9          MOVL      ACC,XAR4              ; [CPU_ALU] |436| 
    1810 0000000b 565B          LSR64     ACC:P,T               ; [CPU_ALU] |436| 
    1811 0000000c 18AB          AND       PL,#0x7ff0            ; [CPU_ALU] |436| 
         0000000d 7FF0 
    1812 0000000e 88AB          MOVZ      AR6,PL                ; [CPU_ALU] |436| 
    1813 0000000f FF20          MOV       ACC,#32752            ; [CPU_ALU] |436| 
         00000010 7FF0 
    1814 00000011 0FA6          CMPL      ACC,XAR6              ; [CPU_ALU] |436| 
    1815 00000012 6016          B         ||$C$L11||,NEQ        ; [CPU_ALU] |436| 
TMS320C2000 Assembler PC v22.6.2 Thu Jan 22 11:16:47 2026

Copyright (c) 1996-2018 Texas Instruments Incorporated
speed_observer.asm                                                   PAGE   36

    1816                      ; branchcc occurs ; [] |436| 
    1817 00000013 0200          MOVB      ACC,#0                ; [CPU_ALU] |436| 
    1818 00000014 1E44          MOVL      *-SP[4],ACC           ; [CPU_ALU] |436| 
    1819 00000015 2B42          MOV       *-SP[2],#0            ; [CPU_ALU] |436| 
    1820 00000016 2B41          MOV       *-SP[1],#0            ; [CPU_ALU] |436| 
    1821 00000017 A348          MOVL      P,*-SP[8]             ; [CPU_ALU] |436| 
    1822 00000018 0646          MOVL      ACC,*-SP[6]           ; [CPU_ALU] |436| 
    1823 00000019 18AB          AND       PL,#65535             ; [CPU_ALU] |436| 
         0000001a FFFF 
    1824 0000001b 18AA          AND       PH,#65535             ; [CPU_ALU] |436| 
         0000001c FFFF 
    1825 0000001d 18A9          AND       AL,#65535             ; [CPU_ALU] |436| 
         0000001e FFFF 
    1826 0000001f 910F          ANDB      AH,#15                ; [CPU_ALU] |436| 
    1827              $C$DW$111       .dwtag  DW_TAG_TI_branch
    1828                      .dwattr $C$DW$111, DW_AT_low_pc(0x00)
    1829                      .dwattr $C$DW$111, DW_AT_name("__c28xabi_cmpull")
    1830                      .dwattr $C$DW$111, DW_AT_TI_call
    1831              
    1832 00000020 7640!         LCR       #||__c28xabi_cmpull|| ; [CPU_ALU] |436| 
         00000021 0000 
    1833                      ; call occurs [#||__c28xabi_cmpull||] ; [] |436| 
    1834 00000022 5200          CMPB      AL,#0                 ; [CPU_ALU] |436| 
    1835 00000023 6103          B         ||$C$L10||,EQ         ; [CPU_ALU] |436| 
    1836                      ; branchcc occurs ; [] |436| 
    1837 00000024 9A02          MOVB      AL,#2                 ; [CPU_ALU] |436| 
    1838 00000025 6F2D          B         ||$C$L14||,UNC        ; [CPU_ALU] |436| 
    1839                      ; branch occurs ; [] |436| 
    1840 00000026       ||$C$L10||:    
    1841 00000026 9A01          MOVB      AL,#1                 ; [CPU_ALU] |436| 
    1842 00000027 6F2B          B         ||$C$L14||,UNC        ; [CPU_ALU] |436| 
    1843                      ; branch occurs ; [] |436| 
    1844 00000028       ||$C$L11||:    
    1845 00000028 BE00          MOVB      XAR6,#0               ; [CPU_ALU] |436| 
    1846 00000029 A0AB          MOVL      P,XAR5                ; [CPU_ALU] |436| 
    1847 0000002a A8A9          MOVL      ACC,XAR4              ; [CPU_ALU] |436| 
    1848 0000002b 28AC          MOV       T,#52                 ; [CPU_ALU] |436| 
         0000002c 0034 
    1849 0000002d C244          MOVL      *-SP[4],XAR6          ; [CPU_ALU] |436| 
    1850 0000002e 2B42          MOV       *-SP[2],#0            ; [CPU_ALU] |436| 
    1851 0000002f 565B          LSR64     ACC:P,T               ; [CPU_ALU] |436| 
    1852 00000030 2B41          MOV       *-SP[1],#0            ; [CPU_FPU] |436| 
    1853 00000031 9000          ANDB      AL,#0                 ; [CPU_ALU] |436| 
    1854 00000032 9100          ANDB      AH,#0                 ; [CPU_ALU] |436| 
    1855 00000033 18AB          AND       PL,#2047              ; [CPU_ALU] |436| 
         00000034 07FF 
    1856 00000035 18AA          AND       PH,#0                 ; [CPU_ALU] |436| 
         00000036 0000 
    1857              $C$DW$112       .dwtag  DW_TAG_TI_branch
    1858                      .dwattr $C$DW$112, DW_AT_low_pc(0x00)
    1859                      .dwattr $C$DW$112, DW_AT_name("__c28xabi_cmpull")
    1860                      .dwattr $C$DW$112, DW_AT_TI_call
    1861              
    1862 00000037 7640!         LCR       #||__c28xabi_cmpull|| ; [CPU_ALU] |436| 
         00000038 0000 
TMS320C2000 Assembler PC v22.6.2 Thu Jan 22 11:16:47 2026

Copyright (c) 1996-2018 Texas Instruments Incorporated
speed_observer.asm                                                   PAGE   37

    1863                      ; call occurs [#||__c28xabi_cmpull||] ; [] |436| 
    1864 00000039 5200          CMPB      AL,#0                 ; [CPU_ALU] |436| 
    1865 0000003a 6104          B         ||$C$L12||,EQ         ; [CPU_ALU] |436| 
    1866                      ; branchcc occurs ; [] |436| 
    1867 0000003b 28A9          MOV       AL,#-1                ; [CPU_ALU] |436| 
         0000003c FFFF 
    1868 0000003d 6F15          B         ||$C$L14||,UNC        ; [CPU_ALU] |436| 
    1869                      ; branch occurs ; [] |436| 
    1870 0000003e       ||$C$L12||:    
    1871 0000003e C244          MOVL      *-SP[4],XAR6          ; [CPU_ALU] |436| 
    1872 0000003f A8A9          MOVL      ACC,XAR4              ; [CPU_ALU] |436| 
    1873 00000040 A0AB          MOVL      P,XAR5                ; [CPU_ALU] |436| 
    1874 00000041 2B42          MOV       *-SP[2],#0            ; [CPU_ALU] |436| 
    1875 00000042 18A9          AND       AL,#65535             ; [CPU_ALU] |436| 
         00000043 FFFF 
    1876 00000044 910F          ANDB      AH,#15                ; [CPU_ALU] |436| 
    1877 00000045 18AB          AND       PL,#65535             ; [CPU_ALU] |436| 
         00000046 FFFF 
    1878 00000047 18AA          AND       PH,#65535             ; [CPU_ALU] |436| 
         00000048 FFFF 
    1879 00000049 2B41          MOV       *-SP[1],#0            ; [CPU_FPU] |436| 
    1880              $C$DW$113       .dwtag  DW_TAG_TI_branch
    1881                      .dwattr $C$DW$113, DW_AT_low_pc(0x00)
    1882                      .dwattr $C$DW$113, DW_AT_name("__c28xabi_cmpull")
    1883                      .dwattr $C$DW$113, DW_AT_TI_call
    1884              
    1885 0000004a 7640!         LCR       #||__c28xabi_cmpull|| ; [CPU_ALU] |436| 
         0000004b 0000 
    1886                      ; call occurs [#||__c28xabi_cmpull||] ; [] |436| 
    1887 0000004c 5200          CMPB      AL,#0                 ; [CPU_ALU] |436| 
    1888 0000004d 6104          B         ||$C$L13||,EQ         ; [CPU_ALU] |436| 
    1889                      ; branchcc occurs ; [] |436| 
    1890 0000004e 28A9          MOV       AL,#-2                ; [CPU_ALU] |436| 
         0000004f FFFE 
    1891 00000050 6F02          B         ||$C$L14||,UNC        ; [CPU_ALU] |436| 
    1892                      ; branch occurs ; [] |436| 
    1893 00000051       ||$C$L13||:    
    1894 00000051 9A00          MOVB      AL,#0                 ; [CPU_ALU] |436| 
    1895 00000052       ||$C$L14||:    
    1896 00000052 FE88          SUBB      SP,#8                 ; [CPU_ARAU] 
    1897                      .dwcfi  cfa_offset, -2
    1898              $C$DW$114       .dwtag  DW_TAG_TI_branch
    1899                      .dwattr $C$DW$114, DW_AT_low_pc(0x00)
    1900                      .dwattr $C$DW$114, DW_AT_TI_return
    1901              
    1902 00000053 0006          LRETR     ; [CPU_ALU] 
    1903                      ; return occurs ; [] 
    1904                      .dwattr $C$DW$107, DW_AT_TI_end_file("D:/TI/ccs/ccs/tools/compiler/ti-cgt-c2000_22.6.2.LTS/include/_d
    1905                      .dwattr $C$DW$107, DW_AT_TI_end_line(0x1bd)
    1906                      .dwattr $C$DW$107, DW_AT_TI_end_column(0x01)
    1907                      .dwendentry
    1908                      .dwendtag $C$DW$107
    1909              
    1910 00000000               .sect   ".text:__fpclassifyf"
    1911                      .clink
TMS320C2000 Assembler PC v22.6.2 Thu Jan 22 11:16:47 2026

Copyright (c) 1996-2018 Texas Instruments Incorporated
speed_observer.asm                                                   PAGE   38

    1912                      .global ||__fpclassifyf||
    1913              
    1914              $C$DW$115       .dwtag  DW_TAG_subprogram
    1915                      .dwattr $C$DW$115, DW_AT_name("__fpclassifyf")
    1916                      .dwattr $C$DW$115, DW_AT_low_pc(||__fpclassifyf||)
    1917                      .dwattr $C$DW$115, DW_AT_high_pc(0x00)
    1918                      .dwattr $C$DW$115, DW_AT_linkage_name("__fpclassifyf")
    1919                      .dwattr $C$DW$115, DW_AT_external
    1920                      .dwattr $C$DW$115, DW_AT_type(*$C$DW$T$10)
    1921                      .dwattr $C$DW$115, DW_AT_decl_file("D:/TI/ccs/ccs/tools/compiler/ti-cgt-c2000_22.6.2.LTS/include/_def
    1922                      .dwattr $C$DW$115, DW_AT_decl_line(0x18c)
    1923                      .dwattr $C$DW$115, DW_AT_decl_column(0x18)
    1924                      .dwattr $C$DW$115, DW_AT_TI_max_frame_size(-2)
    1925                      .dwpsn  file "D:/TI/ccs/ccs/tools/compiler/ti-cgt-c2000_22.6.2.LTS/include/_defs.h",line 397,column 1
    1926              
    1927                      .dwfde $C$DW$CIE, ||__fpclassifyf||
    1928              $C$DW$116       .dwtag  DW_TAG_formal_parameter
    1929                      .dwattr $C$DW$116, DW_AT_name("f")
    1930                      .dwattr $C$DW$116, DW_AT_type(*$C$DW$T$16)
    1931                      .dwattr $C$DW$116, DW_AT_location[DW_OP_regx 0x2b]
    1932              
    1933              
    1934              ;***************************************************************
    1935              ;* FNAME: __fpclassifyf                 FR SIZE:   0           *
    1936              ;*                                                             *
    1937              ;* FUNCTION ENVIRONMENT                                        *
    1938              ;*                                                             *
    1939              ;* FUNCTION PROPERTIES                                         *
    1940              ;*                            0 Parameter,  0 Auto,  0 SOE     *
    1941              ;***************************************************************
    1942              
    1943              ||__fpclassifyf||:
    1944              ;* PL    assigned to $O$K1
    1945              ;* R0    assigned to f
    1946              $C$DW$117       .dwtag  DW_TAG_variable
    1947                      .dwattr $C$DW$117, DW_AT_name("f")
    1948                      .dwattr $C$DW$117, DW_AT_type(*$C$DW$T$24)
    1949                      .dwattr $C$DW$117, DW_AT_location[DW_OP_regx 0x2b]
    1950              
    1951                      .dwcfi  cfa_offset, -2
    1952                      .dwcfi  save_reg_to_mem, 26, 0
    1953                      .dwpsn  file "D:/TI/ccs/ccs/tools/compiler/ti-cgt-c2000_22.6.2.LTS/include/_defs.h",line 398,column 5
    1954 00000000 BFAB          MOV32     P,R0H                 ; [CPU_FPU] |398| 
         00000001 0F12 
    1955                      .dwpsn  file "D:/TI/ccs/ccs/tools/compiler/ti-cgt-c2000_22.6.2.LTS/include/_defs.h",line 402,column 1
    1956 00000002 CCAA          AND       AL,PH,#0x7f80         ; [CPU_ALU] |402| 
         00000003 7F80 
    1957 00000004 88A9          MOVZ      AR6,AL                ; [CPU_ALU] |402| 
    1958 00000005 FF20          MOV       ACC,#32640            ; [CPU_ALU] |402| 
         00000006 7F80 
    1959 00000007 0FA6          CMPL      ACC,XAR6              ; [CPU_ALU] |402| 
    1960 00000008 6009          B         ||$C$L16||,NEQ        ; [CPU_ALU] |402| 
    1961                      ; branchcc occurs ; [] |402| 
    1962 00000009 A9A9          MOVL      ACC,P                 ; [CPU_ALU] |402| 
    1963 0000000a 917F          ANDB      AH,#127               ; [CPU_ALU] |402| 
TMS320C2000 Assembler PC v22.6.2 Thu Jan 22 11:16:47 2026

Copyright (c) 1996-2018 Texas Instruments Incorporated
speed_observer.asm                                                   PAGE   39

    1964 0000000b FF58          TEST      ACC                   ; [CPU_ALU] |402| 
    1965 0000000c 6103          B         ||$C$L15||,EQ         ; [CPU_ALU] |402| 
    1966                      ; branchcc occurs ; [] |402| 
    1967                      .dwcfi  remember_state
    1968 0000000d 9A02          MOVB      AL,#2                 ; [CPU_ALU] |402| 
    1969              $C$DW$118       .dwtag  DW_TAG_TI_branch
    1970                      .dwattr $C$DW$118, DW_AT_low_pc(0x00)
    1971                      .dwattr $C$DW$118, DW_AT_TI_return
    1972              
    1973 0000000e 0006          LRETR     ; [CPU_ALU] 
    1974                      ; return occurs ; [] 
    1975                      .dwcfi  restore_state
    1976 0000000f       ||$C$L15||:    
    1977                      .dwcfi  remember_state
    1978 0000000f 9A01          MOVB      AL,#1                 ; [CPU_ALU] |402| 
    1979              $C$DW$119       .dwtag  DW_TAG_TI_branch
    1980                      .dwattr $C$DW$119, DW_AT_low_pc(0x00)
    1981                      .dwattr $C$DW$119, DW_AT_TI_return
    1982              
    1983 00000010 0006          LRETR     ; [CPU_ALU] 
    1984                      ; return occurs ; [] 
    1985                      .dwcfi  restore_state
    1986 00000011       ||$C$L16||:    
    1987 00000011 A9A9          MOVL      ACC,P                 ; [CPU_ALU] |402| 
    1988 00000012 28AC          MOV       T,#23                 ; [CPU_ALU] |402| 
         00000013 0017 
    1989 00000014 5622          LSRL      ACC,T                 ; [CPU_ALU] |402| 
    1990 00000015 90FF          ANDB      AL,#0xff              ; [CPU_ALU] |402| 
    1991 00000016 6104          B         ||$C$L17||,EQ         ; [CPU_ALU] |402| 
    1992                      ; branchcc occurs ; [] |402| 
    1993                      .dwcfi  remember_state
    1994 00000017 28A9          MOV       AL,#-1                ; [CPU_ALU] |402| 
         00000018 FFFF 
    1995              $C$DW$120       .dwtag  DW_TAG_TI_branch
    1996                      .dwattr $C$DW$120, DW_AT_low_pc(0x00)
    1997                      .dwattr $C$DW$120, DW_AT_TI_return
    1998              
    1999 00000019 0006          LRETR     ; [CPU_ALU] 
    2000                      ; return occurs ; [] 
    2001                      .dwcfi  restore_state
    2002 0000001a       ||$C$L17||:    
    2003 0000001a A9A9          MOVL      ACC,P                 ; [CPU_ALU] |402| 
    2004 0000001b 917F          ANDB      AH,#127               ; [CPU_ALU] |402| 
    2005 0000001c FF58          TEST      ACC                   ; [CPU_ALU] |402| 
    2006 0000001d 6104          B         ||$C$L18||,EQ         ; [CPU_ALU] |402| 
    2007                      ; branchcc occurs ; [] |402| 
    2008                      .dwcfi  remember_state
    2009 0000001e 28A9          MOV       AL,#-2                ; [CPU_ALU] |402| 
         0000001f FFFE 
    2010              $C$DW$121       .dwtag  DW_TAG_TI_branch
    2011                      .dwattr $C$DW$121, DW_AT_low_pc(0x00)
    2012                      .dwattr $C$DW$121, DW_AT_TI_return
    2013              
    2014 00000020 0006          LRETR     ; [CPU_ALU] 
    2015                      ; return occurs ; [] 
TMS320C2000 Assembler PC v22.6.2 Thu Jan 22 11:16:47 2026

Copyright (c) 1996-2018 Texas Instruments Incorporated
speed_observer.asm                                                   PAGE   40

    2016                      .dwcfi  restore_state
    2017 00000021       ||$C$L18||:    
    2018 00000021 9A00          MOVB      AL,#0                 ; [CPU_ALU] |402| 
    2019              $C$DW$122       .dwtag  DW_TAG_TI_branch
    2020                      .dwattr $C$DW$122, DW_AT_low_pc(0x00)
    2021                      .dwattr $C$DW$122, DW_AT_TI_return
    2022              
    2023 00000022 0006          LRETR     ; [CPU_ALU] 
    2024                      ; return occurs ; [] 
    2025                      .dwattr $C$DW$115, DW_AT_TI_end_file("D:/TI/ccs/ccs/tools/compiler/ti-cgt-c2000_22.6.2.LTS/include/_d
    2026                      .dwattr $C$DW$115, DW_AT_TI_end_line(0x19b)
    2027                      .dwattr $C$DW$115, DW_AT_TI_end_column(0x01)
    2028                      .dwendentry
    2029                      .dwendtag $C$DW$115
    2030              
    2031 00000000               .sect   ".text:__fpclassify"
    2032                      .clink
    2033                      .global ||__fpclassify||
    2034              
    2035              $C$DW$123       .dwtag  DW_TAG_subprogram
    2036                      .dwattr $C$DW$123, DW_AT_name("__fpclassify")
    2037                      .dwattr $C$DW$123, DW_AT_low_pc(||__fpclassify||)
    2038                      .dwattr $C$DW$123, DW_AT_high_pc(0x00)
    2039                      .dwattr $C$DW$123, DW_AT_linkage_name("__fpclassify")
    2040                      .dwattr $C$DW$123, DW_AT_external
    2041                      .dwattr $C$DW$123, DW_AT_type(*$C$DW$T$10)
    2042                      .dwattr $C$DW$123, DW_AT_decl_file("D:/TI/ccs/ccs/tools/compiler/ti-cgt-c2000_22.6.2.LTS/include/_def
    2043                      .dwattr $C$DW$123, DW_AT_decl_line(0x19d)
    2044                      .dwattr $C$DW$123, DW_AT_decl_column(0x18)
    2045                      .dwattr $C$DW$123, DW_AT_TI_max_frame_size(-10)
    2046                      .dwpsn  file "D:/TI/ccs/ccs/tools/compiler/ti-cgt-c2000_22.6.2.LTS/include/_defs.h",line 414,column 1
    2047              
    2048                      .dwfde $C$DW$CIE, ||__fpclassify||
    2049              $C$DW$124       .dwtag  DW_TAG_formal_parameter
    2050                      .dwattr $C$DW$124, DW_AT_name("d")
    2051                      .dwattr $C$DW$124, DW_AT_type(*$C$DW$T$25)
    2052                      .dwattr $C$DW$124, DW_AT_location[DW_OP_reg12]
    2053              
    2054              
    2055              ;***************************************************************
    2056              ;* FNAME: __fpclassify                  FR SIZE:   8           *
    2057              ;*                                                             *
    2058              ;* FUNCTION ENVIRONMENT                                        *
    2059              ;*                                                             *
    2060              ;* FUNCTION PROPERTIES                                         *
    2061              ;*                            4 Parameter,  4 Auto,  0 SOE     *
    2062              ;***************************************************************
    2063              
    2064              ||__fpclassify||:
    2065              $C$DW$125       .dwtag  DW_TAG_variable
    2066                      .dwattr $C$DW$125, DW_AT_name("d")
    2067                      .dwattr $C$DW$125, DW_AT_type(*$C$DW$T$17)
    2068                      .dwattr $C$DW$125, DW_AT_location[DW_OP_breg20 -8]
    2069              
    2070              ;* AR5   assigned to $O$C1
TMS320C2000 Assembler PC v22.6.2 Thu Jan 22 11:16:47 2026

Copyright (c) 1996-2018 Texas Instruments Incorporated
speed_observer.asm                                                   PAGE   41

    2071              ;* AR4   assigned to d
    2072              $C$DW$126       .dwtag  DW_TAG_variable
    2073                      .dwattr $C$DW$126, DW_AT_name("d")
    2074                      .dwattr $C$DW$126, DW_AT_type(*$C$DW$T$26)
    2075                      .dwattr $C$DW$126, DW_AT_location[DW_OP_reg12]
    2076              
    2077                      .dwcfi  cfa_offset, -2
    2078                      .dwcfi  save_reg_to_mem, 26, 0
    2079 00000000 FE08          ADDB      SP,#8                 ; [CPU_ARAU] 
    2080                      .dwcfi  cfa_offset, -10
    2081 00000001 C4D4          MOVL      XAR6,*+XAR4[2]        ; [CPU_ALU] |414| 
    2082 00000002 06C4          MOVL      ACC,*+XAR4[0]         ; [CPU_ALU] |414| 
    2083 00000003 1E48          MOVL      *-SP[8],ACC           ; [CPU_ALU] |414| 
    2084 00000004 C246          MOVL      *-SP[6],XAR6          ; [CPU_ALU] |414| 
    2085                      .dwpsn  file "D:/TI/ccs/ccs/tools/compiler/ti-cgt-c2000_22.6.2.LTS/include/_defs.h",line 415,column 5
    2086 00000005 8348          MOVL      XAR5,*-SP[8]          ; [CPU_ALU] |415| 
    2087 00000006 8A46          MOVL      XAR4,*-SP[6]          ; [CPU_ALU] |415| 
    2088                      .dwpsn  file "D:/TI/ccs/ccs/tools/compiler/ti-cgt-c2000_22.6.2.LTS/include/_defs.h",line 419,column 1
    2089 00000007 28AC          MOV       T,#48                 ; [CPU_ALU] |419| 
         00000008 0030 
    2090 00000009 A0AB          MOVL      P,XAR5                ; [CPU_ALU] |419| 
    2091 0000000a A8A9          MOVL      ACC,XAR4              ; [CPU_ALU] |419| 
    2092 0000000b 565B          LSR64     ACC:P,T               ; [CPU_ALU] |419| 
    2093 0000000c 18AB          AND       PL,#0x7ff0            ; [CPU_ALU] |419| 
         0000000d 7FF0 
    2094 0000000e 88AB          MOVZ      AR6,PL                ; [CPU_ALU] |419| 
    2095 0000000f FF20          MOV       ACC,#32752            ; [CPU_ALU] |419| 
         00000010 7FF0 
    2096 00000011 0FA6          CMPL      ACC,XAR6              ; [CPU_ALU] |419| 
    2097 00000012 6016          B         ||$C$L20||,NEQ        ; [CPU_ALU] |419| 
    2098                      ; branchcc occurs ; [] |419| 
    2099 00000013 0200          MOVB      ACC,#0                ; [CPU_ALU] |419| 
    2100 00000014 1E44          MOVL      *-SP[4],ACC           ; [CPU_ALU] |419| 
    2101 00000015 2B42          MOV       *-SP[2],#0            ; [CPU_ALU] |419| 
    2102 00000016 2B41          MOV       *-SP[1],#0            ; [CPU_ALU] |419| 
    2103 00000017 A348          MOVL      P,*-SP[8]             ; [CPU_ALU] |419| 
    2104 00000018 0646          MOVL      ACC,*-SP[6]           ; [CPU_ALU] |419| 
    2105 00000019 18AB          AND       PL,#65535             ; [CPU_ALU] |419| 
         0000001a FFFF 
    2106 0000001b 18AA          AND       PH,#65535             ; [CPU_ALU] |419| 
         0000001c FFFF 
    2107 0000001d 18A9          AND       AL,#65535             ; [CPU_ALU] |419| 
         0000001e FFFF 
    2108 0000001f 910F          ANDB      AH,#15                ; [CPU_ALU] |419| 
    2109              $C$DW$127       .dwtag  DW_TAG_TI_branch
    2110                      .dwattr $C$DW$127, DW_AT_low_pc(0x00)
    2111                      .dwattr $C$DW$127, DW_AT_name("__c28xabi_cmpull")
    2112                      .dwattr $C$DW$127, DW_AT_TI_call
    2113              
    2114 00000020 7640!         LCR       #||__c28xabi_cmpull|| ; [CPU_ALU] |419| 
         00000021 0000 
    2115                      ; call occurs [#||__c28xabi_cmpull||] ; [] |419| 
    2116 00000022 5200          CMPB      AL,#0                 ; [CPU_ALU] |419| 
    2117 00000023 6103          B         ||$C$L19||,EQ         ; [CPU_ALU] |419| 
    2118                      ; branchcc occurs ; [] |419| 
TMS320C2000 Assembler PC v22.6.2 Thu Jan 22 11:16:47 2026

Copyright (c) 1996-2018 Texas Instruments Incorporated
speed_observer.asm                                                   PAGE   42

    2119 00000024 9A02          MOVB      AL,#2                 ; [CPU_ALU] |419| 
    2120 00000025 6F2D          B         ||$C$L23||,UNC        ; [CPU_ALU] |419| 
    2121                      ; branch occurs ; [] |419| 
    2122 00000026       ||$C$L19||:    
    2123 00000026 9A01          MOVB      AL,#1                 ; [CPU_ALU] |419| 
    2124 00000027 6F2B          B         ||$C$L23||,UNC        ; [CPU_ALU] |419| 
    2125                      ; branch occurs ; [] |419| 
    2126 00000028       ||$C$L20||:    
    2127 00000028 BE00          MOVB      XAR6,#0               ; [CPU_ALU] |419| 
    2128 00000029 A0AB          MOVL      P,XAR5                ; [CPU_ALU] |419| 
    2129 0000002a A8A9          MOVL      ACC,XAR4              ; [CPU_ALU] |419| 
    2130 0000002b 28AC          MOV       T,#52                 ; [CPU_ALU] |419| 
         0000002c 0034 
    2131 0000002d C244          MOVL      *-SP[4],XAR6          ; [CPU_ALU] |419| 
    2132 0000002e 2B42          MOV       *-SP[2],#0            ; [CPU_ALU] |419| 
    2133 0000002f 565B          LSR64     ACC:P,T               ; [CPU_ALU] |419| 
    2134 00000030 2B41          MOV       *-SP[1],#0            ; [CPU_FPU] |419| 
    2135 00000031 9000          ANDB      AL,#0                 ; [CPU_ALU] |419| 
    2136 00000032 9100          ANDB      AH,#0                 ; [CPU_ALU] |419| 
    2137 00000033 18AB          AND       PL,#2047              ; [CPU_ALU] |419| 
         00000034 07FF 
    2138 00000035 18AA          AND       PH,#0                 ; [CPU_ALU] |419| 
         00000036 0000 
    2139              $C$DW$128       .dwtag  DW_TAG_TI_branch
    2140                      .dwattr $C$DW$128, DW_AT_low_pc(0x00)
    2141                      .dwattr $C$DW$128, DW_AT_name("__c28xabi_cmpull")
    2142                      .dwattr $C$DW$128, DW_AT_TI_call
    2143              
    2144 00000037 7640!         LCR       #||__c28xabi_cmpull|| ; [CPU_ALU] |419| 
         00000038 0000 
    2145                      ; call occurs [#||__c28xabi_cmpull||] ; [] |419| 
    2146 00000039 5200          CMPB      AL,#0                 ; [CPU_ALU] |419| 
    2147 0000003a 6104          B         ||$C$L21||,EQ         ; [CPU_ALU] |419| 
    2148                      ; branchcc occurs ; [] |419| 
    2149 0000003b 28A9          MOV       AL,#-1                ; [CPU_ALU] |419| 
         0000003c FFFF 
    2150 0000003d 6F15          B         ||$C$L23||,UNC        ; [CPU_ALU] |419| 
    2151                      ; branch occurs ; [] |419| 
    2152 0000003e       ||$C$L21||:    
    2153 0000003e C244          MOVL      *-SP[4],XAR6          ; [CPU_ALU] |419| 
    2154 0000003f A8A9          MOVL      ACC,XAR4              ; [CPU_ALU] |419| 
    2155 00000040 A0AB          MOVL      P,XAR5                ; [CPU_ALU] |419| 
    2156 00000041 2B42          MOV       *-SP[2],#0            ; [CPU_ALU] |419| 
    2157 00000042 18A9          AND       AL,#65535             ; [CPU_ALU] |419| 
         00000043 FFFF 
    2158 00000044 910F          ANDB      AH,#15                ; [CPU_ALU] |419| 
    2159 00000045 18AB          AND       PL,#65535             ; [CPU_ALU] |419| 
         00000046 FFFF 
    2160 00000047 18AA          AND       PH,#65535             ; [CPU_ALU] |419| 
         00000048 FFFF 
    2161 00000049 2B41          MOV       *-SP[1],#0            ; [CPU_FPU] |419| 
    2162              $C$DW$129       .dwtag  DW_TAG_TI_branch
    2163                      .dwattr $C$DW$129, DW_AT_low_pc(0x00)
    2164                      .dwattr $C$DW$129, DW_AT_name("__c28xabi_cmpull")
    2165                      .dwattr $C$DW$129, DW_AT_TI_call
TMS320C2000 Assembler PC v22.6.2 Thu Jan 22 11:16:47 2026

Copyright (c) 1996-2018 Texas Instruments Incorporated
speed_observer.asm                                                   PAGE   43

    2166              
    2167 0000004a 7640!         LCR       #||__c28xabi_cmpull|| ; [CPU_ALU] |419| 
         0000004b 0000 
    2168                      ; call occurs [#||__c28xabi_cmpull||] ; [] |419| 
    2169 0000004c 5200          CMPB      AL,#0                 ; [CPU_ALU] |419| 
    2170 0000004d 6104          B         ||$C$L22||,EQ         ; [CPU_ALU] |419| 
    2171                      ; branchcc occurs ; [] |419| 
    2172 0000004e 28A9          MOV       AL,#-2                ; [CPU_ALU] |419| 
         0000004f FFFE 
    2173 00000050 6F02          B         ||$C$L23||,UNC        ; [CPU_ALU] |419| 
    2174                      ; branch occurs ; [] |419| 
    2175 00000051       ||$C$L22||:    
    2176 00000051 9A00          MOVB      AL,#0                 ; [CPU_ALU] |419| 
    2177 00000052       ||$C$L23||:    
    2178 00000052 FE88          SUBB      SP,#8                 ; [CPU_ARAU] 
    2179                      .dwcfi  cfa_offset, -2
    2180              $C$DW$130       .dwtag  DW_TAG_TI_branch
    2181                      .dwattr $C$DW$130, DW_AT_low_pc(0x00)
    2182                      .dwattr $C$DW$130, DW_AT_TI_return
    2183              
    2184 00000053 0006          LRETR     ; [CPU_ALU] 
    2185                      ; return occurs ; [] 
    2186                      .dwattr $C$DW$123, DW_AT_TI_end_file("D:/TI/ccs/ccs/tools/compiler/ti-cgt-c2000_22.6.2.LTS/include/_d
    2187                      .dwattr $C$DW$123, DW_AT_TI_end_line(0x1ac)
    2188                      .dwattr $C$DW$123, DW_AT_TI_end_column(0x01)
    2189                      .dwendentry
    2190                      .dwendtag $C$DW$123
    2191              
    2192              ;**************************************************************
    2193              ;* UNDEFINED EXTERNAL REFERENCES                              *
    2194              ;**************************************************************
    2195                      .global ||__c28xabi_cmpull||
    2196              ;**************************************************************
    2197              ;* SECTION GROUPS                                             *
    2198              ;**************************************************************
    2199                      .group    "__fpclassify", 1
    2200                      .gmember  ".text:__fpclassify"
    2201                      .endgroup
    2202                      .group    "__fpclassifyf", 1
    2203                      .gmember  ".text:__fpclassifyf"
    2204                      .endgroup
    2205                      .group    "__fpclassifyl", 1
    2206                      .gmember  ".text:__fpclassifyl"
    2207                      .endgroup
    2208                      .group    "__isfinite", 1
    2209                      .gmember  ".text:__isfinite"
    2210                      .endgroup
    2211                      .group    "__isfinitef", 1
    2212                      .gmember  ".text:__isfinitef"
    2213                      .endgroup
    2214                      .group    "__isfinitel", 1
    2215                      .gmember  ".text:__isfinitel"
    2216                      .endgroup
    2217                      .group    "__isinf", 1
    2218                      .gmember  ".text:__isinf"
TMS320C2000 Assembler PC v22.6.2 Thu Jan 22 11:16:47 2026

Copyright (c) 1996-2018 Texas Instruments Incorporated
speed_observer.asm                                                   PAGE   44

    2219                      .endgroup
    2220                      .group    "__isinff", 1
    2221                      .gmember  ".text:__isinff"
    2222                      .endgroup
    2223                      .group    "__isinfl", 1
    2224                      .gmember  ".text:__isinfl"
    2225                      .endgroup
    2226                      .group    "__isnan", 1
    2227                      .gmember  ".text:__isnan"
    2228                      .endgroup
    2229                      .group    "__isnanf", 1
    2230                      .gmember  ".text:__isnanf"
    2231                      .endgroup
    2232                      .group    "__isnanl", 1
    2233                      .gmember  ".text:__isnanl"
    2234                      .endgroup
    2235                      .group    "__isnormal", 1
    2236                      .gmember  ".text:__isnormal"
    2237                      .endgroup
    2238                      .group    "__isnormalf", 1
    2239                      .gmember  ".text:__isnormalf"
    2240                      .endgroup
    2241                      .group    "__isnormall", 1
    2242                      .gmember  ".text:__isnormall"
    2243                      .endgroup
    2244                      .group    "__relaxed_atan2f", 1
    2245                      .gmember  ".text:__relaxed_atan2f"
    2246                      .endgroup
    2247                      .group    "__relaxed_atanf", 1
    2248                      .gmember  ".text:__relaxed_atanf"
    2249                      .endgroup
    2250                      .group    "__relaxed_cosf", 1
    2251                      .gmember  ".text:__relaxed_cosf"
    2252                      .endgroup
    2253                      .group    "__relaxed_fmaxf", 1
    2254                      .gmember  ".text:__relaxed_fmaxf"
    2255                      .endgroup
    2256                      .group    "__relaxed_fminf", 1
    2257                      .gmember  ".text:__relaxed_fminf"
    2258                      .endgroup
    2259                      .group    "__relaxed_fmodf", 1
    2260                      .gmember  ".text:__relaxed_fmodf"
    2261                      .endgroup
    2262                      .group    "__relaxed_sinf", 1
    2263                      .gmember  ".text:__relaxed_sinf"
    2264                      .endgroup
    2265                      .group    "__relaxed_sqrtf", 1
    2266                      .gmember  ".text:__relaxed_sqrtf"
    2267                      .endgroup
    2268                      .group    "__signbit", 1
    2269                      .gmember  ".text:__signbit"
    2270                      .endgroup
    2271                      .group    "__signbitf", 1
    2272                      .gmember  ".text:__signbitf"
    2273                      .endgroup
TMS320C2000 Assembler PC v22.6.2 Thu Jan 22 11:16:47 2026

Copyright (c) 1996-2018 Texas Instruments Incorporated
speed_observer.asm                                                   PAGE   45

    2274                      .group    "__signbitl", 1
    2275                      .gmember  ".text:__signbitl"
    2276                      .endgroup
    2277              
    2278              
    2279              ;***************************************************************
    2280              ;* BUILD ATTRIBUTES                                            *
    2281              ;***************************************************************
    2282                      .battr "c28xabi", Tag_File, 1, Tag_float_args(1)
    2283                      .battr "c28xabi", Tag_File, 1, Tag_double_args(1)
    2284                      .dwattr $C$DW$CU, DW_AT_language(DW_LANG_C)
    2285              
    2286              ;***************************************************************
    2287              ;* DWARF CIE ENTRIES                                           *
    2288              ;***************************************************************
    2289              
    2290              $C$DW$CIE       .dwcie 26
    2291                      .dwcfi  cfa_register, 20
    2292                      .dwcfi  cfa_offset, 0
    2293                      .dwcfi  same_value, 28
    2294                      .dwcfi  same_value, 6
    2295                      .dwcfi  same_value, 7
    2296                      .dwcfi  same_value, 8
    2297                      .dwcfi  same_value, 9
    2298                      .dwcfi  same_value, 10
    2299                      .dwcfi  same_value, 11
    2300                      .dwcfi  same_value, 59
    2301                      .dwcfi  same_value, 63
    2302                      .dwcfi  same_value, 67
    2303                      .dwcfi  same_value, 71
    2304                      .dwendentry
    2305                      .dwendtag $C$DW$CU
    2306              
    2307              
    2308              ;***************************************************************
    2309              ;* TYPE INFORMATION                                            *
    2310              ;***************************************************************
    2311              
    2312              $C$DW$TU$2      .dwtag  DW_TAG_type_unit
    2313                      .dwmtype  $C$DW$T$2
    2314              $C$DW$T$2       .dwtag  DW_TAG_unspecified_type
    2315                      .dwattr $C$DW$T$2, DW_AT_name("void")
    2316              
    2317                      .dwendtag $C$DW$TU$2
    2318              
    2319              
    2320              $C$DW$TU$4      .dwtag  DW_TAG_type_unit
    2321                      .dwmtype  $C$DW$T$4
    2322              $C$DW$T$4       .dwtag  DW_TAG_base_type
    2323                      .dwattr $C$DW$T$4, DW_AT_encoding(DW_ATE_boolean)
    2324                      .dwattr $C$DW$T$4, DW_AT_name("bool")
    2325                      .dwattr $C$DW$T$4, DW_AT_byte_size(0x01)
    2326              
    2327                      .dwendtag $C$DW$TU$4
    2328              
TMS320C2000 Assembler PC v22.6.2 Thu Jan 22 11:16:47 2026

Copyright (c) 1996-2018 Texas Instruments Incorporated
speed_observer.asm                                                   PAGE   46

    2329              
    2330              $C$DW$TU$5      .dwtag  DW_TAG_type_unit
    2331                      .dwmtype  $C$DW$T$5
    2332              $C$DW$T$5       .dwtag  DW_TAG_base_type
    2333                      .dwattr $C$DW$T$5, DW_AT_encoding(DW_ATE_signed_char)
    2334                      .dwattr $C$DW$T$5, DW_AT_name("signed char")
    2335                      .dwattr $C$DW$T$5, DW_AT_byte_size(0x01)
    2336              
    2337                      .dwendtag $C$DW$TU$5
    2338              
    2339              
    2340              $C$DW$TU$6      .dwtag  DW_TAG_type_unit
    2341                      .dwmtype  $C$DW$T$6
    2342              $C$DW$T$6       .dwtag  DW_TAG_base_type
    2343                      .dwattr $C$DW$T$6, DW_AT_encoding(DW_ATE_unsigned_char)
    2344                      .dwattr $C$DW$T$6, DW_AT_name("unsigned char")
    2345                      .dwattr $C$DW$T$6, DW_AT_byte_size(0x01)
    2346              
    2347                      .dwendtag $C$DW$TU$6
    2348              
    2349              
    2350              $C$DW$TU$7      .dwtag  DW_TAG_type_unit
    2351                      .dwmtype  $C$DW$T$7
    2352              $C$DW$T$7       .dwtag  DW_TAG_base_type
    2353                      .dwattr $C$DW$T$7, DW_AT_encoding(DW_ATE_signed_char)
    2354                      .dwattr $C$DW$T$7, DW_AT_name("wchar_t")
    2355                      .dwattr $C$DW$T$7, DW_AT_byte_size(0x02)
    2356              
    2357                      .dwendtag $C$DW$TU$7
    2358              
    2359              
    2360              $C$DW$TU$8      .dwtag  DW_TAG_type_unit
    2361                      .dwmtype  $C$DW$T$8
    2362              $C$DW$T$8       .dwtag  DW_TAG_base_type
    2363                      .dwattr $C$DW$T$8, DW_AT_encoding(DW_ATE_signed)
    2364                      .dwattr $C$DW$T$8, DW_AT_name("short")
    2365                      .dwattr $C$DW$T$8, DW_AT_byte_size(0x01)
    2366              
    2367                      .dwendtag $C$DW$TU$8
    2368              
    2369              
    2370              $C$DW$TU$9      .dwtag  DW_TAG_type_unit
    2371                      .dwmtype  $C$DW$T$9
    2372              $C$DW$T$9       .dwtag  DW_TAG_base_type
    2373                      .dwattr $C$DW$T$9, DW_AT_encoding(DW_ATE_unsigned)
    2374                      .dwattr $C$DW$T$9, DW_AT_name("unsigned short")
    2375                      .dwattr $C$DW$T$9, DW_AT_byte_size(0x01)
    2376              
    2377                      .dwendtag $C$DW$TU$9
    2378              
    2379              
    2380              $C$DW$TU$10     .dwtag  DW_TAG_type_unit
    2381                      .dwmtype  $C$DW$T$10
    2382              $C$DW$T$10      .dwtag  DW_TAG_base_type
    2383                      .dwattr $C$DW$T$10, DW_AT_encoding(DW_ATE_signed)
TMS320C2000 Assembler PC v22.6.2 Thu Jan 22 11:16:47 2026

Copyright (c) 1996-2018 Texas Instruments Incorporated
speed_observer.asm                                                   PAGE   47

    2384                      .dwattr $C$DW$T$10, DW_AT_name("int")
    2385                      .dwattr $C$DW$T$10, DW_AT_byte_size(0x01)
    2386              
    2387                      .dwendtag $C$DW$TU$10
    2388              
    2389              
    2390              $C$DW$TU$11     .dwtag  DW_TAG_type_unit
    2391                      .dwmtype  $C$DW$T$11
    2392              $C$DW$T$11      .dwtag  DW_TAG_base_type
    2393                      .dwattr $C$DW$T$11, DW_AT_encoding(DW_ATE_unsigned)
    2394                      .dwattr $C$DW$T$11, DW_AT_name("unsigned int")
    2395                      .dwattr $C$DW$T$11, DW_AT_byte_size(0x01)
    2396              
    2397                      .dwendtag $C$DW$TU$11
    2398              
    2399              
    2400              $C$DW$TU$12     .dwtag  DW_TAG_type_unit
    2401                      .dwmtype  $C$DW$T$12
    2402              $C$DW$T$12      .dwtag  DW_TAG_base_type
    2403                      .dwattr $C$DW$T$12, DW_AT_encoding(DW_ATE_signed)
    2404                      .dwattr $C$DW$T$12, DW_AT_name("long")
    2405                      .dwattr $C$DW$T$12, DW_AT_byte_size(0x02)
    2406              
    2407                      .dwendtag $C$DW$TU$12
    2408              
    2409              
    2410              $C$DW$TU$13     .dwtag  DW_TAG_type_unit
    2411                      .dwmtype  $C$DW$T$13
    2412              $C$DW$T$13      .dwtag  DW_TAG_base_type
    2413                      .dwattr $C$DW$T$13, DW_AT_encoding(DW_ATE_unsigned)
    2414                      .dwattr $C$DW$T$13, DW_AT_name("unsigned long")
    2415                      .dwattr $C$DW$T$13, DW_AT_byte_size(0x02)
    2416              
    2417                      .dwendtag $C$DW$TU$13
    2418              
    2419              
    2420              $C$DW$TU$14     .dwtag  DW_TAG_type_unit
    2421                      .dwmtype  $C$DW$T$14
    2422              $C$DW$T$14      .dwtag  DW_TAG_base_type
    2423                      .dwattr $C$DW$T$14, DW_AT_encoding(DW_ATE_signed)
    2424                      .dwattr $C$DW$T$14, DW_AT_name("long long")
    2425                      .dwattr $C$DW$T$14, DW_AT_byte_size(0x04)
    2426              
    2427                      .dwendtag $C$DW$TU$14
    2428              
    2429              
    2430              $C$DW$TU$15     .dwtag  DW_TAG_type_unit
    2431                      .dwmtype  $C$DW$T$15
    2432              $C$DW$T$15      .dwtag  DW_TAG_base_type
    2433                      .dwattr $C$DW$T$15, DW_AT_encoding(DW_ATE_unsigned)
    2434                      .dwattr $C$DW$T$15, DW_AT_name("unsigned long long")
    2435                      .dwattr $C$DW$T$15, DW_AT_byte_size(0x04)
    2436              
    2437                      .dwendtag $C$DW$TU$15
    2438              
TMS320C2000 Assembler PC v22.6.2 Thu Jan 22 11:16:47 2026

Copyright (c) 1996-2018 Texas Instruments Incorporated
speed_observer.asm                                                   PAGE   48

    2439              
    2440              $C$DW$TU$16     .dwtag  DW_TAG_type_unit
    2441                      .dwmtype  $C$DW$T$16
    2442              $C$DW$T$16      .dwtag  DW_TAG_base_type
    2443                      .dwattr $C$DW$T$16, DW_AT_encoding(DW_ATE_float)
    2444                      .dwattr $C$DW$T$16, DW_AT_name("float")
    2445                      .dwattr $C$DW$T$16, DW_AT_byte_size(0x02)
    2446              
    2447                      .dwendtag $C$DW$TU$16
    2448              
    2449              
    2450              $C$DW$TU$24     .dwtag  DW_TAG_type_unit
    2451                      .dwmtype  $C$DW$T$24
    2452              $C$DW$131       .dwtag  DW_TAG_TI_far_type
    2453                      .dwattr $C$DW$131, DW_AT_type(*$C$DW$T$16)
    2454              
    2455              $C$DW$T$24      .dwtag  DW_TAG_const_type
    2456                      .dwattr $C$DW$T$24, DW_AT_type(*$C$DW$131)
    2457              
    2458                      .dwendtag $C$DW$TU$24
    2459              
    2460              
    2461              $C$DW$TU$17     .dwtag  DW_TAG_type_unit
    2462                      .dwmtype  $C$DW$T$17
    2463              $C$DW$T$17      .dwtag  DW_TAG_base_type
    2464                      .dwattr $C$DW$T$17, DW_AT_encoding(DW_ATE_float)
    2465                      .dwattr $C$DW$T$17, DW_AT_name("double")
    2466                      .dwattr $C$DW$T$17, DW_AT_byte_size(0x04)
    2467              
    2468                      .dwendtag $C$DW$TU$17
    2469              
    2470              
    2471              $C$DW$TU$25     .dwtag  DW_TAG_type_unit
    2472                      .dwmtype  $C$DW$T$25
    2473              $C$DW$T$25      .dwtag  DW_TAG_pointer_type
    2474                      .dwattr $C$DW$T$25, DW_AT_type(*$C$DW$T$17)
    2475                      .dwattr $C$DW$T$25, DW_AT_address_class(0x20)
    2476              
    2477                      .dwendtag $C$DW$TU$25
    2478              
    2479              
    2480              $C$DW$TU$26     .dwtag  DW_TAG_type_unit
    2481                      .dwmtype  $C$DW$T$26
    2482              $C$DW$132       .dwtag  DW_TAG_TI_far_type
    2483                      .dwattr $C$DW$132, DW_AT_type(*$C$DW$T$25)
    2484              
    2485              $C$DW$T$26      .dwtag  DW_TAG_const_type
    2486                      .dwattr $C$DW$T$26, DW_AT_type(*$C$DW$132)
    2487              
    2488                      .dwendtag $C$DW$TU$26
    2489              
    2490              
    2491              $C$DW$TU$18     .dwtag  DW_TAG_type_unit
    2492                      .dwmtype  $C$DW$T$18
    2493              $C$DW$T$18      .dwtag  DW_TAG_base_type
TMS320C2000 Assembler PC v22.6.2 Thu Jan 22 11:16:47 2026

Copyright (c) 1996-2018 Texas Instruments Incorporated
speed_observer.asm                                                   PAGE   49

    2494                      .dwattr $C$DW$T$18, DW_AT_encoding(DW_ATE_float)
    2495                      .dwattr $C$DW$T$18, DW_AT_name("long double")
    2496                      .dwattr $C$DW$T$18, DW_AT_byte_size(0x04)
    2497              
    2498                      .dwendtag $C$DW$TU$18
    2499              
    2500              
    2501              $C$DW$TU$27     .dwtag  DW_TAG_type_unit
    2502                      .dwmtype  $C$DW$T$27
    2503              $C$DW$T$27      .dwtag  DW_TAG_pointer_type
    2504                      .dwattr $C$DW$T$27, DW_AT_type(*$C$DW$T$18)
    2505                      .dwattr $C$DW$T$27, DW_AT_address_class(0x20)
    2506              
    2507                      .dwendtag $C$DW$TU$27
    2508              
    2509              
    2510              $C$DW$TU$28     .dwtag  DW_TAG_type_unit
    2511                      .dwmtype  $C$DW$T$28
    2512              $C$DW$133       .dwtag  DW_TAG_TI_far_type
    2513                      .dwattr $C$DW$133, DW_AT_type(*$C$DW$T$27)
    2514              
    2515              $C$DW$T$28      .dwtag  DW_TAG_const_type
    2516                      .dwattr $C$DW$T$28, DW_AT_type(*$C$DW$133)
    2517              
    2518                      .dwendtag $C$DW$TU$28
    2519              

No Assembly Errors, No Assembly Warnings
